"p_val","avg_log2FC","pct.1","pct.2","p_val_adj","gene"
0,-14.7802688143016,0,0.644,0,"HAMP"
0,-13.8533162643234,0,0.601,0,"PLA2G2A"
0,-11.3414359132949,0.001,0.666,0,"FCN3"
0,-10.2510848808772,0.064,0.911,0,"SPINK1"
0,-9.63676196022614,0.023,0.828,0,"SLPI"
0,-8.9718285023945,0.005,0.595,0,"VNN1"
0,-8.92204786424948,0.009,0.647,0,"SLC22A1"
0,-8.86976133027173,0.007,0.727,0,"IGHG3"
0,-8.61244010074966,0.022,0.773,0,"GPC3"
0,-7.80724747529888,0.023,0.724,0,"SERPINA7"
2.6748308054197e-296,-9.3139107875922,0.002,0.537,5.53716725029932e-292,"IGHG1"
1.89789953434228e-295,-7.13076258052082,0.077,0.822,3.92884182604196e-291,"TDO2"
1.28493265019919e-286,-7.30611053199597,0.018,0.61,2.65993907917734e-282,"LCAT"
1.83115348353319e-270,-9.05988976792468,0.003,0.497,3.79067082626207e-266,"IGHA1"
1.60923902901274e-266,-9.56414303905399,0.001,0.479,3.33128571395927e-262,"IGLC3"
1.03150668400559e-253,-8.6712163482418,0.003,0.469,2.13532198655998e-249,"IGHG4"
5.93541729867088e-239,-7.49058366587516,0.007,0.472,1.22869073499786e-234,"IGLC2"
1.60915964532987e-237,-7.29508045242945,0.036,0.607,3.33112138179737e-233,"CYP3A7"
4.55137853484274e-221,-5.86648254513768,0.031,0.564,9.42180870497795e-217,"IGF1"
4.88747679546394e-221,-6.98266307283653,0.015,0.491,1.01175657142899e-216,"HAL"
8.00198755208152e-198,-7.63735847139118,0.004,0.383,1.6564914431564e-193,"ANXA10"
2.33832839776483e-195,-6.22956829881845,0.018,0.46,4.84057361621298e-191,"HAO2"
2.24416151010374e-189,4.2924943198351,1,0.675,4.64563874206575e-185,"GGH"
2.79149804834773e-189,4.56798625174529,1,0.552,5.77868010988464e-185,"AKR1C2"
1.39627010732839e-188,4.21970198121443,1,0.561,2.8904187491805e-184,"AKR1C1"
2.07512400596544e-186,4.50171454601365,0.998,0.322,4.29571420474905e-182,"NME1"
5.82212193972156e-186,3.3183293095818,1,0.819,1.20523746274176e-181,"SQSTM1"
6.06746545762101e-186,3.0910525542442,1,0.877,1.25602602438212e-181,"GLUL"
1.31698728343071e-185,1.99631530090013,1,0.991,2.72629537542991e-181,"RPL8"
1.65144389130885e-183,2.35641414004745,1,0.963,3.41865399939845e-179,"GAPDH"
1.91342993483332e-183,5.14133750340529,1,0.175,3.96099130809846e-179,"SPP1"
2.46050262397012e-183,3.42256925694006,0.997,0.567,5.09348648188055e-179,"ATP5G1"
1.71517705803837e-182,3.74159157893512,0.995,0.46,3.55058802784524e-178,"TKT"
4.34063918413306e-182,-5.0717480549023,0.108,0.69,8.98555717507386e-178,"SLC9A3R2"
4.87193825433756e-182,2.28146492001444,1,0.997,1.00853993803042e-177,"RPL19"
1.39412235610233e-181,3.54958312388514,0.995,0.488,2.88597268936744e-177,"PHB"
1.48606982181129e-181,-8.04989483346666,0.002,0.337,3.07631313813154e-177,"ASPG"
1.214548483265e-180,4.00625686322489,0.991,0.383,2.51423681520687e-176,"STRA13"
4.77372947537936e-180,3.26218485921815,0.999,0.586,9.88209738698281e-176,"CBR1"
2.01174204668415e-179,8.39720743070946,0.972,0.018,4.16450721084085e-175,"CHI3L1"
4.72233711682565e-179,1.74565049874661,1,0.994,9.77571006554078e-175,"RPL30"
5.22811213475624e-179,2.10894125979937,1,0.991,1.08227149301589e-174,"RPL7"
8.5357488916066e-179,3.18156024226901,0.997,0.598,1.76698537805148e-174,"SNHG25"
2.59346698312338e-178,2.86830053117521,0.999,0.761,5.3687360017637e-174,"ENO1"
1.88363493772679e-177,-5.04061833411192,0.151,0.752,3.89931268458823e-173,"CYP2C8"
7.62383589875882e-177,-5.15413444320743,0.134,0.724,1.57821026940206e-172,"PGLYRP2"
1.37837463193149e-176,2.57724932236892,0.998,0.868,2.85337332556137e-172,"NPM1"
9.94913128399477e-176,2.09614807923908,1,0.957,2.05956966709976e-171,"RPL27"
2.87716071003374e-175,3.62620448757904,0.991,0.414,5.95601038584084e-171,"AKR1C4"
5.7084991630057e-174,1.85393369605808,1,0.982,1.18171641173381e-169,"RPL38"
5.48476102637127e-173,2.21820996619829,1,0.914,1.13540038006912e-168,"CES1"
1.00828766121298e-172,2.53412248205446,0.996,0.712,2.087256287477e-168,"ANAPC11"
1.35842603183784e-172,2.04880125807461,1,0.939,2.81207772850751e-168,"RPL23"
8.02881903933481e-172,-2.87570994431436,0.969,0.997,1.6620458293327e-167,"TMSB4X"
5.70892291688e-171,1.75138450888961,1,0.942,1.18180413302333e-166,"COX6C"
9.23630754557572e-170,1.5000753012233,1,1,1.91200802500963e-165,"RPS14"
1.0888881816088e-169,2.4400014192077,0.998,0.699,2.25410742474837e-165,"PSMB3"
1.59408245688992e-168,2.99505085077047,0.995,0.543,3.29991009400783e-164,"PTGR1"
2.79333296310757e-168,1.96879247113114,1,0.972,5.78247856692899e-164,"EIF1"
1.10989950484485e-166,3.39465327451727,0.996,0.344,2.29760296497932e-162,"ADH4"
3.02664433768043e-166,3.62545996504106,0.978,0.319,6.26545644343225e-162,"ALDH1L1"
9.73791244079361e-165,2.02994057444316,1,0.966,2.01584525436869e-160,"RPL23A"
1.45557217753513e-164,10.2350954408591,0.928,0,3.01317996471548e-160,"ALDH3A1"
1.03796908801223e-163,3.02398266810448,0.998,0.577,2.14869980909413e-159,"ADH1B"
1.05375586806002e-163,2.756800604214,0.987,0.571,2.18138002247104e-159,"EIF3H"
9.40482383106353e-163,1.60154301233607,1,0.948,1.94689258126846e-158,"EEF1D"
7.35048552621014e-161,1.47642764011655,1,0.991,1.52162400878076e-156,"RPS23"
1.5585255415082e-160,-5.28028962437691,0.104,0.641,3.22630372347612e-156,"GNMT"
2.74167763890494e-159,-4.57622235404835,0.15,0.715,5.67554688029712e-155,"SERPINA11"
3.28963038047771e-159,1.50177255335513,1,0.966,6.80986385062691e-155,"UQCRB"
6.9811210001818e-159,4.66878262634721,0.941,0.129,1.44516185824763e-154,"LGALS3BP"
2.99358902001076e-158,-2.67509505764827,0.984,0.975,6.19702863032427e-154,"CLU"
5.20370952463242e-158,2.54833901731421,0.997,0.583,1.07721990869416e-153,"ANXA2"
7.46339890039698e-158,-4.40954469607495,0.716,0.957,1.54499820637118e-153,"C3"
3.58267969947492e-157,1.42540222966339,1,0.966,7.41650524588303e-153,"RPL29"
1.56737870087259e-156,2.81691768340206,0.968,0.475,3.24463064867634e-152,"MRPL12"
1.44846144221749e-155,2.1887921207568,0.994,0.798,2.99846003153442e-151,"EIF3E"
3.07072866232461e-155,-6.0530490318174,0.027,0.429,6.35671540387817e-151,"HPGD"
8.02528767743234e-155,-4.00082457676246,0.656,0.942,1.66131480210527e-150,"AGXT"
5.7189855954751e-154,-5.64477877095266,0.024,0.414,1.1838872081193e-149,"EMP1"
3.20192926937642e-153,-4.94430181878999,0.468,0.908,6.62831378053612e-149,"IFI27"
1.27192295959538e-152,4.59903234862565,0.948,0.218,2.63300771865839e-148,"BHMT"
4.84109150551545e-152,-8.00040316658237,0.004,0.304,1.00215435255675e-147,"MUC13"
3.71310413302952e-151,2.31593082115239,0.999,0.629,7.68649686578441e-147,"GPX2"
5.11616507817365e-151,2.49600995065383,0.978,0.549,1.05909733283273e-146,"NHP2"
7.27869274166845e-151,-4.30582173679759,0.568,0.936,1.50676218445279e-146,"FOS"
1.45088449781073e-150,1.48087316664905,1,0.972,3.003475998918e-146,"RPS17"
3.70843624790077e-150,-4.19417091795127,0.308,0.834,7.67683387677939e-146,"PON1"
6.82208893558099e-150,-6.44375840553484,0.047,0.485,1.41224063055462e-145,"CCL25"
1.55481368448862e-149,-3.0015128487257,1,1,3.2186198082599e-145,"ALB"
2.21535165046796e-149,1.76229924283968,0.996,0.801,4.58599945163372e-145,"PSMA7"
2.79616878380209e-149,2.39645785433652,0.974,0.577,5.78834899934871e-145,"COA3"
5.81379617101894e-149,-4.80973805214531,0.126,0.656,1.20351394536263e-144,"CDKN1A"
1.60433140087297e-148,1.26710334108812,1,0.991,3.32112643294713e-144,"UBA52"
2.53632118330825e-147,1.96935943753843,0.986,0.794,5.2504384815664e-143,"NDUFB9"
1.11904549414888e-146,-6.38820548114948,0.073,0.549,2.31653607743759e-142,"NPW"
2.26992929764286e-146,2.65586017551185,0.951,0.46,4.69898063905048e-142,"PUF60"
7.42270507717416e-146,1.2369095338776,1,0.991,1.53657417802582e-141,"RPL35A"
1.85141416444598e-145,-9.84842029846768,0,0.261,3.83261246181962e-141,"PEG10"
2.29308389712372e-145,-4.12606395521573,0.197,0.752,4.74691297543581e-141,"NR0B2"
8.77345149243307e-145,1.45924150072822,0.998,0.902,1.81619219344857e-140,"TPI1"
2.6008641840561e-144,2.07875064326034,0.985,0.69,5.38404894741453e-140,"ATP5H"
8.40970107376864e-144,1.40422816631774,1,1,1.74089221928085e-139,"RPL18A"
2.62460391468411e-143,1.9838200396591,0.978,0.678,5.43319256378757e-139,"CYC1"
5.23974073954647e-143,-8.27412962685242,0.003,0.279,1.08467873049352e-138,"AVPR1A"
1.48741795043068e-142,2.80122160608126,0.952,0.402,3.07910389918656e-138,"C17orf89"
2.57820457934456e-142,-6.48203073591132,0.012,0.334,5.33714129970116e-138,"GPR88"
4.29320609177374e-142,-7.58729058369961,0.006,0.298,8.88736593058082e-138,"CRHBP"
4.74525460719031e-141,-8.08835141923192,0.002,0.27,9.82315156234466e-137,"CLEC4G"
5.46938757971261e-141,-3.74705641716048,0.672,0.933,1.13221792287631e-136,"ANG"
3.83220804526866e-140,2.75060590061516,0.953,0.414,7.93305387451064e-136,"RAB5C"
1.53830188428824e-139,-2.91177643916903,0.641,0.923,3.18443873066508e-135,"SARAF"
1.71880786042231e-139,-4.02602309354127,0.5,0.883,3.55810415186021e-135,"C4BPA"
1.11781613990775e-138,1.65640967020297,0.998,0.834,2.31399119122304e-134,"BTF3"
1.21132667108806e-138,-4.20608701998622,0.301,0.81,2.5075673418194e-134,"RNASE4"
4.39028998909008e-138,1.74960677348444,0.989,0.785,9.08833930641537e-134,"ENY2"
9.29678561072242e-138,1.06480893323511,1,0.997,1.92452758927565e-133,"RPLP1"
3.05197592367397e-137,2.53801247702306,0.944,0.454,6.31789535959749e-133,"MIEN1"
6.62795903422425e-137,-7.40524877143158,0.005,0.285,1.37205379967476e-132,"SGCE"
8.40229373016844e-137,1.28393589972526,1,0.994,1.73935882508217e-132,"RPL15"
3.79846739314142e-136,1.6577326692093,0.99,0.816,7.86320735054205e-132,"C19orf53"
3.94722486410362e-136,1.73902698322106,0.991,0.764,8.17115019118091e-132,"SPCS1"
6.43813591983564e-136,2.7259849975172,0.934,0.371,1.33275851676518e-131,"PSMC5"
1.23549185596052e-135,2.56295686453453,0.942,0.5,2.55759169102388e-131,"SLC9A3R1"
1.43059517128294e-135,-3.44462801611875,0.812,0.933,2.96147506407281e-131,"A1BG"
9.66292003166553e-135,1.27004425739528,1,1,2.00032107575508e-130,"FTL"
1.24002024827974e-134,2.58102097438312,0.951,0.393,2.56696591596388e-130,"KRT10"
7.08031389588585e-134,3.04036195337242,0.914,0.304,1.46569577958733e-129,"MRPS7"
1.61349484627778e-133,2.03653043314824,0.976,0.623,3.34009568127963e-129,"TALDO1"
4.23842598931159e-133,1.46436272567564,0.998,0.899,8.77396564047392e-129,"RPL4"
1.73269751399193e-132,2.54448682625863,0.961,0.5,3.5868571237147e-128,"ADH1A"
2.33819417834933e-132,2.0594212668471,0.967,0.632,4.84029576860095e-128,"TCEB1"
2.79647608827875e-132,-6.30093444840108,0.013,0.322,5.78898515034583e-128,"GHR"
1.00365297082174e-131,2.26368802646899,0.986,0.656,2.07766201489808e-127,"TUBB"
3.64460279489375e-131,1.27051839670684,1,0.991,7.54469224570955e-127,"RPS2"
3.82047127712533e-130,-1.93282020099913,0.992,0.966,7.90875759077714e-126,"VTN"
5.40855642419652e-130,-3.48843600990017,0.577,0.899,1.11962526537292e-125,"ZFP36"
7.92099077440566e-129,-2.76403569467366,1,0.988,1.63972430020971e-124,"APOC3"
9.09237213656804e-129,1.91245503416098,0.969,0.592,1.88221195599095e-124,"PSMD4"
1.02083558728837e-128,3.41084896884242,0.901,0.239,2.11323174924565e-124,"CCL15"
1.379657486199e-128,1.48999372568792,0.998,0.896,2.85602896218056e-124,"RPSA"
3.70253700992378e-128,-6.13417928665615,0.011,0.307,7.66462186424321e-124,"B3GNT5"
1.32870367146051e-127,-2.96505575235323,0.654,0.917,2.75054947029041e-123,"SRGN"
7.94799610865897e-127,-4.57885956091277,0.108,0.58,1.64531467445349e-122,"APOF"
2.78808796242264e-126,1.997434664672,0.978,0.696,5.77162089101112e-122,"PPP1R16A"
2.7959633399645e-126,1.2218675632951,0.999,0.96,5.78792371006052e-122,"GNB2L1"
5.89356548459738e-125,-2.51561864518199,0.899,0.936,1.2200269909665e-120,"CFHR1"
1.15361462232605e-124,-3.15032910496944,0.652,0.902,2.38809762967716e-120,"CES2"
1.7250589223521e-124,0.897187525618648,1,0.979,3.57104447516108e-120,"COX7C"
2.19301411073082e-124,1.21568701622988,1,0.979,4.53975851062388e-120,"RPL14"
3.08925318994864e-124,-2.09088466089403,0.863,0.926,6.39506302851268e-120,"GAMT"
4.03638163610045e-124,-2.17033400039757,0.938,0.929,8.35571362489154e-120,"APOC2"
7.50940285480747e-124,1.39018759354493,0.996,0.88,1.5545214849737e-119,"PABPC1"
1.24388287942197e-123,2.44298758512194,0.929,0.436,2.57496194869142e-119,"CCDC124"
1.92403826459248e-123,2.582377349636,0.917,0.334,3.98295161153289e-119,"SNF8"
2.07642190123593e-123,-5.60146404851441,0.019,0.334,4.29840097774849e-119,"CCL2"
2.14740537149802e-123,-1.88976481569843,0.995,1,4.44534385953806e-119,"HLA-B"
1.68720829131993e-122,-2.90873446939803,0.8,0.917,3.4926898838614e-118,"CFHR2"
1.7824721732036e-122,3.22707761140852,0.882,0.227,3.68989564574878e-118,"PGD"
2.60349704911997e-122,-2.92251239768987,0.839,0.926,5.38949924138325e-118,"HPX"
2.6701851882716e-122,2.68092535444878,0.914,0.344,5.52755035824105e-118,"CCT5"
1.1835448046115e-121,2.07398697005566,0.956,0.58,2.45005610002628e-117,"TMEM14A"
3.96978334954655e-121,1.37018900428438,0.997,0.871,8.2178485118963e-117,"TMA7"
6.349369631879e-121,1.63899607596084,0.978,0.693,1.31438300749527e-116,"VPS28"
1.52492312767814e-120,1.61731955687553,0.985,0.721,3.15674336660651e-116,"VDAC1"
3.00059384096844e-120,-3.62936546803104,0.551,0.868,6.21152931018876e-116,"TXNIP"
3.3195325563278e-120,-4.37629491047752,0.13,0.601,6.87176434485419e-116,"ANPEP"
6.87855353424415e-120,1.35676970358314,0.993,0.831,1.42392936712388e-115,"NDUFA2"
9.13703964394667e-120,1.29336257486347,0.994,0.85,1.8914585766934e-115,"CUTA"
9.84011632843707e-119,-7.06670300847747,0.025,0.35,2.03700248114976e-114,"S100P"
1.52002305179635e-117,-3.48864895364999,0.623,0.871,3.14659971952363e-113,"TM4SF5"
4.70327112616478e-117,2.18124635858944,0.944,0.488,9.73624155827371e-113,"C8orf59"
5.04817508891989e-117,0.95114047953077,1,0.997,1.04502272515731e-112,"RPS18"
7.53780995971161e-117,2.82176033285757,0.871,0.294,1.5604020397599e-112,"EXOSC4"
7.92054387367629e-117,-2.93439227493619,0.724,0.914,1.63963178728973e-112,"ID2"
2.09064477453908e-116,2.09712123479732,0.956,0.73,4.32784374777336e-112,"MTDH"
6.66166688048454e-116,1.91061935858724,0.968,0.577,1.37903166092911e-111,"TUBA1B"
6.85609070047134e-116,1.13446326170542,1,0.982,1.41927933590457e-111,"CD74"
1.29942408158419e-115,2.41883255868666,0.925,0.426,2.68993779128743e-111,"OSGIN1"
5.99430929262305e-115,-4.24819691606127,0.368,0.804,1.2408819666659e-110,"EGR1"
3.09073078003443e-114,-3.49301281672509,0.609,0.887,6.39812178774927e-110,"JUNB"
3.27114857915474e-114,2.2033777526509,0.921,0.426,6.77160467370822e-110,"MRPL27"
4.46503393509984e-114,-2.93051575199608,0.758,0.911,9.24306674905018e-110,"CFH"
5.56362507144027e-114,-3.60757743382794,0.324,0.773,1.15172602603885e-109,"IGKC"
8.03098048895704e-114,-2.69486127774263,0.87,0.923,1.662493271019e-109,"CFB"
8.15220464380472e-114,-2.9418974473786,0.749,0.89,1.68758788331401e-109,"ALDOB"
9.84946834356209e-114,1.76244830750654,0.957,0.623,2.03893844180079e-109,"CISD3"
1.11644237838687e-113,1.97878226479972,0.96,0.604,2.31114736749867e-109,"LSM4"
1.25531896484281e-113,2.7258929723441,0.874,0.313,2.59863578912109e-109,"PSMD3"
3.74362640531063e-113,1.3717555604671,0.989,0.794,7.74968102163353e-109,"NDUFS6"
3.81921347375e-113,1.5886855471966,1,0.92,7.90615381200987e-109,"AHSG"
6.90623476620641e-113,-3.6524793708998,0.741,0.914,1.42965965895239e-108,"FABP1"
8.4362620668668e-113,-5.39584133917751,0.044,0.402,1.7463906104621e-108,"PPP1R1A"
9.46719838491238e-113,-4.27927791724427,0.145,0.604,1.95980473766071e-108,"TMEM220"
2.42024004587548e-112,1.78893154507992,0.971,0.669,5.01013891896682e-108,"RAN"
3.92647661955684e-112,3.53721496614505,0.823,0.117,8.12819925014461e-108,"PYCARD"
4.72135492131261e-112,1.96137713645899,0.947,0.537,9.77367682260924e-108,"ADH5"
6.68033983905787e-112,-4.8182280813328,0.162,0.623,1.38289715008337e-107,"SLC22A7"
9.23779561267148e-112,1.7045143600219,0.962,0.641,1.91231606977912e-107,"NOP10"
1.23838792601533e-111,2.54789258174333,0.913,0.39,2.56358684564432e-107,"HN1"
3.33989393674218e-111,1.9591749113269,1,0.702,6.91391443844998e-107,"CYP2E1"
1.04454625833282e-110,1.34543985333865,0.984,0.782,2.16231520937477e-106,"PARK7"
2.09624421364865e-110,8.46877131938924,0.744,0,4.33943514667407e-106,"GAGE1"
2.46732252824433e-110,3.03876789158034,0.878,0.27,5.10760436571858e-106,"SCD"
4.40376454910095e-110,5.60713018613634,0.769,0.034,9.11623299309387e-106,"CYP17A1"
7.6118065224824e-110,1.1429454807225,1,0.942,1.57572006821908e-105,"PRDX1"
4.97481178456503e-109,3.13693791756814,0.837,0.199,1.02983578752281e-104,"MRPS23"
1.10504828353359e-108,1.12335401233883,1,0.972,2.28756045174287e-104,"RPL5"
1.60786721168971e-108,1.17392700162169,0.996,0.883,3.32844591491886e-104,"TBCA"
5.85558634865644e-108,2.39544325964292,0.885,0.34,1.21216493003537e-103,"EIF3D"
7.98577197131227e-108,-1.36764876208777,0.997,0.951,1.65313465578135e-103,"RARRES2"
1.34038273720582e-107,2.82193115318674,0.856,0.212,2.77472630428977e-103,"LY6E"
1.55597185703567e-107,3.62971743820333,0.806,0.141,3.22101734124954e-103,"BOP1"
1.96787576745777e-107,-1.34694006274561,1,0.975,4.07369962621432e-103,"AMBP"
3.02296711087882e-107,-5.19269148542326,0.177,0.632,6.25784421623024e-103,"FOSB"
4.71216137632011e-107,1.60962348371057,0.972,0.69,9.75464526512026e-103,"SDC2"
1.03070101589941e-106,1.33222217936758,0.996,0.88,2.13365417301336e-102,"ACTG1"
2.40943519252387e-106,1.0429756622745,1,0.988,4.98777179204367e-102,"RPL36A"
2.98582893842712e-106,1.32180463264658,0.991,0.807,6.18096448543797e-102,"SUMO2"
3.89652335317393e-106,2.13510135324435,0.935,0.405,8.06619299340536e-102,"ADIRF"
4.09679406019498e-106,1.5237040848095,0.976,0.755,8.48077338400963e-102,"COPE"
4.21415511697101e-106,-1.75953368585601,0.912,0.945,8.72372250764168e-102,"CTSD"
1.60535649985831e-105,1.67328091159286,0.966,0.641,3.32324849035669e-101,"SNHG8"
2.13727359576353e-105,1.38199166593637,0.98,0.785,4.42437007059008e-101,"PRELID1"
2.43719487303548e-105,1.14105183772816,1,0.969,5.04523710667074e-101,"SOD1"
2.62570273384662e-105,-5.04533990172984,0.046,0.396,5.43546722933589e-101,"KLF4"
5.51521150555594e-105,0.900424220162272,1,0.982,1.14170393376514e-100,"RPS4X"
6.1933270022802e-105,5.03529845687853,0.745,0.025,1.28208062274202e-100,"SEPT4"
1.48598197196772e-104,2.47469473270091,0.869,0.334,3.07613128017038e-100,"VPS25"
2.55438531681458e-104,2.28924297439705,0.898,0.448,5.28783304433785e-100,"ALDH3A2"
2.64516565220428e-104,1.60229091768798,1,0.847,5.47575741662809e-100,"HULC"
4.85624441061198e-104,2.20778396799936,0.879,0.38,1.00529115544078e-99,"POLDIP2"
9.96361954833903e-104,-4.36890907434149,0.134,0.571,2.06256888270166e-99,"AFM"
1.01458816684693e-103,1.7165709449647,0.967,0.564,2.10029896418983e-99,"FAM162A"
1.08645648620762e-103,-2.65557828064669,0.998,0.988,2.2490735720984e-99,"TTR"
1.16872005881348e-103,2.59202465877472,0.849,0.267,2.41936739374978e-99,"GPS1"
2.98308273451537e-103,1.39555291802718,0.996,0.825,6.17527956872026e-99,"ALDH1A1"
4.02976908275301e-103,-4.47841391269786,0.408,0.801,8.34202497820701e-99,"G0S2"
5.41134530672039e-103,-3.23353583349871,0.508,0.844,1.12020259194419e-98,"CXCR4"
7.84835977795702e-103,-6.53297450713297,0.011,0.255,1.62468895763488e-98,"UGT2A3"
1.11760143542084e-102,1.52135218843293,0.992,0.748,2.31354673146468e-98,"LGALS4"
2.06083729321711e-102,1.82871045920555,0.959,0.641,4.26613928068875e-98,"SPON2"
2.31568953816636e-102,2.25189230634118,0.899,0.383,4.79370891295818e-98,"AIMP1"
2.84820763753652e-102,1.30723439849191,0.991,0.865,5.89607463046435e-98,"YBX1"
1.34159432598861e-101,2.84111935893748,0.825,0.212,2.77723441422902e-97,"METTL23"
1.47590537834002e-101,0.826335394739446,1,1,3.05527172370167e-97,"RPL32"
1.57297835672247e-101,1.0687541991705,1,0.942,3.25622249625119e-97,"RPS3A"
2.80161089533208e-101,-2.50616774407185,0.976,0.942,5.79961471442694e-97,"ORM1"
3.47652918684279e-101,-1.82239090105146,0.83,0.92,7.19676306968326e-97,"MT-ND4L"
3.932506252385e-101,3.03266893888622,0.819,0.209,8.14068119306218e-97,"TMEM261"
7.10502355493285e-101,2.27110721792614,0.884,0.383,1.47081092610665e-96,"LRRC59"
1.1286010951862e-100,2.20566912572538,0.888,0.344,2.33631712714496e-96,"AQP9"
1.13165206426938e-100,-2.35964780259434,0.796,0.89,2.34263293824403e-96,"ACAT1"
2.48850516175461e-100,-1.79552315974617,0.896,0.911,5.15145453534822e-96,"F2"
2.72079008760375e-100,-3.8266621188988,0.196,0.635,5.63230756034851e-96,"CIDEB"
5.8181936954847e-100,-4.72162364516825,0.057,0.411,1.20442427690229e-95,"NAT8"
2.15332960240271e-99,-4.04473732787061,0.205,0.653,4.45760760993384e-95,"ANXA1"
3.84566288205334e-99,1.64630805570523,0.944,0.613,7.96090673213861e-95,"SNRPB"
3.86782502740598e-99,1.3784253202786,0.985,0.773,8.00678458923313e-95,"GRHPR"
1.28018354268223e-98,1.31148125476164,0.978,0.758,2.65010795170648e-94,"APRT"
1.45689736611089e-98,-3.10631825719622,0.567,0.822,3.01592323758616e-94,"ASGR2"
2.55672968824738e-98,1.7313619002605,0.941,0.561,5.29268612764091e-94,"CCT3"
3.37660851496729e-98,5.4079046918261,0.716,0.025,6.98991728683379e-94,"MINCR"
1.59794165573395e-97,0.885282585496021,1,0.951,3.30789902153485e-93,"RPS21"
1.64282656689783e-97,2.66825753998997,0.846,0.233,3.40081527613519e-93,"IMPDH2"
3.2798011577393e-97,1.6745126025022,0.941,0.589,6.78951637663612e-93,"GALK1"
3.46509615055287e-97,3.79258393271739,0.763,0.104,7.1730955412595e-93,"TUBG1"
3.60408619490876e-97,-3.39280586690856,0.349,0.745,7.46081883208063e-93,"SERPINA5"
4.99007159410182e-97,-2.15097813092724,0.784,0.883,1.03299472069502e-92,"C8G"
1.18593588080781e-96,2.03379884253492,0.927,0.301,2.45500586686024e-92,"SELM"
2.27771560085109e-96,3.48006601971843,0.757,0.077,4.71509906532185e-92,"RAC3"
3.18977083564743e-96,-5.48700203422131,0.12,0.534,6.60314460687375e-92,"CCL20"
5.74864725102933e-96,1.51905810758476,0.954,0.66,1.19002746743558e-91,"PHPT1"
7.01355955755119e-96,1.89694089251364,0.96,0.647,1.45187696400867e-91,"H2AFZ"
1.15908303862346e-95,3.17553853951353,0.784,0.169,2.39941779825442e-91,"HLF"
1.63867709075476e-95,-2.02116402161298,0.81,0.899,3.39222544557144e-91,"AC090498.1"
2.69057940949946e-95,1.02033812509966,0.999,0.942,5.56976843560484e-91,"PPIA"
2.91002060543596e-95,2.12366522574447,0.888,0.387,6.02403365531297e-91,"TATDN1"
2.93729426585134e-95,0.881776766801435,1,0.954,6.08049285973886e-91,"RPL22"
2.9734242730286e-95,4.39274369776154,0.715,0.031,6.1552855875965e-91,"PFN2"
3.52850445343326e-95,1.47408732383857,0.957,0.663,7.30435706905218e-91,"COX5A"
3.9776319079029e-95,-1.96133119387519,0.978,0.939,8.2340958125498e-91,"GC"
4.78600784121197e-95,-1.09195320738363,0.991,0.997,9.90751483209289e-91,"TPT1"
1.12312285403858e-94,-3.58947281444448,0.264,0.684,2.32497662014527e-90,"SLC38A4"
2.14790771738811e-94,2.0715713475211,0.87,0.374,4.44638376576514e-90,"TAF9"
2.72114010832152e-94,1.26177100541789,1,0.887,5.63303213823638e-90,"DCXR"
2.86840022472107e-94,3.65803799618013,0.751,0.095,5.93787530519509e-90,"TMEM99"
4.49891969491757e-94,2.86991484995654,0.795,0.169,9.31321366044886e-90,"OXLD1"
6.13770124126412e-94,1.49470367369254,1,0.767,1.27056553395409e-89,"GSTA1"
7.21811695723916e-94,1.4577602964206,0.963,0.669,1.49422239131808e-89,"EIF6"
7.34266135025797e-94,1.18642288260489,1,0.954,1.5200043261169e-89,"TXN"
8.48245375469767e-94,2.96129308703431,0.778,0.156,1.75595275175996e-89,"ICT1"
5.63027780501824e-93,-2.41150586681049,0.678,0.859,1.16552380841683e-88,"PHYH"
6.2609895784575e-93,3.77103552222748,0.74,0.083,1.29608745263649e-88,"SKAP1"
1.11619792726682e-92,-2.64974790445589,0.616,0.847,2.31064132923504e-88,"AADAC"
1.71320693008812e-92,5.30787446605014,0.696,0.031,3.54650966597542e-88,"IL17RB"
1.73835541295823e-92,4.30820919370454,0.72,0.064,3.59856954036483e-88,"G6PD"
7.73625717131298e-92,2.21078467742422,0.833,0.298,1.6014825970335e-87,"NMT1"
1.09390139517169e-91,-1.65649586933729,0.958,0.969,2.26448527814492e-87,"HLA-C"
2.06771474778492e-91,1.39784750869396,0.947,0.623,4.28037629938957e-87,"DNPH1"
3.27115650452499e-91,1.36261472949866,0.971,0.764,6.77162108001717e-87,"SLC25A5"
4.46458542325427e-91,1.95917752530519,0.895,0.426,9.24213828467867e-87,"SLC25A33"
7.4359727485025e-91,-2.19285355908433,0.798,0.877,1.5393207186675e-86,"PGRMC1"
1.07196419969248e-90,-4.0921456490782,0.156,0.567,2.21907308978339e-86,"SERPINA3"
1.75217833329957e-90,0.910253960342906,0.999,0.945,3.62718436776345e-86,"RPL10A"
2.61200516729593e-90,-2.41650508281492,0.709,0.862,5.4071118968193e-86,"SERPINF2"
4.19354715618643e-90,-2.3651172575401,0.676,0.865,8.68106196802153e-86,"HMGCS2"
6.37229677527147e-90,5.38915164313561,0.67,0.006,1.31912915544895e-85,"AP1M2"
7.72521243961377e-90,2.02905829540828,0.926,0.482,1.59919622712445e-85,"STMN1"
8.72487876005499e-90,1.92584023796558,0.89,0.319,1.80613715211898e-85,"GDF15"
1.15234760007412e-89,-2.16416681932082,0.806,0.887,2.38547476691344e-85,"CYP2D6"
1.30062208334791e-89,-2.05914070581114,0.918,0.917,2.6924177747385e-85,"ORM2"
2.7489184157366e-89,0.839645066740585,1,0.975,5.69053601241634e-85,"RPS5"
3.11264700393041e-89,1.68470642850954,0.923,0.503,6.44349056283633e-85,"SUPT4H1"
6.85565522796569e-89,1.16817675237236,0.988,0.847,1.41918918874118e-84,"SNRPD2"
7.43576699754407e-89,1.81608654589659,0.909,0.472,1.5392781261616e-84,"MRPL13"
1.07631874123277e-88,2.87168561741381,0.776,0.163,2.22808742622595e-84,"DCAF13"
1.26149180063805e-88,1.45619938308992,0.967,0.706,2.61141417650082e-84,"MAT1A"
1.30097683062516e-88,1.35822815611685,0.955,0.702,2.69315213707715e-84,"RAB2A"
1.7505784671398e-88,2.25489915018485,0.835,0.261,3.62387248482611e-84,"ABRACL"
2.05737307900585e-88,0.828895891939249,1,0.982,4.25896801085002e-84,"RPS8"
8.61466746560784e-88,-4.74016920982424,0.055,0.38,1.78332231205548e-83,"GNLY"
9.43299007504117e-88,2.98511317372637,0.753,0.117,1.95272327543427e-83,"MRPL45"
1.01006840905154e-87,1.5549556970107,0.91,0.531,2.0909426135776e-83,"TM4SF1"
1.64943285647791e-87,0.718189077489458,1,0.985,3.41449095619492e-83,"HINT1"
1.68605790603257e-87,3.22212903091535,0.751,0.156,3.49030847127802e-83,"TACO1"
2.29176873298762e-87,1.71159724016275,0.911,0.482,4.74419045415767e-83,"SLC25A39"
4.2898234230276e-87,0.950983895809487,1,0.942,8.88036346800943e-83,"HSP90AB1"
5.09947390808852e-87,-4.45464681198795,0.064,0.402,1.05564209371341e-82,"HSD11B1"
6.74634664184159e-87,-3.59325290430224,0.306,0.693,1.39656121832763e-82,"C5"
7.37888360560914e-87,-1.8846261039995,0.831,0.902,1.52750269519715e-82,"AZGP1"
1.13974473047583e-86,2.75819588323097,0.78,0.184,2.35938556655802e-82,"TOM1L1"
1.23772760741633e-86,2.3647739341882,0.809,0.248,2.56221992011255e-82,"ATP6V1C1"
1.38269701308569e-86,2.8198320250324,0.781,0.206,2.8623210867887e-82,"PRPSAP1"
1.65582708698386e-86,1.55378235381481,0.917,0.583,3.4277276527653e-82,"UQCRC1"
1.83027886591131e-86,1.21862071151215,0.968,0.724,3.78886028032301e-82,"LMAN2"
2.54681639516619e-86,0.980068817122916,0.993,0.871,5.27216461963353e-82,"TOMM7"
3.20499080418521e-86,1.7173683529662,0.895,0.54,6.6346514637438e-82,"GSDMD"
3.42784139089562e-86,-4.58739234236751,0.023,0.279,7.09597446329302e-82,"GLS"
4.46111248944184e-86,2.52838879786161,0.811,0.245,9.23494896439356e-82,"TIMM8A"
4.61504928032828e-86,2.61261931508888,0.792,0.215,9.55361351520757e-82,"TSKU"
5.08343800400265e-86,-4.39906941242633,0.043,0.344,1.05232250120859e-81,"DPYD"
5.09169993703436e-86,2.18347276558285,0.832,0.319,1.05403280396548e-81,"SLC35B1"
8.12952808833657e-86,3.32013700807173,0.742,0.135,1.68289360956655e-81,"NSRP1"
9.01359924518006e-86,0.891970303747762,0.998,0.914,1.86590517974472e-81,"COX7A2"
1.43762378421557e-85,0.80055998126577,1,0.994,2.97602499570465e-81,"RPL3"
1.48430428595688e-85,-1.95505619211021,0.799,0.874,3.07265830235934e-81,"ITIH2"
1.62251756770873e-85,2.06831231069872,0.877,0.429,3.35877361691385e-81,"IGFBP2"
2.33348033357441e-85,2.44204325629429,0.812,0.252,4.83053763853238e-81,"SMARCE1"
7.19072129411961e-85,1.93331919212002,0.858,0.356,1.4885512150957e-80,"BID"
7.46105456713895e-85,1.54140927890449,0.939,0.58,1.54451290594343e-80,"SNRPC"
1.02745871107493e-84,2.52884429774502,0.772,0.181,2.12694227779622e-80,"TMEM98"
1.06126949585417e-84,0.764050384324153,1,0.997,2.19693398336771e-80,"RPS6"
1.10100138525321e-84,3.46248371630668,0.709,0.092,2.27918296761266e-80,"RRS1"
1.56451708109475e-84,2.54901569309251,0.78,0.227,3.23870680957424e-80,"ASPSCR1"
2.26412125309978e-84,1.77974072243136,0.896,0.5,4.68695740604186e-80,"PA2G4"
2.61044392640756e-84,2.15487660985421,0.826,0.347,5.40387997205629e-80,"AK4"
3.44884972528782e-84,-6.29967280301314,0.095,0.46,7.13946381631831e-80,"CXCL8"
4.12633709661384e-84,-1.71665693089786,0.949,0.96,8.54193042370031e-80,"ITM2B"
5.2973913862273e-84,-2.13086340246668,0.836,0.896,1.09661299086291e-79,"TM4SF4"
8.52220377461025e-84,2.81352146200359,0.765,0.187,1.76418140338207e-79,"IFI35"
1.48892225294227e-83,-1.29644861437188,0.916,0.954,3.08221795581579e-79,"OAZ1"
2.46528696810021e-83,1.50280668210632,0.926,0.577,5.10339055266425e-79,"HEXB"
2.86172312163825e-83,2.42557064779029,0.8,0.258,5.92405303410335e-79,"C8orf33"
3.47925695593679e-83,-0.867424755640201,1,1,7.20240982448474e-79,"B2M"
4.00495693604529e-83,-2.65697305740523,0.502,0.791,8.29066135330735e-79,"SERPINA4"
7.12075827454752e-83,2.99630214841965,0.752,0.153,1.47406817041408e-78,"ARL4D"
7.2050004638491e-83,3.27772305117468,0.69,0.064,1.4915071460214e-78,"RAB40B"
7.26756540498659e-83,-3.40629010168672,0.423,0.755,1.50445871448627e-78,"PDK4"
7.63457206819027e-83,2.14926183905017,0.811,0.285,1.58043276383607e-78,"COPS5"
8.24863309043106e-83,1.35536571951294,0.944,0.65,1.70754953605013e-78,"MDH2"
1.04552244983968e-82,0.830357455806018,0.998,0.948,2.16433602341313e-78,"NACA"
1.75855814124326e-82,1.28660193731804,0.951,0.706,3.64039120818768e-78,"CLTA"
1.92343790344016e-82,1.92846337639688,0.844,0.353,3.98170880391147e-78,"PSMD11"
2.96210611917359e-82,-4.04716712097106,0.124,0.5,6.13185587730125e-78,"DPP7"
3.11688715492176e-82,0.721612671968084,1,1,6.45226809940355e-78,"RPL39"
3.66851395298689e-82,2.80929807076439,0.741,0.12,7.59419073407817e-78,"TMEM101"
2.58652580673744e-81,1.69752526405351,0.863,0.436,5.35436707252718e-77,"EMC3"
2.96531598670518e-81,-1.52924129238889,0.844,0.887,6.13850062407838e-77,"ASGR1"
3.19305579459049e-81,-4.29410662012655,0.029,0.291,6.60994480038176e-77,"SKAP2"
3.72592344128919e-81,-3.50435634974441,0.198,0.592,7.71303411581276e-77,"CXCL16"
4.98057744516717e-81,0.747146989274933,1,0.985,1.03102933692406e-76,"RPS20"
2.4141338614622e-80,1.07514984667685,0.984,0.834,4.9974985066129e-76,"EEF1B2"
2.71897342649131e-80,2.8055002634066,0.732,0.123,5.62854689017967e-76,"MRPL10"
3.47341493384936e-80,-2.81988910028267,0.8,0.899,7.19031625456157e-76,"FGL1"
4.86108327464204e-80,1.36081208240059,0.931,0.613,1.00629284868365e-75,"NDUFS4"
6.32447959614366e-80,1.61256348518854,0.901,0.521,1.3092305211977e-75,"PGLS"
8.79302691877383e-80,2.40408604451147,0.783,0.23,1.82024450245537e-75,"SAP30BP"
9.07744792722994e-80,2.76784482646978,0.743,0.166,1.87912249541587e-75,"NSMCE2"
1.12741676530584e-79,0.655146798153643,1,0.982,2.33386544585961e-75,"UQCRQ"
2.27384110143868e-79,3.15878080168033,0.706,0.104,4.70707846408822e-75,"UTP18"
3.30876897118687e-79,-3.59947371148672,0.225,0.607,6.84948264725395e-75,"CYP4A11"
6.10440049291201e-79,1.59950559453365,0.899,0.442,1.26367194603772e-74,"HLA-DMA"
7.69914984443718e-79,0.76135526857167,0.96,0.684,1.59380100929694e-74,"LGALS1"
1.26975061486967e-78,0.634576163724556,1,1,2.62851074784171e-74,"RPL34"
1.33313354207218e-78,2.91614604091869,0.732,0.16,2.75971974544363e-74,"MFSD3"
1.34830298514828e-78,-5.79834799820444,0.033,0.298,2.79112200955546e-74,"CRP"
1.41168302172175e-78,1.88450203880828,0.841,0.301,2.9223250232662e-74,"PLA2G16"
2.07085412788452e-78,1.64081847144836,0.88,0.475,4.28687513013374e-74,"MRPL24"
2.27175028563635e-78,1.75358898471705,0.871,0.433,4.70275026629581e-74,"CCT8"
2.39796902946515e-78,1.39242147686961,0.927,0.577,4.96403568789581e-74,"PGK1"
3.50872377533275e-78,0.958717065255048,0.987,0.81,7.26340908731632e-74,"ATP6V0E1"
4.20157033441107e-78,1.1836944585073,0.956,0.721,8.69767074926436e-74,"HIGD2A"
4.25901700556419e-78,-1.10187290518619,0.938,0.942,8.81659110321843e-74,"TMBIM6"
4.96481998228618e-78,1.96251564033222,0.834,0.359,1.02776738453306e-73,"NAA10"
6.13664530971429e-78,1.60377978117344,0.878,0.463,1.27034694556396e-73,"MRPL36"
6.95834055358208e-78,-4.07919777932848,0.104,0.454,1.44044607799703e-73,"ZBTB16"
7.54777270459924e-78,-4.63767669151573,0.048,0.337,1.56246442757909e-73,"C15orf48"
7.79400823499226e-78,2.47775725509153,0.76,0.202,1.61343764472575e-73,"MLX"
1.30614771220931e-77,2.96706236954144,0.762,0.196,2.70385637904448e-73,"KPNA2"
2.11383973031476e-77,3.50406597724262,0.678,0.092,4.37585962572458e-73,"C17orf58"
3.82836295201165e-77,1.87718619592743,0.845,0.402,7.92509414695932e-73,"BABAM1"
4.87973911481475e-77,2.37353539097519,0.778,0.242,1.0101547941578e-72,"GNL3"
5.48358479641073e-77,2.58803271640487,0.741,0.163,1.13515688870498e-72,"TMEM199"
9.23441838540541e-77,-1.37984958728957,0.927,0.972,1.91161694996277e-72,"SAT1"
1.06442003887748e-76,0.736567239906477,1,1,2.20345592248027e-72,"FTH1"
1.11360994890438e-76,1.02715442788033,0.978,0.81,2.30528395522696e-72,"TRMT112"
1.47088907363762e-76,1.2253434266321,0.948,0.687,3.04488747133723e-72,"GRINA"
3.01763557943188e-76,-1.91000467798886,0.744,0.853,6.24680741298193e-72,"C2"
3.66679302473867e-76,1.98321983317602,0.821,0.344,7.59062824051152e-72,"FAM50A"
4.81005021101189e-76,1.65585784284622,0.88,0.509,9.95728494181572e-72,"NAPRT"
6.52961921916763e-76,-2.80349194265794,0.566,0.81,1.35169647455989e-71,"CYBA"
8.06036454601398e-76,1.84107786825676,0.834,0.365,1.66857606467035e-71,"POLR2H"
1.03740398958914e-75,4.91189391654291,0.617,0.021,2.14752999884848e-71,"RPL39L"
1.85682142978695e-75,1.86390557570096,0.831,0.399,3.84380604180197e-71,"COPRS"
2.96077971007099e-75,3.03535065361224,0.691,0.098,6.12911007781795e-71,"MINA"
3.22266491970702e-75,0.950759620802073,0.99,0.859,6.6712386502855e-71,"ATP5G3"
3.62281171549876e-75,2.43387891559936,0.754,0.19,7.49958253225397e-71,"P4HA1"
4.28090509918847e-75,1.16264485028745,0.961,0.696,8.86190164583004e-71,"MRPL51"
4.57083027655827e-75,3.67874045433808,0.661,0.077,9.46207575550327e-71,"ABCG2"
4.82314503513517e-75,-4.05941320017591,0.035,0.298,9.98439253723332e-71,"EGFL7"
5.61464367833539e-75,1.55448388441789,0.925,0.571,1.16228738785221e-70,"RANBP1"
1.31723787859131e-74,2.17196336674222,0.795,0.313,2.72681413247188e-70,"ASPH"
1.47731681167444e-74,-4.7678018912804,0.082,0.408,3.05819353184726e-70,"DNASE1L3"
1.59537274432506e-74,0.573173336927161,1,0.991,3.30258111802731e-70,"RPL37A"
1.75400014835641e-74,1.11041494031796,0.973,0.825,3.6309557071126e-70,"POLR2K"
2.0531772488103e-74,2.26209549337259,0.794,0.267,4.25028222276219e-70,"CMSS1"
2.42033014645809e-74,0.755096978673769,1,0.975,5.01032543618288e-70,"RPLP0"
2.86666241737573e-74,3.06981651838866,0.69,0.098,5.9342778702095e-70,"CTAG2"
3.79002864449881e-74,1.84046771117584,0.834,0.344,7.84573829697699e-70,"TMEM106C"
7.19957169774493e-74,-2.38648317817495,0.688,0.825,1.49038333715018e-69,"CPB2"
8.75899972259877e-74,1.21553277260939,0.98,0.727,1.81320053257517e-69,"AKR1C3"
8.94458655969035e-74,1.75589441375489,0.842,0.383,1.8516188637215e-69,"PIPOX"
1.0767046408679e-73,-4.66217689125382,0.068,0.374,2.22888627706064e-69,"HOOK3"
1.08692774223389e-73,1.95470719672096,0.808,0.27,2.25004911919837e-69,"SMIM4"
1.24800969012986e-73,1.56115344535931,0.903,0.564,2.58350485953782e-69,"TMEM14B"
1.326560757811e-73,1.1378485181451,0.949,0.724,2.74611342474455e-69,"SSR3"
1.89257614619329e-73,-4.80672747133253,0.044,0.316,3.91782188023473e-69,"CAV2"
2.02596977153603e-73,1.4755045457168,0.896,0.577,4.19396002405674e-69,"MRPL34"
2.55353465253474e-73,0.85141455774255,0.987,0.893,5.28607208421216e-69,"NDUFB7"
2.78792503375792e-73,-2.39311031834161,0.613,0.822,5.77128361238228e-69,"GADD45B"
2.78878021749751e-73,1.97793174232959,0.824,0.365,5.77305392824159e-69,"POLR2G"
3.6378143709422e-73,1.63652948643958,0.883,0.475,7.53063952928746e-69,"MIR4458HG"
3.94840385932317e-73,0.834592773886615,0.991,0.874,8.17359082918489e-69,"SRP14"
6.01077241304632e-73,1.22536787669957,0.947,0.709,1.24428999722472e-68,"C20orf24"
1.04571786900922e-72,1.26656255595568,0.942,0.65,2.16474056063599e-68,"CYSTM1"
1.14451194614283e-72,1.37844699013952,0.902,0.546,2.36925417971027e-68,"ZNF706"
1.16165838268398e-72,3.05567442087679,0.654,0.067,2.40474901799411e-68,"NPM3"
1.28370382357123e-72,5.36017736333925,0.594,0.015,2.65739528517481e-68,"BIRC5"
1.40141197590504e-72,1.73118057066625,0.813,0.322,2.90106293132102e-68,"DNAJC7"
1.63418877190668e-72,-2.19476972188607,0.706,0.837,3.38293417672402e-68,"HSD17B6"
1.73342915816156e-72,2.05621849403206,0.807,0.322,3.58837170031025e-68,"OTUD6B-AS1"
1.9706077757857e-72,1.48322976418376,0.863,0.494,4.07935515665398e-68,"NAA20"
2.49790531168411e-72,2.32740595585281,0.773,0.261,5.17091378571728e-68,"EMC2"
2.69033977962289e-72,2.47246356197637,0.762,0.242,5.56927237779735e-68,"SLC25A10"
5.04138528882456e-72,4.58502207992521,0.608,0.034,1.04361716863957e-67,"TTLL4"
7.59224358938104e-72,1.18946560136998,0.949,0.66,1.57167034543777e-67,"PSMB2"
1.02792386318355e-71,-3.88512132117696,0.395,0.709,2.12790518917627e-67,"LRG1"
1.15592983817807e-71,2.38697496328291,0.74,0.19,2.39289035801242e-67,"EMG1"
1.67288843223723e-71,3.44606038458846,0.63,0.052,3.46304634357429e-67,"MAGEC2"
3.11011477449318e-71,2.10347527660701,0.744,0.184,6.43824859467833e-67,"MYC"
4.16148063167588e-71,1.8208395359445,0.817,0.328,8.61468105563224e-67,"HMGA1"
4.28268182113586e-71,-1.18005593033355,1,0.997,8.86557963793335e-67,"MT-CO1"
4.54749424897043e-71,1.93551315104915,0.808,0.347,9.41376784479369e-67,"TNIP1"
1.08375335631343e-70,-3.69364139271334,0.138,0.491,2.24347782290444e-66,"ANXA5"
1.2434775144624e-70,1.03955309336991,0.976,0.788,2.57412280268861e-66,"MRPS21"
1.36682941596348e-70,1.54925454787324,0.855,0.448,2.82947357398601e-66,"CCT7"
2.64279678379616e-70,2.63941064729238,0.707,0.163,5.47085362213643e-66,"NOP16"
3.16949734535836e-70,2.08635801357453,0.759,0.202,6.56117645462634e-66,"COMMD4"
3.27784532598406e-70,-1.42395088437075,1,0.957,6.78546760931961e-66,"PRAP1"
3.38545290430087e-70,2.6995420304771,0.7,0.135,7.00822605719324e-66,"LINC01420"
1.00711318398579e-69,3.11786373567315,0.683,0.141,2.08482500216899e-65,"FASN"
1.09692529952037e-69,2.09205656240207,0.762,0.199,2.27074506253713e-65,"STEAP1"
1.27787957916424e-69,1.75188691135124,0.863,0.457,2.6453385168279e-65,"GCLM"
1.37916925435701e-69,0.641605389538967,1,0.997,2.85501827344445e-65,"RPS3"
1.40334464039359e-69,5.74984349598493,0.57,0.006,2.90506374007876e-65,"TFF2"
2.10196125534865e-69,-2.61399172901654,0.444,0.727,4.35126999469724e-65,"CD302"
2.26771574731064e-69,-3.65081380589574,0.143,0.491,4.69439836850776e-65,"NR4A1"
2.29551779739781e-69,0.73656569364384,0.998,0.975,4.75195139239321e-65,"RPL6"
2.55736450353956e-69,1.20374606785715,0.926,0.623,5.29400025877723e-65,"DYNLRB1"
3.11665783772386e-69,1.06878863322817,0.95,0.752,6.45179338987217e-65,"SERBP1"
3.6721913905578e-69,-0.964187979472823,1,0.988,7.6018033975937e-65,"IFITM3"
3.94435811453232e-69,-2.91348949195303,0.414,0.712,8.16521573289335e-65,"MT-ATP8"
4.40010589321809e-69,1.04697305273273,0.958,0.742,9.10865920955077e-65,"LAMTOR5"
5.8939032532705e-69,2.04220079914564,0.777,0.242,1.22009691245953e-64,"ZFAND1"
7.208943993227e-69,2.54495718411233,0.699,0.144,1.49232349603792e-64,"SQLE"
7.78955441225194e-69,-1.57991386315375,0.845,0.923,1.61251565888028e-64,"BTG1"
1.03190717192702e-68,-1.86312885185726,0.695,0.834,2.13615103660613e-64,"TFR2"
1.11555578532019e-68,-2.08368774875197,0.618,0.794,2.30931203119132e-64,"ECHDC2"
1.46163838419919e-68,0.616278115788055,1,0.985,3.02573761913074e-64,"ATP5E"
1.48526903657736e-68,1.91981733956248,0.799,0.301,3.07465543261879e-64,"KXD1"
1.69764448496321e-68,2.18627324961803,0.758,0.273,3.51429384832235e-64,"RGS14"
1.99678736773458e-68,1.85902727292995,0.812,0.393,4.13354952994735e-64,"PSMD2"
3.06390197377997e-68,-3.1821658664943,0.288,0.644,6.34258347592192e-64,"RGS1"
3.26833235973808e-68,-1.41348628350258,0.958,0.942,6.76577481789381e-64,"RHOB"
4.53206234979289e-68,1.98511696050376,0.791,0.294,9.38182227030626e-64,"PSMD12"
6.93734026402358e-68,2.56979170000822,0.702,0.166,1.43609880805552e-63,"SMYD2"
7.26833264417951e-68,1.94832450923939,0.806,0.304,1.5046175406716e-63,"NDUFAF2"
7.8862775554808e-68,2.16762064082518,0.765,0.264,1.63253831676008e-63,"PSMG4"
8.53084729890159e-68,-2.66227108570162,0.52,0.764,1.76597069934562e-63,"CREM"
9.25918878348923e-68,2.51325794934637,0.708,0.156,1.91674467007011e-63,"PTDSS1"
1.09049294342186e-67,2.25088881983303,0.749,0.255,2.25742944217759e-63,"DDX49"
1.10465342601091e-67,1.45753837911773,0.875,0.488,2.28674305718518e-63,"AP2M1"
1.34214348870171e-67,1.33054923888297,0.93,0.58,2.77837123596141e-63,"SORD"
1.86403951313487e-67,1.55391469424693,0.87,0.472,3.85874819614049e-63,"PSMA5"
2.00078934465548e-67,-3.0388595532834,0.249,0.61,4.1418340223713e-63,"RGS2"
2.06534678357896e-67,7.29095031979809,0.548,0,4.2754743766868e-63,"FABP6"
2.21831449519833e-67,-5.07328666870729,0.053,0.322,4.59213283651006e-63,"SLC25A47"
2.40257740653056e-67,0.924126428482676,0.991,0.856,4.9735754892589e-63,"P4HB"
2.43387185393151e-67,3.30752374920358,0.616,0.058,5.03835812482361e-63,"TOP1MT"
2.47303173561772e-67,-1.1549619164518,0.919,0.948,5.11942299590224e-63,"NBEAL1"
2.47871257922641e-67,1.95516938913358,0.777,0.258,5.13118291025659e-63,"ADH6"
2.81064002797869e-67,1.13343326830638,0.996,0.801,5.81830592191869e-63,"LEAP2"
3.05088721879921e-67,1.34562723507964,0.862,0.472,6.31564163163624e-63,"RNH1"
3.50785916420494e-67,1.53808504548113,0.895,0.497,7.26161925582065e-63,"CDO1"
4.54178070884769e-67,-2.8609667309553,0.503,0.761,9.4019402453856e-63,"UGT2B15"
5.57720706668381e-67,0.824698012931386,0.995,0.89,1.15453763487422e-62,"SKP1"
5.60746890251749e-67,1.84773190686445,0.806,0.356,1.16080213751015e-62,"CCDC47"
7.444669958797e-67,1.75919262053601,0.779,0.258,1.54112112817057e-62,"ITPA"
1.08349136920649e-66,0.944058062968475,0.98,0.828,2.24293548339436e-62,"NDUFB4"
1.14569698798742e-66,-4.1330147387296,0.068,0.362,2.37170733483276e-62,"SOCS3"
1.33780286193927e-66,0.981370382523751,0.978,0.785,2.76938570450048e-62,"RPS4Y1"
1.45356749882368e-66,1.69282288234939,0.853,0.402,3.00903007931489e-62,"CMBL"
1.60983051782882e-66,2.33754648640263,0.748,0.273,3.33251015495744e-62,"TXNRD1"
1.73094024634188e-66,-2.56112806460159,0.601,0.794,3.58321940395232e-62,"HSPH1"
2.81608843233058e-66,-2.48183070216439,0.602,0.813,5.82958466376754e-62,"SAA4"
4.68020216460368e-66,2.07982842703263,0.783,0.276,9.68848650094607e-62,"TMEM97"
5.54695661458576e-66,4.08114998310689,0.588,0.037,1.1482754887854e-61,"TLCD1"
8.86707040757105e-66,1.47023882757999,0.857,0.454,1.83557224507128e-61,"COA4"
1.10594057804615e-65,1.50078410258776,0.874,0.463,2.28940759061334e-61,"CCDC167"
2.11534223712268e-65,1.56719175613885,0.835,0.429,4.37896996506767e-61,"GPAA1"
2.7795611785049e-65,1.90859136251276,0.778,0.313,5.75396959562299e-61,"SHARPIN"
3.89275431043235e-65,1.20380742670261,0.927,0.656,8.05839069802601e-61,"DUSP23"
4.30131138286765e-65,7.11679699081394,0.536,0,8.90414469367433e-61,"SERTAD4-AS1"
4.5757830269589e-65,1.95271434725054,0.773,0.282,9.47232844410761e-61,"MRPL3"
6.64081154283473e-65,1.72268906683024,0.822,0.38,1.37471439748222e-60,"USE1"
7.06303526750182e-65,1.256342946346,0.932,0.641,1.46211893072555e-60,"PSMA4"
1.17982390197387e-64,0.571923229246351,1,0.997,2.4423534594761e-60,"RPL37"
1.30606159299187e-64,1.57161235824129,0.834,0.399,2.70367810365248e-60,"HSF1"
1.35451858945643e-64,1.75939720268302,0.813,0.393,2.80398893203376e-60,"BHMT2"
1.54993499297214e-64,-4.04159016304792,0.059,0.331,3.20852042895162e-60,"IL1RAP"
1.97113926014132e-64,1.3465639272709,0.87,0.515,4.08045538241854e-60,"ZMAT2"
2.03909112322806e-64,3.51976445734943,0.582,0.034,4.22112253419442e-60,"BBOX1"
2.12765413324194e-64,1.21372899056399,0.905,0.678,4.40445682122414e-60,"GRN"
2.19551233867319e-64,2.44837093744771,0.685,0.132,4.54493009228736e-60,"ATP6V0E2"
2.85398325043866e-64,3.04071182699028,0.619,0.08,5.90803072673307e-60,"PRR34-AS1"
3.56991750736672e-64,2.13608257679809,0.727,0.202,7.39008623199985e-60,"MVB12A"
3.65144998655392e-64,2.95248117229278,0.638,0.092,7.55886661716527e-60,"SPARCL1"
4.8349014743492e-64,-3.22260104613999,0.289,0.623,1.00087295420503e-59,"CREB3L3"
6.37200835903361e-64,1.52204481336088,0.847,0.448,1.31906945040355e-59,"CCT6A"
6.58575903545364e-64,-1.51469809382114,0.87,0.871,1.36331797792926e-59,"MASP2"
7.04908865711983e-64,2.67986080823998,0.657,0.129,1.45923184291038e-59,"PTRH2"
7.78746134626878e-64,1.78401583660801,0.785,0.328,1.6120823732911e-59,"LAPTM4B"
8.30508563732511e-64,-0.93193113839655,0.992,0.982,1.71923577778267e-59,"UBB"
1.23937042740992e-63,-3.58147633689395,0.103,0.417,2.56562072178128e-59,"GLYATL1"
1.24209186440079e-63,0.47054922806244,1,1,2.57125436849607e-59,"RPL10"
1.56759710668668e-63,2.77592093931253,0.623,0.089,3.24508277055209e-59,"PLEKHF1"
1.91994716400601e-63,2.18516810212602,0.743,0.255,3.97448262420885e-59,"GSTA4"
2.62453297151421e-63,2.30117707070051,0.695,0.169,5.43304570433157e-59,"ECE2"
2.77387473952794e-63,2.96176273037309,0.633,0.104,5.74219809829678e-59,"CMB9-22P13.1"
2.83213984758007e-63,1.21088334375527,0.896,0.546,5.8628126984755e-59,"C12orf57"
2.91952901875986e-63,1.88873498284337,0.771,0.301,6.04371702173479e-59,"TRAP1"
4.00330263692495e-63,-3.598246672367,0.12,0.442,8.28723678869834e-59,"HSD17B2"
4.06858966232474e-63,0.605820264591188,1,0.982,8.42238745997843e-59,"RPL24"
4.96728615229149e-63,-3.13650264601001,0.351,0.653,1.02827790638586e-58,"FBP1"
5.47705439603926e-63,-3.2737153349505,0.151,0.491,1.13380503052409e-58,"WBP5"
1.11383642488045e-62,1.63411257521228,0.825,0.39,2.30575278314501e-58,"ZCRB1"
1.32368893835149e-62,2.1096419301949,0.733,0.248,2.74016847128142e-58,"PIR"
1.52599034282497e-62,4.00968686830214,0.563,0.028,3.15895260868197e-58,"PTGES"
1.58397057174469e-62,2.14116679901242,0.712,0.181,3.27897748056869e-58,"ZNHIT3"
1.88477084798834e-62,1.97903612615189,0.747,0.264,3.90166413242066e-58,"CYHR1"
1.91176859531578e-62,1.43376637413066,0.841,0.454,3.95755216916319e-58,"PMVK"
2.04802262955314e-62,1.50262844580301,0.849,0.436,4.23961164543795e-58,"ALG3"
3.12345363449388e-62,-1.75473950426588,0.734,0.813,6.46586136876578e-58,"C4BPB"
3.26848707117275e-62,-1.82459380847755,0.714,0.828,6.76609508603472e-58,"SERPINA6"
5.37063777751776e-62,2.46749271910933,0.666,0.129,1.11177572632395e-57,"CBX1"
5.99159929620801e-62,-1.20553902585546,0.932,0.942,1.24032097030802e-57,"MT-ND5"
7.74669712376346e-62,-3.84677371858223,0.114,0.423,1.60364377159027e-57,"CYP4A22"
1.50549144843794e-61,2.58019285473408,0.656,0.144,3.11651784741138e-57,"EPB41L2"
1.63397914110439e-61,1.14870768986144,0.925,0.656,3.38250022000021e-57,"TECR"
2.43018211655571e-61,2.06173770112073,0.727,0.227,5.03071999948197e-57,"IFRD2"
2.67306971799357e-61,-4.05109524209923,0.099,0.408,5.53352162321849e-57,"C8orf4"
2.86770553602572e-61,2.13130677280006,0.703,0.19,5.93643723012684e-57,"SCRN2"
2.99729030894081e-61,-1.77640986308276,1,0.997,6.20469066853837e-57,"APOA1"
3.109664027346e-61,-3.18957080641327,0.217,0.555,6.43731550300896e-57,"TUBA4A"
3.54185899696053e-61,2.23735978718493,0.681,0.153,7.33200230960799e-57,"AATF"
3.64167389846766e-61,2.16685726446828,0.691,0.172,7.53862913721791e-57,"SIRT7"
3.70668967328648e-61,-2.22084154034746,0.656,0.81,7.67321829267034e-57,"CD14"
4.69105901442733e-61,1.39563684857183,0.837,0.396,9.71096126576601e-57,"SNHG9"
8.81654831908014e-61,3.30231838567118,0.581,0.058,1.82511366753278e-56,"RP11-81H14.2"
1.08306938269982e-60,0.637347034808402,1,0.966,2.2420619291269e-56,"RPL7A"
1.25674784140997e-60,3.03166651308595,0.67,0.144,2.60159370650278e-56,"PTTG1"
1.7527119501067e-60,1.30766210006596,0.886,0.561,3.62828900791587e-56,"NSA2"
1.92772758018986e-60,-2.00102606976251,0.79,0.865,3.99058886375102e-56,"PCK1"
1.96716688354689e-60,0.873043345521578,0.956,0.773,4.07223216563042e-56,"EIF3K"
3.051650901673e-60,1.38054978327634,0.864,0.5,6.31722253155328e-56,"STOML2"
3.35814866025814e-60,2.39616804606072,0.65,0.132,6.95170354160038e-56,"NOB1"
3.76525813366953e-60,1.34256662912205,0.828,0.371,7.79446086250929e-56,"FAM96A"
4.56539818338609e-60,1.64810455635769,0.784,0.319,9.45083077942753e-56,"TBCB"
5.11957113506947e-60,2.28431195626863,0.687,0.184,1.05980242067073e-55,"ATIC"
5.42842888745642e-60,2.36224774908255,0.661,0.123,1.12373906399235e-55,"FAM104A"
5.71694799015343e-60,0.608113441542064,1,0.975,1.18346540344166e-55,"RPS7"
6.29226470606014e-60,-1.32579511265051,0.975,0.969,1.30256171680151e-55,"HSPA1A"
7.66173875775175e-60,1.50716498508888,0.815,0.408,1.58605654024219e-55,"CCT2"
9.20119838471088e-60,-1.48522994634516,0.812,0.85,1.904740077619e-55,"GABARAP"
1.27834356382268e-59,2.13060261626158,0.691,0.166,2.64629901146932e-55,"VAT1"
2.15023383708779e-59,2.59802310040361,0.63,0.11,4.45119906615543e-55,"NOL11"
2.64258755526624e-59,2.77071574922294,0.609,0.08,5.47042049815663e-55,"EFTUD2"
3.10705321768171e-59,2.33998700016152,0.657,0.138,6.43191086592292e-55,"TKFC"
3.45075603005268e-59,-1.59186020219328,0.792,0.862,7.14341005781206e-55,"LAMP2"
3.78631312734206e-59,1.94342387017706,0.747,0.255,7.83804680491081e-55,"RARS"
4.59449626317836e-59,-4.41088572259048,0.055,0.31,9.51106671440552e-55,"SERPINE1"
4.83961975544565e-59,1.17922675382238,0.895,0.567,1.00184968557481e-54,"NDUFAF3"
7.37670723544195e-59,1.4294461038642,0.817,0.387,1.52705216480884e-54,"FAM195B"
8.99011563150602e-59,1.47723772525542,0.837,0.423,1.86104383687806e-54,"RPL26L1"
9.56405260645568e-59,-1.06262266983318,0.938,0.954,1.97985453006239e-54,"PFN1"
1.09156502185797e-58,3.33054464089996,0.586,0.071,2.25964875174819e-54,"NR2C2AP"
1.26123425707442e-58,1.73724496336856,0.76,0.301,2.61088103556976e-54,"WBP2"
1.63775508547157e-58,1.04296925914325,0.971,0.62,3.3903168024347e-54,"PPIB"
1.69533292284827e-58,-4.24160609909338,0.035,0.258,3.5095086835882e-54,"PLGLB2"
1.90737838570691e-58,-3.29488571348735,0.196,0.521,3.94846399625188e-54,"ABHD3"
1.94133652514179e-58,-4.70264493078655,0.047,0.288,4.01876074069601e-54,"KLF2"
2.22533602485891e-58,1.43974565946145,0.843,0.442,4.60666810506043e-54,"FDPS"
2.24679168779205e-58,-1.79702904408967,0.712,0.85,4.65108347289833e-54,"MCL1"
2.35253435052953e-58,-3.6274024754156,0.141,0.454,4.86998135903118e-54,"FNDC4"
2.66474374868357e-58,-2.68212862065049,0.62,0.779,5.51628603414986e-54,"IFI6"
2.880268964802e-58,0.990873294820545,0.999,0.828,5.96244478403662e-54,"FGG"
3.26140844124952e-58,0.908022520264164,0.96,0.804,6.75144161423063e-54,"ST13"
4.01713632168268e-58,1.11524694175817,0.9,0.61,8.31587389951533e-54,"YIF1A"
4.07714939511083e-58,1.16077541232087,0.899,0.62,8.44010696281893e-54,"MRPS15"
4.15626199908396e-58,1.76408326564365,0.749,0.264,8.6038779643037e-54,"SLC25A18"
4.60943761942952e-58,4.94088206670415,0.516,0.015,9.54199681598106e-54,"PRKCDBP"
5.88020234385042e-58,2.14707219130116,0.71,0.224,1.21726068720048e-53,"NOP56"
6.00694049636732e-58,2.0443098739827,0.718,0.236,1.243496752153e-53,"ST3GAL1"
6.60785679865107e-58,0.533077799516432,0.999,0.963,1.36789243588876e-53,"H3F3B"
6.7289378013457e-58,1.13448051142761,0.913,0.583,1.39295741425657e-53,"UQCC2"
6.98329109746606e-58,1.26551879321232,0.879,0.546,1.44561109008645e-53,"RPN2"
7.54635574511094e-58,5.36998636469346,0.507,0.009,1.56217110279542e-53,"TRIM16L"
7.64849198983553e-58,2.35057417145029,0.643,0.132,1.58331432681585e-53,"GPATCH4"
7.75848189605085e-58,0.972869704724286,0.964,0.761,1.60608333730149e-53,"SNRPE"
7.86118959760204e-58,-1.41209027722679,0.833,0.887,1.6273448585996e-53,"HLA-E"
9.60744107215991e-58,1.45387293360194,0.825,0.436,1.98883637634782e-53,"PSMF1"
1.49549857546728e-57,1.52584662078946,0.74,0.255,3.09583160107481e-53,"HEXA"
2.10898884958942e-57,0.524717597478173,1,0.997,4.36581781753507e-53,"RPS16"
2.31671581433092e-57,1.36321779563467,0.886,0.494,4.79583340724643e-53,"SNRPD1"
2.38729778782106e-57,-1.04020053054274,0.963,0.926,4.94194515056838e-53,"AGT"
2.44576947460558e-57,1.99851451688885,0.714,0.233,5.06298738938101e-53,"WDR45B"
2.53998356771614e-57,-2.03153045886136,0.998,0.991,5.25801998352918e-53,"MT2A"
2.59115689405389e-57,-4.12761365330481,0.057,0.31,5.36395388638096e-53,"SERPINB9"
2.93679946336436e-57,2.09232607585637,0.652,0.129,6.07946856911057e-53,"SRP68"
3.60590412037055e-57,4.01506399347964,0.529,0.025,7.46458211957907e-53,"NLE1"
3.62235447872765e-57,-2.42972969197628,0.546,0.739,7.4986360064141e-53,"DHRS7"
3.99075609469042e-57,2.30873196092816,0.672,0.16,8.26126419161863e-53,"MRTO4"
4.13941197247254e-57,2.39075059483821,0.632,0.113,8.56899672421541e-53,"ERAL1"
4.46360450372205e-57,1.61402694285514,0.808,0.374,9.24010768315502e-53,"ALAS1"
5.10160008385993e-57,1.8361188329776,0.769,0.39,1.05608223335984e-52,"PLOD1"
5.81795441797966e-57,1.72152098718159,0.714,0.248,1.20437474406597e-52,"KPNB1"
5.85495312148185e-57,-0.972653733766575,0.999,0.991,1.21203384567796e-52,"HLA-A"
6.1964541122372e-57,2.03007648163644,0.675,0.181,1.28272796577422e-52,"ADSL"
6.44979757291706e-57,1.34030388895319,0.864,0.466,1.33517259556956e-52,"ALDH7A1"
7.33540925135905e-57,-2.28114790260712,0.568,0.745,1.51850306912384e-52,"CREG1"
1.03629225642316e-56,3.65882311601744,0.534,0.037,2.14522860002159e-52,"SNAI2"
1.23492388495433e-56,1.16443372554688,0.91,0.62,2.55641593424396e-52,"SNRPB2"
1.34879204164401e-56,2.41918597295575,0.667,0.175,2.79213440540726e-52,"RUVBL1"
1.53580055147674e-56,2.0102079310304,0.684,0.172,3.179260721612e-52,"NT5C"
2.07648876666076e-56,2.47506441204245,0.645,0.141,4.29853939586444e-52,"DTYMK"
2.28251985832608e-56,-1.94285347311553,0.655,0.798,4.72504435872081e-52,"METTL7A"
2.78588058363982e-56,0.722663556885748,0.992,0.899,5.76705139619279e-52,"UQCRH"
3.09269387419025e-56,1.80679354030962,0.762,0.294,6.40218558896123e-52,"DUT"
3.09626626492945e-56,0.988051951845349,0.954,0.678,6.40958079503045e-52,"PPA1"
3.27032812005278e-56,1.53249522087211,0.806,0.393,6.76990624132126e-52,"MAF1"
3.98477171710239e-56,1.36326250896623,0.85,0.469,8.24887593157365e-52,"MRPL40"
4.4781454036911e-56,3.09984042008632,0.598,0.098,9.27020880018095e-52,"RAD51C"
5.90185894575519e-56,0.985202526954868,0.94,0.69,1.22174382036078e-51,"BRK1"
6.45864433601958e-56,1.85234740996757,0.76,0.31,1.33700396399941e-51,"ZCCHC9"
6.75578154746763e-56,3.12948195255721,0.566,0.061,1.39851433814127e-51,"HRCT1"
6.9481306022942e-56,2.84755163245729,0.586,0.083,1.43833251598092e-51,"RP11-706C16.7"
7.53742957336186e-56,0.731217121271283,1,0.926,1.56032329598164e-51,"MGST1"
7.71793181715046e-56,1.45797764388351,0.83,0.482,1.59768906546832e-51,"FMO5"
9.69716090430631e-56,-3.72015408091055,0.172,0.485,2.00740927880045e-51,"ANGPTL8"
1.02289649875203e-55,-5.45502821259071,0.048,0.285,2.11749804206658e-51,"CRIP1"
1.02419637621947e-55,1.0232951911411,0.937,0.656,2.12018891841192e-51,"EIF3I"
1.04161631821845e-55,1.85232265070579,0.738,0.248,2.15624994034401e-51,"DDX39A"
1.13829390721339e-55,1.62519463066138,0.761,0.331,2.35638221732245e-51,"PCYT2"
1.15672344875671e-55,1.78457772260931,0.738,0.239,2.39453321127127e-51,"COX11"
1.30600765210907e-55,-2.39550281397439,0.528,0.73,2.703566440631e-51,"AGPAT2"
1.8289240806549e-55,1.98909077442318,0.653,0.15,3.7860557393637e-51,"C20orf27"
2.11366744261266e-55,1.266142330209,0.845,0.466,4.37550297295247e-51,"TSPO"
2.18439758634725e-55,-2.44096681599351,0.72,0.84,4.52192144349745e-51,"TIMP1"
2.9290575729126e-55,-1.4260174089123,0.799,0.837,6.06344208168637e-51,"FCGRT"
2.93388958446641e-55,2.65397018872325,0.605,0.101,6.07344482880392e-51,"TRMT1"
2.97595996252855e-55,-4.2643962933594,0.047,0.279,6.16053471843036e-51,"PELI1"
3.31407011476751e-55,1.58837695059204,0.786,0.411,6.86045654458022e-51,"MTTP"
3.82245193192217e-55,1.7986641894907,0.724,0.236,7.91285774427207e-51,"GCAT"
4.03506291507084e-55,-1.68731228316627,0.723,0.816,8.35298374048815e-51,"TMEM123"
4.95965493646192e-55,-3.70270961644805,0.102,0.39,1.02669816839698e-50,"SRI"
6.55765902026659e-55,1.26095959678185,0.855,0.534,1.35750099378539e-50,"MRPS12"
6.62277882786078e-55,-2.21255094212237,0.523,0.733,1.37098144515546e-50,"SERINC2"
8.75267830440382e-55,-1.05917398378902,0.925,0.923,1.81189193579463e-50,"NDUFB1"
9.40656116397063e-55,-1.13173915072143,0.923,0.893,1.94725222655356e-50,"PTMS"
1.01477978040357e-54,1.95091535344872,0.675,0.166,2.10069562341343e-50,"GSS"
1.14983136620787e-54,0.81863972775963,0.969,0.813,2.38026591118692e-50,"SLC25A6"
1.23029814998706e-54,-3.88927332958808,0.115,0.411,2.5468402002882e-50,"RGCC"
1.25895760321326e-54,-3.32846547706153,0.129,0.429,2.60616813441176e-50,"FURIN"
1.25945716056768e-54,1.42966331635769,0.816,0.414,2.60720226809115e-50,"LAGE3"
1.39434337369958e-54,1.99868858059646,0.678,0.172,2.88643021789549e-50,"DDX41"
1.84415155181422e-54,1.90749634689519,0.696,0.215,3.81757812741063e-50,"ZPR1"
2.00913215535027e-54,2.74097574547534,0.599,0.107,4.1591044747906e-50,"CD163"
3.63663660958053e-54,2.95359990483788,0.553,0.055,7.52820144549265e-50,"GOSR2"
4.0322061513784e-54,-2.19302057404817,0.534,0.739,8.34706995396843e-50,"CDHR5"
4.05174707640704e-54,1.80123353818824,0.715,0.218,8.38752162287021e-50,"COASY"
4.09923911398259e-54,0.440879956136843,1,0.997,8.48583488985537e-50,"RPL11"
4.49961580478477e-54,-1.54193496264855,0.702,0.81,9.31465467748495e-50,"HPN"
6.92915080178655e-54,1.65929619184417,0.768,0.334,1.43440350747783e-49,"IK"
7.71409209859256e-54,1.88671520800076,0.706,0.224,1.59689420532965e-49,"RTCB"
8.55056921330428e-54,1.81149662341953,0.617,0.113,1.77005333284612e-49,"GSTM3"
9.28227376160628e-54,1.58067345008794,0.778,0.325,1.92152349139012e-49,"MAD2L2"
1.1222820927439e-53,3.01807902358865,0.532,0.04,2.32323616018916e-49,"RALY-AS1"
1.25951068821524e-53,1.84832280263834,0.669,0.163,2.60731307567437e-49,"TAF15"
1.78748624897089e-53,1.3052421129407,0.833,0.439,3.70027528399463e-49,"MRPS18B"
2.24875429636447e-53,1.55163352052489,0.799,0.38,4.6551462689041e-49,"ATG12"
2.29117200290614e-53,1.48140750431378,0.802,0.383,4.742955163216e-49,"MRPL21"
2.48967554497489e-53,1.4571745446946,0.79,0.347,5.15387734565251e-49,"BOLA3"
2.76105212308222e-53,0.890236065061026,0.953,0.758,5.71565399999251e-49,"NDUFA6"
3.60490084330918e-53,1.05476024233938,0.929,0.672,7.46250523573432e-49,"ALDOA"
3.96485775972698e-53,0.705192932966757,0.993,0.908,8.20765204841081e-49,"NDUFA13"
4.64850780832731e-53,3.15133242528724,0.532,0.046,9.62287601401836e-49,"CCDC137"
4.79906953538149e-53,1.91667821758005,0.684,0.221,9.93455384519323e-49,"TERF1"
5.20205872497516e-53,2.10323514803251,0.667,0.19,1.07687817665711e-48,"ALKBH2"
6.01722313865106e-53,3.32125341515106,0.518,0.037,1.24562536193216e-48,"PHYHD1"
6.48174444788184e-53,2.36719783062332,0.611,0.126,1.34178591815602e-48,"CWC27"
1.09582085309958e-52,-3.57236933523063,0.242,0.537,2.26845874800145e-48,"FAM46A"
1.11659770940046e-52,1.24075842758412,0.842,0.463,2.3114689182299e-48,"UBE2V2"
1.36763541888141e-52,1.73170602270921,0.728,0.267,2.8311420806264e-48,"LSM10"
1.58173478781328e-52,-3.49580191634948,0.094,0.368,3.27434918425228e-48,"PPP1R3B"
1.83692551252951e-52,2.66075738311345,0.588,0.107,3.80261950348734e-48,"BCAT2"
2.34894252786667e-52,1.9349063974482,0.7,0.221,4.8625459269368e-48,"ARMC1"
4.33654387739804e-52,3.23513233411879,0.534,0.058,8.97707948060168e-48,"ZNF830"
5.17099573157809e-52,-4.03995346049606,0.081,0.34,1.07044782639398e-47,"MXD1"
5.77318956754115e-52,2.18702243140664,0.624,0.141,1.19510797237669e-47,"FN3KRP"
5.84516834246231e-52,1.15596046992578,0.889,0.543,1.21000829857312e-47,"SNRPD3"
6.23780816706819e-52,2.1711842413782,0.62,0.132,1.29128866866479e-47,"ACSS3"
6.49648530915749e-52,-1.60240803084812,0.778,0.844,1.34483742384869e-47,"HRG"
6.57444829791854e-52,1.15673085520801,0.877,0.555,1.36097654215212e-47,"MDH1"
6.86474921616507e-52,1.53980794203113,0.787,0.356,1.42107173523833e-47,"IDH3B"
1.02188152282188e-51,1.75000101738928,0.637,0.144,2.11539694039358e-47,"C5orf45"
1.02982268419503e-51,3.42826194684605,0.483,0.015,2.13183593855213e-47,"TK1"
1.07246407145283e-51,2.79424167491763,0.548,0.064,2.2201078743145e-47,"BACE2"
1.29674007941847e-51,1.36435471703488,0.781,0.365,2.68438163840417e-47,"TEX264"
1.32574566999995e-51,1.42103168712076,0.806,0.387,2.7444261114669e-47,"DIO1"
1.38614414431864e-51,1.5356768297589,0.736,0.294,2.86945699315402e-47,"YIF1B"
1.61228994917966e-51,1.7020061391765,0.714,0.23,3.33760142379682e-47,"IFT20"
1.62918940907407e-51,1.9203793252701,0.691,0.212,3.37258499572423e-47,"MTFR1"
1.74436283380191e-51,0.801731258205815,0.971,0.791,3.61100550225333e-47,"ATP5B"
1.97340691335431e-51,1.70853209074193,0.751,0.31,4.08514965133476e-47,"U2SURP"
2.09263145535858e-51,1.67005321766972,0.753,0.334,4.33195637573781e-47,"MRPS18C"
2.51389287442755e-51,1.30463102691056,0.849,0.482,5.20400963935246e-47,"DPM3"
2.51831619248787e-51,1.14704583233041,0.881,0.543,5.21316635006914e-47,"MRPS16"
2.61011695382905e-51,3.9608923256351,0.502,0.037,5.40320310612151e-47,"RP13-650J16.1"
2.72692611241427e-51,2.87451743426076,0.554,0.074,5.64500974530879e-47,"FTSJ3"
3.11479668030729e-51,1.82483176036026,0.723,0.282,6.44794060790412e-47,"STX10"
3.70766283063901e-51,2.92716077753699,0.519,0.046,7.67523282570582e-47,"SPATC1L"
3.74042182464359e-51,-0.672119547054472,0.992,0.972,7.7430472191947e-47,"H3F3A"
4.14988910633357e-51,-3.75132998623685,0.185,0.482,8.59068543902111e-47,"LGALS3"
4.63865230467284e-51,1.72082975356383,0.711,0.264,9.60247413590325e-47,"SMIM20"
4.80380566750382e-51,1.0425125000576,0.91,0.607,9.94435811229965e-47,"HNRNPA3"
5.80560692633237e-51,0.878453977271896,0.938,0.709,1.20181868982006e-46,"SNU13"
5.82941614493066e-51,3.07070294631452,0.539,0.067,1.20674743616209e-46,"TSEN54"
5.89687497878782e-51,1.53202632173076,0.772,0.39,1.22071208935887e-46,"EMC4"
5.94164770253745e-51,-1.99480065805197,0.61,0.755,1.22998049090228e-46,"MPC1"
6.12507514731637e-51,0.75076869050952,0.985,0.862,1.26795180624596e-46,"UQCR10"
6.13816202196963e-51,1.38955836763601,0.744,0.273,1.27066092016793e-46,"NT5C3B"
9.02584474577784e-51,3.48774539484857,0.486,0.025,1.86844012082347e-46,"CGREF1"
1.0435064012767e-50,1.15276093485067,0.817,0.42,2.16016260128291e-46,"SYNGR2"
1.24578690512929e-50,1.45391379946409,0.775,0.344,2.57890347230813e-46,"SEC13"
1.39135882785158e-50,1.16298080586437,0.879,0.623,2.88025190953555e-46,"VMP1"
1.45831871142076e-50,1.77665547120878,0.728,0.261,3.01886556451211e-46,"TIMMDC1"
1.53096051560723e-50,1.07287057020792,0.843,0.485,3.16924136335852e-46,"H2AFY"
1.56643140906461e-50,-2.55988963894988,0.377,0.641,3.24266965990465e-46,"LEPROTL1"
2.53847327194147e-50,2.89001966134868,0.549,0.077,5.25489352024603e-46,"FAM133A"
2.76391608342004e-50,1.13069681491056,0.886,0.558,5.72158268428782e-46,"PFDN6"
3.7016041253006e-50,1.38207531796673,0.773,0.38,7.66269069978477e-46,"TRAPPC3"
3.74600116147903e-50,1.49101793806063,0.639,0.147,7.75459700437774e-46,"SNRPN"
4.22275619055072e-50,-3.22236411639549,0.24,0.54,8.74152759005904e-46,"NKG7"
4.7907431216232e-50,2.36456345875721,0.589,0.117,9.91731733607218e-46,"TMCC1"
4.98731780788997e-50,1.00469383284938,0.942,0.718,1.0324246594113e-45,"EIF2S2"
5.87581487879082e-50,1.88324156806526,0.67,0.184,1.21635243805849e-45,"PSME3"
6.25241461458779e-50,1.06367590268235,0.868,0.546,1.29431234936582e-45,"TMEM147"
7.75979063626777e-50,3.75094817310697,0.496,0.037,1.60635425961379e-45,"SLC26A6"
8.74319112233452e-50,1.62174889226073,0.719,0.27,1.80992799423447e-45,"NUDCD2"
8.85113202788314e-50,1.24645528759738,0.829,0.454,1.83227284109209e-45,"MRPL22"
1.01293764980963e-49,1.28246848210749,0.824,0.429,2.09688222887092e-45,"CKLF"
1.13285619699354e-49,-0.941013402989776,0.998,0.972,2.34512561339634e-45,"SEPP1"
1.2178261210889e-49,2.21636949782801,0.571,0.089,2.52102185326613e-45,"MIF4GD"
1.3250404021661e-49,-2.66269187373882,0.436,0.656,2.74296613652405e-45,"PON3"
1.48761035353794e-49,1.06117045948272,0.893,0.586,3.0795021928589e-45,"PAIP2"
1.75216378841556e-49,2.08046212862242,0.602,0.123,3.62715425839905e-45,"CD320"
1.98829902066899e-49,1.72683644463017,0.672,0.209,4.11597780268687e-45,"DCTPP1"
2.04317345576082e-49,-4.00530944135505,0.08,0.334,4.22957337077048e-45,"GZMB"
2.08532792295973e-49,-3.22736626430102,0.146,0.436,4.31683733331893e-45,"KLKB1"
2.81210154949629e-49,4.46984460311331,0.448,0.003,5.82133141761227e-45,"RP3-460G2.2"
2.90888556998543e-49,-3.07277602560792,0.172,0.466,6.02168401842683e-45,"GLTPD2"
3.68877616149462e-49,2.47775208652328,0.57,0.101,7.63613553191001e-45,"NAGS"
3.70640521903179e-49,1.12431905411256,0.885,0.613,7.67262944391771e-45,"MPLKIP"
4.99583501139837e-49,-0.894708704687336,1,0.997,1.03418780570958e-44,"MT-ATP6"
5.04559321937085e-49,2.19210949930093,0.547,0.077,1.04448825234196e-44,"COA7"
6.04791653306735e-49,1.15047505458943,0.822,0.466,1.25197920151027e-44,"EID1"
7.93518721394222e-49,1.43955967452651,0.767,0.328,1.64266310515818e-44,"EMC7"
8.81102872956392e-49,2.75027769684915,0.526,0.061,1.82397105730703e-44,"RRP9"
1.02738887570573e-48,1.50714106213287,0.751,0.325,2.12679771159842e-44,"KARS"
1.05797755730928e-48,1.21983064700074,0.808,0.442,2.19011934138594e-44,"PDCD6"
1.35076915553155e-48,0.856302071681113,0.949,0.727,2.79622722886585e-44,"SDCBP"
1.37214584391363e-48,1.12817551260867,0.815,0.433,2.84047911148561e-44,"MARCKSL1"
1.69419557784838e-48,-3.36395128923051,0.11,0.38,3.50715426570393e-44,"LGR4"
2.04073338050808e-48,1.6735234459622,0.736,0.331,4.22452217098978e-44,"TUBB2A"
2.06758042212032e-48,1.16913466814031,0.835,0.482,4.28009823183127e-44,"SEC11A"
2.2637029029601e-48,2.64126986675357,0.546,0.086,4.6860913794177e-44,"GLI4"
2.33192436756491e-48,1.44953000959354,0.804,0.417,4.82731663329612e-44,"CYP4F11"
3.0376523413182e-48,0.745308489784346,0.971,0.844,6.28824411176281e-44,"ROMO1"
3.05304346699244e-48,0.573810258770195,1,0.997,6.32010528102106e-44,"RPL12"
3.6025211727188e-48,4.23765274533825,0.467,0.021,7.45757907964519e-44,"C1QTNF3"
3.67452724731914e-48,1.93490859517772,0.642,0.172,7.60663885467535e-44,"NME2"
3.69073960516476e-48,1.42918915481535,0.718,0.264,7.64020005665156e-44,"CSNK1D"
3.7015148297136e-48,-0.62200344682077,0.995,0.966,7.66250584899013e-44,"MYL6"
4.11206835543619e-48,-1.63221732827923,0.815,0.88,8.51239270258846e-44,"NFKBIA"
4.19740174758424e-48,2.83648175272834,0.542,0.08,8.68904135767414e-44,"C19orf48"
4.65238591241078e-48,-3.39186806027225,0.095,0.356,9.63090407728157e-44,"PLGLB1"
4.79672682234446e-48,-1.02774179914664,0.964,0.948,9.92970419493526e-44,"SERPING1"
4.9571673392238e-48,3.90183703376423,0.481,0.034,1.02618321089272e-43,"FBXO32"
5.81058442183655e-48,-1.26386469552266,0.941,0.929,1.20284908116438e-43,"DNAJB1"
8.99118268380487e-48,-3.5334898971074,0.116,0.39,1.86126472737445e-43,"FGF21"
1.10583911991776e-47,1.91824749275829,0.647,0.181,2.28919756214176e-43,"EXOSC5"
1.32222751608414e-47,1.62060953414841,0.696,0.264,2.73714318104578e-43,"COMMD5"
1.4576527161527e-47,1.88217467991207,0.632,0.163,3.0174868877077e-43,"OGFOD3"
1.54084343640669e-47,1.43827255798727,0.735,0.288,3.1896999977055e-43,"FAM49B"
1.62794176539126e-47,1.8918380269447,0.66,0.202,3.37000224853644e-43,"EEF1E1"
1.64992678641083e-47,1.88153724516399,0.656,0.193,3.41551344054907e-43,"TRAF4"
1.88286562421e-47,1.24411469713656,0.806,0.46,3.89772012867712e-43,"AHCY"
1.96084355341958e-47,1.63859104468509,0.635,0.16,4.05914223993387e-43,"AP2B1"
2.24054710916756e-47,1.1091315955716,0.877,0.567,4.63815657068776e-43,"GLRX"
2.60743269458016e-47,1.34553653615747,0.811,0.414,5.39764642105038e-43,"LSM2"
2.79480457982016e-47,2.56849216924202,0.529,0.067,5.78552496068571e-43,"NAT9"
3.07410869762103e-47,-1.61843475618051,0.727,0.782,6.3637124149453e-43,"UGP2"
3.56152039340095e-47,1.5609187004485,0.727,0.282,7.3727033663793e-43,"CDK5RAP3"
3.92857978005894e-47,2.53071579030853,0.519,0.064,8.13255300270001e-43,"SSX2IP"
4.58060765494612e-47,1.90222664190881,0.621,0.15,9.48231590650396e-43,"MRPL46"
4.63497630727783e-47,1.37450804765273,0.74,0.285,9.59486445369583e-43,"HIST1H1C"
4.72521411678898e-47,-3.14595172054193,0.417,0.666,9.78166574316486e-43,"CXCL2"
5.42143828330642e-47,1.39693888202436,0.733,0.282,1.12229193902726e-42,"ABHD14B"
5.47498274739141e-47,1.54664589180219,0.678,0.221,1.1333761785375e-42,"IGBP1"
5.88626250318124e-47,2.14596773248623,0.555,0.089,1.21851520078355e-42,"MED24"
5.92767430963982e-47,5.58263617533156,0.432,0.003,1.22708785883854e-42,"RP11-492E3.2"
6.49346242114597e-47,-1.7479055484156,0.876,0.905,1.34421165580143e-42,"JUN"
6.78902596650233e-47,1.62246061245215,0.713,0.279,1.40539626532565e-42,"PRPF6"
7.00762240092923e-47,0.997522165173201,0.877,0.577,1.45064791321636e-42,"ADRM1"
1.13442559614459e-46,1.46467399396937,0.764,0.377,2.34837442657892e-42,"MRPL15"
1.20508447644043e-46,1.73877672498958,0.699,0.27,2.49464537467933e-42,"TAF12"
1.27389018400986e-46,1.45263569160415,0.751,0.344,2.63708006991881e-42,"EBNA1BP2"
1.27721299601204e-46,1.80110364239746,0.6,0.129,2.64395862304452e-42,"BLOC1S4"
1.40863555844767e-46,1.53812284911121,0.667,0.206,2.91601646954253e-42,"PPIE"
1.63787959952059e-46,1.68796945986099,0.697,0.258,3.39057455896758e-42,"DRG1"
2.18523169432858e-46,1.15757614329782,0.839,0.506,4.5236481304296e-42,"DDOST"
2.29731601690355e-46,-0.798146354520869,0.996,0.991,4.75567388659204e-42,"MT-ND3"
2.30664744255826e-46,1.73506473003576,0.695,0.245,4.77499087083986e-42,"PDZD11"
2.30923794824072e-46,1.89341348632041,0.606,0.138,4.78035347665311e-42,"ARL16"
2.35038619189074e-46,-1.83015646321873,0.795,0.834,4.86553445583301e-42,"PDIA4"
2.38152217729376e-46,1.21420589111585,0.871,0.402,4.92998905921582e-42,"APCS"
2.44150492914369e-46,0.803159342484343,0.958,0.758,5.05415935382035e-42,"ATP6V0B"
2.51202533839094e-46,2.50343802511391,0.539,0.083,5.20014365300309e-42,"TBCD"
2.56097424148831e-46,1.87532980035119,0.645,0.193,5.30147277730495e-42,"RFXANK"
2.71289495405488e-46,1.73604356653708,0.656,0.202,5.61596384438901e-42,"GAA"
3.76325872293231e-46,-3.29954120098747,0.207,0.491,7.79032188234217e-42,"CFHR3"
4.04310297858536e-46,1.18311620952605,0.791,0.417,8.36962747596955e-42,"CAMLG"
4.06576774855028e-46,1.1253470255239,0.856,0.537,8.41654581627392e-42,"GTF3A"
5.45045427593409e-46,1.46750873553425,0.76,0.347,1.12829853966112e-41,"ETNK2"
6.19561582866084e-46,1.87702932319888,0.667,0.221,1.28255443269108e-41,"TMEM161A"
6.23070970016363e-46,1.85142466933425,0.604,0.144,1.28981921503087e-41,"DLAT"
6.39451997585117e-46,1.90285250921245,0.62,0.15,1.32372958020095e-41,"ALDOC"
6.97631179621614e-46,-2.60622425833547,0.323,0.592,1.4441663049347e-41,"HABP2"
7.31639416026278e-46,0.42908863582096,1,1,1.514566755116e-41,"RPL35"
9.78825083080873e-46,1.57105174943424,0.689,0.264,2.02626580448572e-41,"NOC2L"
1.06790892920442e-45,-3.66614235889493,0.084,0.328,2.21067827434608e-41,"SLC2A3"
1.11667256033819e-45,1.43251647130696,0.71,0.291,2.31162386715609e-41,"GGNBP2"
1.1686100404489e-45,1.28450539468081,0.773,0.356,2.41913964473326e-41,"CD9"
1.21363464483319e-45,2.40034291905933,0.562,0.104,2.51234507826918e-41,"THEM6"
1.21927025932797e-45,1.5618610267477,0.74,0.319,2.52401136383484e-41,"SNX2"
1.21997803669401e-45,0.937007958228534,0.9,0.638,2.52547653376028e-41,"RAB7A"
1.33824341064947e-45,-1.81262852078568,0.629,0.742,2.77029768438546e-41,"TMED10"
1.38697505502334e-45,1.7736860280509,0.607,0.138,2.87117706140383e-41,"SDF2"
1.44461566149524e-45,2.1420463674769,0.627,0.178,2.9904988808613e-41,"BRIX1"
1.83418675727697e-45,-2.06436373865778,0.481,0.681,3.79695000623906e-41,"SERINC1"
1.99005984292064e-45,1.86681322734211,0.537,0.08,4.11962288083002e-41,"DDX52"
2.00031816360032e-45,0.987750911545521,0.857,0.54,4.14085863046901e-41,"TMEM167A"
2.47833137509249e-45,0.9815669322572,0.901,0.653,5.13039377957896e-41,"NDUFB5"
2.92314234304722e-45,1.75483437535896,0.545,0.083,6.05119696434205e-41,"PLPP2"
3.11736734676089e-45,1.5086557539205,0.777,0.38,6.45326214452971e-41,"ACAT2"
3.16434996765433e-45,1.18125749322309,0.855,0.469,6.55052086804124e-41,"NIT2"
3.55157382492693e-45,1.38085044668845,0.776,0.347,7.35211297498123e-41,"ORMDL2"
3.78225898788981e-45,-3.66584054247237,0.096,0.35,7.8296543308307e-41,"NR4A2"
4.06771687755604e-45,3.00772987891286,0.487,0.052,8.42058070822877e-41,"AMACR"
6.36995873644161e-45,1.80760314259887,0.657,0.218,1.31864515803078e-40,"MRPS11"
7.39995848487874e-45,0.924144633607648,0.892,0.61,1.53186540595475e-40,"MYEOV2"
8.91838711895749e-45,1.05232922506048,0.85,0.515,1.84619531749539e-40,"COPS6"
9.3294948072008e-45,1.66607007778874,0.655,0.212,1.93129872003864e-40,"DCAF4L2"
1.11484982662608e-44,1.89720619983506,0.625,0.169,2.30785062609866e-40,"PES1"
1.12129312700284e-44,-1.98196371484219,0.6,0.776,2.32118890220858e-40,"ZFP36L2"
1.17892677936509e-44,1.59805320071244,0.621,0.16,2.44049632596367e-40,"RCN2"
1.38516828804506e-44,-2.21657750501244,0.59,0.736,2.86743687308208e-40,"SDC4"
1.39548934943008e-44,6.5481276034596,0.41,0,2.8888025022552e-40,"ODAM"
1.47877442314799e-44,-4.09153050513919,0.091,0.337,3.06121093335866e-40,"KDM6B"
1.69553263810747e-44,5.60364745767879,0.415,0.003,3.50992211414627e-40,"MAPT"
1.8877133625933e-44,1.71163321049753,0.652,0.209,3.90775543190439e-40,"SRM"
2.15600541145596e-44,1.15351515756296,0.821,0.442,4.46314680225498e-40,"PSMC4"
2.45402092791402e-44,1.86667796330873,0.616,0.16,5.0800687228748e-40,"ACSM1"
2.49183539021592e-44,-1.30566972406999,0.76,0.85,5.15834844128597e-40,"EEF1G"
2.71070848677912e-44,3.56403725850452,0.441,0.021,5.61143763848147e-40,"TRIM16"
2.74897025064381e-44,1.11618546926558,0.847,0.518,5.69064331585776e-40,"PSMD7"
3.04227167329002e-44,3.25907082139809,0.449,0.028,6.29780659087767e-40,"SEMA6A"
4.26462131246272e-44,1.73820406406668,0.602,0.15,8.82819257892908e-40,"HARS"
4.44656522894502e-44,2.52195388283918,0.535,0.095,9.2048346804391e-40,"POLR3H"
4.87636170185688e-44,1.28777842296551,0.782,0.429,1.00945563590139e-39,"NOL7"
6.41187704912689e-44,2.87141178135495,0.498,0.064,1.32732266793976e-39,"NUP85"
8.18030108182068e-44,1.66556525944567,0.592,0.144,1.6934041269477e-39,"AMZ2"
9.71124591031696e-44,1.6223245106885,0.666,0.215,2.01032501589471e-39,"PHAX"
1.12990356997772e-43,1.84070985813742,0.597,0.147,2.33901338021088e-39,"C6orf1"
1.16032566193804e-43,-2.0945814357306,0.475,0.678,2.40199015277794e-39,"YPEL5"
1.16893232238004e-43,1.07837633907016,0.875,0.58,2.41980680055892e-39,"SSBP1"
1.29420174827984e-43,0.938282227637149,0.963,0.687,2.67912703911411e-39,"UBD"
1.43714193241123e-43,0.579193899988748,0.989,0.933,2.97502751428448e-39,"EEF2"
1.79790728877448e-43,-3.00907843126389,0.227,0.5,3.72184787849205e-39,"DST"
1.88778569891453e-43,2.41866643180219,0.509,0.074,3.90790517532298e-39,"MTERF3"
1.89933414006655e-43,1.32306517955533,0.759,0.368,3.93181160335177e-39,"AK6"
1.9176581401674e-43,3.16459073535689,0.475,0.049,3.96974411596054e-39,"DPH2"
2.0552851482479e-43,1.26436033577946,0.719,0.242,4.25464578538798e-39,"TCEAL8"
2.16971318811471e-43,3.13993766256043,0.464,0.04,4.49152327071627e-39,"MAGEF1"
2.29144317384939e-43,1.27688822567645,0.796,0.436,4.74351651418562e-39,"DERL1"
2.42364382459674e-43,-1.90484738368553,0.548,0.709,5.01718508129772e-39,"CD46"
2.46913594920952e-43,1.29234573775677,0.744,0.34,5.11135832845862e-39,"RBM42"
2.91071876345975e-43,1.89877952718781,0.573,0.12,6.02547891223802e-39,"AMT"
2.95999767679605e-43,0.796049545790746,0.95,0.752,6.1274911907355e-39,"ATP5O"
3.21106909270947e-43,2.24609626426213,0.555,0.12,6.64723412881787e-39,"PKN1"
3.23080692727332e-43,1.30694460004296,0.771,0.344,6.68809342014849e-39,"NSFL1C"
3.52441645659396e-43,1.52431614578783,0.683,0.23,7.29589450679516e-39,"POP5"
3.56203010384308e-43,-4.26880984557431,0.072,0.298,7.37375851796556e-39,"AREG"
3.63272218801718e-43,1.46339088137769,0.683,0.236,7.52009820141436e-39,"ARSE"
3.76288622745077e-43,2.09969071953005,0.576,0.135,7.78955077944584e-39,"RBFA"
3.78670709395554e-43,0.845471140762596,0.926,0.687,7.83886235519737e-39,"LINC00493"
3.88150583687818e-43,1.35673679030261,0.679,0.248,8.03510523292153e-39,"NARF"
4.27211041723875e-43,-2.83025999141381,0.211,0.482,8.84369577472595e-39,"PPP2CB"
4.28541329856365e-43,1.06254886708709,0.85,0.531,8.87123406935662e-39,"SYF2"
4.33338858971476e-43,3.91842072312329,0.438,0.025,8.97054771956852e-39,"HEXIM2"
4.44338915703208e-43,0.9238100744773,0.912,0.66,9.19825989397212e-39,"NAP1L1"
5.51054470786284e-43,2.18085011748602,0.555,0.117,1.14073785997469e-38,"CHDH"
5.75166809966354e-43,2.28276191121841,0.517,0.089,1.19065281331135e-38,"PRKAA2"
6.74984848539284e-43,-1.8937728466525,0.563,0.718,1.39728613496117e-38,"PVRL2"
6.88125701043797e-43,1.07970465735968,0.907,0.663,1.42448901373076e-38,"ZFAS1"
7.09560708559105e-43,-1.27437777435191,0.795,0.831,1.4688616227882e-38,"BSG"
7.12862128886633e-43,1.19021477876601,0.808,0.46,1.47569589300822e-38,"MRPS33"
7.4069801694174e-43,2.23325791518,0.529,0.092,1.5333189648711e-38,"CDC27"
8.73877640334255e-43,3.66518769154798,0.448,0.037,1.80901410325594e-38,"BYSL"
9.10610086340326e-43,-3.38584417474112,0.265,0.549,1.88505393973311e-38,"SDS"
9.36648930237756e-43,1.95789183742382,0.623,0.202,1.93895695048518e-38,"GIPC1"
1.0286385545814e-42,1.92378808010511,0.601,0.16,2.12938467183895e-38,"SCPEP1"
1.24457528674991e-42,-1.20039178191579,0.843,0.902,2.576395301101e-38,"JUND"
1.24554985192921e-42,0.872682877938742,0.942,0.706,2.57841274847865e-38,"DECR1"
1.29793305241514e-42,1.8247764456371,0.616,0.181,2.68685121180459e-38,"ACSF2"
1.36765188773362e-42,1.17906264170544,0.813,0.42,2.83117617279736e-38,"RPL22L1"
1.45201907125922e-42,2.69919118684794,0.498,0.071,3.00582467941371e-38,"RAB11FIP4"
1.57924831979639e-42,1.67721159979276,0.557,0.113,3.26920194681051e-38,"UTP6"
1.67274246093643e-42,1.52811418236577,0.543,0.095,3.4627441683845e-38,"LGALS9"
1.71943182419164e-42,1.48919767221776,0.718,0.328,3.55939581925911e-38,"MTSS1"
2.86190816857391e-42,1.55710819502977,0.697,0.279,5.92443609976485e-38,"NEK6"
2.97772589619621e-42,0.95935656874946,0.883,0.638,6.16419037771578e-38,"C19orf60"
3.01979273763234e-42,0.731044013935236,0.912,0.592,6.25127294617271e-38,"C10orf10"
3.54752928306687e-42,2.28217208557867,0.539,0.107,7.34374036887673e-38,"MTMR4"
3.65909750838259e-42,1.83258379899726,0.577,0.144,7.57469775210281e-38,"SLC52A2"
4.08687702026769e-42,1.20951558191949,0.777,0.442,8.46024411965614e-38,"TXNL4A"
4.23595358320793e-42,2.21835544531753,0.544,0.11,8.76884751259874e-38,"LRRC61"
4.63016712833556e-42,2.67791916246786,0.508,0.08,9.58490897236745e-38,"RNASEH2A"
5.01507098926004e-42,1.70920394740433,0.569,0.132,1.03816984548672e-37,"STARD3"
5.1239126706404e-42,-3.14207794952503,0.227,0.491,1.06070116194927e-37,"PRG4"
5.50283971281058e-42,1.75663326072313,0.621,0.196,1.13914284894892e-37,"NCBP2-AS2"
5.67513486649019e-42,0.966514409348517,0.856,0.552,1.17480966871213e-37,"C9orf16"
7.18417670070979e-42,2.20942238285317,0.568,0.141,1.48719641881393e-37,"SAC3D1"
7.88671160147529e-42,3.19979998862135,0.465,0.052,1.6326281686214e-37,"C6orf226"
7.94442950270525e-42,0.835495043590776,0.91,0.706,1.64457635135501e-37,"SCAND1"
9.04396870249516e-42,0.897224810855599,0.904,0.678,1.87219196110352e-37,"NDUFAB1"
9.54581101449512e-42,1.84765562517563,0.581,0.147,1.97607833811063e-37,"C4orf27"
9.7737627905659e-42,1.10459052343332,0.809,0.439,2.02326663527505e-37,"FXR1"
1.11824185744373e-41,1.79231964697519,0.618,0.178,2.31487246909426e-37,"AIMP2"
1.14394566583431e-41,2.58185413208876,0.495,0.071,2.36808192284361e-37,"PPAN"
1.23681990182254e-41,1.41973424388341,0.718,0.294,2.56034087876285e-37,"YBEY"
1.31096844747011e-41,1.47578244063859,0.713,0.294,2.71383578310787e-37,"PRPF31"
1.42089754388721e-41,4.12343099268899,0.415,0.015,2.94140000560092e-37,"NOTUM"
1.70562691588989e-41,1.24110137085352,0.76,0.344,3.53081827858365e-37,"WBSCR22"
1.80391705250362e-41,-3.39150956129007,0.179,0.442,3.73428869038775e-37,"ARL5B"
2.50308185109645e-41,-1.36665675371454,0.758,0.844,5.18162973995476e-37,"PNRC1"
2.67027430460095e-41,-1.64073034245764,0.656,0.748,5.52773483795442e-37,"HADHB"
3.17685900609202e-41,0.900548908960408,0.877,0.626,6.57641582851109e-37,"EIF3F"
3.20568525450454e-41,1.77039694276418,0.593,0.153,6.63608904534985e-37,"ARMC6"
3.45805069531921e-41,1.37721362358465,0.722,0.34,7.15851074438029e-37,"SYBU"
3.71951387575258e-41,2.12364879547495,0.523,0.089,7.69976567419542e-37,"KAT2A"
3.85887631641102e-41,-0.903846033101906,0.875,0.887,7.98825986260245e-37,"NDUFA3"
4.37621232402757e-41,0.809360239182827,0.915,0.681,9.05919713196948e-37,"MRPL20"
4.5513869049756e-41,1.24765127005351,0.72,0.301,9.42182603198999e-37,"RCN1"
4.66505791320449e-41,1.30322518153373,0.725,0.331,9.65713638612462e-37,"DDX46"
4.8142869847991e-41,2.13188941494023,0.474,0.055,9.96605548723261e-37,"ENDOV"
5.015688580637e-41,1.16562306272115,0.79,0.46,1.03829769307766e-36,"NDUFA8"
5.35800161008971e-41,1.04665782792937,0.854,0.537,1.10915991330467e-36,"RAB13"
5.46524330325866e-41,4.35873917691799,0.392,0.003,1.13136001620757e-36,"SSUH2"
5.74686133900565e-41,1.57606509174312,0.639,0.218,1.18965776578756e-36,"PSMG1"
5.9646337755314e-41,2.11288651221108,0.571,0.144,1.23473883787275e-36,"CIAPIN1"
6.03318977698462e-41,0.747217394238118,0.952,0.567,1.24893061573359e-36,"GSTA2"
6.56826037792498e-41,1.84312141444129,0.604,0.166,1.35969558083425e-36,"RP4-665J23.1"
6.65544943134914e-41,2.45024417378376,0.443,0.037,1.37774458678359e-36,"DHRS11"
7.30886307963674e-41,1.52391724374972,0.648,0.227,1.5130077461156e-36,"BOD1"
7.54972794127113e-41,1.52356878628851,0.627,0.206,1.56286918112254e-36,"PRKDC"
7.96998264847845e-41,-2.32919923083292,0.398,0.632,1.64986610806152e-36,"ARHGDIB"
8.59501083639915e-41,-1.78964217923654,0.602,0.715,1.77925319324299e-36,"SAT2"
8.80418294083156e-41,2.65968968516529,0.454,0.049,1.82255391058154e-36,"KIAA0101"
9.83792761100378e-41,1.70409032675407,0.604,0.172,2.03654939475389e-36,"RPUSD3"
1.00330851328234e-40,1.55169373022409,0.685,0.264,2.07694895334577e-36,"IDH3G"
1.07027378598571e-40,1.48295971921154,0.67,0.248,2.21557376436901e-36,"PEF1"
1.30437294343378e-40,1.65246784772515,0.652,0.218,2.70018243020227e-36,"MRPS2"
1.3593378136209e-40,-1.09980283252764,0.811,0.837,2.81396520797663e-36,"LAMP1"
1.42595521992524e-40,-0.737492936492766,1,1,2.95186990076725e-36,"MT-CO3"
1.49609103291863e-40,0.580461691960344,0.991,0.899,3.09705804724485e-36,"CHCHD2"
1.53848941652805e-40,0.862873462802423,0.896,0.653,3.18482694115472e-36,"PSMD8"
1.5484514590368e-40,0.999342231200208,0.821,0.494,3.20544936535208e-36,"RSL1D1"
1.72403309682536e-40,1.01307788673323,0.842,0.528,3.56892091373818e-36,"UBE2D2"
2.03409263061287e-40,1.12279501433835,0.767,0.387,4.21077515463171e-36,"RALY"
2.08773369432085e-40,0.463965187540409,1,0.985,4.32181752061359e-36,"RPL9"
2.26195893273677e-40,0.894202123300717,0.889,0.617,4.68248118665838e-36,"ATP5F1"
2.36196471548828e-40,1.33830982985117,0.72,0.313,4.88950315753229e-36,"PPM1G"
2.73598452967571e-40,1.4437277493998,0.669,0.227,5.66376157488168e-36,"SWI5"
2.80403661782585e-40,2.08569669099595,0.557,0.135,5.80463620256129e-36,"RNFT1"
2.87856269841623e-40,-2.12971662695646,0.441,0.644,5.95891264199143e-36,"SMPDL3A"
3.10016403277716e-40,3.19869590592293,0.423,0.025,6.41764956425199e-36,"GGT1"
3.36167199360863e-40,2.26839124124151,0.525,0.101,6.95899719396923e-36,"GEMIN6"
3.41533408660737e-40,1.0182431502819,0.836,0.549,7.07008309268591e-36,"MRPL37"
3.57360953181843e-40,3.27286702155555,0.411,0.018,7.39772909181734e-36,"NKD1"
3.57827205394926e-40,-2.83566373250093,0.226,0.491,7.40738097888036e-36,"LTBP3"
4.56097529875625e-40,4.45117580614292,0.408,0.021,9.44167496595531e-36,"CENPM"
5.37664941951317e-40,0.989230949836993,0.87,0.577,1.11302019633342e-35,"VDAC2"
5.5292090559434e-40,1.74557838637073,0.538,0.117,1.14460156667084e-35,"RFFL"
6.28196135957372e-40,0.752828703031655,0.932,0.718,1.30042882104536e-35,"TUFM"
6.79584077307707e-40,2.54429556405356,0.46,0.055,1.40680699843468e-35,"C17orf75"
7.36428378780801e-40,1.78555645866322,0.623,0.209,1.52448038691414e-35,"RMDN1"
8.00654730422798e-40,4.04518767223476,0.403,0.018,1.65743535744823e-35,"KCCAT211"
8.1257840675616e-40,0.461968131152544,1,0.985,1.68211855982593e-35,"RPS13"
8.75642003653636e-40,0.631077654334193,0.983,0.856,1.81266651176339e-35,"ATP5J"
8.88923096906047e-40,0.962099046145751,0.829,0.506,1.84015970290521e-35,"HM13"
9.63640536695144e-40,1.59237631169558,0.591,0.169,1.99483227501262e-35,"SPOP"
1.05322399263637e-39,1.7582683989493,0.593,0.172,2.18027898715654e-35,"HGS"
1.1698271423392e-39,6.12052044631824,0.376,0,2.42165916735639e-35,"GAGE13"
1.35763835857871e-39,2.03141236439293,0.567,0.144,2.81044716609378e-35,"BOLA1"
1.37951466056522e-39,1.62045704330459,0.547,0.117,2.85573329883606e-35,"CDKN2AIPNL"
1.38179546677658e-39,3.92049092226609,0.407,0.021,2.8604547957742e-35,"RNF43"
1.58775762177809e-39,1.80206114878452,0.564,0.132,3.28681705284282e-35,"RP11-140K17.3"
1.72846701818083e-39,1.67225269763979,0.531,0.104,3.57809957433614e-35,"PRR7"
2.00741073960431e-39,3.05572886417243,0.423,0.028,4.15554097205487e-35,"KLHDC8B"
2.89464719990048e-39,1.46623066809954,0.665,0.245,5.99220916851398e-35,"QARS"
2.9260638497383e-39,1.06460114258983,0.807,0.46,6.05724477534325e-35,"XRCC6"
2.947307486502e-39,1.26880603742177,0.762,0.396,6.10122122780779e-35,"MRPL11"
3.07475541930884e-39,2.95038224512091,0.442,0.043,6.36505119351123e-35,"METTL2A"
3.17767972062199e-39,1.4527506793747,0.581,0.15,6.57811478965959e-35,"PARP10"
3.31933746982276e-39,2.13238638063708,0.49,0.08,6.8713604962801e-35,"TMEM161B-AS1"
3.36960100583663e-39,1.8071332092407,0.664,0.276,6.97541104218242e-35,"GPAM"
3.6354432808348e-39,3.41194675034312,0.412,0.028,7.52573113565612e-35,"CBR3"
3.67050008349037e-39,2.14844928504285,0.489,0.074,7.59830222283342e-35,"PNPO"
3.82067382375464e-39,2.08562582268832,0.533,0.12,7.90917688255449e-35,"ACLY"
3.96584534111342e-39,1.55673179027565,0.654,0.233,8.20969644063889e-35,"PCTP"
4.05235376195175e-39,-3.39679382713404,0.096,0.325,8.38877752261632e-35,"EGFR"
4.13820465734344e-39,1.0420093067989,0.847,0.537,8.56649746116666e-35,"GLO1"
4.35579354668205e-39,1.54910642018526,0.643,0.221,9.01692822098651e-35,"CDC123"
4.58594629083726e-39,1.43305535285932,0.696,0.264,9.49336741666222e-35,"RP11-798K3.2"
4.82326506075533e-39,1.97423957198386,0.512,0.095,9.9846410022696e-35,"CHCHD4"
4.9781848806641e-39,-1.37382212502093,0.721,0.767,1.03053405214628e-34,"CD164"
5.4303481493556e-39,1.8004839619676,0.57,0.147,1.1241363703981e-34,"MRPS27"
5.44599975928394e-39,1.89380198982813,0.563,0.15,1.12737641016937e-34,"ME1"
5.49779402253298e-39,0.868427140803688,0.961,0.776,1.13809834060455e-34,"SLC2A2"
5.65936197152728e-39,1.95057388219988,0.562,0.141,1.17154452172586e-34,"C15orf61"
6.58128813817284e-39,1.09363668838018,0.767,0.371,1.36239245748316e-34,"LINC00116"
6.95326971109345e-39,-2.73905476914671,0.202,0.463,1.43939636289345e-34,"EPSTI1"
8.01045460442362e-39,-2.93375328402239,0.202,0.46,1.65824420766173e-34,"TPM4"
8.22638647665572e-39,1.4519808847504,0.661,0.239,1.7029442645325e-34,"NUDT2"
9.49769078921815e-39,-2.78278330275558,0.231,0.485,1.96611697027605e-34,"EPAS1"
9.65313158736866e-39,1.96947077181935,0.537,0.117,1.99829476990119e-34,"TMUB2"
1.00825656916546e-38,0.928236308801431,0.854,0.601,2.08719192382942e-34,"MRPS34"
1.05420032363649e-38,3.96062633308792,0.404,0.021,2.1823000899599e-34,"PRRT3-AS1"
1.09875478155895e-38,0.459524804065131,1,0.997,2.27453227330518e-34,"APOA2"
1.13325695566981e-38,2.26931456149574,0.485,0.074,2.34595522393208e-34,"EPDR1"
1.16063482589883e-38,0.740520896521275,0.938,0.727,2.40263015309316e-34,"SF3B5"
1.28817647459232e-38,0.819058549484261,0.908,0.678,2.66665412005356e-34,"HSD17B10"
1.31320339422296e-38,-4.62556018877354,0.136,0.38,2.71846234638096e-34,"CYR61"
1.36420582485504e-38,1.33341037968129,0.736,0.347,2.82404247803243e-34,"AOX1"
1.38622974913856e-38,-3.37070863377555,0.172,0.429,2.86963420369172e-34,"KLRB1"
1.39049097808727e-38,2.61472479103359,0.482,0.074,2.87845537373847e-34,"KIAA1143"
1.63509247620932e-38,1.26041000857381,0.681,0.288,3.38480493500091e-34,"SLC25A4"
1.72445619286327e-38,1.38026053880284,0.699,0.301,3.56979676484625e-34,"PARL"
1.88779784039087e-38,1.09031428239774,0.805,0.491,3.90793030939315e-34,"MRPS26"
1.96404848504808e-38,-1.64114086702045,0.788,0.825,4.06577676889803e-34,"HSPA1B"
1.98109997218077e-38,4.11539469051655,0.392,0.018,4.10107505241141e-34,"TOP2A"
2.13686246096947e-38,4.66451826478545,0.409,0.031,4.42351898045289e-34,"CCNB1"
2.21385503909722e-38,-1.92314945889347,0.572,0.712,4.58290131643515e-34,"COL18A1"
2.2139538189944e-38,-1.18274445208819,0.899,0.939,4.58310580070032e-34,"DUSP1"
2.21594735343298e-38,5.26261944471693,0.385,0.012,4.58723261634161e-34,"CDC20"
2.21976278240038e-38,-3.9498593980624,0.06,0.261,4.59513093584702e-34,"RASGEF1B"
2.39641303503608e-38,1.06324566403102,0.742,0.347,4.96081462382818e-34,"ANP32A"
2.7816070208008e-38,0.836179194035971,0.874,0.61,5.75820469375973e-34,"HNRNPDL"
3.00383528855423e-38,1.98571640998525,0.558,0.147,6.21823943083611e-34,"C11orf74"
3.03514457961653e-38,-3.52244327741356,0.079,0.294,6.28305279426419e-34,"GPC6"
3.08975198628747e-38,2.04399727690157,0.416,0.031,6.39609558681369e-34,"TYMS"
3.67730069471999e-38,-2.18265064313266,0.728,0.798,7.61238016813985e-34,"TAT"
3.70081573707848e-38,1.30904942034141,0.687,0.279,7.66105865732617e-34,"PIGP"
3.72329453257599e-38,1.41322531047099,0.6,0.175,7.70759201188555e-34,"RAD50"
4.21597140296409e-38,-1.74970623934998,0.809,0.837,8.72748240127597e-34,"HERPUD1"
4.63516740069282e-38,-3.40529962568743,0.107,0.337,9.5952600361742e-34,"TMEM86B"
4.64045006394833e-38,3.02371944012726,0.431,0.043,9.60619567737944e-34,"CCDC51"
4.67071075330555e-38,1.55080853590781,0.62,0.19,9.66883833041782e-34,"MRPS30"
4.67944953421568e-38,1.06412101652358,0.8,0.439,9.68692848077988e-34,"ILF2"
4.9519805118945e-38,0.902001008487489,0.798,0.429,1.02510948576728e-33,"DDX18"
5.48128784411414e-38,1.44255481156489,0.647,0.23,1.13468139661007e-33,"EIF4EBP3"
5.64918804869684e-38,1.30737429072468,0.675,0.264,1.16943841796073e-33,"MRPL9"
5.81835203120717e-38,3.50762195263345,0.416,0.037,1.2044570539802e-33,"WDR4"
5.96505628841378e-38,3.45565453826162,0.418,0.037,1.23482630226454e-33,"NME6"
6.32952813641706e-38,1.33287279363303,0.722,0.322,1.3102756195197e-33,"NDUFA9"
6.72892514842379e-38,-2.44308668882207,0.32,0.555,1.39295479497521e-33,"LMBRD1"
6.77065299409159e-38,3.44847671097407,0.385,0.012,1.4015928763069e-33,"WLS"
7.70655042229994e-38,1.31748769890902,0.736,0.356,1.59533300292031e-33,"LACTB2"
8.15473782234417e-38,0.934470886119599,0.884,0.638,1.68811227660347e-33,"TMEM14C"
8.22961821998309e-38,0.949293385289313,0.832,0.497,1.7036132677187e-33,"CISD2"
9.43421437423988e-38,-3.33910832207655,0.106,0.337,1.9529767176114e-33,"RND3"
9.47455280543582e-38,1.04598801360824,0.793,0.439,1.96132717625327e-33,"SRA1"
9.72397251785284e-38,1.29358022419585,0.637,0.221,2.01295955092072e-33,"BECN1"
1.00351351296497e-37,-1.91130943422251,0.595,0.709,2.07737332318878e-33,"ACADVL"
1.04626808485698e-37,1.83289737065617,0.649,0.242,2.16587956246244e-33,"PCNA"
1.09431166070157e-37,0.386579589039367,0.924,0.764,2.26533456881831e-33,"HLA-DPA1"
1.14059215164358e-37,-1.17348585443833,0.807,0.819,2.36113981311736e-33,"VAMP5"
1.27268369375514e-37,1.22723576917724,0.749,0.35,2.63458251444252e-33,"TTC1"
1.31660803200699e-37,1.36819319989591,0.648,0.236,2.72551028705766e-33,"EFR3A"
1.3807844681233e-37,2.30342406181082,0.501,0.098,2.85836192746204e-33,"ST3GAL4"
1.54249953030695e-37,-2.38209060154423,0.341,0.567,3.19312827768841e-33,"ACADS"
1.65274586438306e-37,0.624630349378669,0.964,0.84,3.42134921385938e-33,"AURKAIP1"
1.65287301772491e-37,1.78052478085145,0.558,0.144,3.42161243399233e-33,"UBL7"
1.69974815709872e-37,6.00530343711825,0.36,0,3.51864866001006e-33,"GAGE2A"
1.95874056156978e-37,1.16487120210426,0.767,0.408,4.0547888365056e-33,"RABGGTB"
2.2409774171603e-37,2.20666171921946,0.478,0.08,4.63904735126353e-33,"C12orf73"
2.30313221936034e-37,0.865919684195045,0.859,0.592,4.76771400729784e-33,"EIF3M"
2.6376152227286e-37,1.08041002592819,0.56,0.141,5.46012727257047e-33,"SOX4"
2.69924860310853e-37,0.832631409460362,0.889,0.626,5.58771453329496e-33,"SSU72"
2.76970561304565e-37,0.538808122645413,0.995,0.96,5.73356758956581e-33,"RPS10"
2.86125724686101e-37,-1.24021815312317,0.739,0.794,5.92308862672698e-33,"PROC"
2.97832514691021e-37,-1.12282985576577,0.997,0.975,6.16543088661883e-33,"IL32"
3.08179583733815e-37,0.94251657365484,0.849,0.543,6.37962556287371e-33,"RSL24D1"
3.12982311277728e-37,1.5673182878001,0.604,0.178,6.47904682576025e-33,"RNASE1"
3.2825512033248e-37,1.16071118960931,0.694,0.288,6.79520924600266e-33,"ATG3"
3.61239375312301e-37,-1.51388059796196,0.681,0.804,7.47801630833994e-33,"TSC22D3"
4.224236954191e-37,-2.66790468807403,0.181,0.433,8.74459291887079e-33,"SLC10A1"
4.24853550376119e-37,1.07947017522441,0.796,0.466,8.79489334633604e-33,"NELFE"
4.71994935167007e-37,1.60927510040778,0.524,0.11,9.77076715289221e-33,"NKIRAS2"
5.50866969199944e-37,0.756464888958505,0.923,0.69,1.1403497129408e-32,"HSPA9"
5.52040210831699e-37,1.68749630637948,0.556,0.147,1.1427784404427e-32,"COIL"
6.23628489448153e-37,1.25505265963709,0.702,0.319,1.29097333600662e-32,"GPRC5C"
6.75452674390891e-37,6.14404561406997,0.355,0,1.39825458125658e-32,"DKK4"
6.76519266216153e-37,-3.56590790456433,0.115,0.35,1.40046253299406e-32,"MAFB"
6.77583813929799e-37,-2.69835676038656,0.179,0.433,1.40266625321608e-32,"NSUN6"
8.10714341797537e-37,0.9263150080415,0.973,0.81,1.67825975895508e-32,"LDHA"
8.58369020453127e-37,1.09582467793146,0.799,0.482,1.77690970924002e-32,"AKR7A2"
1.09759855109443e-36,1.45842560689715,0.653,0.23,2.27213876062057e-32,"COMMD9"
1.15511780794455e-36,1.41767447963863,0.565,0.15,2.39120937422601e-32,"GOSR1"
1.16345241157122e-36,1.07863470900818,0.751,0.417,2.40846283719359e-32,"CPNE3"
1.17790353773484e-36,1.3488272255007,0.672,0.27,2.43837811346489e-32,"NIFK"
1.28398203809049e-36,-3.44882565580002,0.066,0.267,2.65797121705113e-32,"HTRA1"
1.32433375372334e-36,-3.36815783574842,0.084,0.298,2.74150330358269e-32,"AGPAT5"
1.49446615344244e-36,2.49936041787448,0.381,0.015,3.09369438424119e-32,"MAGEH1"
1.52540060164958e-36,1.18194085669314,0.761,0.414,3.15773178547479e-32,"DDAH2"
1.53524594460796e-36,1.2153073297862,0.734,0.38,3.17811262993293e-32,"RAD21"
1.59794270836261e-36,2.23591708896376,0.505,0.11,3.30790120058145e-32,"HMBS"
1.62474385718605e-36,1.35273685347892,0.654,0.248,3.36338225876084e-32,"MED10"
1.70440428886665e-36,1.3437778957031,0.715,0.313,3.52828731838285e-32,"CSTA"
1.91854490715981e-36,1.3459673032314,0.718,0.371,3.97157981231152e-32,"CLTC"
1.94288392208404e-36,3.64899953412258,0.379,0.015,4.02196400710618e-32,"CNTNAP2"
1.96889425721353e-36,1.2425238300285,0.7,0.294,4.07580800185774e-32,"MRPS25"
2.12382275566506e-36,1.83259673760406,0.545,0.138,4.39652548650223e-32,"CECR5"
2.19564287358825e-36,1.84936138672503,0.521,0.117,4.54520031261504e-32,"RRP1"
2.29203696592278e-36,1.98237715462661,0.545,0.138,4.74474572315675e-32,"CCL16"
2.4635902253277e-36,1.29073366518096,0.647,0.255,5.09987812545087e-32,"PHF20L1"
2.52207596367506e-36,1.51685012599952,0.603,0.193,5.22094945240375e-32,"ITGB3BP"
2.78527552333063e-36,2.31679209091063,0.444,0.061,5.76579886084673e-32,"HABP4"
2.79699314362268e-36,0.860525964538932,0.813,0.469,5.79005550661331e-32,"TMEM70"
3.048023479408e-36,1.10540092560986,0.747,0.365,6.3097134047225e-32,"NSMCE1"
3.05272744549503e-36,3.03164091953928,0.408,0.037,6.31945108491925e-32,"CD3EAP"
3.87861811185585e-36,1.67248694139353,0.513,0.11,8.02912735335279e-32,"COLGALT1"
4.50730241010589e-36,0.759550332274299,0.904,0.699,9.3305667191602e-32,"OCIAD2"
4.66492184124212e-36,1.5920545329918,0.657,0.258,9.65685470355532e-32,"HIST1H2AC"
4.71224239806644e-36,2.22208769964673,0.477,0.089,9.75481298823734e-32,"PNO1"
4.74789319829304e-36,1.37941514448668,0.672,0.294,9.82861370978641e-32,"NFE2L1"
4.75431072496934e-36,2.59120488490038,0.406,0.034,9.84189863175903e-32,"STEAP2"
4.8559691881775e-36,0.853236173278409,0.967,0.798,1.00523418164462e-31,"HMGN2"
5.79811318090457e-36,1.56160978035904,0.584,0.175,1.20026740957905e-31,"LSM12"
6.26399294809113e-36,1.04655997543083,0.808,0.485,1.29670918018435e-31,"EIF3J"
6.35424650385553e-36,1.6028947536463,0.58,0.175,1.31539256876313e-31,"ENOPH1"
6.92118154597415e-36,1.50721193549555,0.571,0.166,1.43275379183211e-31,"SLC35C2"
8.55128426501686e-36,-1.03890769038148,0.907,0.914,1.77020135570114e-31,"HSP90B1"
9.12356747570937e-36,2.25139170513908,0.473,0.089,1.8886697031466e-31,"LAS1L"
9.15150032483187e-36,0.905561910460204,0.86,0.549,1.89445208224345e-31,"MZT2A"
9.62512244822861e-36,4.03729311451839,0.385,0.028,1.9924965980078e-31,"UBE2C"
1.01532043928246e-35,1.39147334149639,0.59,0.184,2.10181484135862e-31,"GLT8D1"
1.02045336055803e-35,1.56497645496969,0.507,0.107,2.11244050169118e-31,"MTMR14"
1.09075190802022e-35,1.83194507926573,0.508,0.113,2.25796552479265e-31,"NSUN5"
1.11169571342044e-35,-3.18042075435934,0.229,0.472,2.30132129635166e-31,"REL"
1.14058140495446e-35,1.8668551909071,0.528,0.129,2.36111756639624e-31,"LIPC"
1.16681351260455e-35,1.5407357107665,0.606,0.187,2.41542065244267e-31,"SNHG19"
1.25510294377856e-35,2.25330662894691,0.483,0.098,2.598188603916e-31,"SLC25A38"
1.25631439868732e-35,3.647344320556,0.381,0.021,2.60069643672262e-31,"SLC28A1"
1.2648921590175e-35,1.79266089677718,0.559,0.163,2.61845325838212e-31,"YARS"
1.26597884661415e-35,2.01439314888065,0.498,0.101,2.62070281037596e-31,"EIF2B1"
1.43786706947967e-35,1.56884290041342,0.584,0.175,2.97652862052986e-31,"GPANK1"
1.96427642378669e-35,-2.22573552586078,0.389,0.592,4.06624862488082e-31,"ACO1"
2.01219884007195e-35,2.29187028492813,0.44,0.064,4.16545281883295e-31,"METAP1"
2.02277836021595e-35,-3.16455024497047,0.339,0.561,4.18735348348303e-31,"CPS1"
2.30903603732954e-35,1.10056494009288,0.74,0.353,4.77993550087588e-31,"RTFDC1"
2.34900549085115e-35,1.97332772159063,0.524,0.132,4.86267626661097e-31,"SUZ12"
2.54750882270277e-35,3.0746909075445,0.394,0.031,5.27359801387701e-31,"SP5"
2.81143126474545e-35,1.12581348034714,0.756,0.417,5.81994386114956e-31,"GLYCTK"
2.83679210563272e-35,-0.850071316748249,0.896,0.89,5.8724433378703e-31,"FKBP2"
2.86389454715945e-35,1.13211225930275,0.783,0.408,5.92854810207478e-31,"EIF2S3"
3.32796487934845e-35,1.43160991652865,0.575,0.172,6.88922009673922e-31,"ACTL6A"
3.68603160657786e-35,1.65905219331813,0.562,0.16,7.63045402877682e-31,"ZSCAN31"
3.80863577408932e-35,1.44293594045339,0.524,0.123,7.88425691594229e-31,"CWC25"
4.08188788493693e-35,2.26803703042741,0.429,0.055,8.44991611060794e-31,"RBM15B"
4.22356400268339e-35,1.38277960968745,0.666,0.282,8.74319984195488e-31,"SNAP29"
4.54259621850737e-35,-2.16028999692261,0.501,0.644,9.4036284319321e-31,"CLDN1"
4.76797787987304e-35,1.57471041092569,0.599,0.19,9.87019100912518e-31,"LINC00261"
5.16397248013645e-35,1.28532460261349,0.722,0.34,1.06899394311305e-30,"COA6"
5.33432843019522e-35,2.5445325186247,0.448,0.071,1.10425932833471e-30,"RPP40"
5.47276866189729e-35,0.732127422434332,0.947,0.736,1.13291784069936e-30,"SLIRP"
5.83289284915698e-35,1.92957029797887,0.496,0.11,1.20746714870399e-30,"ATAD3A"
6.10271655356751e-35,2.14457780913518,0.48,0.092,1.26332335375401e-30,"SUPT6H"
6.23133098948281e-35,1.47210522019388,0.59,0.187,1.28994782813284e-30,"CNP"
6.40957677517108e-35,-2.07059783592009,0.385,0.613,1.32684648822817e-30,"EIF5AL1"
6.80220068580786e-35,1.46817466938988,0.558,0.15,1.40812356396908e-30,"SDCCAG8"
7.36672087380179e-35,1.06554027047136,0.65,0.239,1.52498488808571e-30,"CHMP4A"
7.49389690564011e-35,-1.89559216189962,0.545,0.693,1.55131159843656e-30,"CCL4"
7.61480741996612e-35,1.56835104305946,0.619,0.23,1.57634128400719e-30,"ITGB1BP1"
7.67682135992111e-35,0.834785555963936,0.853,0.61,1.58917878971727e-30,"ZNF593"
7.81584791141612e-35,2.35709835642205,0.472,0.092,1.61795867614225e-30,"TIPARP-AS1"
7.94017291416841e-35,0.355825810067421,1,0.991,1.643695194962e-30,"RPS27A"
8.06319998454703e-35,1.84855760466067,0.543,0.147,1.66916302880108e-30,"PAK1IP1"
8.13097297534576e-35,5.51443721772087,0.345,0.003,1.68319271562633e-30,"TMEM52B"
8.98408095300839e-35,1.29733933132386,0.654,0.261,1.85979459808227e-30,"ZCCHC6"
9.51858433177734e-35,3.45448243117658,0.373,0.021,1.97044214252123e-30,"ZWINT"
1.02151201898355e-34,3.27702122533532,0.388,0.031,2.11463203049784e-30,"DHRS13"
1.05924825758532e-34,-2.37667420989867,0.491,0.653,2.19274981802738e-30,"FXYD1"
1.11777770022138e-34,1.79864901556753,0.566,0.181,2.31391161722829e-30,"ROBO1"
1.14510826122085e-34,1.13767308100712,0.741,0.35,2.37048861155329e-30,"ASPDH"
1.20359539489598e-34,1.17664643833311,0.659,0.267,2.49156282697417e-30,"PDCD2"
1.31191391282456e-34,1.54400904402644,0.568,0.172,2.71579299093812e-30,"PTK2"
1.42464164393761e-34,1.23310938982208,0.699,0.328,2.94915066711524e-30,"IMP3"
1.43484827920674e-34,1.26156321308515,0.703,0.316,2.97027942278588e-30,"MMAB"
1.49155814051617e-34,2.53995569950684,0.396,0.034,3.08767450668252e-30,"B3GNTL1"
1.53804815525555e-34,0.900861215303888,0.855,0.567,3.18391348619451e-30,"DNAJC19"
1.58529166967891e-34,0.817348237730079,0.884,0.653,3.28171228540231e-30,"EIF3G"
1.61150900088902e-34,2.32509176401692,0.462,0.083,3.33598478274036e-30,"GNPDA1"
1.61544360610518e-34,-1.79431695266242,0.531,0.669,3.34412980899834e-30,"CFL2"
1.65305477918102e-34,1.19011844902935,0.658,0.258,3.42198869838262e-30,"PRMT1"
1.69741371753507e-34,1.34459441465825,0.628,0.227,3.51381613666934e-30,"GRB2"
1.77437516233664e-34,1.20606652519773,0.675,0.294,3.67313402355307e-30,"ERI3"
1.79935298312103e-34,1.05994809320737,0.659,0.267,3.72484061035884e-30,"ETHE1"
1.88471914888861e-34,1.29300160083332,0.707,0.322,3.90155711011431e-30,"CYB5B"
1.89139359832902e-34,-3.10172805602077,0.082,0.288,3.9153738879009e-30,"PALMD"
1.90521857881143e-34,0.460588074382705,0.932,0.782,3.94399297999754e-30,"DDX5"
1.91580023388194e-34,1.45628961547876,0.588,0.187,3.965898064159e-30,"NABP2"
2.05427922198159e-34,1.69655990916569,0.536,0.132,4.25256341742409e-30,"LLNLR-245B6.1"
2.10223681094954e-34,3.28954131506148,0.399,0.04,4.35184042234665e-30,"CTBP1-AS2"
2.19623058840047e-34,1.22575575421594,0.708,0.322,4.54641694104782e-30,"POLD2"
2.24347806303506e-34,1.46907736677578,0.599,0.19,4.64422393828889e-30,"SNRPA"
2.26439426470956e-34,0.780010902822351,0.769,0.442,4.68752256737526e-30,"EIF4A3"
2.47935389355083e-34,1.08382694797556,0.805,0.466,5.13251049503958e-30,"SARS"
2.49178312247011e-34,1.48898675726321,0.675,0.294,5.15824024182537e-30,"TDP2"
2.53317524533622e-34,2.51515528938174,0.438,0.064,5.24392607537051e-30,"NINJ2"
2.58220342241267e-34,2.62007746712161,0.447,0.077,5.34541930473646e-30,"RFC4"
2.67930509258341e-34,1.81545243487712,0.455,0.074,5.54642947215692e-30,"FAM84B"
3.14514886361948e-34,2.50409616609275,0.421,0.052,6.51077266257869e-30,"FDXR"
3.52079471150405e-34,1.85894340016965,0.489,0.113,7.28839713228454e-30,"SLC41A3"
3.96256335350517e-34,2.24316214530487,0.454,0.083,8.20290239809106e-30,"B9D1"
4.03853257807914e-34,3.36793500549591,0.378,0.028,8.36016628988162e-30,"MAD2L1"
4.15258667102598e-34,1.45140446174965,0.555,0.163,8.59626966769088e-30,"EPRS"
4.52474576473436e-34,1.5441508413459,0.555,0.16,9.36667620757659e-30,"ADPRHL2"
4.69000103767296e-34,1.06038029578013,0.705,0.313,9.70877114808679e-30,"C7orf55"
4.81261605589282e-34,1.89680789635424,0.498,0.113,9.96259649730372e-30,"KIAA1429"
4.81335606614196e-34,-0.885065013063327,0.994,0.966,9.96412839252046e-30,"HSP90AA1"
4.94520518458172e-34,0.378921722498336,1,0.963,1.02370692526026e-29,"COX4I1"
5.01216126159289e-34,1.1108516819145,0.694,0.294,1.03756750276234e-29,"LUC7L3"
5.94415112052719e-34,1.06794285888309,0.767,0.433,1.23049872346033e-29,"RBCK1"
6.29200020430975e-34,1.47122358459903,0.52,0.123,1.30250696229416e-29,"DLGAP1-AS1"
6.44991403769103e-34,-0.883602390833521,0.911,0.896,1.33519670494242e-29,"PLG"
6.60996701533295e-34,0.319891291897302,1,1,1.36832927184407e-29,"RPL13A"
6.99899590639636e-34,0.779548424382231,0.887,0.65,1.44886214258311e-29,"NDUFS8"
7.36601169322871e-34,-1.08743928592188,0.838,0.84,1.52483808061527e-29,"F12"
7.67025431859528e-34,-0.740212782174527,0.915,0.896,1.58781934649241e-29,"PSME1"
7.81157060062885e-34,1.166943516861,0.653,0.245,1.61707323003618e-29,"DDA1"
8.93741634006692e-34,1.69777098747052,0.477,0.098,1.85013455655725e-29,"RHOT1"
9.64202313191892e-34,-1.71852268796629,0.632,0.706,1.99599520853854e-29,"SMIM14"
9.7487944951782e-34,-0.714264188064893,0.962,0.951,2.01809794844684e-29,"CALM2"
1.18921387227015e-33,1.82608195781562,0.481,0.095,2.46179163698644e-29,"PPIL1"
1.19705710193813e-33,1.11153400326867,0.707,0.328,2.47802790672213e-29,"CUEDC2"
1.23424254853829e-33,1.57785891851519,0.54,0.147,2.55500549972911e-29,"SLC35B2"
1.27105517708501e-33,1.64156031426527,0.526,0.132,2.63121132208368e-29,"UBE2Z"
1.35787918167588e-33,1.3626369355765,0.642,0.242,2.81094569398724e-29,"ZNF511"
1.46038862015711e-33,0.833479211545044,0.863,0.583,3.02315048258724e-29,"EIF3L"
1.79428661833838e-33,1.1813560534784,0.72,0.337,3.71435272862228e-29,"THUMPD3-AS1"
1.84745561100325e-33,1.67965105576098,0.452,0.074,3.82441786033784e-29,"CANT1"
1.86036144365231e-33,1.7577914652208,0.457,0.08,3.85113422450465e-29,"NUDCD1"
1.87824457580257e-33,1.18364585504187,0.734,0.374,3.88815409636891e-29,"RPF2"
1.893183272516e-33,6.2089892482239,0.329,0,3.91907869243537e-29,"GSTA3"
1.9036070996976e-33,1.61714646914291,0.578,0.184,3.940657057084e-29,"SFXN4"
1.95628471287831e-33,1.4053908968265,0.537,0.144,4.04970498412938e-29,"CDK5RAP2"
2.03052763180532e-33,3.99799176937494,0.353,0.015,4.2033952506002e-29,"HRASLS2"
2.04655422808049e-33,1.07772345623443,0.752,0.405,4.23657190754941e-29,"TOMM40"
2.23693656771516e-33,1.405071671899,0.559,0.163,4.63068238882715e-29,"EXOSC7"
2.2523135810131e-33,0.921909327509355,0.827,0.5,4.66251434405521e-29,"PPP1CC"
2.34047652085002e-33,-1.79716265847674,0.683,0.77,4.84502044581163e-29,"ATP1B1"
2.5205050610456e-33,1.38884470335147,0.702,0.322,5.21769752687049e-29,"TUBA1C"
2.54642973916668e-33,0.849310583517526,0.806,0.485,5.27136420304895e-29,"RNF7"
2.68942053700883e-33,1.23747654113336,0.686,0.331,5.56736945366198e-29,"PDHB"
2.74213438800444e-33,3.42594415186418,0.371,0.028,5.676492396608e-29,"UBE2T"
2.78827217026077e-33,1.15177708214993,0.667,0.276,5.77200221965682e-29,"B3GAT3"
3.02808482812059e-33,2.00736416175167,0.434,0.067,6.26843840269243e-29,"GHDC"
3.29802381410615e-33,3.12105216814872,0.364,0.021,6.82723909758115e-29,"CDHR2"
3.40310334020005e-33,2.65704423451044,0.404,0.046,7.04476422454813e-29,"MESP1"
3.41239031596063e-33,-2.91547217383967,0.243,0.472,7.06398919307009e-29,"MIDN"
3.51208870093036e-33,1.7966310115481,0.498,0.11,7.27037481979593e-29,"ZDHHC4"
3.59258827625722e-33,1.95155062850031,0.516,0.141,7.43701699068007e-29,"AKAP1"
3.6645020236349e-33,1.30122330627148,0.615,0.209,7.58588563912661e-29,"ECHDC1"
3.83493430411095e-33,1.7057614213946,0.522,0.132,7.93869750294008e-29,"REXO4"
4.57561690537311e-33,1.28799717848111,0.678,0.288,9.47198455581288e-29,"PDCD10"
4.71608160446551e-33,2.81466822693567,0.39,0.04,9.76276052940406e-29,"TCEB3-AS1"
4.76097683288913e-33,2.92469464335894,0.377,0.034,9.85569814176378e-29,"CENPH"
5.04266278185288e-33,1.33605677607288,0.648,0.258,1.04388162247136e-28,"RP11-792A8.4"
5.2580261246004e-33,2.27837781453223,0.458,0.089,1.08846398805353e-28,"MVK"
5.36386056451785e-33,-1.58513052961954,0.704,0.776,1.11037277546084e-28,"TYMP"
5.62625634096252e-33,2.0093639567298,0.456,0.086,1.16469132514265e-28,"CCDC43"
6.06682318440187e-33,-3.61529425447954,0.076,0.27,1.25589306740303e-28,"PCOLCE"
6.2509935711127e-33,1.06370063841758,0.732,0.359,1.29401817915604e-28,"OCEL1"
7.34550204702173e-33,1.3786994474639,0.577,0.175,1.52059237875397e-28,"DHX30"
7.76304917126776e-33,-0.911851194040884,0.861,0.844,1.60702880894414e-28,"CTSB"
7.8196882805119e-33,1.52615930991612,0.533,0.141,1.61875367094877e-28,"KNOP1"
8.43769272060691e-33,-1.35990058125889,0.667,0.733,1.74668677009284e-28,"DAZAP2"
8.57511615936919e-33,1.11467716566334,0.774,0.405,1.77513479615102e-28,"RAB8A"
8.60038746712038e-33,1.09237041005648,0.727,0.325,1.78036620956859e-28,"AFMID"
8.70256625334409e-33,2.26848318806722,0.424,0.064,1.80151824010476e-28,"DUSP14"
8.76761762327131e-33,-1.09575663488098,0.796,0.837,1.81498452419339e-28,"CYP3A5"
9.02198870681353e-33,1.57242885904083,0.606,0.221,1.86764188219747e-28,"WDR61"
9.22600311622831e-33,1.40466371506844,0.523,0.132,1.90987490509042e-28,"IMPA1"
9.99428879674817e-33,0.759013086330292,0.902,0.656,2.06891772381484e-28,"HSBP1"
1.06937587408051e-32,2.82890878243613,0.361,0.021,2.21371499693406e-28,"HLA-DOB"
1.11156987673036e-32,1.62800103294999,0.489,0.113,2.30106080181952e-28,"YDJC"
1.34838698028227e-32,1.44672033510692,0.499,0.129,2.79129588788233e-28,"FARSB"
1.48097148618023e-32,1.51744500103095,0.532,0.147,3.06575907354168e-28,"C21orf59"
1.64247950951334e-32,-3.5611335836925,0.066,0.252,3.40009683264357e-28,"PDE4B"
1.66672335149565e-32,2.15031700816286,0.421,0.058,3.45028400993114e-28,"FADS1"
1.6838722294628e-32,1.41917559629707,0.654,0.267,3.48578390221094e-28,"CPSF3L"
1.72005165321425e-32,1.58158649532314,0.515,0.129,3.56067892731882e-28,"SDAD1"
1.72526242717695e-32,-1.18167608495904,0.764,0.804,3.57146575049899e-28,"TFPI"
1.88058456383719e-32,3.29960219739618,0.344,0.012,3.89299810559937e-28,"YTHDF3-AS1"
2.09614103496112e-32,3.7392961353361,0.344,0.012,4.33922155647301e-28,"SLC16A4"
2.11339519075726e-32,1.57247319362537,0.571,0.193,4.3749393843866e-28,"PLA1A"
2.31584038577016e-32,0.635360993163557,0.922,0.721,4.79402118258282e-28,"RHOA"
2.33482521994634e-32,0.887817198055913,0.833,0.558,4.83332168781092e-28,"TOMM22"
2.33516003254655e-32,5.03538875834156,0.33,0.006,4.83401478337462e-28,"TMEM92"
2.64158858686319e-32,2.60924366186258,0.37,0.028,5.46835253366548e-28,"CTC-338M12.5"
2.87783826297009e-32,0.893687367352095,0.818,0.515,5.95741298817439e-28,"RAD23A"
3.17026467087732e-32,-2.65012595976171,0.353,0.552,6.56276489518314e-28,"SPP2"
3.23779691987228e-32,5.00907514252269,0.332,0.009,6.70256340382761e-28,"LINC00176"
3.47482944967612e-32,2.29979107218637,0.421,0.064,7.19324444377453e-28,"TMEM42"
3.56193644888087e-32,3.53722184518063,0.342,0.012,7.37356464282829e-28,"RP11-410L14.2"
3.61099877162396e-32,2.43984887072561,0.413,0.058,7.47512855713876e-28,"PYCRL"
3.61146136176806e-32,0.814131651983235,0.783,0.414,7.47608616499607e-28,"RP11-108M9.4"
3.69739939399558e-32,1.06090523542818,0.684,0.307,7.65398648551024e-28,"NASP"
3.8583601132731e-32,1.44130691119148,0.568,0.187,7.98719127048664e-28,"TMEM64"
4.01488827831137e-32,1.52589701017914,0.548,0.16,8.31122022493237e-28,"PLRG1"
4.20553378479037e-32,1.68865565681137,0.451,0.086,8.70587548789455e-28,"LRRC14"
4.21432451107139e-32,1.20792514439993,0.615,0.224,8.72407317036888e-28,"SF3B4"
4.54408521484918e-32,1.23832843141641,0.672,0.291,9.40671080325929e-28,"CDK4"
5.21378182459582e-32,0.578463909650562,0.993,0.89,1.07930497550958e-27,"NUPR1"
5.69575879474248e-32,1.77659823296497,0.509,0.132,1.17907902809964e-27,"TRIM55"
5.78918171182354e-32,-3.42365537448331,0.132,0.35,1.19841850616459e-27,"RAB11FIP1"
5.80594172558417e-32,2.01789037670298,0.413,0.061,1.20188799661318e-27,"DCAKD"
5.83450248107195e-32,1.04686002615365,0.704,0.322,1.2078003586067e-27,"RUVBL2"
5.89725624245674e-32,0.952295824939585,0.703,0.316,1.22079101475097e-27,"EIF4E"
6.90266689817427e-32,-3.23450584706275,0.096,0.301,1.42892107459106e-27,"SHBG"
7.71239065422669e-32,1.57042746382586,0.577,0.199,1.59654198933147e-27,"RBMX2"
8.01560468472869e-32,2.74671159123003,0.392,0.046,1.65931032578569e-27,"LYNX1"
8.39334758912025e-32,1.14750687648301,0.642,0.267,1.73750688442378e-27,"NDUFAF6"
8.43110012409791e-32,-3.12529791653904,0.129,0.347,1.74532203668951e-27,"CROT"
9.06302237579848e-32,0.739405804488353,0.905,0.687,1.87613626201404e-27,"BCAP31"
9.64230853829867e-32,-3.00441761928546,0.104,0.313,1.99605429051321e-27,"SLC7A2"
9.98401923451078e-32,2.02365572793423,0.438,0.08,2.06679182173608e-27,"ZNF503"
1.03100651638309e-31,1.63002158232123,0.463,0.089,2.13428658956463e-27,"TAOK1"
1.0463083479732e-31,1.18626845398717,0.647,0.248,2.16596291113933e-27,"MRPS17"
1.05394979013512e-31,1.66241834497148,0.474,0.101,2.18178146055872e-27,"C15orf40"
1.06557277810448e-31,-1.86309966613372,0.521,0.66,2.20584220795408e-27,"DNAJB9"
1.08610288177082e-31,-2.00712299459036,0.487,0.647,2.24834157555378e-27,"CTSS"
1.14333406721785e-31,1.18645343973293,0.722,0.359,2.36681585254766e-27,"PDAP1"
1.24735281395604e-31,2.29826153073292,0.407,0.058,2.58214506017041e-27,"WIPI1"
1.47539438663919e-31,1.84509656370872,0.447,0.083,3.05421391978179e-27,"PDRG1"
1.49933459242218e-31,1.34034480475916,0.577,0.193,3.10377253977316e-27,"IMMP1L"
1.54232258303413e-31,2.17057551732705,0.436,0.077,3.19276197913895e-27,"RSAD1"
1.56916197219693e-31,-3.08813425401464,0.225,0.448,3.24832219864486e-27,"TSPAN13"
1.58747249172123e-31,1.5402459310556,0.573,0.19,3.28622680511211e-27,"UBE2E2"
1.66687768134923e-31,1.11549571540636,0.542,0.156,3.45060348816104e-27,"MED19"
1.77374810038899e-31,1.20206405639381,0.674,0.316,3.67183594261525e-27,"DCTN2"
1.83528222898759e-31,2.30987213050224,0.386,0.043,3.79921774222721e-27,"LRRC45"
1.84858467584174e-31,1.4048704659797,0.53,0.15,3.82675513745999e-27,"LIN7A"
1.85612527885952e-31,1.73386484341946,0.46,0.098,3.84236493976708e-27,"C2orf82"
1.87765242678749e-31,1.64966597351744,0.531,0.169,3.88692828869279e-27,"MCM7"
2.03776206240792e-31,2.46308701143887,0.366,0.034,4.21837124539064e-27,"CBX8"
2.0392865681537e-31,2.27271211105457,0.438,0.083,4.22152712473498e-27,"CHCHD6"
2.12897722815698e-31,2.16658531238611,0.445,0.089,4.40719576000777e-27,"SUSD3"
2.19548984456763e-31,1.44372104615161,0.519,0.141,4.54488352723946e-27,"APPL1"
2.31378692225447e-31,1.53981374138778,0.584,0.209,4.78977030775899e-27,"DKC1"
2.38741405963732e-31,1.61179915069372,0.487,0.11,4.94218584485522e-27,"SNAPC5"
2.41186176773842e-31,-2.956052264407,0.093,0.294,4.99279504539531e-27,"VIL1"
2.62772543052317e-31,-1.24399410788342,0.85,0.822,5.43965441372601e-27,"HRSP12"
2.63661277614298e-31,-1.12935876304735,0.708,0.785,5.45805210789358e-27,"APLP2"
2.71713250024166e-31,0.834395341740538,0.842,0.558,5.62473598875026e-27,"MRPL33"
2.82081357605144e-31,1.04479699022122,0.656,0.267,5.83936618378409e-27,"C12orf10"
2.8210148282306e-31,1.12719024747202,0.677,0.304,5.83978279592017e-27,"EBAG9"
2.9007769355313e-31,1.81151383860409,0.467,0.098,6.00489833424334e-27,"SLC39A11"
2.96581578691285e-31,0.919127352772255,0.751,0.408,6.1395352604883e-27,"POLR1D"
3.33097199747256e-31,1.51809938125344,0.506,0.123,6.89544513196794e-27,"DDC"
3.53028941644864e-31,-2.86421967150013,0.208,0.439,7.30805212099032e-27,"FXYD5"
4.03495106200833e-31,0.788960419719874,0.897,0.684,8.35275219346344e-27,"PAH"
4.07736329772091e-31,1.27715974537889,0.595,0.218,8.44054976261205e-27,"NKAP"
4.32128348007839e-31,1.61484352911231,0.499,0.132,8.94548893211029e-27,"THOC3"
4.36221212524159e-31,-1.97358723068847,0.663,0.721,9.03021532046261e-27,"IER2"
5.01127169601125e-31,3.84167328783537,0.332,0.012,1.03738335379129e-26,"CBX2"
5.29485625339608e-31,1.25560152160409,0.482,0.113,1.09608819301552e-26,"OGG1"
5.94080438189703e-31,5.92074323069933,0.309,0,1.2298059150965e-26,"RP11-20G13.3"
6.32736424432624e-31,0.423030206506049,0.991,0.914,1.30982767221798e-26,"HSPD1"
6.49295093272747e-31,2.09350284351903,0.364,0.034,1.34410577258391e-26,"CCDC28B"
6.67652206598997e-31,0.543676053602381,0.896,0.647,1.38210683288058e-26,"MORF4L1"
7.02670076666548e-31,0.768344275670788,0.901,0.638,1.45459732570742e-26,"MINOS1"
7.41938639476953e-31,0.89619003195505,0.881,0.598,1.53588717758124e-26,"LSM3"
7.45736127807903e-31,0.755668704351757,0.89,0.653,1.54374835817514e-26,"MRPL57"
7.48077998226228e-31,3.65852825408489,0.35,0.028,1.54859626412811e-26,"RRM2"
7.65297128691566e-31,1.60279347188526,0.474,0.104,1.58424158610441e-26,"RCC1"
8.20920348944937e-31,0.982258222746923,0.759,0.408,1.69938721435091e-26,"NUDT16"
9.13311082364395e-31,1.32270743866089,0.564,0.19,1.89064527160253e-26,"ZMAT5"
9.35202504738374e-31,-3.04991716933128,0.123,0.337,1.93596270505891e-26,"CPE"
9.4563405954162e-31,1.81850493123999,0.405,0.055,1.95755706665711e-26,"KIAA0196"
9.72550106556687e-31,0.617892390552239,0.976,0.816,2.013275975583e-26,"ATPIF1"
1.00164527353169e-30,0.88210437444119,0.846,0.534,2.07350588073795e-26,"CISD1"
1.01659418919119e-30,0.862854392201265,0.848,0.54,2.10445163104468e-26,"MEA1"
1.05997672332856e-30,1.52161664936004,0.507,0.129,2.19425781496246e-26,"FLYWCH2"
1.11123863805516e-30,1.0173265223869,0.706,0.356,2.30037510463798e-26,"TRAPPC6A"
1.12377125904049e-30,1.65760425559349,0.486,0.12,2.32631888333973e-26,"RP11-119D9.1"
1.17693126522358e-30,1.21290246394399,0.63,0.248,2.43636541213933e-26,"PDK2"
1.19107326132582e-30,0.84763820233816,0.858,0.604,2.46564075827058e-26,"SULT1A1"
1.39391505659788e-30,1.95078180725665,0.387,0.049,2.88554355866327e-26,"AARSD1"
1.47877515942695e-30,2.82546152057178,0.363,0.034,3.06121245752972e-26,"RP11-1094M14.11"
1.49245413856539e-30,-3.6620598653906,0.129,0.344,3.08952931224421e-26,"IL7R"
1.58398999252919e-30,2.12576297504499,0.397,0.052,3.27901768353468e-26,"SLC46A1"
1.59592938223045e-30,1.45772371577332,0.525,0.147,3.30373341415526e-26,"NFKBIL1"
1.66068878637217e-30,1.21643894498073,0.605,0.224,3.43779185666902e-26,"PHF5A"
1.66756017361865e-30,0.744290038902545,0.887,0.663,3.45201631540797e-26,"ATP5A1"
1.69988531217639e-30,0.692409627449071,0.907,0.653,3.51893258473635e-26,"FKBP1A"
1.73793235913605e-30,1.52659872881522,0.57,0.193,3.59769377664754e-26,"DDX54"
1.83589261064406e-30,0.980187813814967,0.731,0.374,3.80048129329427e-26,"PDHA1"
1.91910608037165e-30,2.10535556535197,0.469,0.117,3.97274149697736e-26,"THUMPD3"
1.95432174495544e-30,1.39282012178158,0.505,0.129,4.04564144423225e-26,"WDR77"
2.13632592744612e-30,0.702844668930099,0.86,0.604,4.42240830240621e-26,"PDLIM1"
2.26921407705463e-30,1.54006677195943,0.472,0.113,4.69750006091078e-26,"SNX1"
2.29215880371616e-30,3.35576691813385,0.358,0.034,4.74499793957283e-26,"MPI"
2.40155570755731e-30,1.69057245033316,0.486,0.113,4.97146047021439e-26,"FAM83H"
2.42399367920382e-30,-2.95979950497315,0.197,0.414,5.01790931531983e-26,"CDH1"
2.53907406480613e-30,1.22999798969426,0.486,0.117,5.25613722155518e-26,"AP006621.5"
2.64227182727335e-30,0.41427402221545,0.991,0.929,5.46976690963856e-26,"CFL1"
2.74383091278819e-30,-2.73858361459235,0.117,0.328,5.68000437256284e-26,"C6"
2.7897326990948e-30,1.09306897195369,0.59,0.202,5.77502566039615e-26,"TBRG4"
2.81280514814463e-30,1.13121992912479,0.642,0.264,5.8227879371742e-26,"DAP"
2.86124365735705e-30,1.29769869850088,0.461,0.101,5.92306049509483e-26,"ASAP1"
3.0816369566573e-30,0.567717683306383,0.936,0.779,6.37929666397628e-26,"NDUFB10"
3.29567288070733e-30,1.98837301049775,0.355,0.028,6.82237243035225e-26,"PAGE4"
3.33229975488217e-30,-2.64072972517546,0.22,0.439,6.89819372258157e-26,"PER1"
3.33816733685785e-30,1.18493063371981,0.538,0.16,6.91034020402943e-26,"NBN"
3.36625767180368e-30,0.918870785264774,0.807,0.531,6.96849000640079e-26,"LAMTOR1"
3.49098988996712e-30,1.64679322415013,0.49,0.126,7.22669817122093e-26,"COQ10A"
3.60430493906963e-30,1.07006780494559,0.731,0.399,7.46127165436804e-26,"NUBP2"
3.85840258636883e-30,1.55875435445428,0.506,0.144,7.98727919404211e-26,"PALLD"
3.88796729854474e-30,0.743339220964362,0.877,0.589,8.04848110471746e-26,"HTATIP2"
4.27784095828424e-30,-5.12313650369626,0.099,0.301,8.85555856774421e-26,"CXCL10"
4.29598512487533e-30,1.04772336653611,0.681,0.322,8.89311880700443e-26,"APEH"
4.55457018432775e-30,1.40847403907987,0.622,0.239,9.42841573857688e-26,"BAG2"
4.68853044675371e-30,2.42503860677176,0.363,0.037,9.70572687782486e-26,"G6PC3"
5.09899984347088e-30,-2.83440054609039,0.156,0.374,1.05554395759691e-25,"PBLD"
5.27453386842283e-30,1.07902302190834,0.623,0.239,1.09188125610221e-25,"EPB41L4A-AS1"
5.5648236038445e-30,1.28859345977975,0.555,0.175,1.15197413423185e-25,"LARS"
5.79865182017989e-30,2.69411274427005,0.375,0.046,1.20037891329544e-25,"KIF9"
5.93082648766355e-30,3.96640082451098,0.322,0.012,1.22774039121123e-25,"RP1-27K12.2"
7.22374496777352e-30,2.09234686383759,0.383,0.049,1.4953874457788e-25,"PAAF1"
7.27778239445661e-30,1.27513681506823,0.631,0.255,1.50657373347646e-25,"PAFAH1B3"
7.91844966970189e-30,1.46874883047836,0.519,0.15,1.63919826612499e-25,"MRPL38"
8.70748381875169e-30,1.39841107805909,0.542,0.163,1.80253622531979e-25,"PRPF19"
9.20520604640359e-30,-1.32478362195358,0.67,0.73,1.90556970366601e-25,"CERS2"
1.01177601203795e-29,1.16807752034545,0.65,0.288,2.09447752251976e-25,"XRN2"
1.06746754381897e-29,1.6617847462272,0.43,0.083,2.20976456245964e-25,"CH17-340M24.3"
1.27333156793817e-29,1.08716968800771,0.585,0.212,2.63592367878881e-25,"RRP7A"
1.33983858556257e-29,-1.41529565624487,0.773,0.816,2.77359985597308e-25,"APOA5"
1.41033605163613e-29,2.71558266814114,0.33,0.018,2.91953666049196e-25,"RP11-166P13.3"
1.46202671695966e-29,0.916940857246117,0.73,0.393,3.0265415067782e-25,"APEX1"
1.50657187129086e-29,1.22463229230656,0.655,0.282,3.11875443075922e-25,"RBBP7"
1.58528014314576e-29,1.06390173196003,0.709,0.331,3.28168842432604e-25,"GTF2A2"
1.62706988529763e-29,-1.20465216374713,0.724,0.776,3.36819736955461e-25,"C18orf32"
1.63512815319633e-29,1.2310539452222,0.511,0.144,3.38487878993172e-25,"PDLIM3"
1.64202656297985e-29,0.936612723970208,0.765,0.439,3.3991591880246e-25,"EIF2A"
1.67983801085595e-29,0.725076462497394,0.845,0.574,3.47743266627289e-25,"ATP6V1F"
1.76583204679946e-29,1.92124457620902,0.439,0.089,3.65544892007957e-25,"TMEM52"
1.85454937403575e-29,0.615647361095118,0.876,0.512,3.83910265919141e-25,"TSPAN8"
1.90082232583983e-29,0.911563249672588,0.796,0.451,3.93489229672102e-25,"MRPL47"
2.23391215908836e-29,1.2934046703167,0.593,0.218,4.62442156052882e-25,"MRPL17"
2.24702296895029e-29,1.30397050076705,0.601,0.224,4.65156224802399e-25,"TXNDC9"
2.36795965601652e-29,1.03211258754721,0.587,0.199,4.9019132839198e-25,"SNX10"
2.7872773953356e-29,-2.27434160212902,0.287,0.5,5.76994293608423e-25,"GOLGA7"
2.88551375086358e-29,1.03654947371395,0.725,0.38,5.9733020156627e-25,"ASNA1"
2.96144860684469e-29,-2.16047297606097,0.325,0.546,6.13049476102918e-25,"ID1"
3.0436500350564e-29,1.46160791460703,0.5,0.138,6.30065993757026e-25,"TMEM82"
3.26700034507714e-29,1.82375418586966,0.449,0.104,6.76301741434418e-25,"AKIP1"
3.31292445671628e-29,-1.5217017379416,0.696,0.755,6.85808491784837e-25,"FAM177A1"
3.41140431922503e-29,1.00985088283115,0.751,0.408,7.06194808122773e-25,"SRPRB"
3.42164637027971e-29,0.883127772663098,0.815,0.482,7.08315015111602e-25,"DNAJC8"
3.71455351596075e-29,-2.35693369631644,0.392,0.583,7.68949723339034e-25,"INSR"
3.72627694593516e-29,1.62171143106739,0.533,0.172,7.71376590578037e-25,"CSE1L"
3.99287226947116e-29,-1.95470595727014,0.408,0.58,8.26564488503225e-25,"SLC37A4"
4.23555778536467e-29,0.775354570268419,0.799,0.497,8.7680281714834e-25,"TIMM17A"
4.95413044774177e-29,1.21424256996159,0.616,0.255,1.02555454398702e-24,"GNPAT"
5.38370116477602e-29,-1.20983872216251,0.773,0.776,1.11447997812028e-24,"CMPK1"
5.44033362827728e-29,2.57659132837844,0.346,0.031,1.12620346438968e-24,"RHBG"
5.50663262263099e-29,0.698887601258935,0.93,0.745,1.13992801921084e-24,"SNRPG"
5.72527747248654e-29,1.0980356489449,0.555,0.184,1.18518968957944e-24,"GNL2"
5.82574902251984e-29,2.30072192704738,0.411,0.077,1.20598830515183e-24,"RP11-539L10.3"
5.96027158643357e-29,0.800892896116045,0.804,0.509,1.23383582110761e-24,"HAX1"
6.13983016014619e-29,3.10023496217701,0.348,0.034,1.27100624145186e-24,"RP1-28O10.1"
6.27728498526848e-29,5.55775243512931,0.292,0,1.29946076480043e-24,"EGFR-AS1"
7.48512418881002e-29,0.936763986468714,0.766,0.429,1.54949555832556e-24,"FAM32A"
7.97071073350451e-29,1.67759802039353,0.491,0.132,1.65001682894277e-24,"UBIAD1"
8.43354303205944e-29,1.01267669815292,0.691,0.347,1.74582774306662e-24,"PARP1"
8.61231881416866e-29,2.0015815452995,0.4,0.067,1.78283611772105e-24,"NUSAP1"
8.89569754434904e-29,-1.01941735646939,0.801,0.788,1.8414983486557e-24,"CARHSP1"
8.91345319534441e-29,1.45039530946348,0.488,0.135,1.84517394596825e-24,"NUDT9"
1.03074300283449e-28,2.25478008783958,0.39,0.061,2.13374109016768e-24,"UCK2"
1.05134732817449e-28,1.09755636015618,0.677,0.334,2.17639410405401e-24,"SPNS1"
1.07259606655089e-28,1.7409113977445,0.447,0.107,2.220381117367e-24,"TCOF1"
1.08048082285297e-28,2.19499797910411,0.344,0.031,2.23670335138794e-24,"FAM3B"
1.10164401700779e-28,0.726747019147353,0.892,0.69,2.28051327960782e-24,"NCL"
1.15420140720642e-28,-2.13374635352638,0.466,0.626,2.38931233305802e-24,"VIM"
1.15738621021388e-28,1.56281012837362,0.455,0.11,2.39590519376375e-24,"HLTF"
1.21423479069748e-28,2.09773714519661,0.368,0.043,2.51358744022285e-24,"RCCD1"
1.22001067872814e-28,0.826262958008734,0.788,0.466,2.52554410603512e-24,"ELOVL5"
1.46544461576725e-28,1.5288240405202,0.468,0.113,3.03361689909979e-24,"PET117"
1.49422372940803e-28,1.61488651992961,0.544,0.184,3.09319254224757e-24,"DHFR"
1.58982210583525e-28,1.71419247623783,0.481,0.129,3.29109074128955e-24,"EXOSC3"
1.60424720908095e-28,1.06939505206801,0.661,0.304,3.32095214751847e-24,"TIMM50"
1.67756029042777e-28,1.24322748935991,0.574,0.209,3.47271755721454e-24,"DDX56"
1.68537556792506e-28,2.66877151862272,0.325,0.025,3.48889596316167e-24,"TCTEX1D2"
1.84972468559635e-28,2.79754632608513,0.374,0.055,3.82911507165299e-24,"EEF2KMT"
1.93224071163085e-28,1.1824054468038,0.694,0.328,3.99993149714702e-24,"MED8"
1.93849567687609e-28,1.99132739600072,0.35,0.034,4.01287990070119e-24,"GSDMB"
2.01879112858495e-28,1.11936382708172,0.681,0.316,4.17909951528371e-24,"DCPS"
2.22575038698899e-28,1.13721960344432,0.537,0.169,4.6075258761059e-24,"TFDP2"
2.34578899762157e-28,1.4768937287004,0.564,0.206,4.85601780397642e-24,"CYP4F12"
2.56791396927757e-28,1.38625046381609,0.549,0.187,5.3158387078015e-24,"SMARCC1"
2.60735317983786e-28,1.74269274783855,0.358,0.043,5.39748181758236e-24,"SLC25A19"
2.61468603305381e-28,1.45908260682907,0.5,0.144,5.41266155702468e-24,"CDC42EP4"
2.66056230291253e-28,0.660546367434526,0.88,0.577,5.50763002325923e-24,"UGDH"
2.75377360083269e-28,-0.885624341824911,0.839,0.825,5.70058673108375e-24,"TMEM205"
3.0004761264367e-28,1.54614826514022,0.529,0.169,6.21128562933661e-24,"ACOT7"
3.39901644718355e-28,1.50498535396619,0.47,0.117,7.03630394731466e-24,"AGTRAP"
3.42034356072637e-28,0.799207671511924,0.812,0.531,7.08045320505966e-24,"HNRNPM"
3.46662248394616e-28,0.789486768076308,0.967,0.791,7.17625520401694e-24,"UGT2B4"
3.54598462527814e-28,0.279549617376358,1,0.997,7.34054277278827e-24,"RPS9"
3.82762120128462e-28,1.30670082484718,0.482,0.129,7.92355864877928e-24,"MIIP"
4.02901601463147e-28,1.23215923248556,0.577,0.206,8.3404660518886e-24,"C17orf62"
4.10814294531127e-28,1.27753895949829,0.551,0.19,8.50426671108885e-24,"SURF2"
4.16879977515093e-28,5.34542872650935,0.285,0,8.62983241453993e-24,"SPESP1"
4.35574686527077e-28,1.29146467339476,0.602,0.242,9.01683158579703e-24,"LZIC"
4.47096274437535e-28,0.850165738598624,0.779,0.469,9.25533997713141e-24,"SF3B2"
4.66475696752958e-28,1.04244946387372,0.652,0.285,9.65651339848298e-24,"PEX2"
4.76268424612785e-28,0.398617761457804,0.995,0.951,9.85923265790926e-24,"ATP5L"
4.92953184658607e-28,0.84575326903606,0.783,0.479,1.02046238756178e-23,"TXN2"
5.02145822043907e-28,1.86850292869503,0.443,0.104,1.03949206621309e-23,"GTPBP3"
5.14544006992272e-28,2.30484064186857,0.359,0.046,1.0651575488747e-23,"MCM3"
5.21890283546919e-28,1.36784642324964,0.545,0.187,1.08036507597048e-23,"PGP"
5.25937302455302e-28,1.03592134535434,0.668,0.319,1.08874280981272e-23,"CRTAP"
5.27785268740409e-28,0.892811638329743,0.624,0.242,1.09256828481952e-23,"SLC39A5"
5.53563330650613e-28,2.42858923762549,0.357,0.043,1.14593145077983e-23,"SYNE4"
5.59846939645028e-28,0.663509906447461,0.921,0.745,1.15893914975917e-23,"TMEM230"
5.78946230992358e-28,2.207251435279,0.377,0.055,1.19847659277728e-23,"ENPP7"
5.84485582266369e-28,1.13252857528814,0.659,0.313,1.20994360384961e-23,"FUNDC2"
5.85836252123931e-28,1.39394834672018,0.572,0.218,1.21273962552175e-23,"HCCS"
6.28768637535887e-28,1.48756722026334,0.51,0.156,1.30161395656304e-23,"DPH5"
6.32264206491061e-28,1.171854685253,0.604,0.239,1.30885013385715e-23,"GLRX2"
6.33593537163357e-28,-1.94904698327188,0.498,0.62,1.31160198128187e-23,"DHRS1"
6.59037697145857e-28,2.04040762143731,0.404,0.074,1.36427393686164e-23,"RAE1"
6.93719735140114e-28,-2.58557327593392,0.139,0.347,1.43606922371355e-23,"SLC6A1"
6.97463186528978e-28,0.918298193709747,0.782,0.482,1.44381854243364e-23,"UBE2I"
6.98518301616756e-28,3.99380248494313,0.304,0.012,1.44600273617685e-23,"HSPB9"
7.01996704180929e-28,-2.51011628134508,0.221,0.439,1.45320337732494e-23,"MS4A6A"
7.10247599818588e-28,0.852607053933335,0.686,0.313,1.47028355638446e-23,"TRIAP1"
7.1842405342886e-28,0.97495539253542,0.698,0.337,1.48720963300308e-23,"OSER1"
8.08868500135399e-28,5.3922551196054,0.283,0,1.67443868213029e-23,"SLC22A11"
8.79123315819174e-28,1.61012693015312,0.476,0.126,1.81987317607727e-23,"STK3"
8.99869336375141e-28,0.671987544190625,0.899,0.626,1.86281951323018e-23,"HGD"
9.05442402033273e-28,-2.26980068719558,0.357,0.555,1.87435631644908e-23,"ISG20"
9.16722908924686e-28,-2.58570688365173,0.298,0.494,1.89770809376499e-23,"NFKBIZ"
1.02654424209923e-27,1.20959626348279,0.53,0.166,2.12504923556961e-23,"RNASEH1"
1.0442607269601e-27,2.52955861430443,0.368,0.052,2.16172413088009e-23,"GATB"
1.11513588176189e-27,0.92523358905385,0.7,0.362,2.30844278883528e-23,"LAP3"
1.17402029418366e-27,1.61508249832944,0.496,0.153,2.43033941098959e-23,"GYG1"
1.18820800749581e-27,0.764909375006579,0.768,0.396,2.45970939631708e-23,"MSMO1"
1.19481954814801e-27,0.825793374169871,0.585,0.212,2.4733959466212e-23,"SEPT9"
1.19919335203886e-27,1.36152534323268,0.556,0.199,2.48245015805564e-23,"TMEM11"
1.25430034596037e-27,2.81335901485602,0.339,0.034,2.59652714617256e-23,"TEFM"
1.31135282898218e-27,1.07161446713112,0.478,0.126,2.71463149127601e-23,"CASC3"
1.44187064624609e-27,0.542972684600525,0.974,0.844,2.98481642479402e-23,"BLVRB"
1.50292418445792e-27,1.02925858953866,0.641,0.282,3.11120335424635e-23,"RPP25L"
1.62839247017892e-27,0.997923380176006,0.687,0.325,3.37093525251738e-23,"DDX1"
1.63795216494612e-27,1.57779817521471,0.458,0.117,3.39072477665496e-23,"CENPW"
1.64368382240054e-27,-2.83082777660024,0.15,0.356,3.40258988075136e-23,"N4BP2L1"
1.66648390574035e-27,1.44962723548304,0.492,0.141,3.4497883332731e-23,"POLR3K"
1.67336657208679e-27,1.08889327121564,0.709,0.38,3.46403614087686e-23,"MTX1"
1.81576137224889e-27,1.18395893047791,0.577,0.212,3.75880761669242e-23,"PDXK"
1.86550570328674e-27,2.06149330368392,0.369,0.055,3.86178335637387e-23,"PPARG"
2.02198469934631e-27,1.12823474152615,0.673,0.307,4.18571052611679e-23,"SCOC"
2.02583510405953e-27,1.2348880957067,0.512,0.15,4.19368124891362e-23,"CCDC174"
2.14959347629325e-27,1.23375050356907,0.585,0.23,4.44987345527465e-23,"HSPBP1"
2.17476204788075e-27,5.40025407501202,0.279,0,4.50197491531795e-23,"UGT3A2"
2.19122517875452e-27,0.488725243858916,0.985,0.88,4.53605524253972e-23,"MPC2"
2.23832971354594e-27,1.07674137444938,0.591,0.218,4.63356634001146e-23,"REPIN1"
2.43201935918716e-27,0.946932708207034,0.546,0.181,5.03452327545335e-23,"NPEPPS"
2.44602278210101e-27,-3.02102257553205,0.082,0.261,5.06351176122729e-23,"LINC01116"
2.65418413470818e-27,1.53285768762549,0.402,0.074,5.49442657725939e-23,"RHBDF2"
2.89388280790832e-27,0.841960895532853,0.811,0.531,5.99062680065102e-23,"AK2"
3.06396682540292e-27,1.28609882495831,0.602,0.242,6.34271772526659e-23,"UTP11L"
3.4126917813816e-27,0.860185821070703,0.722,0.371,7.06461325663805e-23,"HSPA4"
3.52551331644768e-27,0.774676813895034,0.804,0.454,7.29816511637835e-23,"GCHFR"
3.59795070602659e-27,2.04062922223272,0.414,0.086,7.44811775654565e-23,"COG4"
3.73996539489804e-27,1.47304855280701,0.511,0.163,7.74210236397843e-23,"UGT1A1"
3.79797683166152e-27,-2.63454773883582,0.22,0.423,7.8621918392225e-23,"RDH10"
3.94925931671309e-27,2.72139165618741,0.336,0.034,8.17536171152777e-23,"MYO19"
4.05660370367204e-27,1.61814484185478,0.413,0.083,8.39757532697148e-23,"MFAP1"
4.22250424495071e-27,0.920916246330552,0.604,0.248,8.74100603747247e-23,"SLTM"
4.35807001843514e-27,0.88562056331454,0.628,0.261,9.02164074516259e-23,"CTNNBL1"
4.35954562567505e-27,1.18336060448622,0.557,0.196,9.02469539970993e-23,"WDR46"
4.56163955076256e-27,0.645103281834384,0.914,0.739,9.44305003403358e-23,"FKBP8"
4.61358337964297e-27,0.517038325599793,0.519,0.15,9.5505789541989e-23,"EXOC7"
4.70955334497783e-27,1.83878706582866,0.308,0.015,9.74924637943862e-23,"PCSK1N"
5.03673740572273e-27,3.45039093681723,0.313,0.021,1.04265501035866e-22,"KRT222"
5.08604672814391e-27,1.5900064144836,0.465,0.123,1.05286253319307e-22,"TRMT6"
5.19889270929884e-27,3.37469640315064,0.303,0.015,1.07622277975195e-22,"TSACC"
5.56691736980334e-27,1.29346324441502,0.539,0.181,1.15240756472299e-22,"GMPS"
6.27739586898825e-27,-1.52447023902292,0.645,0.687,1.29948371883926e-22,"KHK"
6.81989076138267e-27,-3.27726522734015,0.141,0.34,1.41178558651383e-22,"NFKB1"
7.28837029640354e-27,0.633873962280501,0.92,0.752,1.5087655350585e-22,"TMED9"
7.35228927095949e-27,1.3610346603212,0.458,0.12,1.52199740198132e-22,"DIMT1"
7.52167939894376e-27,1.55550231181892,0.43,0.095,1.55706285237535e-22,"ING4"
7.68702827981969e-27,1.05151613573525,0.682,0.362,1.59129172420547e-22,"RALBP1"
7.99861419728371e-27,3.95225249302541,0.291,0.009,1.6557931249797e-22,"HHIPL2"
8.007162214204e-27,1.92733197525745,0.361,0.049,1.65756264996237e-22,"HEXDC"
8.21920505540149e-27,1.06355143180133,0.681,0.328,1.70145763851866e-22,"CPQ"
8.68935792878865e-27,1.01026804917981,0.72,0.377,1.79878398483854e-22,"RBBP4"
8.83266457177016e-27,0.986452319547897,0.445,0.104,1.82844989300214e-22,"UTP23"
9.19841071446096e-27,-2.03669855158764,0.624,0.684,1.90416300200056e-22,"ZFAND2A"
9.35097989619324e-27,1.77166653332193,0.394,0.071,1.93574634831096e-22,"ARSB"
9.51694110264605e-27,-2.92995780196229,0.114,0.307,1.97010197765876e-22,"DUSP6"
9.72791154575073e-27,1.31371597798297,0.515,0.16,2.01377496908586e-22,"TMED1"
9.83596655326969e-27,0.729018948659406,0.781,0.439,2.03614343619236e-22,"FMO3"
9.86663609022217e-27,-1.42425960886797,0.681,0.733,2.04249233703689e-22,"UGT2B7"
1.10058748087537e-26,1.28502013251118,0.402,0.077,2.27832614416011e-22,"CCDC88B"
1.1067112052408e-26,0.815316272891708,0.816,0.497,2.29100286596898e-22,"YWHAQ"
1.12140235795767e-26,0.579448404177273,0.921,0.752,2.32141502120818e-22,"CSNK2B"
1.1273519283535e-26,1.493349051908,0.485,0.144,2.33373122688458e-22,"FAM21A"
1.12890187972033e-26,1.17635846733534,0.606,0.245,2.33693978120906e-22,"SLU7"
1.15708237479776e-26,0.806144769289141,0.684,0.328,2.39527622406884e-22,"NCBP2"
1.18522956935287e-26,2.39119789658097,0.344,0.04,2.45354373151738e-22,"CCDC86"
1.21626478599951e-26,1.14182706472403,0.505,0.156,2.51778973349758e-22,"GTPBP4"
1.30019220614481e-26,-2.20247310959152,0.837,0.828,2.69152788594036e-22,"MT1E"
1.36065088753645e-26,0.586996557747423,0.922,0.755,2.81668340228921e-22,"MRPL55"
1.37814920787742e-26,1.39005158197906,0.411,0.083,2.85290667522705e-22,"UBLCP1"
1.4493665501741e-26,2.08053401672103,0.368,0.058,3.00033369551541e-22,"SNUPN"
1.4513829731441e-26,0.538679908445218,0.955,0.816,3.00450789270559e-22,"SLC25A3"
1.50759774250016e-26,1.04987895538092,0.566,0.215,3.12087808674958e-22,"CCDC34"
1.56560489827548e-26,0.339516694524851,1,0.991,3.24095869992007e-22,"RPS24"
1.60378947633869e-26,0.933273524841562,0.729,0.399,3.32000459496872e-22,"DAP3"
1.66428210603435e-26,1.49962208081391,0.47,0.126,3.44523038770172e-22,"CSTF3"
1.67091862236673e-26,0.66759772422662,0.846,0.604,3.45896864016138e-22,"NDUFS2"
1.70672855960781e-26,1.69554947325443,0.414,0.092,3.53309879124412e-22,"LCMT1"
1.71056449756576e-26,1.23618299565423,0.568,0.221,3.54103956641088e-22,"DUS1L"
1.72911392809026e-26,0.643707207013615,0.839,0.567,3.57943874253964e-22,"C19orf70"
1.84273964574696e-26,1.04709542397402,0.541,0.196,3.81465534066079e-22,"DNAJC2"
1.88955995831659e-26,0.962405467853648,0.612,0.248,3.91157806971117e-22,"LY96"
2.12783429941217e-26,1.19438558214218,0.462,0.117,4.40482978321313e-22,"BORCS8"
2.41630535334398e-26,1.6822956915063,0.463,0.129,5.00199371195737e-22,"CUTC"
2.4412490431659e-26,2.05556549893789,0.364,0.058,5.05362964425773e-22,"KANSL1-AS1"
2.44767822609164e-26,-1.82386826015802,0.48,0.613,5.0669386958323e-22,"LONP2"
2.55355834908836e-26,1.0293473497948,0.621,0.264,5.28612113844782e-22,"CALCOCO2"
2.60456023536985e-26,1.36254691703275,0.48,0.132,5.39170014323912e-22,"KDELR3"
2.64066964748957e-26,1.74884105009766,0.374,0.064,5.46645023726817e-22,"RFT1"
2.77331262948138e-26,0.877145264133635,0.476,0.129,5.7410344742894e-22,"TNFAIP1"
2.7773113928813e-26,1.08581844248539,0.532,0.193,5.74931231440358e-22,"OTULIN"
2.94935395209366e-26,1.78245964915579,0.35,0.046,6.10545761622908e-22,"MAPKAPK3"
3.03420150967839e-26,1.86249772404749,0.419,0.101,6.28110054518523e-22,"CENPN"
3.32389043925118e-26,1.16713434672943,0.625,0.276,6.88078559829386e-22,"MRPS22"
3.53430482765572e-26,0.785229548543879,0.637,0.258,7.3163644237301e-22,"FAM200B"
3.76555690430607e-26,1.52855432361179,0.482,0.144,7.795079347604e-22,"EIF2B3"
3.90491503499481e-26,1.11877735924674,0.6,0.252,8.08356461394276e-22,"MAGED1"
4.12075337046855e-26,-3.06118028654532,0.24,0.445,8.53037155220694e-22,"CCL5"
4.38306336986476e-26,0.72412715840697,0.565,0.202,9.07337948195704e-22,"HPRT1"
4.42641999522842e-26,-1.30532578082078,0.902,0.883,9.16313203212234e-22,"HSPA5"
4.43744186774533e-26,1.70651819604634,0.368,0.058,9.18594841041961e-22,"MAP7D3"
4.4995467636995e-26,1.07847755918777,0.559,0.199,9.31451175553433e-22,"RIPK2"
4.54410620010875e-26,1.13995948284234,0.475,0.132,9.40675424484512e-22,"CCDC57"
4.60873340544126e-26,0.871535924526083,0.531,0.178,9.54053902260394e-22,"DCAF7"
4.85115184634676e-26,1.04767366896215,0.432,0.104,1.00423694371224e-21,"NAA15"
5.03501084099433e-26,1.34800123126566,0.471,0.129,1.04229759419424e-21,"ARIH2"
5.2468678516688e-26,0.905448265753255,0.597,0.236,1.08615411397396e-21,"SAMM50"
5.26559414492809e-26,0.844189165088019,0.717,0.383,1.09003064394156e-21,"IMP4"
5.29347552180421e-26,0.917759589543687,0.46,0.123,1.09580236776869e-21,"CA2"
5.30100182792485e-26,0.963121890498195,0.667,0.319,1.09736038839872e-21,"SNX5"
5.60097406383135e-26,0.912288615968354,0.687,0.331,1.15945764095373e-21,"ATP6V1E1"
5.69952231976182e-26,1.97662237792608,0.367,0.061,1.17985811541389e-21,"RP11-545E17.3"
6.18571784070609e-26,1.51884001557175,0.459,0.129,1.28050545020457e-21,"PEX10"
6.18985425867587e-26,-2.81505826559387,0.146,0.34,1.28136173008849e-21,"PRRG4"
6.21204975818584e-26,-2.97688325317077,0.203,0.405,1.28595642044205e-21,"BTG2"
6.30984740271652e-26,0.810033978200642,0.69,0.331,1.30620151083635e-21,"RAB32"
6.37350060088583e-26,-1.16634202335371,0.732,0.752,1.31937835938938e-21,"POLD4"
6.39387232635898e-26,1.34456726295373,0.509,0.172,1.32359551027957e-21,"DFFA"
6.40380668990945e-26,0.907120133458798,0.807,0.503,1.32565202287816e-21,"SSB"
6.54466457903038e-26,1.07674701304761,0.639,0.273,1.35481101450508e-21,"PRELID3B"
6.60996634730822e-26,2.91211816706677,0.319,0.031,1.36832913355627e-21,"TGM3"
6.82342022481673e-26,1.91764301611583,0.404,0.086,1.41251622073931e-21,"APEX2"
6.98018601434647e-26,1.4785202799191,0.458,0.126,1.44496830682986e-21,"ANKRD40"
7.3579215694199e-26,3.48890844083583,0.284,0.009,1.52316334408561e-21,"FADS6"
7.54083621667547e-26,2.83919786007492,0.315,0.028,1.56102850521399e-21,"HIST1H2AE"
7.60487297659635e-26,1.06093742954664,0.648,0.322,1.57428475488521e-21,"RNF213"
7.83655546291981e-26,1.80080707834141,0.391,0.074,1.62224534637903e-21,"NEU4"
8.02895273970867e-26,1.08032546107139,0.651,0.307,1.66207350664709e-21,"SLC39A3"
8.04705330723171e-26,0.724541994681043,0.826,0.555,1.66582050513004e-21,"PGAM1"
8.08334675703731e-26,1.04428303236174,0.624,0.282,1.67333361217429e-21,"DUSP3"
8.20288770316275e-26,-2.95033910566213,0.095,0.276,1.69807978343172e-21,"NHSL1"
8.25603670188382e-26,0.791508733442757,0.782,0.494,1.70908215765697e-21,"CAP1"
8.61951187783108e-26,1.83618135519516,0.4,0.083,1.78432515382981e-21,"THG1L"
8.74630679886588e-26,-2.11279138726454,0.367,0.546,1.81057297043323e-21,"IGFBP7"
8.96843979889891e-26,1.33746100754218,0.551,0.202,1.85655672277006e-21,"VPS72"
9.01314923471626e-26,-1.54798727497379,0.54,0.647,1.86581202307861e-21,"EIF4EBP2"
9.15258984046829e-26,0.997110946299881,0.573,0.224,1.89467762287534e-21,"NBR1"
9.17938637908087e-26,1.04728939553633,0.699,0.356,1.90022477433353e-21,"JAGN1"
1.01206640889055e-25,-1.81712789747389,0.448,0.601,2.09507867304432e-21,"ASAH1"
1.11420246987534e-25,0.964782090773891,0.765,0.433,2.30651053288895e-21,"PFDN4"
1.12545771552136e-25,0.832671270780525,0.762,0.454,2.32981001690077e-21,"MALSU1"
1.27929965894495e-25,1.13063348276508,0.562,0.206,2.64827822398195e-21,"ARFIP2"
1.28865647460533e-25,-2.34702314071838,0.253,0.451,2.66764776808048e-21,"MAP1LC3A"
1.29664576063124e-25,2.09198667209151,0.374,0.067,2.68418638908273e-21,"CKMT2-AS1"
1.31748863191141e-25,0.861537254252811,0.596,0.233,2.72733321691981e-21,"PTPMT1"
1.32253583850546e-25,5.00701572398299,0.264,0,2.73778143929016e-21,"FERMT1"
1.33265112334343e-25,0.89160639648837,0.513,0.169,2.75872109043323e-21,"C8orf76"
1.36375424523689e-25,0.623398082701037,0.877,0.647,2.8231076630649e-21,"RER1"
1.41282632585496e-25,-2.90652336313666,0.085,0.261,2.92469177715234e-21,"RASSF3"
1.43067402844248e-25,-0.968640635252853,0.789,0.791,2.96163830627878e-21,"APOC4-APOC2"
1.4319306728682e-25,1.27190888242412,0.472,0.138,2.96423968590446e-21,"COMMD8"
1.47085059714377e-25,1.9139076661437,0.386,0.077,3.04480782114732e-21,"C7orf49"
1.54482073590677e-25,1.21522625097782,0.588,0.236,3.19793340540061e-21,"UBE2W"
1.55169712793911e-25,-2.93575869407019,0.118,0.307,3.21216822454675e-21,"GCH1"
1.5544018485969e-25,1.33485140632827,0.469,0.135,3.21776726678044e-21,"RP4-710M16.2"
1.62607459172198e-25,-2.7770855520554,0.126,0.319,3.36613701232367e-21,"IL1RN"
1.63678875881128e-25,5.1926977711211,0.263,0,3.38831640961523e-21,"CPLX2"
1.68108344475052e-25,0.543374622304513,0.707,0.368,3.48001083897805e-21,"SMS"
1.82317042400603e-25,1.78058453494516,0.447,0.123,3.77414509473488e-21,"PNPLA4"
1.85543982537975e-25,1.58100254912688,0.476,0.141,3.84094598251861e-21,"FBXO31"
1.88175409828932e-25,0.994484459795031,0.679,0.344,3.89541915886872e-21,"MRPL4"
1.89912411322411e-25,0.902839312274862,0.669,0.322,3.93137682678524e-21,"ADCK3"
1.90941065106131e-25,0.905577664206595,0.525,0.178,3.95267098876201e-21,"FAM104B"
1.91207317073833e-25,-3.11648548429601,0.1,0.279,3.95818267074542e-21,"ARHGEF26"
2.01284658605925e-25,-1.56430299474215,0.641,0.696,4.16679371780124e-21,"ASL"
2.02432753082757e-25,1.24571116702656,0.421,0.095,4.19056042156615e-21,"ZFYVE19"
2.06954115081848e-25,1.3156345478558,0.486,0.144,4.28415713630934e-21,"B4GALT3"
2.15961585852057e-25,1.19855164954889,0.542,0.19,4.47062078872343e-21,"GARS"
2.20434885032544e-25,1.89448287433401,0.367,0.061,4.5632225550587e-21,"TTLL12"
2.20849098059081e-25,-0.54897894275684,0.998,0.991,4.57179717892104e-21,"MT-ND2"
2.26919640614807e-25,0.961500124673997,0.753,0.42,4.69746348036712e-21,"NARS"
2.38266680116668e-25,0.798225302999635,0.737,0.405,4.93235854509515e-21,"GRPEL1"
2.44615802026102e-25,0.765124694599268,0.524,0.178,5.06379171774235e-21,"SPAG9"
2.47523693923747e-25,2.75800610053009,0.31,0.028,5.12398798791548e-21,"ZNRF3"
2.63114248962355e-25,0.80313072202705,0.731,0.402,5.4467280677697e-21,"ANXA6"
2.8322837734103e-25,1.37803111188474,0.516,0.184,5.86311063933667e-21,"PPIH"
2.92723365522586e-25,1.52260352713214,0.469,0.141,6.05966638968305e-21,"WDR55"
2.92959611668547e-25,1.39136311439826,0.431,0.11,6.0645569211506e-21,"NOC4L"
3.163370623534e-25,0.860693678411246,0.797,0.5,6.54849352777774e-21,"HSPB11"
3.18767625647791e-25,1.11216700351151,0.464,0.123,6.59880861853493e-21,"AAED1"
3.39185441456252e-25,0.770947960437069,0.838,0.61,7.02147782358587e-21,"POLR2E"
3.44020453248127e-25,0.650203872584853,0.823,0.561,7.12156740268948e-21,"AUP1"
3.45454121177802e-25,1.71886115569309,0.388,0.077,7.15124576250168e-21,"THAP3"
4.13889502460691e-25,0.627560649228871,0.889,0.684,8.56792659043876e-21,"DRAP1"
4.14485888499922e-25,1.74813393209589,0.401,0.086,8.58027237783688e-21,"ALG12"
4.15068353279416e-25,0.875054576084732,0.68,0.356,8.59232998123719e-21,"RTF1"
4.32069003908743e-25,1.07504567741555,0.613,0.258,8.94426044991489e-21,"PTGES2"
4.38339581704398e-25,0.608027124195329,0.898,0.678,9.07406768086274e-21,"ERGIC3"
4.45420618052991e-25,-3.28506582201766,0.11,0.294,9.22065221431497e-21,"LINC00844"
4.46528672606441e-25,0.975227364141825,0.579,0.227,9.24359005162595e-21,"MLST8"
4.49931533010283e-25,0.869442695744752,0.736,0.429,9.31403266484586e-21,"CTNNA1"
4.51566621991765e-25,0.836246524359849,0.752,0.442,9.34788064185153e-21,"TGFBI"
4.56291444260766e-25,-2.03818391621344,0.344,0.515,9.44568918764212e-21,"SMIM19"
4.64996431196872e-25,0.705237346271992,0.905,0.604,9.62589112220645e-21,"AKR1B10"
5.00838067589207e-25,-0.638122159472107,0.947,0.88,1.03678488371642e-20,"DYNLL1"
5.04432422657601e-25,1.36642567368654,0.42,0.101,1.0442255581435e-20,"SUGP2"
5.12081130209971e-25,1.00930513287562,0.617,0.258,1.06005914764766e-20,"SRSF1"
5.18658758696371e-25,1.73884915110193,0.354,0.055,1.07367549637736e-20,"AC091729.9"
5.19307814498976e-25,4.64479016750326,0.269,0.006,1.07501910679433e-20,"CDT1"
5.41058758908783e-25,1.46783861295939,0.495,0.166,1.12004573681707e-20,"HDDC3"
5.41357071836376e-25,1.67588724229192,0.399,0.086,1.12066327440848e-20,"WDR12"
5.48689167027699e-25,-2.46512717220993,0.167,0.368,1.13584144466404e-20,"GPLD1"
6.1732382306091e-25,1.46968264109411,0.432,0.11,1.27792204611839e-20,"MFSD11"
6.35238826282624e-25,0.985824478861479,0.508,0.163,1.31500789428766e-20,"BPTF"
6.38728419166197e-25,-1.89445216332301,0.493,0.61,1.32223170051595e-20,"APP"
6.59786527499673e-25,1.80054147562106,0.405,0.098,1.36582409057707e-20,"TRMT2A"
6.6705716911473e-25,0.655789983267186,0.863,0.607,1.3808750457844e-20,"PRDX4"
6.72999044282875e-25,1.11183656008627,0.576,0.218,1.39317532156998e-20,"SLC38A10"
6.84468379593409e-25,2.67971565768199,0.315,0.034,1.41691799259632e-20,"RP11-128M1.1"
6.95643908644066e-25,-2.29453640682288,0.394,0.537,1.44005245528408e-20,"RHOU"
7.01902865196282e-25,0.899448699344435,0.556,0.218,1.45300912124282e-20,"TADA3"
7.03769209123877e-25,0.691964853311334,0.801,0.488,1.45687263980734e-20,"NDUFV3"
7.33331376383591e-25,0.88309954996003,0.75,0.442,1.51806928225167e-20,"PSMC2"
7.44540871671016e-25,1.19515763729782,0.579,0.227,1.54127405844617e-20,"TIMM9"
7.53046378720928e-25,1.67449400995643,0.376,0.071,1.55888130859019e-20,"RPS6KB1"
7.55935163290922e-25,1.9531195852579,0.344,0.049,1.56486138152854e-20,"CCBL1"
8.39980650973078e-25,1.16976750754443,0.507,0.172,1.73884394557937e-20,"DNAJA3"
8.92457215185732e-25,1.42013569584936,0.383,0.074,1.84747568115598e-20,"ASUN"
9.18117587570828e-25,-0.716137074040678,0.866,0.844,1.90059521803037e-20,"SRP9"
9.26835957934354e-25,-3.1316086074831,0.114,0.301,1.91864311651991e-20,"SAMSN1"
9.29825782058902e-25,0.937437886860978,0.556,0.206,1.92483235144013e-20,"EXOSC1"
9.71407733311291e-25,-1.1632044890089,0.686,0.712,2.0109111487277e-20,"MRPL23"
1.01484600001589e-24,-2.04849566966743,0.402,0.552,2.1008327046329e-20,"GPT2"
1.0401444863917e-24,1.80085329937981,0.358,0.061,2.15320310127946e-20,"IL1R2"
1.11860187029815e-24,0.729509401590265,0.81,0.488,2.3156177317042e-20,"LINC00152"
1.14569645107765e-24,1.90429968190557,0.367,0.071,2.37170622337585e-20,"MAPKAPK5-AS1"
1.18716417851706e-24,0.76564531536397,0.778,0.469,2.45754856594816e-20,"LYPLA1"
1.19481676930174e-24,1.51551788995336,0.313,0.031,2.47339019413153e-20,"SPATA20"
1.23845976079785e-24,0.702002980158767,0.801,0.546,2.56373555082764e-20,"PHB2"
1.24939404874863e-24,0.887332764927946,0.701,0.371,2.58637062031454e-20,"MRPS28"
1.29621965924701e-24,-0.955805265430504,0.86,0.837,2.68330431660724e-20,"CD59"
1.3094014789259e-24,0.975703036219752,0.607,0.261,2.71059200152451e-20,"POP4"
1.49920991685965e-24,1.33050026990475,0.414,0.095,3.10351444889115e-20,"CEP63"
1.51443610821973e-24,0.592001825527761,0.965,0.791,3.13503418762566e-20,"BAAT"
1.55379977226168e-24,3.35954131605789,0.284,0.018,3.2165209085589e-20,"CDK1"
1.55602795626321e-24,0.597463534671132,0.656,0.307,3.22113347226047e-20,"SLC3A2"
1.55732086723556e-24,1.09247553106958,0.612,0.276,3.22380992726432e-20,"HACL1"
1.61548840970368e-24,0.815220305018688,0.714,0.38,3.3442225569276e-20,"DPM1"
1.67408575180686e-24,0.833632405916754,0.377,0.071,3.46552491481538e-20,"CHD7"
1.68844428789729e-24,-0.794704723470342,0.864,0.865,3.49524852037619e-20,"NUCKS1"
1.70286926266442e-24,0.917375631395921,0.733,0.423,3.52510966064162e-20,"GLRX3"
1.96096907971064e-24,1.33885625272399,0.466,0.144,4.059402091909e-20,"GAR1"
1.9958013368939e-24,-2.08771508931888,0.31,0.497,4.13150834750407e-20,"MAT2A"
2.00072513643386e-24,1.29544181245308,0.469,0.138,4.14170110493173e-20,"PTRH1"
2.01026253513283e-24,1.8717253118772,0.367,0.067,4.16144447397846e-20,"FOXK2"
2.0448435566533e-24,1.06262516746916,0.576,0.23,4.23303064662799e-20,"SMARCB1"
2.06482940999747e-24,1.01260608713593,0.654,0.322,4.27440336163575e-20,"ABHD12"
2.06690742443869e-24,-0.772252140044724,0.866,0.871,4.27870505933053e-20,"ARL6IP1"
2.08236406614321e-24,-1.37719449559817,0.667,0.69,4.31070185332306e-20,"FDX1"
2.24872860518912e-24,-2.54980086873082,0.374,0.546,4.655093085602e-20,"NNMT"
2.41818082766736e-24,0.906236688885924,0.623,0.279,5.00587613135419e-20,"BAG6"
2.47009066406429e-24,1.19029973861382,0.478,0.147,5.11333468367948e-20,"EIF2D"
2.56070537055174e-24,1.11875119695069,0.561,0.221,5.30091618757916e-20,"SNRPA1"
2.59834719334551e-24,0.935067475284578,0.575,0.23,5.37883852494454e-20,"COMMD2"
2.8911647992899e-24,1.06296590011576,0.504,0.166,5.98500025101002e-20,"CHD1L"
2.90247118444785e-24,-2.71282563131443,0.419,0.549,6.00840559892549e-20,"NEDD9"
2.91300051857758e-24,1.06600401854238,0.486,0.153,6.03020237350745e-20,"AKAP8L"
3.58202798728896e-24,0.895946518345502,0.75,0.445,7.41515613648687e-20,"PEPD"
3.67942988754276e-24,1.28911333191763,0.395,0.089,7.61678781020227e-20,"SLC39A6"
3.70324457227526e-24,2.4351461097656,0.309,0.034,7.66608658906701e-20,"TBC1D16"
3.72411400603423e-24,2.33463151069982,0.345,0.058,7.70928840389145e-20,"INTS8"
3.72480261385751e-24,0.632173691849817,0.934,0.742,7.71071389094643e-20,"GPX3"
3.96604650270358e-24,4.0044233385169,0.275,0.015,8.21011286524668e-20,"CTD-3065J16.9"
3.98442846026171e-24,1.4945852006125,0.421,0.107,8.24816535558777e-20,"PDK1"
4.192782459022e-24,0.727298025384988,0.717,0.399,8.67947896842144e-20,"NEU1"
4.39112476125351e-24,-2.68241358124045,0.104,0.282,9.0900673682709e-20,"IFI16"
4.44477895407957e-24,0.678979235689385,0.839,0.561,9.20113691284012e-20,"PIN4"
4.46117677652697e-24,1.08243158697869,0.566,0.227,9.23508204508848e-20,"SCAMP2"
4.61512588067191e-24,0.848494956632725,0.786,0.479,9.55377208557892e-20,"RPA3"
5.15843887992017e-24,1.49407814061667,0.399,0.092,1.06784843253227e-19,"FAM58A"
5.30637378888759e-24,0.738316890322585,0.775,0.475,1.09847243803762e-19,"UQCRC2"
5.74581550946975e-24,-2.58173272404871,0.124,0.31,1.18944126861533e-19,"UBXN8"
5.80620456034471e-24,1.61642822009286,0.434,0.117,1.20194240603696e-19,"GPKOW"
5.82750985457336e-24,1.86965765351983,0.405,0.104,1.20635281499523e-19,"RP11-238F2.1"
5.84082113171978e-24,1.17605053196015,0.499,0.166,1.20910838247731e-19,"NPLOC4"
6.18789738510472e-24,0.821911841219879,0.688,0.34,1.28095663769053e-19,"NME3"
6.23395824856847e-24,-2.75331498448318,0.099,0.276,1.29049169703616e-19,"FYN"
6.68782268887295e-24,1.06343771620964,0.621,0.273,1.38444617482359e-19,"AKT1S1"
6.69513840873858e-24,1.23029841222047,0.404,0.089,1.38596060199297e-19,"LINC01184"
6.93176417291672e-24,1.54914826481747,0.399,0.092,1.43494450143549e-19,"WDR41"
6.97411715310028e-24,2.45257468486057,0.335,0.052,1.44371199186329e-19,"SLC13A3"
7.56615116191163e-24,-1.32096267636488,0.679,0.733,1.56626895202733e-19,"ARF6"
8.36890127557963e-24,0.682847700400546,0.806,0.515,1.73244625305774e-19,"NUDT5"
8.44958718586239e-24,0.880447631812326,0.576,0.236,1.74914904334537e-19,"BAIAP2"
8.66118589878518e-24,2.83172585257823,0.281,0.018,1.79295209290752e-19,"TMPRSS3"
8.77575186167796e-24,0.895379183455657,0.621,0.288,1.81666839288595e-19,"RABEPK"
9.05997319475221e-24,1.73478526675872,0.41,0.104,1.87550505104565e-19,"ZNHIT2"
9.47599166023975e-24,0.936340961135641,0.538,0.202,1.96162503358623e-19,"AGGF1"
9.74345221948196e-24,0.743868244294219,0.702,0.371,2.01699204395496e-19,"MESDC2"
1.01419106869442e-23,1.23714466835046,0.518,0.187,2.09947693130432e-19,"B4GALT7"
1.03528686925292e-23,1.35680682095039,0.467,0.147,2.14314734804048e-19,"ABCF3"
1.03702556579152e-23,0.709972997433323,0.691,0.359,2.14674662374503e-19,"DARS"
1.04661398820055e-23,2.67034619979148,0.314,0.04,2.16659561697395e-19,"ZC2HC1A"
1.07790792054648e-23,0.984945643906007,0.586,0.248,2.23137718632326e-19,"NADK"
1.17908455931636e-23,0.650069236490032,0.855,0.635,2.4408229462408e-19,"KDELR1"
1.2387125709231e-23,0.784646087658437,0.767,0.463,2.56425889306791e-19,"UBE2L6"
1.3584685474343e-23,-2.43147942646689,0.179,0.371,2.81216574004375e-19,"CNKSR3"
1.43083800196706e-23,1.80204924727474,0.366,0.071,2.96197774787202e-19,"HGH1"
1.49557377061643e-23,0.695760317911145,0.852,0.638,3.09598726255307e-19,"NONO"
1.51217145989312e-23,0.77556088711941,0.751,0.475,3.13034613912474e-19,"PLPP1"
1.61503538641916e-23,4.43943499584179,0.251,0.003,3.3432847534263e-19,"RP11-242J7.1"
1.61905419707397e-23,1.29192170802126,0.517,0.184,3.35160409336282e-19,"NRBP2"
1.62313791206156e-23,0.648728654359238,0.8,0.509,3.36005779175863e-19,"NDUFA10"
1.68042298965584e-23,1.53314995037196,0.397,0.095,3.47864363088655e-19,"EHMT2"
1.69811410001882e-23,1.74617180064264,0.374,0.08,3.51526599844896e-19,"JMJD4"
1.71076872905734e-23,1.75623147319059,0.363,0.074,3.54146234602161e-19,"CPSF3"
1.7379333693597e-23,0.786788772508863,0.783,0.479,3.59769586791152e-19,"MAGOH"
1.81338688839201e-23,1.06274269533773,0.482,0.15,3.75389219766031e-19,"DDX42"
1.85053005451052e-23,0.791605491052214,0.537,0.196,3.83078226584224e-19,"JMJD6"
1.88143173066747e-23,1.9689180846904,0.327,0.046,3.89475182565473e-19,"NOP2"
1.93352983941523e-23,0.890588611125591,0.493,0.16,4.00260012057347e-19,"HDDC2"
1.96284283964492e-23,1.01361284084748,0.554,0.221,4.06328096234895e-19,"SAE1"
1.97942757351675e-23,1.45865120805203,0.433,0.123,4.09761301993703e-19,"PIGU"
2.00621351278968e-23,1.25717497532135,0.5,0.175,4.15306259282592e-19,"NLN"
2.01329094473997e-23,-2.37741933786959,0.3,0.485,4.16771358470621e-19,"DUSP2"
2.04046983735981e-23,1.13806814104781,0.555,0.221,4.22397661031853e-19,"SCO2"
2.05544368533621e-23,2.25383621388065,0.341,0.058,4.25497397301448e-19,"DDX55"
2.12689708433501e-23,1.04516984540313,0.628,0.298,4.4028896542819e-19,"PMPCB"
2.14280417053902e-23,1.72793131708444,0.343,0.058,4.43581891343283e-19,"FN3K"
2.16578555609184e-23,0.973645347619835,0.578,0.227,4.48339267966571e-19,"TWF2"
2.16649609005154e-23,1.00464927657669,0.362,0.067,4.4848635560157e-19,"LEO1"
2.17074301298026e-23,1.10175792371034,0.461,0.138,4.49365511117043e-19,"DYNC1LI1"
2.25060522140085e-23,0.823508555662766,0.453,0.129,4.65897786882191e-19,"CCDC58"
2.2838202218509e-23,1.99009764823838,0.371,0.08,4.72773624125355e-19,"INTS12"
2.36185028545797e-23,2.43727240541382,0.327,0.052,4.88926627592654e-19,"ACTA2"
2.38264884862905e-23,1.37691569136468,0.444,0.129,4.93232138154699e-19,"PAOX"
2.45200108534005e-23,1.44332746352502,0.372,0.077,5.07588744676243e-19,"ADCK5"
2.49452406584195e-23,0.872868996959319,0.615,0.285,5.16391426869942e-19,"AIP"
2.60167969148721e-23,0.820966554441959,0.712,0.38,5.38573712934768e-19,"CMTM8"
2.746808256462e-23,1.10376150222555,0.586,0.252,5.68616777170198e-19,"FAM207A"
2.78204394748273e-23,0.708353150016681,0.863,0.601,5.759109175684e-19,"SDHB"
2.79084827538397e-23,2.59181574735927,0.292,0.028,5.77733501487236e-19,"ACACA"
2.86163903793892e-23,4.19045527670759,0.258,0.009,5.92387897243736e-19,"RP11-845C23.3"
2.93971640868266e-23,-1.33078224255677,0.692,0.721,6.08550693761397e-19,"TAPBP"
2.95949235188724e-23,1.35303569191065,0.45,0.138,6.12644511764178e-19,"ABHD8"
3.15684460805448e-23,1.10523287029416,0.427,0.117,6.53498402313357e-19,"HIST1H2BD"
3.27995468170977e-23,0.660058807395361,0.66,0.288,6.78983418660739e-19,"C1orf21"
3.29920268102138e-23,2.03594970498481,0.289,0.025,6.82967946998236e-19,"ZNF579"
3.3501213056661e-23,-0.841815908071887,0.926,0.902,6.93508611485939e-19,"MYL12A"
3.47958528956402e-23,-2.76606437564882,0.272,0.479,7.20308950792647e-19,"CYP3A4"
3.50171871881248e-23,1.73061724552268,0.4,0.101,7.24890791981372e-19,"TSSC1"
3.62408981348171e-23,1.25340435041317,0.41,0.104,7.50222832288848e-19,"USP22"
3.6748363330476e-23,1.73658613669386,0.311,0.04,7.60727869304185e-19,"CCDC71"
3.76862428146724e-23,3.15911030191654,0.287,0.028,7.80142912506533e-19,"NUDT6"
3.84744179025079e-23,1.95492736842027,0.346,0.061,7.96458924999815e-19,"KRT23"
3.95089759766223e-23,1.35587366042589,0.37,0.077,8.17875311692058e-19,"APPBP2"
4.1166813747076e-23,1.36789065839953,0.432,0.12,8.5219421137822e-19,"RMND1"
4.23668856812868e-23,1.29343140809726,0.469,0.144,8.77036900488318e-19,"LTV1"
4.3483972135179e-23,1.29165176145834,0.536,0.202,9.0016170717034e-19,"UBE2S"
4.35788973505685e-23,0.567792488036897,0.779,0.488,9.02126754054118e-19,"SRRM1"
4.81963281855399e-23,1.69811597283138,0.356,0.064,9.97712189768861e-19,"TMEM177"
4.96370608628812e-23,1.14153132497312,0.371,0.074,1.0275367969225e-18,"PRMT5"
4.99245728797902e-23,0.965315083723359,0.617,0.291,1.03348858318454e-18,"VMA21"
5.07797208552362e-23,0.483283292334022,0.989,0.917,1.05119100142425e-18,"HNRNPA1"
5.08376848151914e-23,1.70584045235925,0.401,0.101,1.05239091335928e-18,"ELP6"
5.1083789627054e-23,1.4218226228729,0.421,0.11,1.05748552906965e-18,"TBC1D7"
5.22719124995318e-23,1.18907967354816,0.437,0.123,1.08208086065281e-18,"ZNF581"
5.26087738537896e-23,3.1264574015308,0.269,0.015,1.0890542275473e-18,"MALL"
5.36107775606443e-23,0.729225240166436,0.645,0.304,1.1097967062829e-18,"ZCCHC10"
5.52066940059826e-23,2.29743048074398,0.315,0.043,1.14283377261785e-18,"RP5-827C21.4"
5.52221146883861e-23,0.803638611755518,0.61,0.264,1.14315299616428e-18,"SSRP1"
5.86284214489497e-23,-1.28286363656062,0.586,0.702,1.21366695241471e-18,"EIF5A"
6.12290059760098e-23,0.486345422358304,0.932,0.73,1.26750165270938e-18,"COMMD6"
6.23961057952262e-23,1.47739526323451,0.403,0.098,1.29166178606698e-18,"MRGBP"
6.42540001158827e-23,-0.582801615070918,1,0.997,1.33012205639889e-18,"RPS29"
6.50865540248784e-23,2.32669795762343,0.302,0.037,1.34735675486901e-18,"PXN-AS1"
6.85243291169659e-23,0.545185254053111,0.499,0.163,1.41852213705031e-18,"NUFIP2"
7.746298833136e-23,0.961235058669392,0.67,0.35,1.60356132144748e-18,"DPM2"
8.17203780295894e-23,1.24137906567891,0.4,0.095,1.69169354559053e-18,"MSL1"
8.30365399767732e-23,1.81805678730363,0.341,0.061,1.71893941405918e-18,"CCDC127"
8.32078012885887e-23,2.04872767912325,0.297,0.034,1.72248469447508e-18,"TMEM44-AS1"
8.44509219102513e-23,1.08811905991281,0.518,0.193,1.74821853446411e-18,"LRRC47"
8.49608157673615e-23,-2.39070106996988,0.207,0.396,1.75877384720015e-18,"GNAQ"
8.73020424695591e-23,0.893948360759805,0.668,0.337,1.80723958116234e-18,"RFC1"
9.01461347010461e-23,-1.73393464040028,0.593,0.656,1.86611513444635e-18,"TOR1AIP2"
9.04430667458498e-23,0.836701228074722,0.718,0.408,1.87226192470584e-18,"ZNF428"
9.57202083285864e-23,-0.797944431015962,0.913,0.883,1.98150403261007e-18,"ITIH1"
9.61141454205268e-23,0.825249078064202,0.603,0.267,1.98965892435033e-18,"ACO2"
9.67736215350313e-23,1.20556877028988,0.423,0.12,2.00331073939668e-18,"LYAR"
9.98803894536388e-23,1.16124410957769,0.637,0.313,2.06762394207978e-18,"CDKN2A"
1.00394993970473e-22,1.25074298441765,0.432,0.126,2.07827677018275e-18,"GRWD1"
1.09119715706317e-22,0.921043332356956,0.539,0.202,2.25888723483647e-18,"SLC25A26"
1.10003206505848e-22,2.65720015012632,0.296,0.034,2.27717637787755e-18,"SRD5A2"
1.10876253695048e-22,1.692646474204,0.337,0.058,2.29524932774119e-18,"METTL1"
1.13443983156265e-22,0.908402601709493,0.619,0.282,2.34840389531784e-18,"GNPNAT1"
1.14103212391711e-22,1.01700900208649,0.575,0.233,2.36205059972081e-18,"C1orf35"
1.17648996098177e-22,0.552329852822169,0.954,0.828,2.43545186822835e-18,"EIF4A2"
1.22535820058576e-22,0.760729834440212,0.586,0.242,2.53661401103258e-18,"FAM192A"
1.26533703840984e-22,3.18498296059151,0.26,0.012,2.61937420321221e-18,"PIK3CD-AS2"
1.27552928141435e-22,0.600378712731301,0.903,0.724,2.64047316545585e-18,"TIMM8B"
1.29527906442543e-22,1.03734914359285,0.575,0.245,2.68135719126708e-18,"DAG1"
1.31849490842664e-22,0.861789448458424,0.737,0.42,2.72941630993399e-18,"TCEAL4"
1.32966029086595e-22,2.04862688804011,0.335,0.061,2.7525297681216e-18,"MCM5"
1.34650197695197e-22,3.05512175632639,0.275,0.021,2.78739374248828e-18,"CCDC24"
1.36148554489431e-22,1.74437148236963,0.334,0.055,2.81841122648572e-18,"TAF6"
1.39033378735494e-22,1.04880704524244,0.448,0.132,2.87812997320346e-18,"FAM134C"
1.45551599902535e-22,0.900588449378738,0.513,0.184,3.01306366958238e-18,"CHCHD3"
1.55954081439143e-22,0.54862962311849,0.929,0.767,3.2284054398717e-18,"POLR2F"
1.58704878348699e-22,1.04775965296416,0.482,0.163,3.28534968669642e-18,"MCCC1"
1.63711390211267e-22,0.982358028408355,0.393,0.098,3.38898948876344e-18,"PITPNC1"
1.64655811792585e-22,2.52694341371428,0.29,0.031,3.40853995991831e-18,"GALNS"
1.76817682080238e-22,4.0531355093619,0.275,0.025,3.66030283674301e-18,"AURKA"
1.90873489583112e-22,0.771081879514936,0.687,0.344,3.95127210786e-18,"MID1IP1"
1.99285926745403e-22,-0.837642750038854,0.898,0.834,4.12541796955658e-18,"KDELR2"
2.09113963104746e-22,1.78369420707723,0.361,0.077,4.32886815023134e-18,"LSS"
2.16020330658041e-22,-1.25726133764374,0.653,0.709,4.47183686495211e-18,"SBDS"
2.16826179248877e-22,0.993165112487622,0.494,0.169,4.488518736631e-18,"CDK12"
2.24295771581285e-22,-0.421216290765812,0.967,0.933,4.64314676750419e-18,"UBL5"
2.26722623205749e-22,0.889444231266302,0.586,0.245,4.69338502298221e-18,"CIAO1"
2.45806995189858e-22,-1.66907403994369,0.494,0.595,5.08845060742524e-18,"TM9SF2"
2.48397842818557e-22,0.928996140076357,0.657,0.344,5.14208374418696e-18,"FIBP"
2.51097492637687e-22,1.15958318586037,0.368,0.077,5.19796919509276e-18,"CTU2"
2.62434244608037e-22,0.771065412523174,0.81,0.509,5.43265129763097e-18,"FBL"
2.77473046851557e-22,1.64203292490506,0.377,0.086,5.74396954287408e-18,"SRRD"
2.77588056882593e-22,0.730184016795608,0.784,0.482,5.74635036552655e-18,"ARHGDIA"
2.81690949612979e-22,1.18881465761867,0.469,0.153,5.83128434793828e-18,"C1orf50"
2.96079048507677e-22,1.03029190535568,0.432,0.126,6.12913238315742e-18,"C16orf91"
3.01395136538983e-22,1.13401874010371,0.542,0.224,6.23918072149348e-18,"ZNF622"
3.15508525071399e-22,-1.55105210170713,0.544,0.632,6.53134197750303e-18,"SLC38A3"
3.17405504360928e-22,1.08880010166706,0.569,0.248,6.57061134577558e-18,"EIF2S1"
3.24144738134178e-22,0.706524401539552,0.458,0.141,6.71012022411561e-18,"FLOT2"
3.29934783859411e-22,-2.852622031632,0.11,0.282,6.82997996067367e-18,"VPS37B"
3.38527161916683e-22,1.83651761645573,0.385,0.098,7.00785077883726e-18,"CRYM"
3.43757514418277e-22,0.545644776605674,0.959,0.807,7.11612430597276e-18,"BNIP3"
3.49471919363861e-22,-2.58227125075333,0.136,0.313,7.23441820275129e-18,"ERO1B"
3.53200661658171e-22,1.20053515324677,0.395,0.101,7.31160689698579e-18,"NCAPH2"
3.7095754135171e-22,0.312718496607877,0.805,0.54,7.67919206352176e-18,"CLDN3"
3.76999136700876e-22,0.562580290445821,0.913,0.733,7.80425912884483e-18,"PSMB7"
3.87462461126564e-22,1.17768738873664,0.462,0.153,8.02086040778101e-18,"NSDHL"
3.87574555591817e-22,1.66324637731274,0.381,0.092,8.0231808753062e-18,"HS1BP3"
3.99864989574788e-22,1.08623167863681,0.536,0.202,8.27760514918768e-18,"DNTTIP1"
4.02999306700347e-22,1.12160564634043,0.406,0.104,8.34248864800388e-18,"BDH2"
4.05569373178635e-22,0.753044934542846,0.729,0.442,8.39569159417092e-18,"TRIB1"
4.10177027017691e-22,-2.68260723922794,0.183,0.365,8.49107463629322e-18,"CSRNP1"
4.22267875665134e-22,0.913750284384882,0.342,0.061,8.74136729414395e-18,"MSTO1"
4.29631710773351e-22,1.45401367241408,0.365,0.083,8.89380604471913e-18,"UTP4"
4.43122838631152e-22,0.691816972817989,0.599,0.261,9.17308588250348e-18,"TSSC4"
4.46643795108603e-22,0.763235285684087,0.467,0.147,9.2459732025432e-18,"MAP7D1"
4.7770657220349e-22,1.29294334039855,0.46,0.147,9.88900375118445e-18,"ATP5SL"
4.7834864418874e-22,1.31166126375354,0.525,0.209,9.9022952833511e-18,"NOLC1"
4.90395194037502e-22,1.15105921453071,0.416,0.11,1.01516709117703e-17,"NPRL2"
4.96311547406159e-22,1.12406552538842,0.381,0.089,1.02741453428549e-17,"ZNF7"
5.27524646915025e-22,-2.57317663574735,0.154,0.337,1.09202877157879e-17,"TSPYL2"
5.42471453960545e-22,-0.87391256805362,0.839,0.828,1.12297015684373e-17,"VAMP8"
5.7056534401882e-22,2.12008327459546,0.266,0.018,1.18112731865336e-17,"ARF4-AS1"
6.17179691625575e-22,1.35125264208856,0.421,0.117,1.2776236796341e-17,"RFNG"
6.35537934454809e-22,0.824146504657352,0.525,0.199,1.3156270781149e-17,"RBM22"
6.37769097201209e-22,1.50264309200483,0.324,0.052,1.32024580811622e-17,"HPS4"
6.39300915209662e-22,0.83081567345248,0.752,0.448,1.32341682457552e-17,"OLA1"
6.80732446366186e-22,1.59930761783432,0.369,0.086,1.40918423722264e-17,"MAP1S"
6.82466360053802e-22,0.917916011496771,0.572,0.245,1.41277361194737e-17,"DYNLL2"
7.29402154997962e-22,-2.39180668951983,0.223,0.405,1.50993540106128e-17,"TMEM45A"
7.65338758929006e-22,-3.40577261081091,0.133,0.307,1.58432776485893e-17,"RASD1"
7.78858318952427e-22,3.41979768843266,0.264,0.021,1.61231460606342e-17,"MCM2"
8.06733380430806e-22,1.06720658760895,0.546,0.212,1.67001877082981e-17,"MAN1B1"
8.30631202040443e-22,-1.62548375970224,0.478,0.595,1.71948965134392e-17,"NFIA"
9.19438992649649e-22,0.830072076767274,0.504,0.184,1.90333065868404e-17,"TYW3"
9.21917780750311e-22,-2.61646113784029,0.153,0.334,1.90846199793122e-17,"CLEC2B"
9.32310527885674e-22,2.6741119235431,0.282,0.031,1.92997602377613e-17,"XYLT2"
9.36703638496657e-22,0.828903701638059,0.651,0.319,1.93907020205193e-17,"NUDT16L1"
9.87825219167526e-22,-0.588054884619776,0.914,0.89,2.0448969861987e-17,"ATP5D"
1.02289284650064e-21,-3.23569447432966,0.106,0.273,2.11749048154097e-17,"CLN8"
1.0516731746944e-21,0.636045899832211,0.835,0.635,2.17706863893487e-17,"C19orf24"
1.06702159901455e-21,-1.80906167032244,0.463,0.592,2.20884141212002e-17,"EZR"
1.08253915655326e-21,-2.23312521616991,0.319,0.475,2.24096430798091e-17,"F11R"
1.09145951038465e-21,1.13407240036396,0.441,0.138,2.25943033244727e-17,"ACAD9"
1.18908459813154e-21,2.52691221930499,0.267,0.021,2.46152402659211e-17,"CEP131"
1.20430622564881e-21,0.828446241756738,0.511,0.184,2.49303431771561e-17,"MED13"
1.34141196126452e-21,0.803543511940947,0.557,0.23,2.77685690101368e-17,"HLA-DMB"
1.4432906031425e-21,0.837257263191801,0.705,0.405,2.98775587756529e-17,"HADH"
1.49892041770968e-21,1.09097336925018,0.535,0.212,3.10291515670081e-17,"PLA2G12A"
1.57890224468125e-21,0.715953076514574,0.671,0.334,3.26848553671465e-17,"TUSC2"
1.62906178655399e-21,-2.25878558922258,0.381,0.531,3.37232080434542e-17,"SERPINH1"
1.65237860097107e-21,1.39393231845978,0.388,0.101,3.42058894187021e-17,"CDK5"
1.65340355123089e-21,1.08951243916313,0.506,0.184,3.42271069140307e-17,"MPHOSPH10"
1.65445084894207e-21,-1.69289700484952,0.613,0.675,3.42487870239499e-17,"DNAJB6"
1.65639706610146e-21,2.30557946147803,0.297,0.04,3.42890756653663e-17,"FAM169A"
1.66661292654573e-21,1.26128049173567,0.513,0.196,3.45005541924231e-17,"CHRAC1"
1.68050767458458e-21,0.820775322405795,0.727,0.42,3.47881893715754e-17,"PPP2R1A"
1.72866149976512e-21,0.59470948937417,0.85,0.564,3.57850217066377e-17,"TCP1"
1.73404918192271e-21,1.37143578831446,0.42,0.129,3.58965521149821e-17,"SRXN1"
1.75949008685663e-21,2.1891321668106,0.32,0.055,3.64232042880191e-17,"LINC00649"
1.7695353569947e-21,1.19778453905426,0.454,0.147,3.66311514251473e-17,"ABCC2"
1.84451332649696e-21,0.660461740613078,0.634,0.291,3.81832703718135e-17,"AP1M1"
1.87963064301896e-21,1.10212685733164,0.494,0.178,3.89102339411354e-17,"FHIT"
1.88454591136885e-21,0.511482562102848,0.909,0.727,3.90119849112466e-17,"LAMTOR4"
1.9164349216426e-21,1.0972044581504,0.514,0.193,3.96721193129235e-17,"IFT27"
1.93792063997119e-21,1.33539867104491,0.376,0.092,4.01168951680437e-17,"RIOK2"
2.02441555363568e-21,0.89369012774205,0.5,0.184,4.19074263758122e-17,"SNRNP40"
2.04517666795563e-21,1.11507837732167,0.423,0.126,4.23372022033495e-17,"ACBD4"
2.19528351772807e-21,1.61934448887759,0.349,0.074,4.54445641004887e-17,"WDR5"
2.2000226040115e-21,1.18167228433941,0.446,0.141,4.55426679256421e-17,"CCDC130"
2.23810888770034e-21,0.938893981010204,0.686,0.365,4.63310920842847e-17,"METTL5"
2.26558014080934e-21,0.58799992687654,0.475,0.16,4.68997744948942e-17,"RNF145"
2.28795551265746e-21,-0.670939560530898,0.93,0.871,4.73629670675222e-17,"PTP4A1"
2.31412280566677e-21,1.41465267435917,0.37,0.086,4.79046562001078e-17,"WDYHV1"
2.43421216357032e-21,-2.43430513085722,0.194,0.374,5.03906259980692e-17,"RND1"
2.49451143042908e-21,0.981018290145789,0.436,0.129,5.16388811213123e-17,"TUBGCP2"
2.57664202728659e-21,-0.945639851162305,0.753,0.767,5.33390666068597e-17,"EIF4G2"
2.57667781783848e-21,4.11293812872085,0.25,0.015,5.33398075070744e-17,"DSCC1"
2.58248438388041e-21,0.815422808264019,0.537,0.206,5.34600092307083e-17,"EIF2B5"
2.65933147897613e-21,1.42200610875707,0.462,0.163,5.50508209462849e-17,"SLC12A7"
2.6760709813615e-21,-0.85287486797092,1,0.991,5.53973453851645e-17,"SERPINA1"
2.68249773537157e-21,1.45676637852196,0.415,0.12,5.55303856199268e-17,"RPP38"
2.74910930944159e-21,1.60591719796754,0.328,0.058,5.69093118147504e-17,"PIGV"
2.78032880520072e-21,2.91407856123827,0.261,0.021,5.75555865964601e-17,"RP11-713M15.2"
2.80821000937755e-21,0.730707072341238,0.577,0.242,5.81327554041247e-17,"PRKAG1"
2.81996654421985e-21,0.789990410558977,0.554,0.221,5.83761274318952e-17,"LARP7"
2.9233497550864e-21,0.645747934293289,0.733,0.466,6.05162632800437e-17,"PRKAR1A"
2.99806643021625e-21,1.86704960737215,0.306,0.046,6.20629731719067e-17,"TRIM37"
3.28377588784269e-21,0.541915198121491,0.901,0.706,6.79774446542316e-17,"TRAM1"
3.31565575352454e-21,0.40883365483823,0.972,0.871,6.86373897537116e-17,"PRDX5"
3.3162433479205e-21,0.5429366652042,0.862,0.65,6.86495535453023e-17,"CNPY2"
3.48104826802908e-21,1.77904349192977,0.315,0.052,7.206118019647e-17,"FOLR2"
3.571400941659e-21,1.16928961964539,0.459,0.156,7.3931570893283e-17,"SURF6"
3.79012719289969e-21,2.10784406933491,0.29,0.037,7.84594230202164e-17,"CTD-3138B18.5"
3.97969094809486e-21,0.906142203262926,0.526,0.209,8.23835823165117e-17,"MAP4"
4.17117924288344e-21,0.50575000995186,0.915,0.715,8.63475815069301e-17,"LAMTOR2"
4.32393938397695e-21,1.86702889696516,0.35,0.08,8.95098691877069e-17,"TFB1M"
4.45487101085113e-21,0.445362392242546,0.976,0.844,9.22202847956292e-17,"PCBD1"
4.92499921962388e-21,-1.82852449639736,0.522,0.623,1.01952408845434e-16,"CLK1"
5.02688362299028e-21,0.555712473838026,0.843,0.574,1.04061517879522e-16,"LBP"
5.20081247380931e-21,1.55258263661942,0.405,0.117,1.07662019020326e-16,"PUM3"
5.27358904009671e-21,-2.19507489245734,0.342,0.488,1.09168566719042e-16,"APOL6"
5.32389322140651e-21,0.836274453755658,0.538,0.221,1.10209913576336e-16,"TMA16"
5.32428765860371e-21,1.28922879188317,0.368,0.086,1.10218078820755e-16,"SRFBP1"
5.36137607734321e-21,1.06108112576048,0.262,0.021,1.10985846177082e-16,"GIT1"
5.44099089574086e-21,0.448536313370074,0.758,0.475,1.12633952532732e-16,"CMC1"
5.48989487334454e-21,1.6166814793986,0.353,0.08,1.13646313773105e-16,"RP11-49I11.1"
5.58832278878979e-21,-1.51505975989271,0.608,0.666,1.15683870050738e-16,"CCNL1"
5.88915825236692e-21,1.07522206022569,0.473,0.169,1.21911464982248e-16,"SMARCA4"
5.89076668131519e-21,0.79546374992939,0.689,0.377,1.21944761069906e-16,"SNX17"
6.07219112592115e-21,0.844087497910558,0.571,0.242,1.25700428497694e-16,"SF3A3"
6.77286634377601e-21,1.26684462901361,0.372,0.092,1.40205106182507e-16,"HAUS1"
6.99912476278382e-21,1.86174894083696,0.31,0.052,1.44888881714388e-16,"ADAL"
7.44037979883286e-21,-0.503184800117876,0.991,0.945,1.54023302215639e-16,"KNG1"
7.53730612850481e-21,-1.75128532530366,0.441,0.558,1.56029774166178e-16,"ENTPD5"
7.73397261017298e-21,1.2766228126349,0.353,0.077,1.60100967003191e-16,"BAP1"
7.90853750265574e-21,-2.88874530862748,0.125,0.294,1.63714634842477e-16,"MAFK"
8.01617286559807e-21,1.03659219375978,0.492,0.187,1.65942794490746e-16,"TPGS2"
8.03673769971054e-21,0.50736603886064,0.841,0.564,1.66368507121708e-16,"C16orf13"
8.10751739508363e-21,1.34067473773848,0.376,0.095,1.67833717595626e-16,"RP5-940J5.9"
8.23045635038863e-21,0.379057934662496,0.999,0.939,1.70378676909395e-16,"EPHX1"
8.54170257804691e-21,0.873449880757707,0.549,0.23,1.76821785068149e-16,"FBXO2"
8.54947101299264e-21,1.53377875100152,0.352,0.083,1.76982599439961e-16,"BRD8"
8.73583727139482e-21,1.00146883136167,0.509,0.199,1.80840567355144e-16,"DCUN1D5"
8.80126720601079e-21,1.49020352489955,0.371,0.092,1.82195032431629e-16,"TBCE"
8.93025691810667e-21,0.969601508508759,0.651,0.34,1.84865248461726e-16,"NTPCR"
9.16000499336558e-21,0.811963816303729,0.65,0.325,1.89621263367661e-16,"SLC50A1"
9.40893706237142e-21,0.945913268690639,0.493,0.178,1.94774406128151e-16,"TMEM115"
9.86476557360504e-21,1.28297707925908,0.407,0.123,2.04210512139198e-16,"NUDT1"
9.91144237662635e-21,-2.14921257834298,0.339,0.494,2.05176768638542e-16,"DCAF11"
9.97730918957341e-21,1.04502304570961,0.458,0.15,2.06540277533359e-16,"PACSIN2"
1.08220723845228e-20,0.598556564481208,0.848,0.601,2.24027720432006e-16,"CAPZB"
1.15820760783062e-20,-2.62400963229795,0.196,0.374,2.39760556897016e-16,"SKIL"
1.1720270698507e-20,1.67378232353692,0.317,0.055,2.42621323729793e-16,"CYP7B1"
1.20900436727907e-20,1.32027506936882,0.36,0.083,2.50275994070441e-16,"MPP6"
1.2445422124791e-20,-0.502123374173772,0.98,0.936,2.57632683405298e-16,"TMEM176B"
1.28792384617575e-20,0.847681203589754,0.643,0.319,2.66613115396842e-16,"SCAMP3"
1.32880324141741e-20,0.784194302088407,0.601,0.258,2.75075559005818e-16,"SZRD1"
1.41621592436147e-20,1.15845728167131,0.432,0.138,2.93170858502069e-16,"RP11-660L16.2"
1.57235413756806e-20,-1.30679924909635,0.756,0.748,3.25493030017964e-16,"PPDPF"
1.60743775384721e-20,0.721791156101685,0.548,0.224,3.3275568942391e-16,"GLB1"
1.71292836986472e-20,1.72891452465751,0.264,0.025,3.54593301845696e-16,"RPUSD2"
1.78126416032338e-20,0.772055899070134,0.736,0.439,3.68739493828542e-16,"THOC7"
1.8288760555281e-20,0.751766378924756,0.484,0.169,3.78595632254872e-16,"PBDC1"
1.86648674328571e-20,1.34639343214338,0.418,0.126,3.86381420727574e-16,"TRIB3"
1.88580000285024e-20,0.600696771058325,0.771,0.457,3.90379458590029e-16,"MKKS"
1.89903493955254e-20,0.820308883702333,0.694,0.38,3.93119222836771e-16,"ESF1"
2.0386296847689e-20,2.35936464411705,0.289,0.043,4.2201673104401e-16,"POLG2"
2.12621997515796e-20,-1.74874643277882,0.431,0.549,4.40148797057448e-16,"DDAH1"
2.16521708639688e-20,0.830901170383388,0.687,0.362,4.48221589055017e-16,"ZBTB8OS"
2.21798762042817e-20,0.681743123495255,0.797,0.485,4.59145617304836e-16,"ACOT13"
2.25506122960201e-20,3.19496376806948,0.273,0.037,4.66820225139913e-16,"GINS2"
2.31599739536548e-20,1.7920848366641,0.308,0.055,4.79434620814607e-16,"UNK"
2.35848418627282e-20,2.32335590704981,0.282,0.04,4.88229811400337e-16,"COG1"
2.36368585312846e-20,2.8424078913598,0.256,0.021,4.89306608456123e-16,"TSPAN10"
2.36520971549801e-20,2.43661278120656,0.289,0.043,4.89622063205243e-16,"OTUD6B"
2.4252545464302e-20,2.52918975004778,0.284,0.04,5.02051943656516e-16,"LDLRAD1"
2.43808367871694e-20,1.5110303669559,0.277,0.034,5.04707702331193e-16,"ZBTB17"
2.55625626136167e-20,1.70456650473813,0.309,0.052,5.2917060866448e-16,"UTP14A"
2.56068360134199e-20,0.778029171086718,0.554,0.239,5.30087112313805e-16,"URM1"
2.60773801484066e-20,0.699549006703046,0.73,0.429,5.39827846452164e-16,"C8orf82"
2.66152542940815e-20,1.28470333311372,0.424,0.129,5.50962379141782e-16,"ARFGEF1"
2.79343695291024e-20,0.723418033220709,0.694,0.39,5.78269383621949e-16,"PSMD6"
2.84424114930906e-20,1.4860683317354,0.313,0.058,5.88786360318468e-16,"GS1-124K5.4"
2.93925886287288e-20,0.790789500557042,0.685,0.359,6.08455977203315e-16,"UPB1"
2.98715894913114e-20,0.720517355144697,0.526,0.218,6.18371774059637e-16,"EMC8"
3.08823822889679e-20,-1.24962621196713,0.691,0.693,6.39296195763925e-16,"C8B"
3.21268614681126e-20,0.872448715604341,0.405,0.117,6.65058159251398e-16,"ARL2"
3.4628424412047e-20,0.670404046389374,0.543,0.221,7.16843013753784e-16,"IP6K2"
3.5652510151801e-20,1.38815228385833,0.31,0.055,7.38042612652432e-16,"EXOSC2"
3.69613316966244e-20,-2.69651582324461,0.108,0.27,7.65136527451822e-16,"HECA"
3.70272801447416e-20,-2.65920380251928,0.107,0.267,7.66501726276296e-16,"ADGRV1"
3.78142061698634e-20,-1.23211969245606,0.671,0.678,7.82791881922342e-16,"ESPN"
3.8012547538385e-20,0.575390334302512,0.68,0.35,7.86897746592107e-16,"LYRM4"
3.85840000432123e-20,0.932942367861549,0.412,0.12,7.98727384894538e-16,"MAFG"
4.12895088460645e-20,-1.5663530556988,0.487,0.583,8.54734122622381e-16,"GGCX"
4.27783918425939e-20,0.846425152835641,0.615,0.298,8.85555489533536e-16,"FAM136A"
4.37265868016769e-20,1.83247167390949,0.321,0.064,9.05184073381513e-16,"AFP"
4.65491293342785e-20,0.945283231738933,0.455,0.163,9.63613526348898e-16,"TOPORS-AS1"
4.69244694678687e-20,0.944496104429918,0.389,0.104,9.7138344245435e-16,"AAAS"
4.84438755823854e-20,0.794494044977591,0.704,0.396,1.00283666843096e-15,"GGCT"
4.90282795180686e-20,1.26786744889803,0.392,0.113,1.01493441430354e-15,"AC098973.2"
4.92705278073207e-20,1.6829970472968,0.355,0.089,1.01994919613935e-15,"CTD-2015H6.3"
5.00890650246013e-20,1.02186980850985,0.51,0.206,1.03689373507427e-15,"C12orf45"
5.42316508624129e-20,1.29232125274547,0.382,0.107,1.12264940450281e-15,"DNMT1"
5.59478998206156e-20,-1.4494212757952,0.789,0.837,1.15817747418656e-15,"KLF6"
5.97459590509172e-20,0.708418070254012,0.785,0.509,1.23680109831304e-15,"ZC3H15"
6.35807446537831e-20,1.59965976455442,0.325,0.067,1.31618499507796e-15,"SLC7A6OS"
6.39735709686592e-20,1.91430906546574,0.312,0.058,1.32431689262221e-15,"TYSND1"
6.4446812424143e-20,1.30473347283238,0.346,0.083,1.33411346399218e-15,"SHISA4"
7.09686615908008e-20,0.97609299239556,0.435,0.147,1.46912226359117e-15,"BCL2L13"
7.13550334600807e-20,-1.73670069557718,0.391,0.521,1.47712054765713e-15,"SMCO4"
7.40931632728795e-20,0.754151516208299,0.686,0.402,1.53380257291188e-15,"YTHDF2"
7.41169299591284e-20,0.786200780446205,0.69,0.377,1.53429456708392e-15,"TOMM5"
7.70630902703716e-20,0.812849639308448,0.614,0.291,1.59528303168696e-15,"PFDN1"
7.72078976281814e-20,-2.86820586651028,0.526,0.604,1.59828068880098e-15,"ATF3"
7.86472279301657e-20,0.633746450552062,0.794,0.534,1.62807626538236e-15,"MRPS36"
7.99920012814726e-20,0.811145570486187,0.38,0.107,1.65591441852776e-15,"NIPA2"
8.07045889590836e-20,1.60081779615616,0.346,0.08,1.67066569604199e-15,"UTP15"
8.29938983209831e-20,0.617475961335103,0.596,0.273,1.71805668914267e-15,"UBE2J2"
8.32136030338309e-20,-0.831496831347613,0.855,0.84,1.72260479640333e-15,"RTN4"
8.80542687672417e-20,0.479636710756282,0.912,0.742,1.82281141775067e-15,"CNBP"
9.73661382298963e-20,0.647617366725048,0.739,0.439,2.01557642749708e-15,"STIP1"
9.80287843618668e-20,-2.92969322870642,0.136,0.304,2.029293865075e-15,"CD69"
9.86958696133422e-20,-0.60539820190274,0.945,0.899,2.0431031968658e-15,"TMEM59"
9.90691083503312e-20,1.4222526224793,0.326,0.067,2.05082961196021e-15,"PIGBOS1"
9.95160587498391e-20,1.06266736198583,0.431,0.141,2.06008193218042e-15,"MPV17"
1.01639964744319e-19,1.1362317233062,0.436,0.147,2.10404891017215e-15,"PNMA6A"
1.02324659802363e-19,1.99257519410959,0.272,0.034,2.11822278256872e-15,"SLC26A11"
1.03188294865437e-19,-2.47746383295704,0.274,0.436,2.13610089200941e-15,"TACC1"
1.03360405768932e-19,0.739584807279357,0.42,0.126,2.13966375982267e-15,"FDX1L"
1.09718026607993e-19,1.25560366942218,0.396,0.12,2.27127286881206e-15,"ANXA9"
1.11724992641519e-19,1.38218106388471,0.348,0.083,2.31281907267209e-15,"ABCF2"
1.12689277857813e-19,1.3330422612882,0.398,0.12,2.33278074093459e-15,"ABCA8"
1.15230017808803e-19,1.01594700189985,0.584,0.285,2.38537659866003e-15,"ABCC3"
1.15363527833462e-19,1.70054952468254,0.275,0.037,2.38814038968049e-15,"KIF2A"
1.2147137686669e-19,0.961496232605711,0.386,0.104,2.51457897251735e-15,"CLN6"
1.21589035531499e-19,0.783523643250177,0.781,0.469,2.51701462453756e-15,"CKS1B"
1.24828996849656e-19,0.955968820619094,0.633,0.322,2.58408506378472e-15,"C5orf15"
1.25621121569903e-19,-1.2101117859027,0.67,0.69,2.60048283761856e-15,"HAAO"
1.28012552978231e-19,0.602022030116321,0.709,0.396,2.64998785920236e-15,"ZNF207"
1.30756896006267e-19,1.80035384086381,0.296,0.049,2.70679850422574e-15,"OBFC1"
1.40910374078935e-19,0.471676076396864,0.937,0.745,2.91698565380804e-15,"CSTB"
1.41489910200037e-19,1.51063097506363,0.271,0.034,2.92898263105097e-15,"KIFC2"
1.44588233687667e-19,2.15417739907501,0.283,0.046,2.9931210255684e-15,"FEN1"
1.44943106146307e-19,2.34141259849636,0.26,0.028,3.0004672403347e-15,"XXbac-BPG252P9.9"
1.45528554226072e-19,0.387043840726584,0.977,0.856,3.01258660103393e-15,"MRPL41"
1.47343086663992e-19,1.59569677946424,0.341,0.08,3.05014923703129e-15,"RIOK1"
1.50843529835845e-19,0.677782454445278,0.637,0.313,3.12261191113183e-15,"ERGIC2"
1.51417966231771e-19,1.31678260325829,0.426,0.144,3.1345033189639e-15,"PKLR"
1.54069014819875e-19,2.68633360575533,0.266,0.034,3.18938267578622e-15,"ZNF883"
1.54188053199835e-19,-0.736781895602139,0.906,0.85,3.19184688928979e-15,"DNAJA1"
1.54285649396724e-19,0.984256209960851,0.376,0.098,3.19386722816157e-15,"PGAP2"
1.6547971440566e-19,0.308932637366816,0.999,0.951,3.42559556791156e-15,"PEBP1"
1.67175664008612e-19,1.05939362679808,0.391,0.11,3.46070342064228e-15,"FAF2"
1.74483328101608e-19,0.671704153213371,0.64,0.31,3.61197937503138e-15,"USP16"
1.82088500884957e-19,2.32716050483024,0.277,0.04,3.76941405681949e-15,"CTD-2020K17.4"
1.84963197696223e-19,0.926785980406995,0.535,0.23,3.8289231555095e-15,"COMMD10"
2.00155551627889e-19,1.00407779500299,0.437,0.141,4.14342007424892e-15,"ZNF652"
2.02512069340686e-19,1.45771131677426,0.348,0.086,4.19220234742153e-15,"MPV17L2"
2.07664064249315e-19,0.506671052304838,0.882,0.696,4.29885379402506e-15,"MRFAP1"
2.1096181564494e-19,0.65916231808094,0.683,0.374,4.36712054566591e-15,"PCCB"
2.17423680213864e-19,1.44589505569906,0.262,0.031,4.50088760410721e-15,"TTC9"
2.21313749218113e-19,-0.655015588200243,0.842,0.816,4.58141592256415e-15,"WDR83OS"
2.27362099591675e-19,1.00649418391298,0.407,0.126,4.70662282364727e-15,"GPN1"
2.32235650939401e-19,1.480766310487,0.361,0.092,4.80751021009654e-15,"TTC9C"
2.40330814633192e-19,1.11554249461443,0.276,0.037,4.97508819372171e-15,"LYRM9"
2.54940018899233e-19,0.81973460236425,0.684,0.402,5.27751333123302e-15,"SERINC5"
2.71605286952564e-19,1.45687436808281,0.336,0.08,5.62250104520503e-15,"CDC25B"
2.7686915640456e-19,1.11498448175678,0.42,0.135,5.73146840673079e-15,"RRAGD"
2.84104209391414e-19,1.64689959790881,0.352,0.092,5.88124123861167e-15,"NACC1"
2.85735818999166e-19,0.810478809529713,0.6,0.291,5.91501718910174e-15,"CYP4F2"
2.90910878182973e-19,0.973013614296039,0.405,0.123,6.02214608926573e-15,"PQLC2"
2.91511240052988e-19,0.394498903773954,0.878,0.641,6.03457418033691e-15,"SEC11C"
3.04051786128952e-19,0.715325950727437,0.531,0.224,6.29417602465543e-15,"SIKE1"
3.07223724504288e-19,1.66446560492511,0.304,0.055,6.35983832096326e-15,"PDCD2L"
3.15787168200117e-19,1.03058210047567,0.463,0.169,6.53711016891062e-15,"MTIF2"
3.17725884113508e-19,0.564664067587273,0.817,0.592,6.57724352703373e-15,"MTCH1"
3.24885538014321e-19,1.01600284627685,0.583,0.273,6.72545552243447e-15,"NCOA2"
3.25716494459841e-19,-2.68638656998287,0.11,0.267,6.74265715181316e-15,"IFIT1"
3.32542902370806e-19,1.0964677423314,0.387,0.113,6.88397062197806e-15,"MED7"
3.35606042597313e-19,0.489030542733987,0.709,0.408,6.94738068780698e-15,"SIGIRR"
3.3696573508781e-19,0.947580375706947,0.499,0.202,6.97552768205276e-15,"LINC00667"
3.40948402734672e-19,1.1659605872662,0.36,0.089,7.05797288501044e-15,"UNC45A"
3.49295630564777e-19,0.522472198396413,0.883,0.687,7.23076884832145e-15,"HINT2"
3.62307377077439e-19,0.606618400121879,0.822,0.58,7.50012501288006e-15,"TFG"
3.73387656920671e-19,1.02554709418036,0.499,0.193,7.7294978859148e-15,"CYB561D2"
3.90072302417162e-19,0.548993253792415,0.861,0.632,8.07488673233768e-15,"TMEM208"
3.93657729889597e-19,0.743050319352595,0.532,0.227,8.14910866644454e-15,"TRUB2"
4.031584492073e-19,1.06036770740419,0.433,0.144,8.34578305704031e-15,"UBTF"
4.03391045774763e-19,0.579035580922701,0.791,0.546,8.35059803858337e-15,"VIMP"
4.04181588654343e-19,0.866284233466305,0.633,0.328,8.36696306673355e-15,"FASTK"
4.08305820685591e-19,1.03524696307284,0.503,0.206,8.45233879401241e-15,"PXMP4"
4.15279597563623e-19,1.30656551892735,0.296,0.052,8.59670294916455e-15,"NNT-AS1"
4.22649107729371e-19,1.36684052416252,0.368,0.098,8.74925917910571e-15,"TAF2"
4.52092991851449e-19,-1.5948801504637,0.452,0.561,9.35877702431684e-15,"GUSB"
4.65922762952957e-19,0.760826562615795,0.608,0.285,9.64506711588917e-15,"C1orf123"
4.84733185558143e-19,0.491273993472467,0.905,0.748,1.00344616742391e-14,"FAM96B"
4.87504446341192e-19,-2.35628825615544,0.331,0.472,1.0091829543709e-14,"DNAJB4"
4.88242863221254e-19,2.11452524214892,0.28,0.043,1.01071155115432e-14,"DYRK4"
4.89580327304006e-19,0.959002238609264,0.488,0.184,1.01348023555202e-14,"ZCCHC17"
4.90192023171072e-19,0.816483976432244,0.481,0.184,1.01474650716644e-14,"CPSF6"
4.97419740161727e-19,0.479998005184735,0.912,0.755,1.02970860410879e-14,"CD99"
5.19074595067771e-19,1.20912214238991,0.418,0.141,1.07453631924979e-14,"MRRF"
5.39897428339896e-19,0.926742326164756,0.386,0.11,1.11764166640642e-14,"GTF3C5"
5.6699557363925e-19,1.3647776972595,0.277,0.04,1.17373753699061e-14,"CA11"
5.75894152097238e-19,0.651907667639241,0.536,0.224,1.19215848425649e-14,"SDHAF3"
5.98258268181869e-19,0.806713216279296,0.612,0.294,1.23845444096329e-14,"MAT2B"
6.13793195182789e-19,-2.48204231343693,0.143,0.307,1.27061329334789e-14,"ATP6V1B2"
6.2471243814696e-19,1.99834767579708,0.27,0.037,1.29321721820802e-14,"MLLT6"
6.37091433336793e-19,0.61431344825568,0.799,0.5,1.31884297615049e-14,"TPD52"
6.47295666954476e-19,0.550135351341949,0.932,0.773,1.33996676016246e-14,"NUDC"
6.49507232601622e-19,0.771779126006806,0.466,0.178,1.34454492220862e-14,"MTFP1"
6.62776684271584e-19,-0.706854276447709,0.974,0.917,1.37201401411061e-14,"CALR"
6.63376928746746e-19,0.844728430940007,0.61,0.288,1.37325658019864e-14,"AIFM1"
6.96976319951924e-19,0.90649111572718,0.57,0.252,1.44281067993248e-14,"FAHD1"
7.2752562155335e-19,1.06864665032505,0.374,0.101,1.50605078917759e-14,"TBC1D1"
7.32143756280417e-19,0.770190086234761,0.538,0.23,1.51561078987609e-14,"STAMBP"
7.45000841062296e-19,1.41126098480522,0.338,0.083,1.54222624108306e-14,"PUS1"
7.61559833715012e-19,1.02297601966032,0.425,0.141,1.57650501177345e-14,"TP53RK"
7.69025319322399e-19,1.37210193841655,0.355,0.092,1.5919593135293e-14,"C3orf17"
8.06439340229601e-19,0.566936977127601,0.753,0.475,1.6694100782093e-14,"HMGCL"
8.09248923212076e-19,1.02041996228005,0.512,0.206,1.67522619594132e-14,"KEAP1"
8.49236059595188e-19,1.14727552551986,0.509,0.215,1.758003566968e-14,"FARSA"
8.49278000169048e-19,1.04125946309332,0.418,0.135,1.75809038814995e-14,"STYXL1"
8.97508199532874e-19,0.638272649374753,0.688,0.408,1.857931723853e-14,"HNRNPD"
9.17283907375646e-19,1.27044792073696,0.34,0.083,1.89886941665832e-14,"SNAPC2"
9.3452893138053e-19,0.888259061138716,0.49,0.196,1.93456834085083e-14,"RALA"
9.48965719568869e-19,-2.25221643670326,0.214,0.38,1.96445393607952e-14,"PDCD4"
9.50279338608548e-19,1.45557163584668,0.325,0.074,1.96717325885355e-14,"RPUSD4"
9.73880549873541e-19,0.67788463480381,0.534,0.227,2.01603012629322e-14,"SNW1"
9.7566082576489e-19,-0.529561079496103,0.93,0.902,2.0197154754159e-14,"GUK1"
1.00150860414891e-18,0.665525119533333,0.705,0.42,2.07322296144866e-14,"FAM173A"
1.02167792549789e-18,2.06982330803523,0.282,0.046,2.11497547357318e-14,"FAAP100"
1.04070764811433e-18,1.16097557272643,0.355,0.092,2.15436890236148e-14,"NOA1"
1.08671298224315e-18,0.81591370178623,0.534,0.224,2.24960454454154e-14,"PPID"
1.09969399682295e-18,0.859557543825584,0.547,0.248,2.27647654282319e-14,"FGFR4"
1.10958919309336e-18,0.698849563377451,0.604,0.288,2.29696058862256e-14,"RPF1"
1.11372945040213e-18,1.02782215624444,0.407,0.132,2.30553133527745e-14,"BRD9"
1.11978317733586e-18,0.976099620939783,0.361,0.095,2.31806315540296e-14,"RRP8"
1.1243384071214e-18,1.17255942938413,0.325,0.074,2.32749293658201e-14,"DONSON"
1.14156354786543e-18,1.94280481443035,0.306,0.064,2.36315070043622e-14,"PRIM1"
1.15366349034332e-18,0.551042381923907,0.583,0.264,2.3881987913597e-14,"ZRANB2"
1.31298383846452e-18,0.518549761768277,0.808,0.577,2.7180078440054e-14,"TOB1"
1.37021186711679e-18,0.884152546711734,0.56,0.255,2.83647558611847e-14,"PHGDH"
1.3896130463292e-18,0.960577058019231,0.511,0.212,2.87663796720607e-14,"COMTD1"
1.4267449064793e-18,0.723461764110277,0.401,0.126,2.9535046309028e-14,"CASP3"
1.43561226346719e-18,0.388148427360636,0.974,0.862,2.97186094660344e-14,"TMEM258"
1.44942011920024e-18,0.5472101861925,0.733,0.451,3.00044458875641e-14,"PPCS"
1.45467361976472e-18,-2.48338487931861,0.112,0.27,3.01131986027495e-14,"GLIPR1"
1.4786554921895e-18,1.84773050931256,0.278,0.046,3.06096473438147e-14,"RP11-390F4.6"
1.4876128224477e-18,-1.75231601995624,0.404,0.525,3.07950730374898e-14,"NDRG2"
1.49590858311438e-18,0.821116606876283,0.482,0.178,3.09668035790507e-14,"SDHAF1"
1.50457189711844e-18,1.18847284470086,0.341,0.08,3.11461428422488e-14,"QRSL1"
1.55499225257903e-18,0.568344289273083,0.736,0.42,3.21898946206385e-14,"MCTS1"
1.55547570005669e-18,0.906178105199732,0.556,0.255,3.21999024668736e-14,"ALCAM"
1.59394969177574e-18,1.62885863950257,0.291,0.052,3.29963525694496e-14,"LIG3"
1.65359912022281e-18,0.635992053990682,0.734,0.463,3.42311553877324e-14,"UROD"
1.77673268516671e-18,-1.92468356350759,0.486,0.567,3.6780143315636e-14,"CITED2"
1.77831740029795e-18,1.42147846586632,0.26,0.034,3.68129485035679e-14,"RP11-400F19.6"
1.89404814539384e-18,1.26954967039427,0.386,0.117,3.92086906577978e-14,"WBSCR16"
1.94477447542992e-18,0.574813982145261,0.83,0.564,4.02587764158748e-14,"APOA1BP"
1.95149775357453e-18,0.560436449960017,0.844,0.589,4.03979549967464e-14,"MEAF6"
2.01459558623151e-18,0.947985676422396,0.474,0.178,4.17041432305784e-14,"ABCE1"
2.01737843859128e-18,0.567317150560538,0.875,0.626,4.17617510572781e-14,"NDUFB3"
2.05882301379587e-18,0.476259412694689,0.866,0.635,4.26196952085883e-14,"COX14"
2.12281815228633e-18,-1.46776618506087,0.556,0.617,4.39444585704794e-14,"TMEM56"
2.13776243594842e-18,0.783367050792416,0.63,0.325,4.42538201865681e-14,"DENR"
2.22343522369942e-18,1.48725550557275,0.368,0.107,4.60273325658018e-14,"AC009403.2"
2.39224154167141e-18,0.558564112812996,0.775,0.472,4.95217921541398e-14,"ANAPC13"
2.49987191013847e-18,0.881757340210241,0.423,0.141,5.17498484117764e-14,"OSGIN2"
2.5779056355434e-18,0.842942025844921,0.511,0.215,5.33652245613839e-14,"ECSIT"
2.60387613432455e-18,0.858437067808493,0.465,0.172,5.39028398566526e-14,"COPS7A"
2.71039015851947e-18,0.533639052913207,0.402,0.126,5.61077866715115e-14,"GPATCH8"
2.73557602368651e-18,1.30376085267917,0.344,0.089,5.66291592663344e-14,"ICMT"
2.7471308790881e-18,-1.94109379480851,0.345,0.479,5.68683563280028e-14,"CCDC25"
2.7706379703131e-18,0.979227529219702,0.374,0.107,5.73549766234515e-14,"ATG10"
2.77713483785395e-18,0.588944332399905,0.598,0.288,5.74894682784146e-14,"DESI1"
2.82478114199135e-18,1.33953390342884,0.403,0.129,5.84757944203629e-14,"HN1L"
2.88057523623204e-18,0.923210088339213,0.457,0.163,5.96307879652395e-14,"BRD7"
2.89103433471829e-18,0.540469902734248,0.694,0.387,5.98473017630034e-14,"EWSR1"
2.91276178990866e-18,2.12992414182129,0.254,0.034,6.02970818128991e-14,"SPATA24"
2.94289675605613e-18,0.779169350632598,0.704,0.405,6.09209057471179e-14,"TMEM126A"
3.0137047780617e-18,1.75766441226004,0.363,0.11,6.23867026106552e-14,"CDKN3"
3.03977804033072e-18,-1.76054814618621,0.363,0.503,6.29264452128862e-14,"PSAT1"
3.05138814308094e-18,0.69557034279313,0.614,0.288,6.31667859499185e-14,"MTHFD1"
3.295553327838e-18,0.719256209901889,0.733,0.466,6.82212494395745e-14,"MRPS5"
3.29638669350405e-18,-2.12899304321878,0.323,0.463,6.82385009422273e-14,"SLC39A14"
3.31850518320499e-18,0.52414556727703,0.593,0.301,6.86963757975265e-14,"CCND1"
3.32950386012267e-18,1.52735095776162,0.28,0.049,6.89240594083994e-14,"GRPEL2"
3.36147839811239e-18,1.66888507537357,0.259,0.034,6.95859643193247e-14,"RP11-91G21.1"
3.42488652566822e-18,0.627364757710001,0.594,0.276,7.08985759678579e-14,"GBA"
3.4741132795781e-18,-2.86906350185618,0.147,0.304,7.19176190005463e-14,"SORBS3"
3.60943894963157e-18,-0.991997742372592,0.744,0.742,7.47189956963232e-14,"CD151"
3.6885737183764e-18,1.23557730001972,0.344,0.089,7.63571645441098e-14,"CDC23"
3.6920178350637e-18,1.3279323342775,0.353,0.095,7.64284612036537e-14,"OXNAD1"
3.74906197475409e-18,1.28251327245241,0.303,0.061,7.76093319393844e-14,"CSPP1"
3.81850782348563e-18,1.93533682932895,0.282,0.052,7.9046930453976e-14,"CPSF4"
3.92949995726666e-18,0.544145163141439,0.526,0.227,8.13445786153771e-14,"WASF2"
4.13074690241995e-18,1.46130495000422,0.37,0.11,8.55105916269953e-14,"PUSL1"
4.26337897067774e-18,1.01091947791571,0.543,0.264,8.8256208072e-14,"ACOX2"
4.28547947068434e-18,-3.18240375031183,0.103,0.252,8.87137105226365e-14,"STK17B"
4.30661246902119e-18,0.767441575587267,0.566,0.264,8.91511847212077e-14,"IMPAD1"
4.46079292092078e-18,0.842417984245487,0.581,0.291,9.23428742559811e-14,"TPR"
4.53797834700256e-18,0.621944837029283,0.839,0.564,9.39406897613001e-14,"LSM5"
4.71787658802502e-18,1.01034795248955,0.376,0.11,9.7664763248706e-14,"SLC35E1"
4.75304697646169e-18,0.434543378945823,0.844,0.604,9.83928254597334e-14,"PSMB9"
4.77785698388626e-18,0.738037203187813,0.479,0.187,9.89064174234294e-14,"UBXN2B"
4.95553822130044e-18,-1.73616790775605,0.465,0.561,1.0258459671914e-13,"CLDN7"
5.16008041314373e-18,0.935922460290648,0.474,0.178,1.06818824632488e-13,"PLIN3"
5.24697373539488e-18,-1.88333846953206,0.316,0.463,1.08617603296409e-13,"ATP5EP2"
5.25271454664807e-18,1.22352644400067,0.335,0.086,1.08736443830162e-13,"TEX2"
5.28521467133206e-18,1.10361896289131,0.37,0.107,1.09409228911245e-13,"RFTN1"
5.53577572922227e-18,0.925578076150473,0.431,0.15,1.1459609337063e-13,"ACBD6"
5.56058067624443e-18,1.23474210543248,0.266,0.04,1.15109580578936e-13,"SYNGR1"
5.57600556368465e-18,1.26713149911026,0.354,0.098,1.15428891173836e-13,"EFNA4"
6.04002626810935e-18,0.750822043027546,0.539,0.233,1.25034583776132e-13,"AARS"
6.09068292831027e-18,0.377930470231528,0.868,0.696,1.26083227298951e-13,"YWHAB"
6.09780334417795e-18,-2.67957627265991,0.185,0.35,1.26230627027828e-13,"CST7"
6.10367495905819e-18,0.560957822827714,0.742,0.485,1.26352175327464e-13,"DDX21"
6.48092271754214e-18,-0.785767428939788,0.864,0.804,1.3416158117584e-13,"PET100"
6.5452774333521e-18,-1.99588055316569,0.443,0.549,1.35493788147822e-13,"B4GALT1"
6.610867376681e-18,0.785445010857351,0.727,0.445,1.36851565564673e-13,"METTL7B"
6.70856221434701e-18,-1.93719443800486,0.367,0.506,1.38873946399197e-13,"THOP1"
6.79790163499734e-18,1.37767475824948,0.336,0.086,1.4072336174608e-13,"SCRIB"
6.85163613320724e-18,1.24162752243891,0.435,0.166,1.41835719593523e-13,"RRP36"
7.03637887753061e-18,-2.019551511347,0.226,0.393,1.45660079143761e-13,"SLC13A5"
7.17496283991328e-18,0.970747825308855,0.383,0.117,1.48528905749045e-13,"ZNF771"
7.19987298435087e-18,0.513133631174619,0.707,0.414,1.49044570649047e-13,"CCDC85B"
7.5842328144274e-18,1.38758386585086,0.336,0.086,1.57001203491462e-13,"CDK5RAP1"
7.63333665967368e-18,-1.95309365314221,0.281,0.433,1.58017702191905e-13,"ACMSD"
7.69259253396735e-18,0.708562275906329,0.396,0.126,1.59244358045658e-13,"GART"
7.69600334738321e-18,0.840149875817499,0.603,0.304,1.5931496529418e-13,"RPL7L1"
8.01354591625225e-18,0.743232754787231,0.684,0.405,1.65888414012338e-13,"GALE"
8.61694039436973e-18,1.28400458114651,0.291,0.058,1.78379283103848e-13,"EXOSC9"
8.64099103199839e-18,0.672106172413907,0.475,0.181,1.78877155353399e-13,"P4HA2"
8.7037405875703e-18,0.825894669101906,0.65,0.356,1.80176133903293e-13,"TPRKB"
8.71161063043944e-18,0.618004682498597,0.852,0.647,1.80339051660727e-13,"CCT4"
8.80998107622819e-18,0.718966631139534,0.508,0.215,1.82375418259e-13,"PPIL3"
8.99409664042241e-18,1.16734686611643,0.677,0.377,1.86186794553384e-13,"CKS2"
9.08547130844904e-18,2.11366607958593,0.256,0.037,1.88078341556204e-13,"ZNF623"
9.40728625632882e-18,-0.998158697100367,0.859,0.816,1.94740232792263e-13,"IFITM2"
9.9535617419457e-18,0.62374638022203,0.614,0.31,2.06048681620018e-13,"USP14"
1.0079112862072e-17,0.76340491717355,0.579,0.276,2.08647715357753e-13,"CDC26"
1.02763013872605e-17,1.11692730650862,0.262,0.04,2.12729715017679e-13,"TRMT12"
1.06478629736578e-17,0.817057918355796,0.578,0.279,2.2042141141769e-13,"ALDH1B1"
1.07082080638621e-17,0.479121924974081,0.846,0.592,2.21670615130009e-13,"CCNG1"
1.0737314050967e-17,2.02833042072599,0.282,0.055,2.22273138169067e-13,"KNSTRN"
1.09804402975141e-17,1.15842157383545,0.322,0.077,2.2730609459884e-13,"PDCD11"
1.09971546839007e-17,1.15038129527696,0.365,0.107,2.27652099111427e-13,"DALRD3"
1.12892819451515e-17,0.98783224358061,0.362,0.104,2.33699425546582e-13,"DOHH"
1.16475560811863e-17,0.570184165220053,0.504,0.212,2.41116058436638e-13,"HTATSF1"
1.18491766045799e-17,0.674115889897563,0.7,0.429,2.45289804891409e-13,"AAMP"
1.209221785281e-17,0.568429106658884,0.715,0.414,2.5032100177102e-13,"ARPC1A"
1.21557195116143e-17,0.641107149932487,0.445,0.16,2.51635549609927e-13,"ROGDI"
1.22901479395258e-17,1.2029799433701,0.316,0.074,2.54418352496124e-13,"ARL17A"
1.2759167085445e-17,-0.968403599557749,0.689,0.724,2.64127517835796e-13,"ITGB1"
1.29653245619068e-17,0.77140695386398,0.281,0.052,2.68395183756033e-13,"GAS2L1"
1.31915487482283e-17,0.931592351595159,0.456,0.175,2.73078250637074e-13,"COA1"
1.3442314180686e-17,0.909027179213429,0.359,0.101,2.78269345854382e-13,"DTWD1"
1.37014445346864e-17,-2.52877599083929,0.214,0.374,2.83633603312542e-13,"COTL1"
1.37416336409855e-17,0.541812675118329,0.771,0.497,2.84465558002041e-13,"TIMM17B"
1.39810719835881e-17,1.09247626226697,0.426,0.15,2.89422171132256e-13,"SUGCT"
1.40940621527248e-17,0.664323954012954,0.727,0.457,2.91761180623556e-13,"MRPS35"
1.41538587667271e-17,0.587078123194818,0.536,0.233,2.92999030330018e-13,"CFAP20"
1.41636267536295e-17,0.619065815179473,0.502,0.202,2.93201237426885e-13,"TNPO1"
1.42972719871714e-17,0.678317199171139,0.438,0.153,2.95967827406436e-13,"AP3B1"
1.46359294980442e-17,0.712148682917384,0.444,0.166,3.02978376539013e-13,"TCERG1"
1.46845383841735e-17,1.29727280837947,0.324,0.08,3.03984629090776e-13,"C5orf63"
1.46858952777914e-17,1.56115317859952,0.308,0.071,3.0401271814556e-13,"TRMT61A"
1.47591508491852e-17,-0.866208807239929,0.769,0.77,3.05529181728983e-13,"PCBP1"
1.49568717051837e-17,0.560701097360478,0.512,0.206,3.09622201169007e-13,"GSTZ1"
1.54523256003303e-17,0.673027015736278,0.716,0.426,3.19878592252437e-13,"ATP6AP1"
1.54907361649918e-17,2.17902081004429,0.267,0.046,3.20673729351495e-13,"SNX11"
1.60259613330237e-17,-2.35104739404134,0.332,0.469,3.31753425554923e-13,"IER3"
1.66252664272513e-17,0.692540332664671,0.619,0.307,3.4415964031053e-13,"NELFCD"
1.69728450572354e-17,-0.40868026116557,1,0.997,3.51354865529829e-13,"MT-ND4"
1.71095116032416e-17,0.607809875694575,0.753,0.494,3.54183999698705e-13,"XRCC5"
1.71969205451011e-17,0.865253113450017,0.493,0.202,3.55993452204139e-13,"BRE"
1.76144518815387e-17,-0.509986787438704,0.956,0.929,3.64636768399733e-13,"RPL36AL"
1.78173139669894e-17,1.02290871468453,0.404,0.135,3.68836216430648e-13,"USP3"
1.79641963774634e-17,1.08931857510631,0.348,0.092,3.7187682920987e-13,"FTSJ2"
1.81758631340884e-17,0.872153102763942,0.435,0.156,3.76258542738765e-13,"HHLA3"
1.89501182082009e-17,0.745290783725473,0.615,0.307,3.92286397027967e-13,"TSN"
1.89755794370051e-17,0.706442125121577,0.548,0.248,3.92813469925443e-13,"HYAL1"
1.92629347088194e-17,0.703203426539187,0.56,0.248,3.9876201140727e-13,"SMUG1"
1.95535762298798e-17,0.482092340555975,0.439,0.156,4.04778581534743e-13,"WIPF2"
2.01129564844098e-17,1.05923078486018,0.292,0.061,4.16358312183768e-13,"MKRN2"
2.01140530370999e-17,0.888734559201884,0.499,0.212,4.16381011921006e-13,"TMEM203"
2.03472160680818e-17,0.810135230764774,0.597,0.294,4.21207719825362e-13,"HCFC1R1"
2.07772000263852e-17,0.695113337369064,0.539,0.242,4.301088177462e-13,"SCNM1"
2.10000476680855e-17,1.21281536719783,0.276,0.049,4.34721986777038e-13,"FAM43A"
2.1730624292944e-17,1.03351726362381,0.427,0.15,4.49845653488234e-13,"NGLY1"
2.17549977537491e-17,-2.80560414362603,0.149,0.307,4.50350208500361e-13,"PTPRC"
2.23984747674334e-17,0.821206576550047,0.549,0.252,4.63670826160639e-13,"TSPAN4"
2.30820162213585e-17,0.638112783813442,0.446,0.166,4.77820817798342e-13,"USP1"
2.32720297765902e-17,-0.967520307476944,0.775,0.758,4.81754288405194e-13,"ACAA2"
2.38920298217518e-17,0.884662813962543,0.497,0.209,4.94588909340084e-13,"FLNB"
2.41020381091573e-17,0.549039083461947,0.487,0.196,4.98936290897666e-13,"MVD"
2.58072194995879e-17,0.546849830437898,0.853,0.617,5.3423525086097e-13,"PDCD5"
2.60427546161469e-17,1.04072349702313,0.36,0.104,5.39111063308857e-13,"APOO"
2.67898541746835e-17,1.09071212155331,0.404,0.138,5.54576771270123e-13,"ANAPC10"
2.6867578598025e-17,0.524911588716081,0.865,0.653,5.56185744557715e-13,"AP3S1"
2.70420025714215e-17,0.931236518085738,0.406,0.138,5.59796495230996e-13,"ELMO1"
2.7102365139883e-17,1.91401279265065,0.268,0.046,5.61046060760719e-13,"YARS2"
2.8831022180343e-17,0.951742197095192,0.295,0.061,5.9683099015528e-13,"SPHK2"
2.97914714565652e-17,0.469176605476686,0.492,0.196,6.16713250622356e-13,"STK25"
3.02693337724552e-17,0.90575777261925,0.366,0.107,6.26605478423595e-13,"C1orf174"
3.04528561821469e-17,1.48137416000732,0.292,0.061,6.30404575826623e-13,"RPUSD1"
3.16106302226689e-17,0.68655935907445,0.603,0.294,6.54371656239469e-13,"FRG1"
3.1709566245617e-17,1.773531840329,0.295,0.064,6.56419730850518e-13,"PITPNA-AS1"
3.23339770660862e-17,1.33902707259002,0.325,0.083,6.6934565924505e-13,"ICE1"
3.24585355418685e-17,0.693652031429194,0.532,0.233,6.71924144252219e-13,"LETMD1"
3.29070743875329e-17,0.766579948964421,0.53,0.23,6.81209346896319e-13,"SRPK1"
3.33905950354309e-17,0.495425608165932,0.845,0.617,6.91218707828456e-13,"UBXN1"
3.44448709598833e-17,0.999354980638952,0.324,0.08,7.13043273740544e-13,"CCDC22"
3.48993979455676e-17,0.651797763507883,0.525,0.224,7.22452436871195e-13,"EIF2B4"
3.50298564715018e-17,1.61223778668414,0.258,0.04,7.25153058816558e-13,"RP11-977G19.11"
3.53386196294817e-17,0.749680507146077,0.602,0.307,7.31544764949902e-13,"GCLC"
3.58666417921701e-17,0.632022209244137,0.693,0.414,7.42475351739712e-13,"SNHG7"
3.63320412031988e-17,0.654073947715502,0.688,0.399,7.52109584947418e-13,"LSM8"
3.87079370090659e-17,0.812697034965611,0.439,0.166,8.01293004024674e-13,"SMARCD2"
3.89808400764934e-17,0.689015155077809,0.621,0.334,8.0694237042349e-13,"PIH1D1"
3.9960581798781e-17,1.72194767717728,0.291,0.064,8.27224003816566e-13,"HEATR1"
4.02112535716234e-17,1.67530914903686,0.275,0.052,8.32413160186175e-13,"TTF1"
4.03238919960364e-17,1.62936299846972,0.275,0.052,8.34744888209949e-13,"NDC1"
4.05983030352579e-17,1.16630100589472,0.403,0.138,8.40425471132873e-13,"RAB24"
4.07420819945104e-17,0.854635660832967,0.474,0.187,8.43401839368361e-13,"GEMIN7"
4.30520636122247e-17,0.682189448962665,0.524,0.215,8.91220768836664e-13,"FAM127B"
4.32114287380776e-17,1.3342727637252,0.359,0.107,8.94519786306945e-13,"ZNF639"
4.33545263145896e-17,0.688247240938546,0.544,0.242,8.97482049238319e-13,"RING1"
4.34449148086072e-17,2.4070323356615,0.297,0.077,8.99353181452978e-13,"LMNB1"
4.44384981334759e-17,0.939209529887901,0.292,0.061,9.19921349861085e-13,"SYNRG"
4.51650730347408e-17,0.705559555758693,0.476,0.19,9.34962176892169e-13,"ENTPD3-AS1"
4.74904239440559e-17,0.772167449532494,0.547,0.252,9.83099266065901e-13,"RRP15"
4.79075476020165e-17,0.714456694109115,0.751,0.475,9.91734142909345e-13,"RNF114"
4.80876661322718e-17,0.945718722273635,0.499,0.209,9.95462776604158e-13,"COPS2"
4.90736334170093e-17,0.94073980268233,0.518,0.23,1.01587328536551e-12,"RTCA"
4.95267881998089e-17,-2.19632792743728,0.238,0.39,1.02525404252424e-12,"MBL2"
5.07923577732909e-17,0.609368291910747,0.752,0.469,1.05145259826489e-12,"MRPL43"
5.17920220501187e-17,0.988903624957137,0.316,0.077,1.07214664845951e-12,"HMGXB3"
5.30475199667636e-17,0.806338588040718,0.338,0.089,1.09813671083197e-12,"MAD2L1BP"
5.31604542672672e-17,0.595632510692502,0.855,0.629,1.1004745637867e-12,"NDUFA12"
5.37291736334146e-17,1.03564117602028,0.355,0.104,1.11224762338532e-12,"ZC3H3"
5.43559067435024e-17,0.83680084778724,0.392,0.126,1.12522162549724e-12,"UBR5"
5.57761340891625e-17,0.742255851764287,0.73,0.454,1.15462175177975e-12,"SSNA1"
5.71087022857507e-17,1.25697244210706,0.336,0.089,1.18220724601733e-12,"TFIP11"
5.74842190623214e-17,0.721630221348129,0.668,0.368,1.18998081880912e-12,"VBP1"
5.80254992904119e-17,1.01856233298353,0.341,0.092,1.20118586081082e-12,"KAT7"
5.86807512013265e-17,-1.55456618216236,0.544,0.613,1.21475023061866e-12,"RBP5"
5.90506472805123e-17,1.17838657449948,0.353,0.101,1.22240744935388e-12,"DHDDS"
5.94309156170469e-17,0.632035724973645,0.623,0.325,1.23027938418849e-12,"FAM103A1"
5.9493511371549e-17,0.947652910182279,0.346,0.098,1.23157517890244e-12,"ACD"
5.99479161264356e-17,0.966721703701781,0.43,0.16,1.24098181173334e-12,"HRAS"
6.01930875055602e-17,0.945368608601986,0.511,0.227,1.2460571044526e-12,"ARL3"
6.04604355416051e-17,0.484987056627496,0.875,0.684,1.25159147614677e-12,"TOMM20"
6.19618453573247e-17,0.441176508686641,0.615,0.313,1.28267216074198e-12,"VAMP3"
6.3049194133491e-17,0.547715002002385,0.641,0.322,1.3051813677574e-12,"SERPINB6"
6.45835841989475e-17,0.455210975349831,0.876,0.69,1.33694477650241e-12,"UXT"
6.58547601949669e-17,1.64695062142873,0.277,0.055,1.36325939079601e-12,"UQCC1"
6.64936174140417e-17,0.864817317174036,0.53,0.233,1.37648437408808e-12,"ZNF277"
6.67770057574591e-17,0.468108201593366,0.506,0.209,1.38235079618516e-12,"TOM1"
6.69459555931869e-17,0.524065490907662,0.755,0.475,1.38584822673456e-12,"BAX"
7.06207154729482e-17,-2.0755581967731,0.285,0.433,1.4619194310055e-12,"BHLHE40"
7.15833072779617e-17,0.764672586460656,0.472,0.193,1.48184604396109e-12,"THAP7"
7.29660567000267e-17,0.776481170776729,0.507,0.218,1.51047033974725e-12,"BCL2L12"
7.46171240685315e-17,1.15804228244162,0.352,0.107,1.54464908534267e-12,"FARS2"
7.55288611159294e-17,0.416040280192694,0.571,0.267,1.56352295396085e-12,"DDX27"
7.68165915221814e-17,0.78041477320207,0.622,0.319,1.59018026110068e-12,"DRAM2"
8.09202603232034e-17,-2.34106436112929,0.187,0.344,1.67513030895063e-12,"MBNL3"
8.11287292923265e-17,0.922836681078369,0.54,0.252,1.67944582508045e-12,"GTPBP6"
8.22010175777828e-17,0.75005362128044,0.559,0.255,1.70164326487768e-12,"SYS1"
8.6933199166422e-17,2.26610509638953,0.262,0.049,1.7996041559441e-12,"MCM4"
8.84604054372166e-17,0.993480826232748,0.451,0.181,1.83121885295582e-12,"MRPS9"
9.05491775805732e-17,0.642508309167264,0.64,0.356,1.87445852509545e-12,"PPA2"
9.22811527587627e-17,0.690796707263853,0.729,0.436,1.91031214325915e-12,"CHCHD1"
9.49239179632566e-17,0.665577879319625,0.61,0.328,1.96502002575737e-12,"SMIM12"
1.0004589945735e-16,0.414660599649451,0.93,0.788,2.0710501646666e-12,"ARPC3"
1.02888499416359e-16,0.869059524808074,0.425,0.156,2.12989482641806e-12,"RITA1"
1.04669869569648e-16,0.850435001707966,0.52,0.23,2.16677096996129e-12,"FLAD1"
1.07370965511867e-16,0.775037879535687,0.586,0.298,2.22268635706116e-12,"SEC14L2"
1.16236907440832e-16,-1.70068250925692,0.452,0.543,2.40622022093267e-12,"ZNF281"
1.17993558876736e-16,0.852126646451611,0.558,0.267,2.44258466230731e-12,"CTNNBIP1"
1.18081431724724e-16,0.783228506592524,0.432,0.166,2.44440371813351e-12,"ARFRP1"
1.20323625482461e-16,0.382300083628292,0.344,0.098,2.49081937111242e-12,"MED1"
1.23229766656105e-16,1.37095330638992,0.342,0.098,2.55097939954803e-12,"HDAC5"
1.25294320574584e-16,1.42192249107745,0.265,0.049,2.59371773021446e-12,"UBE2O"
1.33095776109122e-16,0.56885425278086,0.774,0.518,2.75521566123493e-12,"PSMD14"
1.33621665641054e-16,0.83175755371341,0.363,0.107,2.76610210043545e-12,"UBL4A"
1.34680637677678e-16,0.644999350213856,0.479,0.196,2.7880238805656e-12,"JUP"
1.37913620099641e-16,1.16098462752989,0.263,0.046,2.85494984968267e-12,"RELN"
1.43127294649608e-16,-1.2173876383936,0.67,0.672,2.96287812654153e-12,"LSR"
1.43253442688903e-16,0.859322405015267,0.499,0.215,2.96548951710298e-12,"SMIM10L1"
1.43673779623366e-16,-2.55123538108755,0.126,0.273,2.97419091198330e-12,"SLC17A2"
1.49748715203848e-16,0.858689349805546,0.592,0.298,3.09994815343486e-12,"PSMG3"
1.50610300570518e-16,0.439999156691924,0.762,0.475,3.11778383211028e-12,"PAICS"
1.66047440591466e-16,-0.947247498964723,0.692,0.736,3.43734806768395e-12,"CTSZ"
1.66435513289916e-16,-1.46329208501171,0.57,0.617,3.44538156061456e-12,"H1F0"
1.70422181536929e-16,1.06280988344005,0.292,0.064,3.52790957999596e-12,"WDR3"
1.74294355496039e-16,1.45234842735431,0.292,0.064,3.60806745312351e-12,"METTL13"
1.74329149204029e-16,0.665443109223447,0.489,0.206,3.60878771767261e-12,"CAMK1"
1.75044464448116e-16,1.24196192313005,0.294,0.067,3.62359545854046e-12,"SLC35G2"
1.79560945247186e-16,1.23629561081641,0.266,0.049,3.71709112756199e-12,"RP11-421L21.3"
1.81506897477635e-16,0.478256931573889,0.566,0.282,3.75737428468451e-12,"ODC1"
1.8183926365915e-16,0.902682643122896,0.302,0.074,3.76425459700806e-12,"KDM1A"
1.93450915351586e-16,-2.95089511538494,0.122,0.27,4.00462739869319e-12,"PLAUR"
1.95286406799634e-16,1.37640059805167,0.315,0.08,4.04262390715922e-12,"AAR2"
2.05751522196119e-16,0.586479057430419,0.631,0.331,4.25926226098186e-12,"C1orf122"
2.15493051337364e-16,-0.959299149650154,0.685,0.706,4.46092165573477e-12,"BRI3"
2.2025776667889e-16,0.775957827595808,0.434,0.163,4.5595560280197e-12,"WDR6"
2.23568331086293e-16,0.426270675275031,0.563,0.255,4.62808802181735e-12,"PIGR"
2.26765712627645e-16,0.865315510608807,0.359,0.107,4.69427701710488e-12,"EXOSC10"
2.27019145029337e-16,0.845715323380047,0.398,0.138,4.69952332125231e-12,"KCNJ8"
2.35483478069741e-16,1.14249211088206,0.366,0.113,4.8747434795217e-12,"WBSCR27"
2.38916689187647e-16,0.446516411896224,0.91,0.752,4.94581438287347e-12,"TIMM13"
2.39904989764805e-16,-2.08912500879865,0.277,0.417,4.96627319312123e-12,"C16orf72"
2.60054645025295e-16,0.590169839571919,0.396,0.132,5.38339120666864e-12,"RNF8"
2.66985178268e-16,0.543896564417081,0.734,0.454,5.52686017532586e-12,"PQBP1"
2.80717100028096e-16,0.965800283767278,0.372,0.123,5.81112468768161e-12,"SEC22C"
2.95601198666428e-16,0.830250857017805,0.28,0.058,6.11924041359373e-12,"TNFRSF21"
2.98073595975457e-16,0.680545476315942,0.526,0.236,6.17042151028793e-12,"TCEB3"
3.06563507114586e-16,0.528594554708266,0.461,0.184,6.34617116077904e-12,"RDH14"
3.13676506477541e-16,0.836270915479376,0.55,0.276,6.49341736059157e-12,"DIAPH1"
3.17332086794166e-16,1.32172576612784,0.345,0.104,6.56909152872604e-12,"SEC22A"
3.19643109148268e-16,0.863523003837493,0.419,0.16,6.6169320024783e-12,"IKBKG"
3.20099795557307e-16,1.02514546197164,0.316,0.083,6.62638586783182e-12,"HES6"
3.38083696021043e-16,0.698767932198457,0.454,0.178,6.99867059133161e-12,"NSUN2"
3.43612439566532e-16,0.891694226401806,0.439,0.169,7.11312111146677e-12,"TRAF7"
3.43818776398212e-16,2.19292998252778,0.254,0.046,7.11739249021939e-12,"TIPIN"
3.44305840212597e-16,0.535502086458065,0.655,0.344,7.12747519824098e-12,"C7orf50"
3.53990729268237e-16,0.439845007889754,0.811,0.592,7.32796208658177e-12,"ATF4"
3.54237525485563e-16,1.3289679235479,0.25,0.043,7.33307101507664e-12,"RGS16"
3.5451018636323e-16,0.530201692534657,0.768,0.515,7.33871536790523e-12,"RBMX"
3.57701623924621e-16,0.629937352815488,0.417,0.156,7.40478131686359e-12,"EIF2B2"
3.58720433075425e-16,1.53910682352286,0.281,0.061,7.42587168509438e-12,"ASRGL1"
3.61337569347721e-16,0.590608589276456,0.461,0.181,7.48004902306717e-12,"DMAP1"
3.66158368561348e-16,1.13560680092257,0.326,0.092,7.57984438758847e-12,"TGS1"
3.66861282112141e-16,0.593396091033314,0.426,0.156,7.59439540100343e-12,"MANBAL"
3.66932440261912e-16,1.38420695046045,0.271,0.055,7.59586844586184e-12,"PPOX"
3.7274969142995e-16,-2.58980809181906,0.127,0.27,7.71629136229140e-12,"HPS5"
3.79502770793464e-16,0.619073351074839,0.441,0.169,7.8560868581955e-12,"CHERP"
3.85351043533026e-16,1.24676063841018,0.366,0.12,7.97715195217716e-12,"WDR70"
3.90317074061727e-16,1.05181092262377,0.306,0.08,8.0799537501518e-12,"HEMK1"
3.93701089359236e-16,0.702034351618384,0.627,0.347,8.15000625082554e-12,"PSMD9"
3.93994525375401e-16,0.694115073558038,0.415,0.147,8.15608066979618e-12,"RMND5B"
3.97575436502893e-16,0.829281063753416,0.463,0.193,8.23020911104638e-12,"GPD1"
3.97973627023447e-16,0.469202580791672,0.477,0.196,8.23845205301237e-12,"PRMT2"
4.01930323699561e-16,2.00470793373641,0.255,0.046,8.32035963090462e-12,"XRCC4"
4.02156320678072e-16,1.15639107595715,0.307,0.077,8.32503799435677e-12,"ADORA2A-AS1"
4.02810249131443e-16,-2.04846754301439,0.239,0.387,8.33857496727001e-12,"SLC30A10"
4.30480066761751e-16,0.807047748730342,0.492,0.209,8.911367862035e-12,"PLGRKT"
4.3388818543132e-16,1.2760906786268,0.299,0.071,8.98191932661376e-12,"TMEM150C"
4.42324851909854e-16,0.684228863738076,0.707,0.411,9.1565667593859e-12,"DPYS"
4.42855471027773e-16,0.686533267936867,0.711,0.42,9.16755110574593e-12,"PPIC"
4.59970503025758e-16,0.431584798287066,0.386,0.126,9.52184938313622e-12,"NF1"
4.97002444515067e-16,0.726047073434672,0.623,0.35,1.02884476039064e-11,"PSMD1"
5.10971999236098e-16,-1.51030539411272,0.512,0.592,1.05776313561865e-11,"SLC40A1"
5.1922489401435e-16,0.263016460145135,0.791,0.518,1.07484745309911e-11,"HLA-DQB1"
5.19284695565587e-16,0.585226341937693,0.666,0.383,1.07497124829032e-11,"NTMT1"
5.21377665855661e-16,0.528162172140345,0.635,0.35,1.0793039060878e-11,"NOP58"
5.26377229379158e-16,1.28667280441152,0.331,0.098,1.08965350253779e-11,"ADA"
5.28348127030994e-16,1.00077092977558,0.367,0.117,1.09373345776686e-11,"MAVS"
5.48384238552293e-16,0.673298257882978,0.517,0.233,1.1352102122271e-11,"PRPF38A"
5.50625606658965e-16,0.61197961083643,0.416,0.153,1.13985006834472e-11,"HTRA2"
5.55895045716118e-16,0.579537758152451,0.588,0.288,1.15075833413694e-11,"WDR74"
5.71078666792463e-16,0.713695304834721,0.386,0.129,1.18218994812708e-11,"GALK2"
5.88437086307085e-16,1.35893261572087,0.314,0.086,1.2181236123643e-11,"MUL1"
6.02704344334678e-16,1.21561572295328,0.289,0.067,1.24765826320722e-11,"LMCD1"
6.11548608689349e-16,0.615274421621065,0.414,0.15,1.26596677484782e-11,"GTF2F2"
6.22219239467694e-16,-2.66101875536517,0.129,0.276,1.28805604762207e-11,"GZMK"
6.51587907971973e-16,0.357362820610102,0.941,0.816,1.34885212829278e-11,"ZFAND5"
6.52921733853062e-16,0.337930076418422,0.962,0.85,1.35161328124922e-11,"POMP"
6.62709066324039e-16,1.13919933446063,0.297,0.074,1.37187403819739e-11,"FBXO45"
6.72993306070771e-16,0.534479256310328,0.508,0.221,1.3931634428971e-11,"TRABD"
6.94724513508445e-16,0.892705299903534,0.297,0.074,1.43814921541383e-11,"TOPBP1"
7.13816496347025e-16,0.824949634322472,0.399,0.138,1.47767152908798e-11,"KIAA0141"
7.14113560674669e-16,1.65327261674412,0.266,0.055,1.47828648195263e-11,"DHX8"
7.21535107331504e-16,0.842579189158385,0.507,0.224,1.49364982568695e-11,"DHRSX"
7.28105786076386e-16,0.755392083472524,0.398,0.141,1.50725178775673e-11,"IQSEC1"
7.37249196737278e-16,0.476667529094972,0.519,0.233,1.52617956216584e-11,"CHD4"
7.41994408279432e-16,1.15801519357464,0.376,0.123,1.53600262457925e-11,"ZNF576"
7.49632310664769e-16,1.50770851063722,0.295,0.074,1.55181384630714e-11,"MUTYH"
7.49781580644002e-16,1.25867136781055,0.3,0.074,1.55212285009115e-11,"E4F1"
7.5217965337674e-16,1.40409743750386,0.289,0.071,1.55708710045519e-11,"FAM175A"
7.68618178343579e-16,0.46763982551803,0.814,0.598,1.59111649098904e-11,"UQCRFS1"
7.68804454158263e-16,-2.17298360636747,0.271,0.405,1.59150210055302e-11,"KLF11"
7.90800833965022e-16,0.438112417122601,0.48,0.206,1.63703680639099e-11,"M6PR"
7.95005765236145e-16,1.24847405039891,0.357,0.113,1.64574143461534e-11,"C18orf21"
8.10024596504185e-16,0.56790817997318,0.677,0.383,1.67683191722331e-11,"BTF3L4"
8.50737022169507e-16,0.964879227449646,0.289,0.071,1.7611107095931e-11,"NSMCE3"
8.87746437854848e-16,0.966877594880656,0.39,0.135,1.83772390100332e-11,"USP5"
9.09333433889996e-16,1.04538554716262,0.302,0.074,1.88241114149568e-11,"RAP1GDS1"
9.29362595334097e-16,0.468017021354195,0.472,0.193,1.92387350860111e-11,"PBRM1"
9.41510006327941e-16,1.11595237101497,0.362,0.117,1.94901986409947e-11,"ABCB7"
9.50292930601924e-16,-2.65218029021115,0.173,0.316,1.96720139563904e-11,"WHSC1L1"
9.56211386672309e-16,-1.75026716815833,0.417,0.512,1.97945319155035e-11,"RAB6A"
9.57209202514997e-16,0.543432397665637,0.676,0.433,1.98151877012629e-11,"SIAH2"
1.0017680505256e-15,0.457765316382018,0.934,0.742,2.07376004139305e-11,"CTSA"
1.02073728145923e-15,0.448087081067075,0.495,0.215,2.11302824634876e-11,"AFG3L2"
1.0374283863175e-15,1.00344739940847,0.295,0.077,2.14758050251586e-11,"MGME1"
1.06516104011413e-15,0.608998382252437,0.579,0.294,2.20498986914026e-11,"PMPCA"
1.0744562750846e-15,0.755045611393827,0.534,0.261,2.22423193505264e-11,"FEZ2"
1.08073569683514e-15,-1.4222645021209,0.659,0.675,2.23723096601842e-11,"A2M"
1.08986977446843e-15,0.591544652467632,0.489,0.206,2.2561394201271e-11,"CSNK2A1"
1.12473349241415e-15,0.854570135431566,0.475,0.199,2.32831080264654e-11,"PPP1R35"
1.12978139693055e-15,1.36060156884298,0.275,0.061,2.33876046978593e-11,"RP11-620J15.3"
1.13033268296419e-15,0.84907445698299,0.42,0.16,2.33990168700418e-11,"PYCR2"
1.16141090283392e-15,-0.577363816460535,0.851,0.816,2.4042367099565e-11,"NENF"
1.17691774204743e-15,0.707559514207197,0.437,0.175,2.43633741781238e-11,"RIC8A"
1.20541101546128e-15,0.494975038428234,0.921,0.755,2.49532134310641e-11,"SF3B6"
1.20651967615446e-15,1.87637220096724,0.263,0.055,2.49761638160735e-11,"PRPF4"
1.21037951533561e-15,0.69948156331872,0.452,0.181,2.50560663469624e-11,"ACTR1A"
1.28830794625569e-15,1.32352292754844,0.312,0.086,2.6669262795439e-11,"TBL1X"
1.29904790235158e-15,0.276462621555638,0.99,0.936,2.68915906265801e-11,"ATP5G2"
1.32727207884891e-15,0.960577550167346,0.458,0.193,2.74758593042512e-11,"UBA5"
1.34477704741282e-15,-2.64777945162688,0.165,0.313,2.78382296584928e-11,"TRBC2"
1.42120041035199e-15,-2.24450854070359,0.239,0.383,2.94202696946965e-11,"GK"
1.42469704297092e-15,1.14003107235014,0.286,0.071,2.9492653486541e-11,"NUP155"
1.47421244630827e-15,0.5895971261896,0.678,0.402,3.05176718510276e-11,"SEC61A1"
1.57300155329947e-15,1.02448425735602,0.337,0.098,3.25627051548522e-11,"MCAT"
1.5768526952923e-15,0.643917881195946,0.593,0.304,3.26424276452458e-11,"BRMS1"
1.59597951336464e-15,-1.94670753902453,0.394,0.509,3.30383719061613e-11,"SGK1"
1.62585056058066e-15,0.99956058648877,0.393,0.144,3.36567324545801e-11,"MYO9B"
1.6323131883791e-15,-1.17363964602061,0.557,0.607,3.37905153126357e-11,"MAOB"
1.65720341277874e-15,0.353480664738437,0.408,0.147,3.43057678479326e-11,"PCYT1A"
1.65939165445124e-15,-1.67995835663818,0.389,0.5,3.4351066638795e-11,"GPT"
1.67489452220079e-15,-1.0954957619632,0.656,0.681,3.46719915040786e-11,"FKBP5"
1.68652881957169e-15,1.17772127679952,0.394,0.144,3.49128330939536e-11,"NUP37"
1.70806202055714e-15,0.764665954717202,0.382,0.129,3.53585918875534e-11,"TRNAU1AP"
1.77448898419094e-15,1.58789295496693,0.28,0.067,3.67336964617366e-11,"AGAP3"
1.85597424601767e-15,0.785411029196827,0.424,0.16,3.84205228668119e-11,"LLGL2"
1.9505282531348e-15,0.396118084989899,0.865,0.693,4.03778853681436e-11,"PSMB5"
1.97398457277458e-15,1.31152617565212,0.289,0.071,4.08634546410067e-11,"DDX28"
1.98409006552226e-15,1.06001280828381,0.307,0.08,4.10726484463762e-11,"SPSB2"
1.98438851459685e-15,0.478780968215057,0.658,0.368,4.10788266406694e-11,"SLC39A1"
1.99402720647213e-15,-2.08585205934308,0.302,0.436,4.12783572011796e-11,"FOSL2"
2.00081408466696e-15,0.363192507478223,0.754,0.472,4.14188523666907e-11,"PYURF"
2.04149245379916e-15,0.802361087162893,0.462,0.19,4.22609352860964e-11,"GGPS1"
2.04611346411875e-15,-1.74490054246064,0.388,0.494,4.23565948207222e-11,"MUT"
2.07807662011924e-15,0.721771203435864,0.444,0.175,4.30182641130884e-11,"PDHX"
2.15312917173744e-15,0.741279313758919,0.608,0.325,4.45719269841367e-11,"RRAGA"
2.16527587499467e-15,0.498784874347629,0.861,0.598,4.48233758882646e-11,"CBX3"
2.18311085216102e-15,-2.72919929591231,0.208,0.353,4.51925777505852e-11,"MAFF"
2.21922935759807e-15,0.49734546202364,0.925,0.767,4.59402669316376e-11,"CYP27A1"
2.26900122404415e-15,0.406588073782388,0.888,0.77,4.69705943389379e-11,"KTN1"
2.39756379855503e-15,-1.92975254325043,0.383,0.497,4.96319681938877e-11,"FAM133B"
2.4388567398151e-15,0.942315192895294,0.341,0.104,5.04867733709124e-11,"GPATCH3"
2.44832904992661e-15,-2.64969591312136,0.166,0.31,5.06828596625308e-11,"F9"
2.49189092516591e-15,1.82848419785767,0.268,0.061,5.15846340418595e-11,"THOC5"
2.66470630076509e-15,1.43438597205169,0.314,0.092,5.51620851321382e-11,"NEK4"
2.78104182455785e-15,0.917434337907334,0.257,0.049,5.75703468101722e-11,"AMN"
2.89494153298494e-15,-1.77573032459143,0.331,0.463,5.99281846743213e-11,"ITIH4"
2.89573262606963e-15,0.689952344533248,0.379,0.132,5.99445610922674e-11,"RNF113A"
3.02890793250445e-15,0.773433680515291,0.266,0.055,6.27014231107746e-11,"ZHX2"
3.04048369174313e-15,0.995380745375178,0.336,0.104,6.29410529027745e-11,"TRIM47"
3.08801446402212e-15,0.502471122360192,0.644,0.359,6.39249874197218e-11,"TSG101"
3.16592136343143e-15,0.824853218425474,0.494,0.233,6.55377381443941e-11,"LARP1"
3.18459755222696e-15,0.521415697199896,0.508,0.224,6.59243539286503e-11,"NAP1L4"
3.22325352257731e-15,0.843091642252483,0.559,0.282,6.67245711708728e-11,"SNX4"
3.28091158933043e-15,-0.788490955575199,0.855,0.801,6.79181508107292e-11,"SULT2A1"
3.3492762319112e-15,-0.502375852070261,0.933,0.883,6.93333672767938e-11,"SCP2"
3.38581065530524e-15,1.09551720554304,0.257,0.052,7.00896663754737e-11,"DHX40"
3.40756267842282e-15,0.886867119464771,0.392,0.141,7.05399550060307e-11,"RNF26"
3.42488971016189e-15,0.802379979527118,0.488,0.221,7.08986418900614e-11,"PRCC"
3.52906783903983e-15,0.381782817755233,0.932,0.77,7.30552333359635e-11,"HNRNPC"
3.57475093492556e-15,0.817876907009803,0.446,0.19,7.4000919103894e-11,"FBXO22"
3.62929770485382e-15,1.50915672294113,0.26,0.055,7.5130091788179e-11,"SLC25A22"
3.65080499277667e-15,1.44855623867209,0.302,0.083,7.55753141554698e-11,"NARS2"
3.73456369049911e-15,-1.59183880596262,0.421,0.528,7.73092029570221e-11,"TSPYL1"
3.79383908713522e-15,0.438568202218495,0.875,0.641,7.85362629427861e-11,"CNN3"
3.84459228902175e-15,0.925002433121314,0.5,0.23,7.95869049750392e-11,"HPS1"
3.93079224472044e-15,0.584525147962354,0.382,0.132,8.13713302579579e-11,"VARS"
3.97374186618621e-15,0.530623346089956,0.472,0.196,8.22604303719207e-11,"CFAP97"
3.97429512323691e-15,0.905563502261549,0.289,0.071,8.22718833461273e-11,"ZNF580"
3.99301751864598e-15,0.57894031622049,0.483,0.209,8.26594556534905e-11,"PELO"
4.03694634889263e-15,0.659862261110022,0.47,0.199,8.35688263684264e-11,"TMOD3"
4.04023511209686e-15,0.449045204035655,0.868,0.644,8.36369070555171e-11,"EBP"
4.2693133141457e-15,0.690928045087472,0.649,0.359,8.83790549161301e-11,"PFKL"
4.35372542715335e-15,0.654122868293025,0.483,0.206,9.01264700675016e-11,"MYL6B"
4.37473109344423e-15,0.735902499209925,0.542,0.264,9.05613083653890e-11,"CPPED1"
4.39565154023137e-15,-1.9197295132622,0.372,0.475,9.09943825343297e-11,"SEC23A"
4.45731866520445e-15,0.685579749725088,0.471,0.206,9.22709536883973e-11,"LONP1"
4.49352661441123e-15,0.906971527589701,0.387,0.141,9.3020494444927e-11,"EDEM2"
4.66391914776729e-15,0.508212012430782,0.567,0.27,9.65477902779307e-11,"GSTM4"
4.71659275814048e-15,0.704013176012162,0.343,0.11,9.76381866862661e-11,"DTNBP1"
4.94274160258945e-15,0.609856287254934,0.334,0.101,1.02319693915204e-10,"OXSM"
4.94707132742818e-15,0.82894110148282,0.368,0.129,1.02409323549091e-10,"FADD"
4.9495656190377e-15,0.375188789956399,0.361,0.123,1.024609578797e-10,"TBC1D9B"
5.11305614011127e-15,1.11104373992458,0.317,0.092,1.05845375156443e-10,"WRAP73"
5.19371737954423e-15,0.62010269809761,0.574,0.291,1.07515143473945e-10,"SMIM1"
5.20270439824224e-15,0.453037301363515,0.848,0.626,1.07701183748013e-10,"TCEA3"
5.27185242811452e-15,1.02575244626713,0.303,0.083,1.09132617114399e-10,"FAM83D"
5.3342960211726e-15,0.421489855250421,0.764,0.515,1.10425261934294e-10,"RPS19BP1"
5.39145718651285e-15,0.746013094330293,0.516,0.239,1.11608555218003e-10,"APOPT1"
5.41677629153955e-15,0.467977755883159,0.401,0.147,1.1213268601116e-10,"MSI2"
5.51359823084528e-15,-2.06806171041802,0.258,0.393,1.14136996976728e-10,"OPN3"
5.79376732411184e-15,0.954084395666296,0.259,0.055,1.19936777376439e-10,"BAK1"
5.96332311780727e-15,0.834131113982236,0.346,0.11,1.23446751861728e-10,"SLC25A17"
6.00346925828974e-15,-1.63504305906543,0.362,0.488,1.24277817115856e-10,"CFHR5"
6.13492010649505e-15,0.322283652838042,0.984,0.899,1.26998981124554e-10,"ATP5J2"
6.26808159648334e-15,0.925257724382565,0.376,0.132,1.29755557128802e-10,"PEX14"
6.29688146988409e-15,0.998503970822804,0.262,0.055,1.30351743308071e-10,"ARL13B"
6.40305595407768e-15,1.32598141743766,0.279,0.071,1.32549661305362e-10,"GRK6"
6.50501628533093e-15,0.543543629800679,0.734,0.479,1.34660342122636e-10,"SRP72"
6.53752998565749e-15,0.533962050221484,0.638,0.35,1.35333408233096e-10,"MRPL16"
6.91986002461149e-15,0.944916101699348,0.296,0.08,1.43248022369482e-10,"TIMM21"
6.97715910949978e-15,0.91971558210146,0.354,0.12,1.44434170725755e-10,"TXLNA"
7.25620210750959e-15,0.709874436075563,0.499,0.23,1.50210639827556e-10,"FOXA2"
7.40778692613724e-15,-1.13306209185419,0.672,0.653,1.53348597157967e-10,"HIGD1A"
7.43474909786286e-15,0.701908005664535,0.552,0.267,1.53906741074859e-10,"PWP1"
7.46797032312135e-15,0.768078364552379,0.469,0.206,1.54594453658935e-10,"PIGF"
7.49583597358181e-15,-2.21528245375324,0.217,0.359,1.55171300489117e-10,"CPT1A"
7.53011743604048e-15,0.756520292147785,0.555,0.27,1.55880961043474e-10,"RP11-295G20.2"
7.64706917694221e-15,1.06315691576253,0.275,0.067,1.58301979031881e-10,"PRR5"
7.71041271328831e-15,0.641695061964383,0.514,0.239,1.59613253577781e-10,"WDR43"
7.91977736475357e-15,-1.74724654354286,0.388,0.494,1.63947311227764e-10,"ARL4A"
7.93814790378846e-15,0.805342021300249,0.495,0.221,1.64327599756325e-10,"PPARA"
7.96339302339817e-15,1.13734127134328,0.332,0.107,1.64850198977366e-10,"RRNAD1"
8.42133700151829e-15,1.13522020772873,0.339,0.11,1.7433009726843e-10,"ZNF626"
8.46923985322458e-15,0.291035928988298,0.322,0.092,1.75321734201602e-10,"AKAP8"
9.3895549229481e-15,0.581436889610066,0.675,0.399,1.94373176459949e-10,"SRP19"
9.43929487919309e-15,0.253341806917277,0.409,0.144,1.95402843294176e-10,"MAGEA6"
9.68595037386628e-15,-0.370898723314323,1,1,2.00508858689406e-10,"MALAT1"
9.82691384040725e-15,0.673585642729047,0.58,0.301,2.0342694341027e-10,"TTPA"
9.88001583619944e-15,1.1260504123092,0.307,0.086,2.04526207825165e-10,"DPH6"
9.98365046212626e-15,1.31920556291902,0.346,0.117,2.06671548216476e-10,"RFC2"
9.99368241528828e-15,0.635471223872317,0.341,0.107,2.06879219678883e-10,"XPC"
1.01853379916033e-14,0.720195831238703,0.562,0.285,2.10846681764181e-10,"NAE1"
1.03130302689031e-14,0.446492688297693,0.93,0.791,2.13490039596563e-10,"PDIA3"
1.03627255244295e-14,0.262977774913492,0.913,0.721,2.14518781081215e-10,"HMGN1"
1.09548843604612e-14,-1.21725044254399,0.679,0.699,2.26777061145906e-10,"CTSL"
1.11331587729627e-14,-1.18161133945142,0.625,0.635,2.304675197591e-10,"ACADM"
1.11433075597455e-14,0.5161417711717,0.633,0.35,2.30677609794292e-10,"MVP"
1.12060534316798e-14,0.709775037699398,0.405,0.153,2.31976512089203e-10,"ZYG11B"
1.12104676533679e-14,0.816177993645514,0.401,0.153,2.32067890892369e-10,"INO80E"
1.12130912783002e-14,-1.93007781836788,0.3,0.433,2.32122202552092e-10,"DCTN6"
1.13931618588065e-14,0.9568596136759,0.417,0.163,2.35849843639154e-10,"FOXRED1"
1.16665563404797e-14,0.903627923238066,0.343,0.113,2.4150938280427e-10,"EMC1"
1.18622993389777e-14,0.860477965365748,0.396,0.15,2.45561458616177e-10,"INO80C"
1.18849832020047e-14,-1.08435516541565,0.616,0.656,2.460310372647e-10,"HAO1"
1.20826016934561e-14,1.21331758083273,0.299,0.083,2.50121937656236e-10,"COG2"
1.27361587026067e-14,0.66623221497549,0.291,0.077,2.63651221302662e-10,"TRMT10A"
1.32025836735933e-14,0.586991245862608,0.536,0.255,2.73306684627056e-10,"PYM1"
1.32565322754581e-14,0.51533977467313,0.792,0.525,2.74423474634258e-10,"TRAPPC2L"
1.38487855795095e-14,0.608480041274032,0.649,0.38,2.86683710281426e-10,"SNTB1"
1.40007807592441e-14,0.443664850494253,0.344,0.113,2.89830162497111e-10,"DNAJC11"
1.4003051289124e-14,0.710450250158457,0.409,0.16,2.89877164736156e-10,"SNAP47"
1.40481047052254e-14,-2.15241075218939,0.246,0.383,2.9080981550287e-10,"AES"
1.40842478403891e-14,0.714607387238641,0.472,0.202,2.91558014543895e-10,"ACOT8"
1.4884897932253e-14,0.616725035305504,0.34,0.107,3.0813227209557e-10,"VPS16"
1.50973135749949e-14,0.29249808833786,0.405,0.15,3.12529488315969e-10,"ZNF770"
1.52144375428447e-14,0.632798381123905,0.458,0.193,3.14954071574428e-10,"SOWAHC"
1.5927910764521e-14,1.11438428221074,0.278,0.071,3.29723680736349e-10,"HIRIP3"
1.59328403276056e-14,0.663961277483372,0.441,0.184,3.29825727621763e-10,"PGPEP1"
1.65414931798004e-14,0.703763968606879,0.393,0.147,3.42425450315049e-10,"RTP3"
1.72385886035041e-14,0.410504767957959,0.471,0.206,3.56856022681139e-10,"NXT1"
1.73457908265072e-14,0.572558786779253,0.625,0.34,3.59075215899526e-10,"HSBP1L1"
1.74674828290104e-14,-0.745134644408728,0.823,0.782,3.61594362043343e-10,"REEP6"
1.77880208403326e-14,0.747920873077101,0.523,0.255,3.68229819415726e-10,"TRIP6"
1.78705364487737e-14,0.913339817196569,0.309,0.089,3.69937975026065e-10,"SLC25A53"
1.79500288463638e-14,0.405545473677909,0.469,0.202,3.71583547148577e-10,"SDR39U1"
1.87533958699948e-14,0.44308218069296,0.766,0.5,3.88214047904763e-10,"RAB11A"
1.98401586518774e-14,0.612914091234426,0.457,0.19,4.10711124252515e-10,"RNF14"
2.02908505928349e-14,0.733827906393401,0.385,0.141,4.20040898122276e-10,"C2orf74"
2.09822117835814e-14,0.802074658588946,0.494,0.227,4.34352766131919e-10,"TTC37"
2.16217872407897e-14,0.585955187044852,0.438,0.178,4.47592617671588e-10,"CHTF8"
2.20963695713818e-14,0.630197349973493,0.326,0.101,4.57416946497175e-10,"TAZ"
2.21135910933499e-14,0.615271351397916,0.47,0.206,4.57773449223435e-10,"ITGA6"
2.26570994023263e-14,0.416903790503353,0.572,0.285,4.69024614727557e-10,"COPG1"
2.33445767414523e-14,0.623274715780907,0.57,0.294,4.83256083124804e-10,"PKIG"
2.37009083729616e-14,0.45438060908569,0.419,0.16,4.90632504228677e-10,"PPP1R8"
2.38456397290101e-14,0.648362062432376,0.468,0.209,4.93628588030239e-10,"HDAC3"
2.39468134536816e-14,0.858517636387627,0.3,0.083,4.95722985304663e-10,"RBM28"
2.39734849495435e-14,-1.25028908361102,0.573,0.61,4.962751119405e-10,"UGT3A1"
2.40883643431121e-14,0.55413399216965,0.641,0.377,4.98653230266763e-10,"TMX2"
2.4132456952202e-14,-2.33965785402394,0.301,0.417,4.99565991367534e-10,"SLC20A1"
2.50071171322721e-14,0.770012088985671,0.419,0.172,5.17672331755165e-10,"SCLY"
2.58028162069023e-14,0.67641420527742,0.391,0.144,5.34144098299086e-10,"ASF1A"
2.58934428298072e-14,0.325820715735149,0.261,0.058,5.36020160019838e-10,"TLK2"
2.66779169304451e-14,0.643399676791746,0.41,0.16,5.52259558377143e-10,"RWDD4"
2.71995195756349e-14,1.04615935501072,0.289,0.077,5.63057254735219e-10,"MFN1"
2.72901775831092e-14,1.36030036226963,0.251,0.055,5.64933966147944e-10,"ZNF226"
2.80478922136891e-14,0.754747877533096,0.363,0.129,5.80619416715577e-10,"ZZZ3"
2.85279690709514e-14,-1.39998466379293,0.564,0.623,5.90557487737764e-10,"TNFAIP3"
2.86244815598897e-14,0.524448643370313,0.554,0.273,5.92555392771277e-10,"SNAPIN"
3.10431121088549e-14,0.779809365000883,0.37,0.129,6.42623463765405e-10,"CRNKL1"
3.10928002866344e-14,0.976480365208195,0.33,0.107,6.43652058733618e-10,"CSTF1"
3.14589652315757e-14,0.86549675934864,0.354,0.123,6.51232039258849e-10,"SGK2"
3.18464012110195e-14,-1.34191204336158,0.483,0.561,6.59252351469315e-10,"AAMDC"
3.27533112859873e-14,0.405083311691026,0.559,0.279,6.78026296931224e-10,"ATG101"
3.28494256823701e-14,-1.72906812661815,0.392,0.494,6.80015961050744e-10,"TSHZ2"
3.36087131539558e-14,0.845675169589346,0.374,0.141,6.95733971000038e-10,"CTNNAL1"
3.44857302298829e-14,-2.28647707187399,0.206,0.344,7.13889101488807e-10,"ARHGAP5"
3.48193963259077e-14,0.593041237606959,0.675,0.38,7.20796323342616e-10,"MRPS18A"
3.50944056765763e-14,0.495111666679762,0.609,0.347,7.26489291910806e-10,"SNRNP25"
3.54114951488609e-14,0.576181919160865,0.716,0.515,7.33053361076569e-10,"EIF3A"
3.71890204295837e-14,1.11432516699907,0.269,0.064,7.69849911912812e-10,"NUP93"
3.7514486036581e-14,0.856454696227261,0.355,0.123,7.76587375443264e-10,"ANKRD29"
3.78175902163254e-14,0.612962751132986,0.512,0.242,7.82861935068151e-10,"KLF15"
3.81035081378654e-14,0.438947516964254,0.854,0.595,7.88780721961952e-10,"ESD"
3.83074983793484e-14,-2.07537858746583,0.172,0.316,7.93003523950891e-10,"LST1"
3.83799012147428e-14,0.539301061922945,0.531,0.261,7.94502335046391e-10,"C11orf1"
3.93900139472031e-14,1.19444649635191,0.301,0.089,8.15412678721052e-10,"RALGAPB"
3.95160407781588e-14,0.473926750346961,0.524,0.248,8.18021560148665e-10,"TSR2"
3.98271102902652e-14,0.629212233644367,0.42,0.166,8.2446101011878e-10,"KPNA3"
4.40758043437512e-14,1.0317291768275,0.363,0.129,9.12413225719994e-10,"TRAPPC13"
4.44948651347471e-14,0.54795581566657,0.57,0.316,9.210882031544e-10,"MGAT4B"
4.53962067587438e-14,-1.97865687821919,0.232,0.371,9.39746876112756e-10,"CHIC2"
4.54496135184681e-14,0.569394264479762,0.699,0.426,9.40852449445809e-10,"NUTF2"
4.58348182282577e-14,-0.464065500325707,0.91,0.84,9.48826572143163e-10,"PRDX3"
4.59318438127488e-14,1.00378247147536,0.256,0.058,9.50835098767712e-10,"TRMT13"
4.65454078067805e-14,0.424454220005191,0.841,0.693,9.63536487008164e-10,"SRSF2"
4.66514312184935e-14,0.730001025295545,0.288,0.08,9.65731277654035e-10,"C5orf51"
4.71709019449849e-14,0.510478004084301,0.445,0.19,9.76484841163133e-10,"CDK11B"
4.80403596430318e-14,0.559977999812913,0.468,0.209,9.94483484970401e-10,"CCAR1"
4.94880667308054e-14,1.21406592714863,0.27,0.071,1.0244524693944e-09,"TMEM186"
4.99671371456805e-14,0.663497223321763,0.374,0.135,1.03436970605273e-09,"SLC35A4"
5.04757682809326e-14,0.669857041171376,0.468,0.206,1.04489887918359e-09,"NUBP1"
5.30458842977064e-14,1.06294008041988,0.297,0.083,1.09810285084682e-09,"SOX12"
5.3682844337026e-14,1.00705356708272,0.28,0.074,1.11128856062077e-09,"PRAF2"
5.38758598327435e-14,-2.02783716306215,0.293,0.414,1.11528417439762e-09,"DEXI"
5.50862594420516e-14,-1.88125173139721,0.446,0.528,1.14034065670991e-09,"IFRD1"
5.53543548378722e-14,0.287799945063836,0.848,0.663,1.14589049949879e-09,"YWHAZ"
5.67291802368251e-14,-2.72135024490495,0.131,0.267,1.17435076008252e-09,"TRBC1"
6.02601829793623e-14,0.52763768462692,0.396,0.153,1.24744604785578e-09,"SIRT5"
6.05925849587633e-14,0.55213443632556,0.399,0.153,1.25432710123136e-09,"GPR89A"
6.20353755985166e-14,0.46633593976662,0.412,0.163,1.28419431026489e-09,"BDP1"
6.52052461143765e-14,0.589064861713882,0.465,0.199,1.34981379981371e-09,"LAMA5-AS1"
6.5448435201583e-14,0.734142749280835,0.362,0.129,1.35484805710797e-09,"AGO2"
6.56578942818058e-14,0.608475877422811,0.639,0.371,1.35918406952766e-09,"MPG"
6.96677547446797e-14,0.897587432261934,0.398,0.156,1.44219219096961e-09,"ZNF33A"
7.19893315904142e-14,0.563418724856869,0.61,0.328,1.49025115325316e-09,"MCUR1"
7.25364367283065e-14,0.622311338380792,0.498,0.224,1.50157677671267e-09,"CD2BP2"
7.41158628195507e-14,1.09674436051855,0.333,0.11,1.53427247622752e-09,"PCBD2"
7.49534301387706e-14,0.547160214515271,0.722,0.497,1.55161095730269e-09,"SURF1"
7.51087285466188e-14,0.513123660040035,0.506,0.233,1.55482578964356e-09,"ST3GAL6"
7.51356579163163e-14,-2.62863813642813,0.129,0.261,1.55538325452566e-09,"PLK3"
7.85155510494587e-14,0.960624377868697,0.42,0.175,1.62535042227484e-09,"ORC4"
7.87816615937635e-14,0.409225831262096,0.874,0.65,1.6308591766525e-09,"NDUFC1"
8.02715912586681e-14,0.532744867543043,0.383,0.147,1.66170221064569e-09,"DNAJC30"
8.14387107918387e-14,0.387732687760759,0.955,0.834,1.68586275210185e-09,"NDUFA11"
8.16849655551137e-14,1.62453404915446,0.255,0.061,1.69096047195641e-09,"MTHFD1L"
8.16912465797551e-14,-1.08144089938198,0.635,0.663,1.69109049544751e-09,"ATP1A1"
8.22636253600829e-14,0.524461174091462,0.86,0.617,1.70293930857908e-09,"GDI2"
8.25957990021125e-14,0.356463893438051,0.531,0.258,1.70981563514273e-09,"EGLN2"
8.34646704102294e-14,0.720582367510628,0.344,0.12,1.72780214216216e-09,"DUSP22"
8.35135545396863e-14,-1.2232906215127,0.544,0.586,1.72881409252605e-09,"MYO1B"
8.44522520378014e-14,0.364734591680026,0.906,0.727,1.74824606943453e-09,"PSMA1"
8.45791151677372e-14,0.303964701031016,0.359,0.126,1.75087226308733e-09,"POLR3E"
8.68433279891781e-14,0.524554048128261,0.773,0.512,1.79774373270398e-09,"CWC15"
8.71821028303786e-14,1.33190874829567,0.254,0.058,1.80475671069167e-09,"RPS6KA1"
8.82527249996047e-14,0.698869966826651,0.368,0.138,1.82691966021682e-09,"DBP"
8.94497071096714e-14,0.943096739176655,0.293,0.086,1.85169838687731e-09,"TMEM55A"
9.08610050307166e-14,0.902165324846332,0.309,0.095,1.88091366514087e-09,"CAMK2G"
9.16802931367504e-14,0.38574843715263,0.636,0.356,1.89787374822387e-09,"ARPP19"
9.17581774898751e-14,0.826344395722256,0.311,0.095,1.89948603221791e-09,"PRPF3"
9.3529035376819e-14,0.815162100351995,0.537,0.27,1.93614456133553e-09,"COQ5"
9.53544325484998e-14,0.552038262575371,0.73,0.482,1.97393210818650e-09,"SIL1"
9.55860263409002e-14,1.06943274208571,0.376,0.147,1.97872633128298e-09,"C12orf65"
9.59580492817265e-14,0.730423623530775,0.346,0.117,1.98642757818102e-09,"AGXT2"
9.80448787680972e-14,1.12326642609579,0.307,0.095,2.02962703537838e-09,"CIZ1"
9.91869238235825e-14,0.618709596149816,0.524,0.261,2.05326851007198e-09,"PLEC"
9.98271228068308e-14,-2.15821038293541,0.29,0.42,2.0665212692242e-09,"RP11-138A9.2"
1.01345825068319e-13,0.713011711755897,0.419,0.172,2.09795992473927e-09,"RUFY1"
1.013584132075e-13,0.547094344792705,0.594,0.307,2.09822051180845e-09,"PPP1R7"
1.03991411594107e-13,0.481241631167873,0.7,0.426,2.15272621140961e-09,"SHISA5"
1.05917959051902e-13,0.380551980929501,0.571,0.304,2.19260767033342e-09,"RNF139"
1.07937265006438e-13,1.30269733917277,0.303,0.095,2.23440932289828e-09,"PRKCZ"
1.08186410773692e-13,0.518290505238268,0.447,0.187,2.2395668894262e-09,"CDS2"
1.08706237479139e-13,0.5422104743913,0.646,0.374,2.25032782205565e-09,"BCKDK"
1.08824643065056e-13,0.431784218846685,0.539,0.261,2.25277893608972e-09,"ATF6B"
1.0898218711239e-13,0.624603419097537,0.618,0.362,2.25604025541359e-09,"AHCYL1"
1.0908232847302e-13,0.719129482371719,0.346,0.12,2.25811328171999e-09,"ENTPD6"
1.11844182026105e-13,-0.303393386794973,0.959,0.966,2.31528641212239e-09,"NEAT1"
1.14660237261476e-13,0.610256052688715,0.311,0.095,2.37358157154981e-09,"GSK3A"
1.20203260607927e-13,1.13957197806958,0.326,0.107,2.4883276978447e-09,"ZNF672"
1.2025040654172e-13,0.675916141297139,0.358,0.126,2.48930366582015e-09,"TXLNG"
1.21407699356996e-13,1.00390869225628,0.284,0.08,2.51326078438918e-09,"TBC1D22A"
1.22653053715012e-13,0.442899785398373,0.751,0.488,2.53904086495446e-09,"CLPTM1"
1.25012795948699e-13,0.448974945104857,0.448,0.187,2.58788988893401e-09,"ASCC2"
1.2513206867001e-13,0.486095077809765,0.608,0.331,2.59035895353788e-09,"EMC6"
1.27860118438827e-13,0.94742278097743,0.382,0.147,2.64683231180216e-09,"PRPS2"
1.2983697987339e-13,0.447988227011713,0.641,0.371,2.68775532035904e-09,"RNPS1"
1.29898654413763e-13,1.09631341183918,0.271,0.071,2.6890320450193e-09,"FAM208A"
1.33272726015059e-13,0.2573574166896,0.985,0.933,2.75887870123773e-09,"HSPA8"
1.33537263052727e-13,0.930730001495904,0.357,0.129,2.76435488245451e-09,"POLR1C"
1.34279841269921e-13,0.486790407473926,0.747,0.488,2.77972699412864e-09,"PMF1"
1.3820049848476e-13,0.385418110153694,0.36,0.132,2.86088851913301e-09,"PIGX"
1.40834365131738e-13,0.483607249102143,0.371,0.135,2.91541219259211e-09,"GPN2"
1.41471286621499e-13,0.52708011056298,0.707,0.445,2.92859710435166e-09,"POLE4"
1.48756050195072e-13,0.505784923161712,0.507,0.242,3.07939899508819e-09,"TMEM69"
1.53823345166428e-13,-2.46747443822439,0.15,0.285,3.18429706829023e-09,"LCP1"
1.62802937413233e-13,0.886700934006287,0.457,0.209,3.37018360739133e-09,"COPS4"
1.65394571143622e-13,0.546657685839505,0.386,0.147,3.42383301724412e-09,"DNAJC12"
1.68170077938591e-13,0.485408860904245,0.714,0.46,3.48128878340678e-09,"HNRNPAB"
1.70044490339393e-13,0.885969239872512,0.327,0.11,3.52009099451577e-09,"EEFSEC"
1.74310651240515e-13,0.782867685397681,0.46,0.209,3.60840479132990e-09,"SVBP"
1.75077872155765e-13,-1.80974313597654,0.237,0.371,3.62428703149648e-09,"MSRA"
1.82077757201653e-13,0.658099250886295,0.291,0.083,3.76919165183142e-09,"STX18"
1.83513362571785e-13,0.363177720231333,0.92,0.745,3.79891011859853e-09,"ERP29"
1.89428821722153e-13,-0.578988645835954,0.892,0.837,3.92136603847029e-09,"BLOC1S1"
1.8969281885551e-13,0.958955777100956,0.348,0.126,3.92683104312792e-09,"MTSS1L"
1.91400042835818e-13,0.594031418184045,0.368,0.135,3.96217228674426e-09,"DVL3"
1.97391316822134e-13,0.657892365627255,0.441,0.187,4.08619764953501e-09,"BFAR"
1.99580667511266e-13,-0.891728145379908,0.678,0.684,4.13151939815071e-09,"HEBP2"
2.03208341017674e-13,0.379544131131254,0.821,0.58,4.20661586740687e-09,"NDUFV1"
2.07355685902486e-13,0.316619121420859,0.424,0.169,4.29247005386736e-09,"LYSMD2"
2.0847704633277e-13,0.34785252549123,0.425,0.172,4.31568333613467e-09,"NUDT8"
2.18210662213568e-13,0.689063773885182,0.296,0.089,4.51717891848308e-09,"WDR36"
2.18927045929057e-13,0.466813193888648,0.407,0.169,4.53200877777741e-09,"VGLL4"
2.2930502120771e-13,0.756462882196524,0.371,0.138,4.7468432440208e-09,"LENG1"
2.33798774567225e-13,0.927036919389856,0.263,0.067,4.83986843231612e-09,"FAM114A2"
2.4058364707028e-13,1.00399158981403,0.315,0.101,4.98032207800186e-09,"UTP3"
2.44387378316103e-13,0.654934955852735,0.295,0.089,5.05906311852165e-09,"SLC23A2"
2.46979419645001e-13,0.93011938534868,0.322,0.107,5.11272096607116e-09,"XPNPEP2"
2.5374400755886e-13,0.899459433352109,0.251,0.061,5.25275470047595e-09,"TRIM69"
2.54872458109714e-13,0.869149899427183,0.327,0.113,5.27611475532918e-09,"DDX19B"
2.57833417835847e-13,1.14158438491952,0.279,0.08,5.33740958261988e-09,"ANO10"
2.57957141292065e-13,-1.62954075219149,0.479,0.546,5.33997078188704e-09,"HLA-F"
2.60585994277831e-13,0.763593571602518,0.311,0.098,5.39439066754538e-09,"CLDND2"
2.64975378427637e-13,0.831846133944569,0.278,0.077,5.48525530883051e-09,"DENND2D"
2.69439580535555e-13,0.496121394362995,0.418,0.172,5.57766875666653e-09,"NGDN"
2.69450709221795e-13,0.389067210640608,0.544,0.273,5.57789913160038e-09,"NSMCE4A"
2.74235107986418e-13,0.439045611815021,0.596,0.325,5.67694097042683e-09,"SRSF4"
2.76557526078339e-13,0.610642483042679,0.608,0.334,5.72501734734769e-09,"UROS"
2.79258024201266e-13,0.418623896947557,0.53,0.261,5.7809203589904e-09,"ZBTB38"
2.80204848042085e-13,1.01639016680777,0.34,0.12,5.80052055931919e-09,"DDX50"
2.81783850054358e-13,0.842072915365027,0.35,0.126,5.83320747997526e-09,"APTX"
2.84993958358425e-13,-3.82418254294022,0.235,0.365,5.89965993197776e-09,"CTGF"
2.88767516721203e-13,0.373402184078914,0.855,0.709,5.97777636364563e-09,"OSTC"
2.89041150823606e-13,0.502587199213361,0.532,0.261,5.98344086319947e-09,"LLPH"
2.9705189869635e-13,0.704734727775987,0.393,0.163,6.14927135491313e-09,"RAD1"
3.01733274952006e-13,0.78541391221018,0.286,0.08,6.24618052478147e-09,"TARS2"
3.02013134131917e-13,0.527933486395686,0.621,0.344,6.25197388966481e-09,"TM2D3"
3.06650099674476e-13,-2.46910943224642,0.132,0.264,6.34796371336132e-09,"GNE"
3.10178746922355e-13,0.436550308620992,0.728,0.445,6.42101024003967e-09,"EBPL"
3.17348031315681e-13,0.855198323458669,0.358,0.135,6.56942159626591e-09,"NDUFAF1"
3.18273290127908e-13,0.494184460187723,0.396,0.16,6.58857537893782e-09,"ZDHHC3"
3.25710483445188e-13,1.15910332959117,0.295,0.092,6.74253271779885e-09,"CAPN12"
3.3342871935374e-13,0.711019979863486,0.429,0.181,6.90230791934178e-09,"TP53I3"
3.39589293080312e-13,0.732257691079307,0.322,0.107,7.02983795605553e-09,"TMEM68"
3.44114077643235e-13,0.466901241782774,0.377,0.147,7.12350552129261e-09,"FEM1B"
3.58644498648802e-13,0.560445396061474,0.678,0.42,7.42429976652885e-09,"ABCF1"
3.61034161862394e-13,0.275139732103176,0.491,0.23,7.47376818471341e-09,"ZFPL1"
3.62103583980073e-13,0.417467902954635,0.471,0.212,7.4959062919715e-09,"ZNF330"
3.62677426665298e-13,0.622377806381886,0.335,0.117,7.50778540939833e-09,"ALG1"
3.65769478597088e-13,-1.81439385026492,0.248,0.38,7.57179397643832e-09,"PPP2R1B"
3.69105014904744e-13,0.740085566889777,0.363,0.138,7.64084291354310e-09,"GFM2"
3.70568620650403e-13,0.558845144382558,0.383,0.15,7.671141016084e-09,"ISY1"
3.73214112472373e-13,0.652929603018767,0.367,0.144,7.72590534229059e-09,"NOL12"
3.78225717637423e-13,0.47097869791469,0.784,0.567,7.8296505808123e-09,"LRPAP1"
3.81495185818673e-13,1.08666866541364,0.297,0.089,7.89733184163234e-09,"DEAF1"
3.86455750752239e-13,0.504486579093714,0.308,0.095,8.0000204963221e-09,"POGK"
3.93233721888499e-13,0.513788933062054,0.547,0.294,8.14033127681381e-09,"TMEM223"
4.189080054682e-13,-2.30875462320323,0.189,0.319,8.67181462119721e-09,"KISS1"
4.2894851392675e-13,0.800332185659566,0.291,0.086,8.87966318679765e-09,"CEP104"
4.30920736714527e-13,-1.96820603740766,0.394,0.479,8.92049017072742e-09,"NTAN1"
4.54038446402198e-13,0.55102175798957,0.507,0.245,9.39904987897189e-09,"LRRC58"
4.60117573312298e-13,0.662478912303742,0.383,0.15,9.52489388513789e-09,"PANK2"
4.65114674523188e-13,0.518706449460782,0.487,0.221,9.62833887730452e-09,"NECAB3"
4.75594696241429e-13,0.56897455578621,0.358,0.132,9.84528580689382e-09,"IFI27L1"
4.76152115155472e-13,-0.724848191446533,0.81,0.782,9.85682493583343e-09,"UBE2B"
4.92460440269789e-13,0.414830583852485,0.774,0.534,1.01944235740249e-08,"CRLS1"
4.94733525221889e-13,1.06874751320559,0.414,0.181,1.02414787056183e-08,"AGA"
4.9718567459856e-13,-2.08314432782524,0.303,0.411,1.02922406498648e-08,"ABCB4"
5.00063063622887e-13,1.15982191141933,0.256,0.067,1.03518054800574e-08,"KCNMB2-AS1"
5.05609115486662e-13,0.46057832745551,0.736,0.482,1.04666142996894e-08,"STRAP"
5.14844791183744e-13,0.465373513158816,0.471,0.218,1.06578020222947e-08,"RPA2"
5.19361460568321e-13,0.415087543704831,0.877,0.66,1.07513015952248e-08,"MTCH2"
5.21782710541479e-13,0.315950245259158,0.676,0.396,1.08014238909191e-08,"CD47"
5.28836715621297e-13,0.332253783254192,0.828,0.583,1.09474488500765e-08,"MAP3K13"
5.29840568030653e-13,-1.12011776576558,0.568,0.617,1.09682295988026e-08,"PROX1"
5.36972536603035e-13,0.575000977053806,0.257,0.067,1.11158684802194e-08,"LINC01023"
5.39136649528131e-13,0.573905948052346,0.339,0.12,1.11606677818818e-08,"MZT1"
5.75649404977349e-13,0.509549818301896,0.75,0.54,1.19165183324361e-08,"FBXW5"
5.82391031426029e-13,0.566614784700105,0.526,0.255,1.20560767415502e-08,"SUGT1"
5.94223593506887e-13,0.748214323407316,0.451,0.206,1.23010226091861e-08,"ENOSF1"
6.11477853140549e-13,0.411536575019616,0.672,0.399,1.26582030378625e-08,"ERGIC1"
6.11899319640504e-13,0.542969284202228,0.309,0.101,1.26669278158781e-08,"TRAF2"
6.19913486308036e-13,0.281406074728211,0.822,0.546,1.28328290800626e-08,"SLC22A18"
6.21078121029169e-13,0.399250295307507,0.872,0.696,1.28569381834248e-08,"MRPL52"
6.22687599671556e-13,0.505269625802009,0.73,0.482,1.28902560008009e-08,"KHDRBS1"
6.2933141724501e-13,0.552375890260949,0.489,0.233,1.30277896683889e-08,"TPRA1"
6.31855710081426e-13,0.538555989292453,0.672,0.399,1.30800450543956e-08,"MRPS10"
6.34779863600033e-13,1.32499649841392,0.27,0.077,1.31405779563843e-08,"SLC4A1AP"
6.36145138369186e-13,-0.337774344007051,0.992,0.972,1.31688405093805e-08,"MT-ND1"
6.36981492903237e-13,-2.11456228787818,0.209,0.34,1.31861538845899e-08,"ALDH8A1"
6.59119722378578e-13,0.531456852284474,0.666,0.411,1.36444373729589e-08,"CHST13"
6.62165507335447e-13,0.493809393133783,0.639,0.368,1.37074881673511e-08,"MRPL1"
6.73775442667692e-13,0.530788911455715,0.494,0.239,1.39478254386639e-08,"ATP6V1H"
6.87324671936117e-13,0.485142496124697,0.579,0.301,1.42283080337496e-08,"DHX29"
6.9102831872516e-13,0.629538804491445,0.326,0.11,1.43049772259295e-08,"SLC1A2"
7.10865972500954e-13,0.498017552426779,0.419,0.181,1.47156364967423e-08,"RPP30"
7.13628559170052e-13,0.645344066039585,0.273,0.077,1.47728248033792e-08,"TRMU"
7.37010390826749e-13,0.814429160684524,0.326,0.113,1.52568521005045e-08,"TMEM55B"
7.47822197979269e-13,-2.3074380437299,0.139,0.267,1.54806673203688e-08,"MGLL"
7.50763091900536e-13,0.966748116598233,0.335,0.117,1.5541546765433e-08,"TCTA"
7.54023262465754e-13,0.469033474597352,0.46,0.209,1.56090355563036e-08,"SRPK2"
7.54797721550369e-13,0.464110701626564,0.777,0.555,1.56250676338142e-08,"NDUFS3"
7.61016264164224e-13,0.411212136728134,0.626,0.344,1.57537976844636e-08,"SMIM15"
7.66683580480686e-13,0.300800460991313,0.475,0.215,1.58711167995307e-08,"QTRT1"
7.68699819357823e-13,0.807593071336983,0.401,0.166,1.59128549605263e-08,"CCBL2"
7.91103171686911e-13,0.282281150773899,0.362,0.132,1.63766267570908e-08,"P4HTM"
7.93035741916634e-13,0.564072823614681,0.478,0.227,1.64166328934162e-08,"TIMM44"
8.0449229193176e-13,0.301886144833261,0.379,0.147,1.66537949352794e-08,"LETM1"
8.10834411482583e-13,0.778747717959776,0.377,0.15,1.67850831521009e-08,"MRPS31"
8.15513593883249e-13,0.570162993434507,0.405,0.172,1.68819469069771e-08,"DEF8"
8.15525623150988e-13,0.563701378620496,0.54,0.282,1.68821959248486e-08,"TARS"
8.21268817580583e-13,0.919402002830275,0.348,0.132,1.70010857927356e-08,"NAGPA"
8.24277800768275e-13,1.12877542061801,0.33,0.12,1.70633747537041e-08,"EXOSC8"
8.26840977882364e-13,0.789037350689717,0.27,0.077,1.71164350831428e-08,"FEZ1"
8.36353444840209e-13,-0.686446033546097,0.833,0.807,1.73133526616372e-08,"GLTSCR2"
8.50114202283389e-13,0.395589760031271,0.535,0.264,1.75982141014684e-08,"PLEKHJ1"
8.82966911343296e-13,0.600071235426473,0.548,0.273,1.82782980317176e-08,"MPHOSPH6"
8.85977464565366e-13,0.539706648443347,0.676,0.42,1.83406194939676e-08,"WDR1"
8.894836189032e-13,0.60247922755324,0.327,0.113,1.84132003949151e-08,"SGF29"
8.9959855075876e-13,0.767523886156555,0.323,0.11,1.86225895992571e-08,"TSPAN17"
9.0272705425685e-13,0.389325886724439,0.877,0.684,1.86873527501711e-08,"ANAPC16"
9.13474629925669e-13,-1.44062837190376,0.597,0.607,1.89098383140913e-08,"GOT1"
9.48269144124582e-13,0.385036122794989,0.308,0.101,1.9630119552523e-08,"VEZF1"
9.56871143781777e-13,0.919121449837146,0.273,0.08,1.98081895474266e-08,"ZNF692"
9.88554897345879e-13,0.324349743460682,0.713,0.429,2.0464074929957e-08,"ZFAND6"
9.95835062658082e-13,0.276888628973683,0.99,0.929,2.0614781632085e-08,"COX6A1"
9.99073074905425e-13,0.659564090801081,0.432,0.19,2.06818117236172e-08,"CS"
1.01746009481409e-12,0.535212210828551,0.327,0.113,2.10624414227465e-08,"CPSF1"
1.02721580799508e-12,0.253603365371917,0.455,0.206,2.12643944413061e-08,"TDG"
1.02735551865191e-12,-2.03656107641589,0.333,0.439,2.12672865916132e-08,"PPP2R5C"
1.06241621226439e-12,0.838575650942106,0.3,0.095,2.19930780100852e-08,"FANCF"
1.07006983135094e-12,0.433733401637159,0.636,0.356,2.21515155787959e-08,"TAF11"
1.10330211247998e-12,0.285030419982305,0.739,0.479,2.2839457030448e-08,"AZIN1"
1.13957103215243e-12,0.443514661798351,0.541,0.273,2.35902599365875e-08,"PPHLN1"
1.1568208727339e-12,0.527770579313741,0.656,0.396,2.39473488864646e-08,"SMAP1"
1.16822663065561e-12,0.740748753507763,0.431,0.187,2.41834594812017e-08,"MITD1"
1.20099969059869e-12,-2.28710801875471,0.256,0.377,2.48618945950835e-08,"ZC3HAV1"
1.23705933837283e-12,0.424967300244372,0.842,0.629,2.56083653636559e-08,"RBX1"
1.30325435376542e-12,0.449435811994001,0.702,0.466,2.6978668377298e-08,"HACD3"
1.30462338053023e-12,-1.62788497553169,0.333,0.442,2.70070086003564e-08,"PPM1A"
1.32445922711964e-12,0.625795110451489,0.406,0.172,2.74176304606037e-08,"SART1"
1.35622226478981e-12,0.944244169811065,0.286,0.089,2.80751571034139e-08,"WARS2"
1.36661584385944e-12,0.292756694351039,0.841,0.635,2.82903145837342e-08,"MRPL18"
1.44974295769479e-12,0.26709515664403,0.35,0.129,3.00111289672398e-08,"SRRT"
1.45851623041504e-12,0.364746273062989,0.425,0.184,3.01927444858218e-08,"BZW2"
1.48758559288313e-12,0.763917869162847,0.284,0.086,3.07945093582736e-08,"PDLIM7"
1.51442354036992e-12,0.62352576986278,0.504,0.261,3.13500817091977e-08,"GRAMD1A"
1.5179749306477e-12,0.569400515687946,0.352,0.132,3.1423599039338e-08,"DHRS7B"
1.54006619069854e-12,0.374821925111189,0.53,0.264,3.18809102136505e-08,"TRIM27"
1.55817646193112e-12,1.06090014036271,0.283,0.086,3.22558109384362e-08,"METTL2B"
1.58071057630321e-12,0.434411348346013,0.548,0.282,3.27222896400528e-08,"UBA2"
1.61464229938094e-12,0.665020253832502,0.423,0.187,3.34247102394849e-08,"NIP7"
1.673152132933e-12,0.827601467320555,0.27,0.077,3.4635922303846e-08,"PPAT"
1.68205037242487e-12,0.429343355660051,0.669,0.417,3.48201247595672e-08,"PRPF40A"
1.73932944214308e-12,-2.189226732171,0.166,0.294,3.6005858781804e-08,"FBXO25"
1.76330386166932e-12,0.321220951717498,0.357,0.132,3.65021532404165e-08,"TMEM218"
1.79273539573373e-12,-1.44561031354321,0.379,0.479,3.71114154270839e-08,"ABCD3"
1.80072980787082e-12,0.513027815018612,0.443,0.199,3.72769077527338e-08,"PREB"
1.81437580372426e-12,0.701247859128187,0.256,0.067,3.75593935128959e-08,"ASB13"
1.8312386023631e-12,-0.507198110815611,0.824,0.816,3.79084703075186e-08,"CP"
1.91066529084737e-12,0.683156597332936,0.372,0.147,3.95526821858314e-08,"IMPACT"
1.93985949078533e-12,0.516512878510862,0.559,0.291,4.01570313187471e-08,"PHF14"
1.94265408516514e-12,0.648900990089158,0.453,0.209,4.02148822170035e-08,"USP8"
1.9496853474911e-12,-1.33982913339344,0.773,0.782,4.03604363784133e-08,"INSIG1"
1.95146526995156e-12,0.673453026740204,0.304,0.098,4.03972825532673e-08,"NARFL"
1.97524711188014e-12,-2.17630176513681,0.143,0.27,4.08895904630308e-08,"PDE3B"
1.97745488687733e-12,0.486053473649692,0.393,0.166,4.09352936132476e-08,"PTCD3"
2.02070241041764e-12,0.596443084951184,0.623,0.368,4.18305605980556e-08,"TPD52L1"
2.07570866678259e-12,0.451944854168678,0.369,0.144,4.29692451110665e-08,"THAP11"
2.07738732135192e-12,1.16304227817101,0.32,0.117,4.30039949393061e-08,"USP39"
2.11923617940706e-12,-0.699560758648123,0.725,0.709,4.38703081499055e-08,"A1CF"
2.15112883252628e-12,0.470807095365573,0.406,0.175,4.45305179621266e-08,"ILKAP"
2.1525328609571e-12,0.843228376609481,0.277,0.086,4.4559582754673e-08,"FUNDC1"
2.22295507215157e-12,0.622007311914293,0.493,0.242,4.60173929486097e-08,"NFYC"
2.22322899817786e-12,0.557927101077986,0.603,0.334,4.60230634912799e-08,"OGFR"
2.27933973923093e-12,0.610927482684301,0.418,0.184,4.71846119418196e-08,"DLGAP4"
2.29037665715901e-12,0.781005090147392,0.271,0.08,4.74130871798486e-08,"RAD17"
2.34152870058972e-12,0.688356466330985,0.363,0.144,4.84719856309078e-08,"RNF217"
2.44093953403257e-12,-1.47287055546643,0.386,0.482,5.05298892940082e-08,"C11orf54"
2.46109592425709e-12,0.355226701411917,0.594,0.322,5.0947146728046e-08,"HNRNPH3"
2.49765524756029e-12,-2.25171602936557,0.257,0.38,5.17039612797455e-08,"SERTAD1"
2.51619025961982e-12,-0.462690654835073,0.887,0.84,5.20876545643899e-08,"C19orf43"
2.52723279605032e-12,0.553654725333603,0.553,0.288,5.23162461110377e-08,"STAU2"
2.6017493189234e-12,0.602656551402986,0.521,0.258,5.38588126510333e-08,"TIPRL"
2.65662128523414e-12,0.870856658283243,0.268,0.08,5.49947172256319e-08,"SAMD1"
2.66107780905715e-12,0.611084977218446,0.346,0.132,5.50869717252921e-08,"MRS2"
2.69134156629895e-12,0.561869003519927,0.44,0.19,5.57134617639545e-08,"VSIG10"
2.6974239194764e-12,-1.70355823469168,0.392,0.472,5.5839372557081e-08,"AMDHD1"
2.71990604646691e-12,-1.15414338600309,0.687,0.681,5.63047750679116e-08,"FTCD"
2.74473463688419e-12,-1.8968289321596,0.241,0.365,5.68187517181395e-08,"STAT2"
2.75641614263697e-12,0.626972785547318,0.556,0.298,5.7060570568728e-08,"TBL1XR1"
2.80707254933743e-12,0.591140831551641,0.642,0.371,5.81092088438342e-08,"DPH3"
2.82553606793717e-12,0.515614462645478,0.5,0.239,5.84914221423674e-08,"ANAPC15"
2.82892024931668e-12,0.9387796239485,0.323,0.117,5.85614780811046e-08,"USP4"
2.83283039153404e-12,0.948781612515502,0.274,0.083,5.86424219351462e-08,"DNAJC13"
2.87045622168799e-12,0.533809502309254,0.427,0.19,5.94213142451632e-08,"LMO4"
2.88245219318453e-12,0.34274171696409,0.304,0.101,5.9669642851113e-08,"APOL3"
2.92437729689669e-12,0.941798278112689,0.301,0.101,6.05375344230584e-08,"FAM98A"
2.92465814605498e-12,-1.44047146890629,0.498,0.561,6.05433482814841e-08,"UGT2B10"
2.93741152449777e-12,-1.97171065567052,0.469,0.534,6.08073559686283e-08,"S100A11"
2.95279820936234e-12,0.655668638090234,0.3,0.098,6.11258757320099e-08,"CARS"
3.0108378094853e-12,0.83122013984509,0.284,0.089,6.23273534941552e-08,"PRKAB1"
3.05346684798668e-12,0.554183599671571,0.358,0.141,6.32098172201724e-08,"BCAR1"
3.16475856188911e-12,0.925014448738444,0.269,0.077,6.55136669896664e-08,"DIXDC1"
3.2774815000841e-12,0.501646941093967,0.481,0.239,6.78471445332409e-08,"IFT43"
3.36570881451159e-12,0.977119136423256,0.267,0.08,6.96735381692045e-08,"ZNF76"
3.40185787726355e-12,0.47209567562411,0.301,0.101,7.04218599172328e-08,"GOLGA8B"
3.49343780535362e-12,0.325817125931497,0.931,0.831,7.23176560086253e-08,"MZT2B"
3.51596514357916e-12,0.663551070420362,0.307,0.104,7.27839944372321e-08,"CHST15"
3.5465350534074e-12,0.336793135860445,0.465,0.215,7.34168221405865e-08,"DCAF10"
3.58113731774604e-12,-1.34031381430835,0.513,0.552,7.41331236146607e-08,"BPHL"
3.63404696665312e-12,0.3496173684278,0.819,0.65,7.52284062566862e-08,"HNRNPA0"
3.69634379859175e-12,0.617387467647542,0.302,0.098,7.65180129746477e-08,"RRP1B"
3.69727090852651e-12,-0.476749590938744,0.935,0.874,7.65372050774073e-08,"RPS27L"
3.69838352112151e-12,0.548086735099786,0.278,0.089,7.65602372707365e-08,"SMC2"
3.73558571967567e-12,0.529659511461711,0.508,0.258,7.7330359983006e-08,"IMPA2"
3.85513184812235e-12,0.646012040286752,0.439,0.206,7.98050843879808e-08,"CBX5"
3.90981819273203e-12,0.55448194737392,0.482,0.236,8.09371464077457e-08,"LRRC28"
3.97416798037216e-12,0.43520263600244,0.502,0.245,8.22692513616842e-08,"OXR1"
4.03764618983169e-12,0.502895687842103,0.341,0.126,8.35833137757058e-08,"LSG1"
4.09632266012872e-12,0.52840095643784,0.441,0.202,8.47979753873246e-08,"TRIM28"
4.24085480490318e-12,-2.01452981068544,0.276,0.393,8.77899353163007e-08,"TMPRSS6"
4.2580647348619e-12,0.614233333544333,0.562,0.304,8.81461980763762e-08,"MRPL48"
4.30406905330871e-12,0.431365052033149,0.388,0.156,8.90985334725437e-08,"ATP6V0A1"
4.31219267894539e-12,-0.474725680820698,0.949,0.905,8.92667006468485e-08,"LAPTM4A"
4.38123029708626e-12,0.308568099547318,0.678,0.411,9.06958483799827e-08,"RNF13"
4.41798605113282e-12,0.384159691349559,0.554,0.298,9.14567292445006e-08,"MIR4435-2HG"
4.41997774544857e-12,0.65712939671831,0.34,0.129,9.14979593085308e-08,"CCHCR1"
4.50271209489728e-12,0.904100995275829,0.314,0.107,9.32106430764686e-08,"DPP3"
4.52829268365121e-12,0.846481780546209,0.284,0.089,9.37401868442636e-08,"DOLK"
4.6574839570618e-12,0.619928294500009,0.329,0.126,9.64145753951364e-08,"IDH3A"
4.81624644213945e-12,0.535964380237234,0.338,0.126,9.97011175987287e-08,"C19orf52"
4.82109650355714e-12,0.333060029767496,0.537,0.273,9.98015187201364e-08,"ILF3"
4.91049129374e-12,0.61279932725154,0.592,0.34,1.01652080271712e-07,"C5orf24"
5.14995371472418e-12,0.590470640775218,0.436,0.196,1.06609191848505e-07,"CC2D1A"
5.27083962737799e-12,0.344276541229144,0.752,0.5,1.09111651126352e-07,"ZSCAN16-AS1"
5.28068844325376e-12,0.952069647741189,0.264,0.077,1.09315531463796e-07,"PCBP4"
5.39706163808166e-12,0.788690295722709,0.28,0.089,1.11724572969928e-07,"SLC25A43"
5.43971068588192e-12,0.367682321760966,0.72,0.46,1.12607450908442e-07,"MRPL2"
5.651348374552e-12,0.846507332779145,0.31,0.107,1.16988562701601e-07,"RNF44"
5.95563485950679e-12,-2.45247714735906,0.147,0.27,1.2328759722665e-07,"SYNPO"
6.02584146505412e-12,0.452242009904627,0.285,0.089,1.24740944168085e-07,"CTB-50L17.10"
6.32463638633868e-12,0.305172754483168,0.762,0.528,1.30926297833597e-07,"TAX1BP1"
6.43799748436484e-12,-1.6318691134375,0.29,0.405,1.33272985923837e-07,"RNF103"
6.53449255074689e-12,-2.56721646347731,0.233,0.356,1.35270530293011e-07,"ICAM1"
6.63479791985664e-12,0.790751424882957,0.405,0.181,1.37346951738952e-07,"MRPL49"
7.25119013035275e-12,0.655276864604585,0.315,0.113,1.50106886888432e-07,"NR1D1"
7.48371108452643e-12,0.425996887646258,0.461,0.221,1.54920303160782e-07,"PEA15"
7.79947658081679e-12,0.30410816383088,0.997,0.933,1.61456964699488e-07,"USMG5"
8.02417134747373e-12,0.629194180070661,0.306,0.107,1.66108371064054e-07,"PRKRIP1"
8.0459341171184e-12,-1.52954753297794,0.414,0.491,1.66558882158468e-07,"MARC2"
8.25404328713047e-12,0.355531032389797,0.829,0.626,1.70866950086888e-07,"C14orf166"
8.40192441826727e-12,0.465542535121064,0.398,0.172,1.73928237382551e-07,"CENPB"
8.42057180639493e-12,-2.76610352677996,0.237,0.362,1.74314256964182e-07,"GSTP1"
8.45270361407483e-12,0.40477578242185,0.822,0.561,1.74979417514963e-07,"IER3IP1"
8.46727251281642e-12,-1.34369331227074,0.517,0.564,1.75281008287813e-07,"KLF10"
8.49252309822904e-12,0.612312068073969,0.372,0.15,1.75803720656439e-07,"MCRS1"
8.55456566469629e-12,0.66857412545174,0.336,0.129,1.77088063824878e-07,"IARS"
8.59712916364044e-12,0.396502660876539,0.646,0.368,1.77969170816521e-07,"SS18L2"
8.65862659086169e-12,0.323891799732298,0.965,0.834,1.79242229057428e-07,"ITIH3"
8.7502110015095e-12,0.465052313568773,0.612,0.353,1.81138117942248e-07,"VPS35"
8.75170750747591e-12,0.40866123619645,0.4,0.172,1.81169097112259e-07,"TBL3"
8.86657592390883e-12,0.545534659663462,0.368,0.15,1.83546988200837e-07,"THAP9-AS1"
8.98013078085084e-12,0.559018713708908,0.551,0.31,1.85897687294393e-07,"ILVBL"
9.0490884687812e-12,0.528645441148207,0.557,0.291,1.8732518039224e-07,"RP11-345J4.5"
9.11154203005534e-12,0.466953963576463,0.663,0.408,1.88618031564176e-07,"ORMDL3"
9.20026919531228e-12,0.664403046197251,0.339,0.129,1.9045477261216e-07,"BCS1L"
9.21166883554265e-12,0.557166695361132,0.287,0.095,1.90690756564568e-07,"SUGP1"
9.31833655831303e-12,0.259798923234056,0.854,0.656,1.92898885093638e-07,"AKR1A1"
9.36311965729682e-12,0.693933780051237,0.387,0.163,1.93825940025701e-07,"WASH1"
9.3716931592249e-12,0.78026710870641,0.332,0.126,1.94003420089115e-07,"ZCCHC7"
9.39580758576443e-12,0.683512741281305,0.336,0.126,1.94502612832909e-07,"ING2"
9.50233634875089e-12,0.368661293470387,0.582,0.328,1.96707864755492e-07,"DHX36"
9.56323980584065e-12,0.363454520742732,0.416,0.178,1.97968627220707e-07,"UBE2G2"
1.00418341714095e-11,0.687521107437082,0.302,0.107,2.07876009182349e-07,"RP11-386G11.10"
1.03361942116085e-11,0.933188373160613,0.27,0.083,2.13969556374508e-07,"PALM3"
1.03370106563941e-11,-2.00015283291739,0.148,0.27,2.13986457598014e-07,"ERLIN2"
1.04554342741882e-11,0.698365482519227,0.258,0.077,2.16437944909969e-07,"SLC19A1"
1.05122985301564e-11,0.490884163090375,0.621,0.371,2.17615091872767e-07,"EIF4H"
1.05953804527837e-11,0.460828009163882,0.721,0.466,2.19334970753076e-07,"BUB3"
1.0638377785343e-11,0.35269566808692,0.888,0.699,2.20225058534386e-07,"PFDN2"
1.07919910974331e-11,0.339743278909316,0.349,0.138,2.23405007707962e-07,"CLK3"
1.12377738444886e-11,-1.74364330273861,0.45,0.506,2.32633156354758e-07,"IRS2"
1.14893758037658e-11,-0.867734974622099,0.73,0.69,2.37841568513756e-07,"YWHAE"
1.1500476670499e-11,1.05657726535345,0.293,0.104,2.38071367556e-07,"KANSL1"
1.16405713245301e-11,-0.543801866383364,0.925,0.883,2.40971466989097e-07,"PSAP"
1.16605613061564e-11,0.394307995863333,0.496,0.242,2.41385279598743e-07,"TMEM57"
1.18948151165666e-11,0.410019412382999,0.689,0.42,2.46234567728046e-07,"ARPC4"
1.25114472407189e-11,-0.482895025366032,0.879,0.822,2.58999469330122e-07,"DSTN"
1.26806229718314e-11,0.439666621545227,0.41,0.181,2.62501576139882e-07,"AIFM2"
1.28657369630553e-11,-2.4807547489122,0.157,0.276,2.66333620872207e-07,"MAF"
1.34733429114814e-11,0.461197012697011,0.43,0.199,2.78911671610576e-07,"RNF220"
1.38235683939394e-11,-0.487554191954922,0.992,0.985,2.8616168932294e-07,"RPL17"
1.39072053587302e-11,0.716628304165041,0.34,0.132,2.87893058131073e-07,"OGFOD2"
1.39603729589236e-11,0.697343375863345,0.281,0.092,2.88993680622677e-07,"C12orf43"
1.42597402494239e-11,0.473077795413457,0.363,0.15,2.95190882903325e-07,"PKIB"
1.45015530619889e-11,0.464832334920522,0.678,0.42,3.00196649936233e-07,"GID8"
1.4560151023313e-11,0.855713596114283,0.324,0.123,3.01409686333602e-07,"MNAT1"
1.48968876304045e-11,0.502333619168181,0.357,0.144,3.08380470837004e-07,"NUP62"
1.49039511344017e-11,0.419536840484467,0.653,0.377,3.08526692433249e-07,"TSEN34"
1.54471535008564e-11,0.507833629403807,0.508,0.258,3.19771524621229e-07,"MED29"
1.56700814889651e-11,0.408848755422362,0.404,0.172,3.24386356903066e-07,"PPP5C"
1.58494829966477e-11,0.750105306703994,0.326,0.12,3.28100147513605e-07,"MARS"
1.6729520245234e-11,-2.53664379247097,0.188,0.304,3.46317798596588e-07,"OLFM2"
1.71701145926459e-11,0.319795869160811,0.809,0.601,3.55438542182363e-07,"TMEM256"
1.73085473991198e-11,0.256611191334363,0.557,0.291,3.58304239709179e-07,"UBE2E1"
1.74184017513603e-11,0.672926665673748,0.324,0.123,3.60578334654909e-07,"TMEM5"
1.78228115438921e-11,0.453215285923499,0.843,0.684,3.68950021770109e-07,"DHRS3"
1.7934563302868e-11,-0.748631534396179,0.777,0.761,3.71263394932671e-07,"HNRNPU"
1.81658645341782e-11,0.474877346687265,0.32,0.12,3.76051561722024e-07,"PPP1R3C"
1.87316685077304e-11,0.631614406947891,0.318,0.113,3.87764269778527e-07,"GMPPB"
1.89299570010268e-11,0.43045636619029,0.383,0.163,3.91869039878255e-07,"POLRMT"
1.91515316880059e-11,0.294308143877876,0.533,0.285,3.96455857473411e-07,"TSNAX"
1.92106204086169e-11,0.288923084055922,0.373,0.156,3.97679053078778e-07,"IL1R1"
1.92243363302615e-11,0.34405078955935,0.284,0.095,3.97962986372744e-07,"ZNF408"
1.92531427754557e-11,0.914523559059051,0.282,0.092,3.98559308594709e-07,"BNIP1"
1.92794572165118e-11,0.725328883206691,0.268,0.083,3.9910404383901e-07,"RAD54L2"
1.9505239795923e-11,-1.5721576425702,0.36,0.451,4.03777969015402e-07,"F7"
1.9672817357103e-11,0.655001328309756,0.27,0.086,4.07246992109389e-07,"OSBPL2"
1.98073347635643e-11,-1.2779622985787,0.535,0.577,4.10031636940544e-07,"C8A"
2.02995993039167e-11,0.555841308602555,0.622,0.38,4.2022200519038e-07,"IGSF8"
2.04421555876912e-11,0.561137038831168,0.292,0.101,4.23173062820795e-07,"SAP30L"
2.0496419745992e-11,0.268135690218222,0.429,0.193,4.24296385161781e-07,"MTG2"
2.21921021883392e-11,0.43834617934962,0.337,0.132,4.59398707400811e-07,"POMGNT1"
2.32183909844801e-11,0.37543158217962,0.396,0.175,4.80643911769722e-07,"ROCK2"
2.33918452659939e-11,0.817508311457737,0.283,0.092,4.8423458885134e-07,"TMCO6"
2.34249419969488e-11,0.570815348127987,0.685,0.433,4.84919724278836e-07,"FKBP3"
2.45572731917192e-11,0.460401112094285,0.721,0.485,5.0836011234178e-07,"AP1S1"
2.47061489022953e-11,0.534080571587338,0.49,0.245,5.11441988426414e-07,"MAN1A2"
2.48919455957799e-11,0.7504506258912,0.269,0.089,5.15288165778239e-07,"EPS15L1"
2.49880388975538e-11,0.49190655106749,0.291,0.098,5.17277393218261e-07,"MAN2C1"
2.502881306617e-11,-1.05883511438827,0.598,0.617,5.18121459282785e-07,"SCARB2"
2.51606465793754e-11,0.326367250950918,0.51,0.258,5.20850544839651e-07,"COQ9"
2.52889310305922e-11,0.840718255268318,0.253,0.077,5.23506161264289e-07,"ZNF205"
2.57329310767319e-11,0.381521066914298,0.751,0.518,5.32697406219427e-07,"GLMP"
2.57866218340151e-11,0.518346532300229,0.291,0.098,5.33808858585946e-07,"SS18L1"
2.64115615780532e-11,0.410966561815589,0.686,0.457,5.46745736227279e-07,"HNRNPR"
2.69158687979555e-11,0.35874841105128,0.426,0.199,5.57185399986477e-07,"SLC4A2"
2.73323813418504e-11,-0.826005746732454,0.72,0.758,5.65807626157645e-07,"ZFP36L1"
2.74053670835937e-11,0.609169942744004,0.253,0.077,5.67318503997473e-07,"CXorf40B"
2.76303372662079e-11,0.577837115669767,0.293,0.101,5.71975611747769e-07,"ZDHHC16"
2.8354898755004e-11,0.39091181884833,0.604,0.356,5.86974759127337e-07,"BRD4"
2.96460477018435e-11,0.662895450485973,0.277,0.095,6.13702833475862e-07,"ACOT4"
3.06642577478034e-11,0.994393657831624,0.289,0.104,6.34780799637277e-07,"CASP6"
3.11391089328845e-11,0.387883023897265,0.815,0.595,6.44610694019642e-07,"UFC1"
3.12706582573195e-11,-0.289848606210711,0.987,0.936,6.47333896584772e-07,"EDF1"
3.16088140232976e-11,0.539529168861758,0.568,0.31,6.54334059096283e-07,"BTD"
3.16828078000406e-11,0.3430667497186,0.762,0.503,6.55865804268641e-07,"KIF22"
3.17150910747257e-11,0.303765786688065,0.646,0.39,6.56534100337897e-07,"PHLDA1"
3.18818278073171e-11,1.1707368546571,0.256,0.08,6.5998571743927e-07,"SAAL1"
3.20062952441592e-11,0.507445909797837,0.53,0.276,6.62562317849339e-07,"NAA60"
3.27129088045528e-11,0.401706228665591,0.474,0.239,6.77189925163048e-07,"TMEM192"
3.2947708108137e-11,0.457603093795092,0.726,0.488,6.82050505546544e-07,"DCTN3"
3.31297711861236e-11,0.678938351356133,0.285,0.098,6.85819393323944e-07,"RFX5"
3.35016030424954e-11,0.526314477606094,0.427,0.193,6.93516684582697e-07,"SPAG16"
3.36929029814682e-11,0.328030292259625,0.265,0.083,6.97476784619372e-07,"USP18"
3.46196674185889e-11,-2.06978144013532,0.264,0.374,7.16661735232208e-07,"HYOU1"
3.47082477191422e-11,0.651698399486477,0.287,0.098,7.18495436033963e-07,"LRWD1"
3.47782017620285e-11,-1.83544643961929,0.297,0.399,7.19943554675753e-07,"NT5E"
3.48568411954582e-11,0.546534504177339,0.333,0.129,7.2157146958718e-07,"CNOT10"
3.55975513621826e-11,0.625551175876859,0.278,0.095,7.36904910748542e-07,"ST20"
3.60177862584704e-11,0.414224381166558,0.331,0.126,7.45604193336597e-07,"RBM10"
3.61123639287674e-11,0.853987540291893,0.276,0.095,7.47562045689415e-07,"ZNF780A"
3.65891349442193e-11,0.453770914236604,0.393,0.175,7.57431682480285e-07,"YEATS4"
3.84046232329358e-11,0.78994480977151,0.259,0.08,7.95014105545005e-07,"CDK7"
3.86934012794535e-11,0.511822671289954,0.435,0.202,8.00992099885967e-07,"ANKRA2"
3.87093976183807e-11,0.76670885335042,0.294,0.107,8.01323240098099e-07,"POLR2D"
3.9452691582235e-11,0.497194384495475,0.542,0.294,8.16710168443847e-07,"CMAS"
3.98929429463215e-11,0.804029161997674,0.304,0.113,8.25823811931801e-07,"NUPL2"
4.04382946278487e-11,0.344055260490074,0.89,0.712,8.37113137091097e-07,"GADD45GIP1"
4.07491982093836e-11,0.330863939031318,0.702,0.448,8.43549152132449e-07,"AHSA1"
4.09374282965034e-11,-1.87961822564251,0.319,0.414,8.47445703165917e-07,"VAMP2"
4.14605445145962e-11,0.652741939474476,0.389,0.178,8.58274731996656e-07,"THOC6"
4.1692617863427e-11,0.359295518297114,0.628,0.359,8.63078882390802e-07,"CCDC12"
4.30996032702894e-11,0.354485091182027,0.96,0.883,8.9220488729826e-07,"HNRNPA2B1"
4.32357721977026e-11,0.348825802888607,0.374,0.156,8.95023720264641e-07,"SSH2"
4.34182452016946e-11,0.559735740919506,0.394,0.175,8.9880109392028e-07,"MAPKAP1"
4.41682797240264e-11,0.585376637798001,0.284,0.098,9.14327558567071e-07,"XPNPEP1"
4.50246503691397e-11,0.413458822187172,0.622,0.365,9.32055287291562e-07,"WIPI2"
4.5298598342919e-11,-1.33352172651835,0.454,0.518,9.37726284296765e-07,"RNF11"
4.75120654379409e-11,0.404858562540306,0.402,0.178,9.83547266630814e-07,"CNOT8"
4.77107221495716e-11,0.396141690267998,0.82,0.592,9.87659659218283e-07,"POLR2J"
4.81445594707231e-11,-0.629666684455704,0.868,0.804,9.96640525603439e-07,"RNF181"
4.84345194141163e-11,0.450339693997661,0.687,0.414,1.00264298639162e-06,"MRPL42"
4.90175949385316e-11,0.358404260901287,0.798,0.586,1.01471323282254e-06,"FAH"
5.01117163802423e-11,0.60331586275379,0.309,0.117,1.0373626407874e-06,"EIF4G3"
5.0510179623784e-11,0.521660808598823,0.349,0.144,1.04561122839195e-06,"DHRS12"
5.36136219975718e-11,-2.17070408506143,0.189,0.307,1.10985558897173e-06,"FNIP2"
5.50477620889899e-11,0.361915325495599,0.453,0.218,1.13954372300418e-06,"GNL1"
5.54722842176958e-11,-1.82719447669639,0.292,0.399,1.14833175559052e-06,"PLSCR1"
5.54997706833372e-11,0.486186342804418,0.511,0.27,1.14890075291576e-06,"NCLN"
5.65433572314549e-11,0.901755864502327,0.302,0.113,1.17050403804835e-06,"DYNC2LI1"
5.77452155892729e-11,0.324283725121019,0.618,0.362,1.19538370791354e-06,"PIM3"
6.00737971756208e-11,-0.673791542374421,0.816,0.791,1.24358767533253e-06,"CALM1"
6.00947453636399e-11,1.03719031192745,0.25,0.077,1.24402132377271e-06,"SDHAF4"
6.03377653738129e-11,0.466454801988185,0.258,0.083,1.2490520810033e-06,"KHDRBS3"
6.05710654885715e-11,0.494463163668414,0.279,0.095,1.25388162667892e-06,"EXOC3"
6.29883968626047e-11,0.3897294450196,0.41,0.187,1.30392280345278e-06,"TP53BP2"
6.45205492555409e-11,0.851124252720208,0.313,0.123,1.33563989013895e-06,"TOMM34"
6.523782404195e-11,0.323237856606497,0.885,0.709,1.35048819549241e-06,"COX7A2L"
6.64315063594821e-11,0.450148243443278,0.797,0.574,1.37519861314764e-06,"TCEA1"
6.66818302754269e-11,0.661636112653793,0.541,0.307,1.38038056853161e-06,"COPS8"
6.71482855179588e-11,0.326423143674384,0.563,0.301,1.39003665850726e-06,"SHTN1"
6.74414817413939e-11,0.425341770636914,0.575,0.325,1.3961061135286e-06,"THRAP3"
7.03943893826684e-11,0.643400249882911,0.383,0.169,1.45723425461062e-06,"NFS1"
7.41571655107202e-11,-1.3835576778723,0.453,0.515,1.53512748323742e-06,"FOXO3"
7.5069964691203e-11,-1.58135647317417,0.404,0.482,1.55402333907259e-06,"GABARAPL1"
7.94004884189699e-11,0.443910844479185,0.723,0.488,1.6436695107611e-06,"PGRMC2"
8.12122599715793e-11,-0.833584522114327,0.6,0.641,1.68117499367166e-06,"TP53INP1"
8.24387230709398e-11,0.600157952028717,0.297,0.11,1.70656400629153e-06,"RANBP3"
8.34385985083913e-11,-1.70135934383312,0.304,0.402,1.72726242772221e-06,"GALNT2"
8.52255135856761e-11,0.461903161968771,0.562,0.307,1.76425335673708e-06,"NUDT7"
8.66349229554213e-11,0.429277582881724,0.366,0.156,1.79342954010018e-06,"RTN4RL2"
8.69018842695381e-11,0.611735128210966,0.466,0.233,1.79895590626371e-06,"FAM50B"
9.07679666912217e-11,0.540265142688114,0.531,0.288,1.87898767847498e-06,"PMM1"
9.18709486514524e-11,0.280864988799863,0.739,0.518,1.90182050803372e-06,"MRPS6"
9.2184240017608e-11,0.423437650703049,0.747,0.506,1.9083059526045e-06,"ATRAID"
9.24054083327552e-11,0.306758242999786,0.301,0.113,1.91288435789636e-06,"YTHDC2"
9.53894915615949e-11,0.69515105618753,0.312,0.12,1.97465786481658e-06,"ABHD6"
9.58234760867465e-11,0.834780190710642,0.341,0.141,1.98364177847174e-06,"GNAI1"
9.72117855947082e-11,0.447108817160179,0.364,0.153,2.01238117359606e-06,"RPE"
9.92212718672608e-11,0.503094134832068,0.261,0.083,2.05397954892417e-06,"RUNX1"
9.92742448835094e-11,0.312697726085736,0.264,0.086,2.05507614333353e-06,"GTF2H3"
1.00704533736491e-10,0.336502478713376,0.529,0.276,2.08468455287909e-06,"LRPPRC"
1.04730876493567e-10,-0.452102338111677,0.919,0.862,2.16803387429332e-06,"ECH1"
1.08392940834727e-10,0.773699388872798,0.385,0.172,2.24384226821968e-06,"GMDS"
1.08590235521793e-10,0.388859153594863,0.286,0.104,2.24792646553664e-06,"GTPBP8"
1.09329664750013e-10,0.259255291517609,0.616,0.353,2.26323338999002e-06,"GRSF1"
1.10717468284645e-10,-1.46498385165062,0.417,0.5,2.29196231096043e-06,"TRA2A"
1.10721411631187e-10,0.463199686288921,0.596,0.344,2.2920439421772e-06,"JOSD2"
1.14297955538373e-10,-2.41448900496353,0.272,0.374,2.36608197759986e-06,"CNOT6L"
1.1600523390451e-10,-1.63733446468869,0.368,0.454,2.40142434705726e-06,"MST1"
1.20049901014869e-10,1.02203418958309,0.251,0.08,2.48515300090881e-06,"AAGAB"
1.22479200239402e-10,0.530523789614897,0.331,0.132,2.53544192415586e-06,"TSPAN3"
1.23283616508988e-10,0.443813358666861,0.302,0.113,2.55209414535256e-06,"RCAN3"
1.23632666340188e-10,0.408197826090426,0.409,0.184,2.55931982590823e-06,"RAB30-AS1"
1.25441849609881e-10,0.518560360860757,0.324,0.129,2.59677172877414e-06,"SF3B3"
1.27570955067289e-10,-2.41960502237466,0.244,0.35,2.64084634084795e-06,"RBM23"
1.28550724166414e-10,0.525080952371162,0.252,0.08,2.66112854096894e-06,"HARS2"
1.36914645134288e-10,0.642727473826121,0.314,0.123,2.83427006892489e-06,"RPIA"
1.42503672206307e-10,-0.896537965946619,0.713,0.709,2.94996851834276e-06,"SRSF5"
1.43916951974604e-10,0.372019222507724,0.342,0.138,2.97922482282628e-06,"SLC35E3"
1.44490845764925e-10,0.28471777186606,0.967,0.819,2.99110499817972e-06,"PSMB1"
1.52860231250816e-10,0.267066509971026,0.466,0.233,3.16435964712313e-06,"TFRC"
1.53256400454747e-10,0.38477871091903,0.66,0.414,3.17256074581371e-06,"HNRNPH2"
1.55309724175246e-10,0.375959298111735,0.606,0.347,3.21506660015178e-06,"PEX16"
1.55663128198358e-10,-1.11764163358138,0.544,0.564,3.22238241683422e-06,"ARF5"
1.56114107040941e-10,0.486221524552855,0.363,0.16,3.23171812985452e-06,"CHMP6"
1.58629219062452e-10,0.340667870490041,0.282,0.101,3.28378346381181e-06,"SPG11"
1.63181958872648e-10,-2.03531768614805,0.149,0.267,3.37802973062268e-06,"PLP2"
1.6886402196823e-10,0.70001709927897,0.295,0.11,3.49565411876434e-06,"SMG5"
1.76098024241983e-10,0.597470618780664,0.304,0.117,3.64540519983329e-06,"MRPL39"
1.77865742387277e-10,-1.86955367740713,0.229,0.337,3.68199873315902e-06,"ODF3B"
1.79167730127443e-10,0.9694167666073,0.286,0.107,3.70895118136819e-06,"DTD1"
1.84817533063541e-10,-2.11589521262235,0.159,0.273,3.82590775194835e-06,"TXNDC5"
1.86305548969265e-10,0.374284020624839,0.843,0.632,3.85671116921275e-06,"DPY30"
1.88193174776849e-10,0.4500196039894,0.621,0.387,3.89578691105554e-06,"ACSL3"
1.89762449076218e-10,0.484243770658135,0.406,0.187,3.92827245832679e-06,"DNALI1"
1.96528022100248e-10,0.341041517895844,0.868,0.709,4.06832658549723e-06,"POLR2I"
1.97494341975584e-10,0.943548789185477,0.287,0.107,4.08833037323657e-06,"LEMD2"
2.00509553847357e-10,0.434998613227488,0.419,0.199,4.15074827419414e-06,"CAP2"
2.03799139291916e-10,0.407181784014934,0.536,0.291,4.21884598248195e-06,"ATRX"
2.04219402644961e-10,0.296749825975948,0.77,0.555,4.22754585415335e-06,"ATP6AP2"
2.21630677642832e-10,0.404460131020847,0.694,0.451,4.58797665788426e-06,"PIGT"
2.32847851960423e-10,0.385140532457556,0.617,0.359,4.82018338343272e-06,"CLPP"
2.33597935015803e-10,-0.393601680189029,0.998,0.991,4.83571085276214e-06,"RPL26"
2.39364309631343e-10,0.599753092286464,0.376,0.166,4.95508057367843e-06,"MTAP"
2.40780405761136e-10,0.30658737693712,0.757,0.546,4.98439517966127e-06,"FAAP20"
2.40863587774252e-10,0.310081355850245,0.254,0.083,4.98611713051479e-06,"PRKCA"
2.42356728918527e-10,0.398258146774375,0.607,0.356,5.01702664534242e-06,"MRPS14"
2.43961654903405e-10,0.529806690207646,0.341,0.141,5.05025021815539e-06,"OMA1"
2.45326913022432e-10,-1.45884396058117,0.567,0.589,5.07851242647737e-06,"PPP1R15A"
2.48234345208498e-10,0.525509510981693,0.256,0.086,5.13869918016112e-06,"CSK"
2.49358652750065e-10,0.291699611752986,0.422,0.199,5.16197347057909e-06,"CA5A"
2.54833242182088e-10,0.368128113638059,0.294,0.107,5.2753029464114e-06,"ANAPC7"
2.57342421480686e-10,0.943368661162042,0.265,0.095,5.32724546707167e-06,"PTGR2"
2.63091191684932e-10,0.379540715920265,0.765,0.592,5.44625075906978e-06,"EMP2"
2.73441873508535e-10,0.325228393021467,0.541,0.294,5.66052022350019e-06,"GFM1"
2.86124053026353e-10,-1.14316244580009,0.635,0.65,5.92305402169853e-06,"PPP1CB"
2.8770842373165e-10,0.886516016751906,0.254,0.086,5.95585207966889e-06,"DDX19A"
2.92306413270101e-10,0.340260840045243,0.426,0.202,6.05103506110436e-06,"PRRC2A"
2.94241204052206e-10,0.345022677090953,0.41,0.187,6.09108716508471e-06,"FNBP1L"
3.0900091765836e-10,0.304926904913652,0.377,0.172,6.3966279964457e-06,"USP30-AS1"
3.13950404750066e-10,0.351827307335143,0.606,0.353,6.49908732873111e-06,"OTUB1"
3.21928647732624e-10,0.661104206705412,0.394,0.184,6.66424493671305e-06,"SNX7"
3.29176805251479e-10,0.438398966300786,0.599,0.365,6.81428904551087e-06,"HMOX2"
3.31539306772583e-10,0.337253221672227,0.534,0.291,6.86319518949925e-06,"MAGOHB"
3.31951695685461e-10,0.377594708748296,0.825,0.617,6.87173205238474e-06,"UBE2L3"
3.49360932719832e-10,-1.70968210000962,0.276,0.374,7.23212066823325e-06,"CRY2"
3.67325999279507e-10,0.472669145042633,0.304,0.117,7.60401551108508e-06,"UBAC1"
3.72535079336536e-10,0.372658268979265,0.356,0.153,7.71184867734563e-06,"FAM120AOS"
3.75090384764141e-10,0.557049846873613,0.269,0.095,7.76474605500248e-06,"NOL8"
3.75335461304004e-10,0.35764567328016,0.325,0.132,7.76981938445419e-06,"ACTR1B"
3.77266092704873e-10,-1.13557026782906,0.559,0.577,7.80978538508357e-06,"GTF2I"
3.82675808224124e-10,0.499500471148013,0.27,0.098,7.92177190604759e-06,"ATG4C"
3.83871863070711e-10,-1.84268364524923,0.164,0.279,7.94653143742678e-06,"UQCRHL"
3.87006085475312e-10,0.465827107274839,0.341,0.144,8.01141297542443e-06,"SLC25A42"
3.89701650879859e-10,0.64735270779709,0.267,0.095,8.06721387486395e-06,"TELO2"
3.97155032619426e-10,-2.15062598802288,0.227,0.334,8.22150633025473e-06,"AQP3"
4.07932031135549e-10,0.764715689137204,0.291,0.11,8.44460097653701e-06,"DRG2"
4.12250069907533e-10,0.389772392899888,0.414,0.19,8.53398869715583e-06,"ACOT12"
4.16320964579648e-10,0.410133457798548,0.516,0.279,8.6182602877633e-06,"CACUL1"
4.19560607707374e-10,0.490382530043844,0.423,0.199,8.68532414015034e-06,"TIMM10B"
4.22929495851919e-10,0.266629996214964,0.607,0.347,8.75506349363058e-06,"DHPS"
4.23052610743233e-10,0.372608673720515,0.738,0.509,8.75761209499566e-06,"ANP32B"
4.41142489701499e-10,-3.01374277356582,0.149,0.258,9.13209067931073e-06,"IL2RG"
4.41184713849901e-10,0.305322289706299,0.511,0.276,9.1329647614068e-06,"IMMT"
4.46978530594366e-10,0.298419033046469,0.591,0.331,9.25290256183398e-06,"ELAVL1"
4.521884391011e-10,-1.68082118583446,0.262,0.371,9.36075287783187e-06,"PPP2R2A"
4.52782127026144e-10,0.326719002951917,0.799,0.531,9.3730428115682e-06,"PCNP"
4.65020032680412e-10,0.523708948417408,0.299,0.117,9.6263796965172e-06,"NAPG"
4.66893640223486e-10,0.421167497926409,0.505,0.267,9.66516524626639e-06,"FBXL15"
4.69967734340171e-10,0.295334665551797,0.615,0.371,9.72880206857588e-06,"KLHDC3"
4.89360545876571e-10,0.541731137140293,0.292,0.11,1.01302526601909e-05,"FAM20C"
4.97769369403481e-10,0.267991599339757,0.335,0.141,1.03043237160215e-05,"B4GALT4"
4.98918119390868e-10,0.311147852195425,0.328,0.138,1.03281039895104e-05,"CHMP4C"
5.07006331407829e-10,0.321552193916083,0.514,0.279,1.04955380664735e-05,"WRB"
5.07889762452113e-10,0.437333295857828,0.384,0.178,1.05138259725212e-05,"HELZ"
5.13624453924556e-10,0.29358078627587,0.407,0.193,1.06325398206922e-05,"SETD7"
5.23941718626893e-10,0.397990286527418,0.452,0.224,1.08461175172953e-05,"AMDHD2"
5.46229029807217e-10,-1.0483144717886,0.686,0.653,1.13074871460392e-05,"RGN"
5.47375907385017e-10,-0.754753899167937,0.693,0.672,1.13312286587772e-05,"SDHD"
5.85149394818784e-10,0.391228590797383,0.344,0.147,1.21131776221436e-05,"SLC22A18AS"
5.85605634286908e-10,0.461890304735441,0.304,0.12,1.21226222353733e-05,"SLC35E2B"
5.89841383229658e-10,0.42310064572068,0.702,0.466,1.22103064742372e-05,"UFD1L"
5.9720910549478e-10,0.419964086433709,0.634,0.393,1.23628256928474e-05,"SYNCRIP"
6.11749611053999e-10,0.324514718617216,0.745,0.515,1.26638286984288e-05,"SMIM7"
6.22028430491484e-10,-1.02220258620408,0.617,0.623,1.28766105396042e-05,"BRD2"
6.2606334008193e-10,-1.76833550019461,0.253,0.356,1.2960137203036e-05,"COBLL1"
6.30838876668892e-10,0.283119183602359,0.283,0.107,1.30589955859227e-05,"GON4L"
6.37192316600084e-10,0.288620200931481,0.271,0.095,1.31905181459383e-05,"CBY1"
6.37353946003165e-10,0.42947274566519,0.63,0.396,1.31938640362115e-05,"ETF1"
6.53159999278713e-10,-1.06040340111551,0.775,0.699,1.35210651450686e-05,"FAM213A"
6.83821645520645e-10,-1.12193680853624,0.537,0.567,1.41557918839229e-05,"TGOLN2"
6.95226083419846e-10,0.468028642712049,0.366,0.163,1.43918751528742e-05,"BAIAP2L1"
6.96252740665304e-10,0.39072568575438,0.423,0.209,1.44131279845125e-05,"SMC1A"
6.98839638550376e-10,0.398974757342947,0.476,0.242,1.44666793576313e-05,"NECAP2"
7.07190881821146e-10,0.614341209820303,0.381,0.178,1.46395584445795e-05,"MAEA"
7.0765290664266e-10,-1.17821225636033,0.529,0.564,1.46491228204097e-05,"TAF7"
7.10331708149062e-10,-2.40486079363032,0.147,0.255,1.47045766903937e-05,"PARD6G-AS1"
7.30143181093302e-10,0.277350372391257,0.253,0.086,1.51146939918124e-05,"TCN2"
7.34582582069684e-10,0.278681112458714,0.455,0.227,1.52065940314245e-05,"EBLN3"
7.67390032238021e-10,0.505943010554704,0.317,0.132,1.58857410573593e-05,"ZNF721"
7.69751598269068e-10,0.344424986035006,0.889,0.718,1.5934627835768e-05,"SRSF3"
7.73874119888074e-10,0.505785374968858,0.34,0.144,1.6019968155803e-05,"LINC01006"
8.07992485543655e-10,-1.16583914493686,0.524,0.552,1.67262524432392e-05,"TMEM106B"
8.08022420422067e-10,0.411549599471554,0.65,0.405,1.67268721251572e-05,"FUCA2"
8.09653457783457e-10,0.273650971909968,0.347,0.156,1.67606362295753e-05,"PIAS1"
8.2316338224258e-10,0.800822440158517,0.291,0.113,1.70403051758037e-05,"ZNF768"
8.48468010728668e-10,0.725298828258784,0.269,0.101,1.75641362900941e-05,"SKA2"
8.55871614038926e-10,0.378952373558801,0.714,0.469,1.77173982822198e-05,"PCMT1"
8.92421495819892e-10,-2.15736406434454,0.283,0.383,1.84740173849676e-05,"IER5"
9.15431462784365e-10,-1.58055541733637,0.317,0.405,1.89503467110991e-05,"PTPRK"
9.16131120692175e-10,0.774832861459071,0.302,0.123,1.89648303294487e-05,"QRICH1"
9.43490798789426e-10,0.298160721130969,0.597,0.337,1.95312030257399e-05,"TRPM4"
9.50638026943484e-10,0.635080236504781,0.277,0.104,1.96791577957571e-05,"RP11-452F19.3"
9.52249853967388e-10,0.973040215584485,0.251,0.089,1.97125242269789e-05,"LIAS"
9.57491587816355e-10,0.262642419226489,0.53,0.298,1.98210333593864e-05,"PARP14"
9.75545478229373e-10,0.644166169755863,0.258,0.092,2.01947669448262e-05,"PHF6"
1.00311681232983e-09,0.390541568938767,0.351,0.153,2.07655211320398e-05,"PNKP"
1.00889174165063e-09,0.316955768062782,0.55,0.298,2.08850679439096e-05,"IL6R"
1.02312176005466e-09,0.285209847976279,0.828,0.617,2.11796435548916e-05,"LSM7"
1.03669061605636e-09,0.379912933065198,0.269,0.098,2.14605324429826e-05,"DGCR14"
1.06763618635165e-09,0.701230214832793,0.337,0.147,2.21011366936654e-05,"BRAT1"
1.08553241850229e-09,0.53192051354312,0.485,0.258,2.2471606595416e-05,"THYN1"
1.12975125139812e-09,-0.701663647145728,0.719,0.702,2.33869806551925e-05,"MSRB2"
1.14607566017403e-09,0.287659258639028,0.595,0.35,2.37249122412625e-05,"MAGED2"
1.18383735728676e-09,0.347954341607761,0.92,0.748,2.45066171331931e-05,"ATP5C1"
1.22286518808955e-09,0.457911081843529,0.385,0.184,2.53145322586418e-05,"UBR4"
1.30380671440893e-09,0.382734147099333,0.545,0.316,2.69901027949792e-05,"WDR18"
1.34893209302676e-09,0.33331773086573,0.411,0.199,2.7924243257747e-05,"USP48"
1.40235881979369e-09,0.414324747868852,0.538,0.307,2.90302299285491e-05,"TRAPPC4"
1.43243682033938e-09,0.333749442289427,0.56,0.313,2.96528746178456e-05,"NRAS"
1.43371433354808e-09,0.255760471857085,0.696,0.485,2.96793204187788e-05,"GADD45A"
1.44304862952954e-09,0.412354394509213,0.416,0.202,2.9872549679891e-05,"FOPNL"
1.47410635542495e-09,0.419233665912234,0.301,0.12,3.05154756636519e-05,"KIN"
1.50740307960699e-09,0.391902998221929,0.261,0.092,3.12047511509443e-05,"PDCD7"
1.5419734139003e-09,0.252140954716695,0.325,0.138,3.19203916411502e-05,"COX15"
1.5591044364236e-09,0.365951110579349,0.348,0.15,3.2275020938405e-05,"TAP2"
1.61547517772906e-09,-2.33207312748258,0.176,0.285,3.34419516541693e-05,"ZNF331"
1.62407912129751e-09,0.261785997199673,0.336,0.144,3.36200618899798e-05,"SPATS2"
1.64071543951108e-09,0.42935981126806,0.622,0.399,3.39644503133188e-05,"RB1CC1"
1.64857473882588e-09,0.540574511223794,0.399,0.193,3.41271456684345e-05,"FBXO6"
1.65294391537019e-09,0.452822195804051,0.374,0.184,3.42175919920784e-05,"SMC4"
1.67213690177468e-09,0.531939566578606,0.372,0.172,3.46149060036376e-05,"CDC73"
1.69176160425806e-09,0.332786596576584,0.566,0.325,3.50211569697461e-05,"CTTN"
1.69568723338932e-09,0.883754500826644,0.28,0.11,3.51024214183924e-05,"ICK"
1.78754182321132e-09,-0.346988862277608,0.916,0.853,3.70039032822976e-05,"ZNHIT1"
1.85491510983323e-09,0.638942304417827,0.28,0.11,3.83985976886577e-05,"KIAA1109"
1.90065622157341e-09,-1.75995161929142,0.347,0.42,3.93454844427912e-05,"NFIB"
1.90124279412627e-09,0.295539107630913,0.823,0.626,3.9357627081208e-05,"TMEM50A"
1.9489032381188e-09,0.412231710873833,0.336,0.147,4.03442459322973e-05,"NELFB"
1.95566527054614e-09,0.309919663177899,0.36,0.163,4.04842267655756e-05,"TMEM60"
2.02962992552999e-09,0.352525028533418,0.251,0.089,4.20153690883963e-05,"DHX38"
2.03161000558863e-09,-1.22451846868497,0.603,0.583,4.20563587256902e-05,"CMTM6"
2.04268165230746e-09,0.497846250720195,0.43,0.215,4.22855528844167e-05,"TPD52L2"
2.09640600897012e-09,0.255002780955943,0.368,0.166,4.33977007916904e-05,"IFNAR2"
2.19842914637073e-09,0.556158693524758,0.266,0.098,4.55096817590204e-05,"TAF6L"
2.22200769952812e-09,0.253965035375159,0.464,0.248,4.59977813879316e-05,"HAT1"
2.23487582046995e-09,0.382321078092585,0.375,0.172,4.62641643595484e-05,"GSK3B"
2.26780041672818e-09,0.500744450899876,0.381,0.178,4.694573642669e-05,"PPP6R2"
2.31551589647342e-09,0.652286680849206,0.293,0.12,4.79334945728963e-05,"PLPPR1"
2.32307454921799e-09,0.357304368001877,0.251,0.089,4.80899662433615e-05,"SMAD3"
2.49446074215248e-09,0.392191461984468,0.508,0.279,5.16378318232984e-05,"PRPS1"
2.49880020717412e-09,0.267543507649302,0.684,0.442,5.17276630887114e-05,"SREK1IP1"
2.50178536731009e-09,0.347869478898816,0.433,0.221,5.17894588886861e-05,"FAM234A"
2.51038764549692e-09,0.278657995141612,0.424,0.209,5.19675346494318e-05,"SHKBP1"
2.59079897375592e-09,-1.98729223309416,0.183,0.288,5.36321295557214e-05,"CD82"
2.60858376011035e-09,0.361261837713848,0.32,0.138,5.40002924180444e-05,"IWS1"
2.6924933601621e-09,0.373566679987591,0.386,0.181,5.57373050487156e-05,"AKTIP"
2.71185642357629e-09,-2.10298053666052,0.171,0.276,5.61381398244527e-05,"TRIOBP"
2.96915872238094e-09,0.404384085429444,0.493,0.267,6.14645547120079e-05,"TSFM"
2.99171648103958e-09,0.305510818180538,0.331,0.147,6.19315228740003e-05,"SCAMP1"
3.15040666764747e-09,0.59901912708351,0.256,0.095,6.52165684269703e-05,"NOC3L"
3.156486983579e-09,-2.08856995692838,0.15,0.255,6.53424370470688e-05,"TPP2"
3.20094449064216e-09,0.251893283058822,0.307,0.126,6.62627519007834e-05,"RIT1"
3.27064639439342e-09,0.34283389046317,0.32,0.138,6.77056510103381e-05,"C2orf76"
3.28954260514818e-09,0.344207530109682,0.637,0.39,6.80968214691724e-05,"DNPEP"
3.31425737944517e-09,0.573404663176098,0.383,0.187,6.86084420118945e-05,"GM2A"
3.33432778234277e-09,0.26029998626901,0.408,0.199,6.90239194222776e-05,"FIP1L1"
3.36984882944054e-09,-0.306147940548725,0.304,0.126,6.97592406182487e-05,"LINC01419"
3.38604928150241e-09,0.344600410961067,0.721,0.482,7.00946061763813e-05,"GNAI3"
3.38694204347141e-09,-2.43442234653954,0.199,0.298,7.01130872419017e-05,"SLC25A37"
3.42420960980321e-09,0.431758785730398,0.276,0.107,7.08845631325364e-05,"SGSM3"
3.43271305917222e-09,0.327270839769714,0.289,0.117,7.10605930379242e-05,"DOCK7"
3.45742387151777e-09,0.357212263643461,0.585,0.344,7.15721315642894e-05,"ERLEC1"
3.47430593894504e-09,0.323051149758989,0.736,0.509,7.19216072421013e-05,"SPG21"
3.47647751106968e-09,0.39311657543605,0.255,0.092,7.19665609566535e-05,"FBXO18"
3.50111462311644e-09,0.250218252709436,0.374,0.184,7.24765738131334e-05,"DNAJC9"
3.51697182039818e-09,-1.33199481927852,0.494,0.528,7.28048336540627e-05,"CFI"
3.56958529225622e-09,-0.947285394509642,0.694,0.653,7.3893985134996e-05,"FGGY"
3.62666131470877e-09,0.343602803007468,0.62,0.399,7.50755158757863e-05,"TOMM70A"
3.74378640617384e-09,0.611778470535643,0.274,0.107,7.75001223942047e-05,"FAM208B"
3.76128410783326e-09,0.336299011678727,0.477,0.261,7.78623423162564e-05,"FUBP1"
3.94202063512394e-09,0.38860618163499,0.315,0.135,8.16037691677007e-05,"UFSP2"
3.97583573655829e-09,-1.83038402921911,0.225,0.325,8.23037755824932e-05,"GFPT1"
4.06743260029752e-09,0.462075960615968,0.312,0.132,8.4199922258759e-05,"DDX23"
4.1095735549127e-09,0.351172239765838,0.532,0.298,8.50722821602477e-05,"ABT1"
4.16315242618772e-09,0.480609267001871,0.412,0.206,8.6181418374512e-05,"ABHD14A"
4.16888738797417e-09,0.259089101770776,0.459,0.242,8.63001378184533e-05,"KPNA1"
4.31889147573733e-09,0.346045425970583,0.711,0.512,8.94053724392385e-05,"EIF4E2"
4.37894189389581e-09,0.662903516411687,0.28,0.11,9.06484761455372e-05,"NSF"
4.44805957700016e-09,0.261362163165158,0.404,0.196,9.20792813034804e-05,"TBX3"
4.52574245139824e-09,0.321330482387333,0.418,0.202,9.36873944863951e-05,"CTD-2350C19.2"
4.57860810748545e-09,0.287817035487487,0.374,0.175,9.47817664330562e-05,"FAAH"
4.83554282582319e-09,0.48362799992086,0.304,0.129,0.000100100572037366,"CGNL1"
4.97272865058031e-09,0.379983370102797,0.377,0.178,0.000102940455795663,"KAT5"
4.99798865521219e-09,0.47410070718875,0.385,0.193,0.000103463363151548,"MDM2"
5.12176376525558e-09,0.51602022611614,0.276,0.107,0.000106025631704556,"CD276"
5.27639545355608e-09,-2.26632488529588,0.153,0.255,0.000109226662284064,"ATP2B4"
5.30425873844358e-09,0.466270582205821,0.542,0.319,0.00010980346014452,"EIF3B"
5.35939537935578e-09,0.270710560725298,0.273,0.107,0.000110944843748044,"LUC7L"
5.39860003276461e-09,0.267407487619381,0.547,0.313,0.00011175641927826,"THOC2"
5.46118548666202e-09,0.285737636954236,0.606,0.365,0.00011305200075939,"ATXN10"
5.5559058530363e-09,-1.28548648113423,0.502,0.518,0.000115012807063705,"NTHL1"
5.55593425081083e-09,0.36261307905157,0.344,0.16,0.000115013394926035,"FOXN2"
5.55984240385389e-09,-1.47050453195605,0.65,0.62,0.000115094297602179,"ANXA4"
5.63285926675962e-09,-0.938585511780406,0.662,0.632,0.000116605819681191,"TTC39C"
5.67994517256782e-09,0.428799675781554,0.617,0.38,0.000117580545017326,"CCDC59"
5.72436710851849e-09,0.510301096561649,0.302,0.129,0.000118500123513441,"ALPK2"
5.73652872637245e-09,0.266130551351164,0.619,0.38,0.000118751881164636,"CORO1B"
5.79394007386429e-09,-1.09416554024181,0.558,0.574,0.000119940353469065,"AHNAK"
5.82100785565518e-09,0.332427577533825,0.502,0.285,0.000120500683619918,"PRKAR2A"
5.82556122017241e-09,-1.76175591715955,0.381,0.442,0.000120594942818789,"GNAS"
5.8276957358326e-09,0.276209793709217,0.423,0.209,0.000120639129427471,"DPAGT1"
6.00720314258061e-09,-1.33840922650795,0.349,0.429,0.000124355112254561,"F13B"
6.14691070330706e-09,-1.84028935157499,0.247,0.344,0.00012724719846916,"TMEM263"
6.16469930978699e-09,-1.66834574231764,0.355,0.423,0.0001276154404119,"SEL1L"
6.18736420617481e-09,0.293148720822228,0.516,0.298,0.000128084626432025,"ELOVL1"
6.32627621612899e-09,0.422671668211872,0.303,0.129,0.000130960243950086,"ARL14EP"
6.40490787231651e-09,0.594048363180976,0.328,0.147,0.000132587997864824,"CHKA"
6.44888132451534e-09,-1.59946066226088,0.337,0.408,0.000133498292298792,"SLC29A1"
6.46144100166027e-09,0.255993905934035,0.672,0.436,0.000133758290175369,"POP7"
6.54829702036685e-09,0.415022281321198,0.631,0.414,0.000135556296618614,"WWP1"
6.62388367927022e-09,0.465965616516249,0.262,0.101,0.000137121016044573,"KBTBD3"
6.64686953720303e-09,-1.76391951684528,0.269,0.359,0.00013759684628964,"MTUS1"
6.83413939986201e-09,0.278967249338915,0.387,0.19,0.000141473519716544,"FXN"
6.97520376125408e-09,0.345396400657791,0.468,0.264,0.000144393693061721,"C19orf12"
7.10274627672351e-09,0.49283563032572,0.584,0.356,0.000147033950674453,"APIP"
7.18359670912128e-09,0.527385766957962,0.564,0.331,0.00014870763547552,"BCCIP"
7.22578578158058e-09,-2.01301822894247,0.321,0.408,0.0001495809914645,"CDC42SE1"
7.23946076754454e-09,0.531414926819517,0.358,0.169,0.00014986407734894,"USB1"
7.24756807300216e-09,0.39149184133802,0.257,0.098,0.000150031906679218,"ZNF544"
7.45243768745004e-09,-1.4298953630211,0.421,0.466,0.000154272912567903,"CDH2"
7.65138861535577e-09,-2.15762636075023,0.197,0.298,0.00015839139572648,"INTS6"
7.68630754066134e-09,-1.76165246376491,0.368,0.439,0.00015911425239923,"CD52"
7.69372220384104e-09,-2.60334614955382,0.165,0.267,0.000159267743341713,"CD7"
7.84672988682281e-09,0.497778976164888,0.258,0.101,0.000162435155387119,"OGFOD1"
8.05309400805067e-09,-1.51755416400039,0.303,0.39,0.000166707099060657,"HECTD1"
8.14168777149111e-09,0.261089899272515,0.592,0.362,0.000168541078557638,"HDAC2"
8.18933698887927e-09,0.508846767422509,0.28,0.113,0.00016952746500679,"COPS7B"
8.42691022928334e-09,0.403875853974195,0.385,0.187,0.000174445468656394,"GRB14"
8.46473800521753e-09,-0.341648073551843,0.449,0.236,0.000175228541446008,"GPNMB"
8.51764705512299e-09,-1.72875134529671,0.532,0.583,0.000176323811688101,"HSPA6"
8.68583515708929e-09,0.535472639116762,0.372,0.178,0.000179805473586905,"THNSL2"
8.71656960700109e-09,-0.481143655321834,0.501,0.276,0.00018044170743453,"CD36"
8.88476933271386e-09,-1.31140358795519,0.433,0.491,0.00018392360995651,"MLLT4"
8.89322470206179e-09,0.284603100999083,0.488,0.267,0.000184098644557381,"DNTTIP2"
8.90977722245334e-09,0.583499684430254,0.261,0.101,0.000184441298282007,"PLA2G4C"
9.01707100987998e-09,0.305910603242671,0.869,0.715,0.000186662386975526,"ACAA1"
9.24101697000727e-09,0.449010533848885,0.432,0.224,0.00019129829229612,"TMEM167B"
9.59845638020227e-09,0.440798082041811,0.421,0.215,0.000198697645526567,"GABPB1"
9.78063221242796e-09,-0.753935718429858,0.966,0.877,0.000202468867429471,"SERPINC1"
9.89311190973788e-09,0.275555899898673,0.546,0.316,0.000204797309643484,"ALG8"
1.06962396626952e-08,-1.59373571519518,0.344,0.414,0.000221422857257454,"RMND5A"
1.07258870955333e-08,0.530599439021735,0.766,0.613,0.000222036588764635,"CYP4F3"
1.07989006041918e-08,0.485065244494332,0.336,0.156,0.000223548041407374,"ELMOD2"
1.08414014668877e-08,0.352629834211768,0.344,0.16,0.000224427851766042,"GGA1"
1.08728587340208e-08,0.456907320819102,0.591,0.396,0.000225079048652965,"AKAP12"
1.10221248183313e-08,0.336801971230578,0.486,0.276,0.000228169005864276,"WBP11"
1.11474703150356e-08,0.528962106037239,0.275,0.11,0.000230763782991552,"DXO"
1.20658273524231e-08,-0.782848443017358,0.759,0.702,0.000249774692022511,"TXNDC17"
1.22105938191992e-08,0.281882269650979,0.323,0.144,0.000252771502651242,"SUPT7L"
1.23293561003371e-08,0.380197837096365,0.398,0.202,0.000255230000633078,"SLC38A9"
1.24492457793903e-08,0.332935873910999,0.59,0.362,0.000257711836879158,"ADK"
1.2757939714354e-08,0.298689005655107,0.381,0.187,0.000264102110026841,"UNC119"
1.27831999665091e-08,-0.785159712607704,0.898,0.853,0.000264625022506706,"ERRFI1"
1.3074128124175e-08,0.421833520542686,0.28,0.113,0.000270647526298546,"FAM199X"
1.33157379558689e-08,0.293726525840438,0.336,0.156,0.000275649091424441,"IGFLR1"
1.33544136372366e-08,-0.874243940634972,0.738,0.699,0.000276449716704436,"H2AFJ"
1.35372940735868e-08,-2.12276677989572,0.191,0.288,0.000280235524617321,"SSFA2"
1.41792845277636e-08,-0.976602105579039,0.633,0.623,0.000293525369009234,"RAP1A"
1.44454647307995e-08,0.308224660680052,0.308,0.135,0.000299035565392281,"THAP4"
1.48515013049963e-08,0.313437554640239,0.322,0.15,0.000307440928514728,"CPVL"
1.66373163459521e-08,0.254739196761662,0.464,0.248,0.000344409085677555,"GMPPA"
1.68950270562157e-08,-0.491511673778402,0.817,0.767,0.000349743955090722,"ALKBH7"
1.71075449975291e-08,0.389888846238312,0.573,0.356,0.00035414328899385,"CETN2"
1.71706069091018e-08,0.320451286880624,0.427,0.224,0.000355448733625316,"TIMM23"
1.8499348259803e-08,-1.31942363341503,0.438,0.479,0.000382955008326181,"FAM3C"
1.89109275035104e-08,-0.645425505179025,0.786,0.73,0.000391475110250168,"BZW1"
1.91214389182597e-08,0.375549287578762,0.498,0.279,0.000395832907046894,"SNRNP200"
1.9543868313611e-08,-1.8617169620345,0.263,0.353,0.000404577617960061,"PCM1"
1.9800389784324e-08,0.518466702708759,0.286,0.126,0.00040988786892529,"NUDCD3"
2.06370374116603e-08,0.282508896352248,0.279,0.117,0.00042720731145878,"IREB2"
2.08795869037777e-08,0.328283551499091,0.489,0.273,0.000432228328495101,"ISCA2"
2.11684837479404e-08,0.370639560718409,0.737,0.518,0.000438208782066115,"DEK"
2.13933562789435e-08,0.403311232564443,0.257,0.104,0.00044286386833041,"THOC1"
2.23325588709673e-08,-1.69379721731235,0.308,0.387,0.000462306301187894,"RAB21"
2.26287252351403e-08,0.300333394647428,0.329,0.153,0.000468437241092639,"CUL1"
2.31398926227582e-08,-0.960843572550331,0.609,0.62,0.000479018917183717,"ALDH6A1"
2.31648512734909e-08,0.349417439223462,0.562,0.34,0.000479535586212536,"POLE3"
2.35850922391496e-08,0.267032538828868,0.517,0.298,0.000488234994442635,"COA5"
2.36752705437023e-08,-2.9806983392891,0.323,0.402,0.00049010177552518,"S100A6"
2.42014258107067e-08,0.258769199896807,0.53,0.31,0.000500993715707439,"ENAH"
2.47713955104295e-08,0.472486415652611,0.32,0.144,0.000512792658461401,"VAPB"
2.52987809337882e-08,-1.91805344038767,0.168,0.267,0.00052371006411035,"FNDC3A"
2.56192452719012e-08,0.321235326430689,0.33,0.153,0.000530343996373627,"RNF20"
2.5970971467917e-08,-0.43234837560302,0.899,0.859,0.00053762508035735,"NDUFV2"
2.70184040677211e-08,-1.34383443870204,0.476,0.512,0.000559307982605895,"STAT1"
2.70777908201582e-08,0.564372581393406,0.341,0.166,0.000560537347768095,"UBQLN2"
2.72288768366597e-08,0.365901018209867,0.342,0.163,0.000563664979395693,"NEDD4"
2.72367443994748e-08,0.261639106292866,0.412,0.212,0.000563827845813528,"DCTD"
2.78975746784969e-08,0.29792820620507,0.593,0.362,0.000577507693419565,"SND1"
2.85144543062394e-08,0.500687538356793,0.275,0.117,0.000590277718593462,"TRNT1"
2.88957458408177e-08,0.369331663437396,0.734,0.525,0.000598170834650767,"TIMM10"
2.96608159564653e-08,-1.23532751905018,0.473,0.512,0.000614008551114788,"DGAT2"
2.97968045997173e-08,0.303828889658759,0.591,0.359,0.000616823652018748,"COPB2"
3.10736199476205e-08,0.269461802094135,0.813,0.644,0.000643255006535693,"DNAJB11"
3.14109320256656e-08,-1.92946591664793,0.193,0.288,0.000650237703863304,"MANEA"
3.14936659957388e-08,0.300704387718862,0.283,0.123,0.000651950379777789,"DSCR3"
3.17927882628119e-08,-1.92395484862169,0.183,0.279,0.000658142509828469,"SERTAD2"
3.22482289007612e-08,0.307746576718419,0.383,0.193,0.000667570586474658,"SMU1"
3.23868383929988e-08,0.290708856577167,0.577,0.356,0.000670439941573469,"UBE2F"
3.55491711717231e-08,0.260880958397476,0.888,0.699,0.00073590339242584,"CHMP2A"
3.61030933727869e-08,0.352288092204139,0.349,0.169,0.000747370135910062,"EXT1"
3.63118076926219e-08,0.263366399234288,0.405,0.209,0.000751690731044966,"CHMP1A"
3.76269890988431e-08,0.292410008899597,0.469,0.261,0.00077891630133515,"HMCES"
3.89650832998985e-08,0.272986110948485,0.636,0.408,0.0008066161893912,"SPPL2A"
3.92886578341523e-08,-2.00249183087025,0.181,0.276,0.000813314505824786,"FOXA3"
4.03311110837269e-08,0.395967781245224,0.38,0.193,0.000834894330544231,"SF3A2"
4.18636549100907e-08,0.250104056462526,0.804,0.644,0.000866619520293787,"MLF2"
4.28062624433355e-08,0.313116197318569,0.574,0.362,0.000886132438839489,"RHOBTB3"
4.40000546681191e-08,0.264597932586894,0.316,0.141,0.000910845131684734,"ALDH16A1"
4.47073874893975e-08,0.318554267442387,0.534,0.31,0.000925487628418018,"NUDT21"
4.60702265767031e-08,-0.62662164072546,0.736,0.699,0.000953699760364331,"RAB1A"
4.6896765590816e-08,0.337745027115581,0.282,0.126,0.000970809944495482,"IFT57"
4.70788208370619e-08,0.58043780725071,0.269,0.117,0.000974578670148019,"XPNPEP3"
4.75403779837276e-08,0.294134968649793,0.795,0.62,0.000984133364641145,"STUB1"
4.76495112029385e-08,-0.995087220259637,0.575,0.561,0.000986392531412029,"ERP44"
4.7909729380842e-08,-1.00382912112126,0.597,0.583,0.000991779307912811,"CYB5R3"
4.88587422592845e-08,-0.416952779602717,0.298,0.129,0.00101142482350945,"RRM2B"
4.96378050280541e-08,0.282985646226344,0.709,0.552,0.00102755220188575,"LMAN1"
5.05043717458951e-08,0.274899460479956,0.258,0.107,0.00104549099951177,"COG8"
5.1383047919429e-08,-1.50164399091878,0.301,0.38,0.0010636804749801,"IGF2R"
5.53425451946627e-08,-1.76298494047748,0.22,0.31,0.00114564602807471,"MAGIX"
5.88812194482022e-08,0.283075947854617,0.561,0.331,0.00121890012379723,"RPP21"
5.90555771504536e-08,-0.958499851465731,0.658,0.635,0.00122250950259154,"TRA2B"
6.27467648978207e-08,0.349177156571332,0.512,0.291,0.00129892078014979,"MRPL44"
6.39131549544359e-08,0.46317651004082,0.308,0.141,0.00132306622071178,"HUWE1"
6.69818381793758e-08,0.255715149783062,0.318,0.147,0.00138659103215126,"ZDHHC24"
6.72875282514708e-08,0.285239347972762,0.333,0.16,0.0013929191223337,"RXRB"
6.81054544394321e-08,0.357147698719917,0.814,0.61,0.00140985101235068,"TMEM141"
7.0324666507388e-08,-1.45969900628229,0.356,0.417,0.00145579092136944,"PPP1R15B"
7.14586060694889e-08,0.306470937390106,0.268,0.113,0.00147926460424449,"NELFA"
7.15805337009511e-08,-1.35929233870676,0.463,0.506,0.00148178862814339,"SRSF6"
7.38793378631556e-08,-2.81345635267135,0.187,0.282,0.00152937617310518,"MT1F"
7.54439379222257e-08,0.416437187864522,0.361,0.181,0.00156176495892799,"TMEM138"
7.60014743911281e-08,-1.78240186171802,0.231,0.316,0.00157330652137074,"FEM1C"
7.82407881993767e-08,0.265574176957699,0.485,0.273,0.0016196625565153,"DNAJB2"
7.94851849366e-08,0.282654070365843,0.474,0.264,0.00164542281337256,"ZDHHC9"
8.38016617677121e-08,-1.70710411107138,0.251,0.337,0.00173477820025341,"C1orf53"
8.48988566930585e-08,-1.17160693023167,0.531,0.534,0.001757491232403,"BAG3"
8.68848848738134e-08,-2.10072163553942,0.162,0.255,0.00179860400177281,"LRP5"
8.92359467149675e-08,-2.04599010416769,0.233,0.319,0.00184727333294654,"VEZT"
8.93995233163749e-08,0.331754236437022,0.348,0.178,0.00185065953217228,"SLC35A2"
9.04719874338079e-08,0.302787722016046,0.655,0.423,0.00187286061186726,"NMRAL1"
9.78621531538094e-08,0.308448551248379,0.859,0.675,0.00202584443243701,"HSD17B11"
1.00642352472801e-07,0.368271023997715,0.357,0.184,0.00208339733853946,"C2orf68"
1.01271593550647e-07,-0.501298065495498,0.846,0.776,0.00209642325809195,"ARF1"
1.0161847026153e-07,0.313326376833458,0.301,0.141,0.00210360395288393,"P3H1"
1.05430971652539e-07,0.268573285550163,0.403,0.212,0.00218252654417922,"ARV1"
1.15220605049681e-07,0.279349121699031,0.709,0.491,0.00238518174513345,"DNAJA2"
1.15822532930865e-07,-1.87160794896335,0.184,0.276,0.00239764225420183,"MMP15"
1.16868693424396e-07,0.328004738643052,0.684,0.454,0.00241929882257843,"PGM1"
1.16937532345778e-07,0.638475265854641,0.287,0.132,0.00242072385708995,"ATP13A1"
1.17644504908205e-07,0.315603657853422,0.28,0.123,0.00243535889610476,"JAZF1"
1.18427451958093e-07,-1.6819010511322,0.305,0.383,0.00245156668298448,"ADGRG6"
1.19074056428214e-07,-0.756224622437449,0.702,0.678,0.00246495204212046,"STAU1"
1.19595464313941e-07,0.488030352283595,0.275,0.123,0.00247574570676289,"SDCCAG3"
1.19630749098446e-07,0.361997788741409,0.456,0.255,0.00247647613708693,"RBKS"
1.22152058823387e-07,0.397038535220155,0.432,0.236,0.00252866976970294,"CCNDBP1"
1.236887603084e-07,0.292837809885821,0.254,0.107,0.0025604810271442,"HSPA14"
1.2676648525518e-07,-1.66839721952626,0.304,0.374,0.00262419301126748,"APOL1"
1.29981768063756e-07,-1.81865737810968,0.373,0.429,0.00269075258068781,"RP11-138A9.1"
1.30418523901258e-07,0.364262456494515,0.319,0.15,0.00269979386327995,"C11orf57"
1.36279610487444e-07,0.345156943050757,0.678,0.463,0.00282112421670059,"DYNC1I2"
1.38506229169777e-07,0.330078649929499,0.282,0.126,0.00286721745004356,"ATF1"
1.43350309801586e-07,0.273231368023716,0.427,0.233,0.00296749476320263,"CLMN"
1.44481257300423e-07,-1.26058251551964,0.451,0.488,0.00299090650737605,"PNPLA2"
1.48830628176015e-07,-0.940498470216967,0.784,0.693,0.0030809428338717,"SDF2L1"
1.48971328562599e-07,-1.37390653263434,0.397,0.445,0.00308385547257437,"KMT2E"
1.53770383681625e-07,-1.52281983950175,0.341,0.405,0.00318320071259333,"ELOVL2"
1.57092169402669e-07,0.321903082214753,0.251,0.107,0.00325196499880465,"RNF2"
1.57242785883338e-07,0.315117609299556,0.346,0.172,0.00325508291057097,"IL10RB"
1.58352859063876e-07,-0.628529025594862,0.926,0.874,0.00327806253548131,"C1S"
1.66945953371644e-07,-0.674273670453928,0.716,0.699,0.0034559481807464,"TMBIM4"
1.68495726004116e-07,0.279154543156465,0.903,0.77,0.0034880300240112,"MORF4L2"
1.71284195178684e-07,0.417674900326946,0.256,0.11,0.00354575412439394,"TMEM54"
1.84735310524683e-07,0.317266618528266,0.262,0.113,0.00382420566317146,"PCSK6"
1.88176603276071e-07,0.304159000676942,0.346,0.175,0.00389544386441795,"TM9SF4"
1.89093060660612e-07,-1.36784092498127,0.57,0.555,0.00391441544873534,"ATF7IP2"
1.89347489710017e-07,-1.89043399290852,0.218,0.307,0.00391968238448707,"PPARGC1A"
1.89791649004698e-07,0.663067557166071,0.326,0.163,0.00392887692604626,"MRPL30"
2.00967327927074e-07,-1.93565415187765,0.194,0.279,0.00416022465541837,"TAB2"
2.01323073671907e-07,-1.15049308222772,0.62,0.586,0.00416758894808214,"CDK2AP2"
2.15340815792254e-07,0.305497983734705,0.857,0.681,0.00445777022771546,"SNRPF"
2.28348109535177e-07,0.332815298767685,0.311,0.15,0.00472703421548771,"PACSIN3"
2.31918434395922e-07,-1.84853946493388,0.215,0.301,0.00480094351042998,"SEC24A"
2.32400209461774e-07,-1.47739749682205,0.374,0.423,0.00481091673606818,"TMBIM1"
2.35962094299352e-07,0.348128438108577,0.578,0.368,0.00488465131409088,"ELOF1"
2.38954004773284e-07,0.298063930233944,0.411,0.221,0.00494658685281176,"SULT1A2"
2.49761652661834e-07,0.512941914423594,0.26,0.117,0.00517031597175263,"MIB2"
2.53378654876051e-07,0.311836496468625,0.71,0.561,0.00524519153458913,"EIF4G1"
2.63373596777459e-07,0.580722957780744,0.295,0.141,0.00545209682689017,"C2orf49"
2.68260273302831e-07,0.391798315854327,0.368,0.19,0.0055532559176419,"PDPK1"
2.72245365262175e-07,0.375723536136614,0.292,0.135,0.00563575130629228,"AVL9"
2.86923076902288e-07,0.2560816434013,0.712,0.5,0.00593959461495427,"PSMC1"
2.92221856712169e-07,-1.37508837048875,0.346,0.408,0.00604928465579861,"VEGFA"
2.94171803556693e-07,-1.40246647409944,0.328,0.393,0.0060896505054271,"CEACAM1"
3.07793399026274e-07,-1.34940223393766,0.319,0.396,0.00637163115324289,"TEX30"
3.1248362341225e-07,0.353159774881215,0.251,0.107,0.00646872348825699,"TBL2"
3.12781293989381e-07,-2.07247784057577,0.178,0.264,0.00647488556687417,"NEK7"
3.16643444372814e-07,0.541908730792614,0.374,0.199,0.00655483594196162,"SCAP"
3.17156468881267e-07,-0.358854636808806,0.953,0.877,0.00656545606231111,"ECHS1"
3.2028354597938e-07,0.301650503143109,0.28,0.126,0.00663018968531915,"RNF34"
3.20778063852341e-07,0.388430602050266,0.311,0.15,0.0066404266998073,"DPF2"
3.40282103351435e-07,-1.36029797784325,0.391,0.433,0.00704417982147805,"PDXDC1"
3.42635109562662e-07,0.265679417780736,0.646,0.442,0.00709288940305666,"PPP4R2"
3.56941313518852e-07,0.30318423002048,0.537,0.331,0.00738904213115376,"AGMAT"
3.58724679448393e-07,0.304071481851181,0.414,0.23,0.00742595958926118,"YIPF2"
3.69420554931901e-07,0.374117660051962,0.39,0.212,0.00764737490764529,"RQCD1"
3.85005923768914e-07,-1.0981610225193,0.579,0.571,0.0079700076279403,"TM7SF2"
3.89734599049503e-07,0.275088202893037,0.452,0.264,0.00806789593492375,"MORN2"
4.05001903465092e-07,-1.71703257386577,0.315,0.371,0.00838394440363087,"NNT"
4.13230161571264e-07,0.263252846467692,0.786,0.567,0.00855427757468673,"C7orf73"
4.19033750901298e-07,0.274621313574023,0.31,0.15,0.00867441767740777,"SEH1L"
4.64320474365516e-07,-1.0160907173422,0.538,0.531,0.00961189813984055,"MCFD2"
4.73451047210754e-07,-1.86965045243164,0.165,0.252,0.00980091012830981,"PRKAG2"
4.74445676112198e-07,-1.09269529139047,0.526,0.534,0.00982149994119861,"TNFSF10"
4.99492703182521e-07,-1.81679609816905,0.308,0.377,0.0103399984485814,"ARRDC2"
5.09599052110823e-07,-1.34940541234323,0.348,0.405,0.0105492099777462,"IMMP2L"
5.11952182983473e-07,0.252184719626737,0.974,0.893,0.0105979221399409,"PTGES3"
5.15544932255375e-07,0.424913470149291,0.271,0.126,0.0106722956426185,"SERGEF"
5.29055904089487e-07,-1.30549871075255,0.432,0.463,0.0109519862705565,"HYI"
5.49216347670078e-07,-1.84107543826272,0.21,0.294,0.0113693276131183,"STAT6"
5.92629324394628e-07,-1.13035891906713,0.543,0.546,0.0122680196442932,"MYH9"
6.35876120727574e-07,0.323408310318706,0.499,0.291,0.0131632715751815,"MTX2"
6.44932172295725e-07,-0.52019523269536,0.853,0.794,0.0133507408986938,"SERPIND1"
6.48220923948512e-07,-0.733783788408656,0.644,0.626,0.0134188213466582,"TPP1"
6.77055156664774e-07,-0.348323732948208,1,0.979,0.0140157187981175,"HSPB1"
6.83358091058072e-07,-1.29463832159129,0.405,0.445,0.0141461958429931,"PTOV1"
6.9352136936117e-07,-0.301066763926666,0.311,0.147,0.0143565858671456,"DCP1A"
7.23426039587269e-07,-1.33987326248049,0.412,0.457,0.0149756424454961,"PRCP"
7.36572365459001e-07,0.258488647671053,0.844,0.69,0.0152477845373668,"C4orf3"
8.30581157523768e-07,0.271522732765395,0.321,0.163,0.0171938605418995,"MTERF4"
8.61673506404288e-07,-1.2259824265064,0.399,0.448,0.0178375032560752,"LHPP"
9.03013159806347e-07,0.329536869309332,0.256,0.117,0.0186932754211512,"PEX5"
1.01707063865417e-06,0.337458226107798,0.307,0.153,0.02105437929078,"CBX4"
1.02052805800319e-06,-1.07962421669045,0.52,0.518,0.0211259513287241,"RNF149"
1.09008323023785e-06,-0.334578044088162,0.995,0.945,0.0225658129491537,"ATOX1"
1.0911933450933e-06,0.260400283869049,0.665,0.46,0.0225887934367764,"TXNDC12"
1.11547727327391e-06,-1.17054670166427,0.432,0.457,0.0230914950340431,"YPEL3"
1.13062543256133e-06,-1.18554919250942,0.444,0.472,0.0234050770794521,"LYPLAL1"
1.16091423470671e-06,-1.88167070841626,0.302,0.362,0.0240320855726636,"BAZ1A"
1.17597804266545e-06,-1.20271269957703,0.465,0.469,0.0243439214612174,"PTEN"
1.1959222762871e-06,0.316946558279534,0.558,0.34,0.0247567870414193,"NUDT14"
1.2390447586759e-06,0.547495183566713,0.442,0.264,0.0256494655493497,"NDRG1"
1.25682609978526e-06,-0.310667575558615,0.363,0.19,0.0260175570916548,"TRPC4AP"
1.26211977094147e-06,-1.24267906182046,0.471,0.494,0.0261271413782593,"LYRM5"
1.28542462287733e-06,-1.66468192265727,0.217,0.298,0.0266095751181836,"RAP2C"
1.29098866501021e-06,-1.88040000422502,0.211,0.288,0.0267247563543764,"SLC39A9"
1.32008676359766e-06,-1.57121576407059,0.352,0.42,0.0273271160932351,"ID3"
1.32701217288308e-06,-1.3468280834803,0.382,0.42,0.0274704789908525,"EPHX2"
1.39277211376657e-06,-1.03629380205412,0.577,0.555,0.0288317755270817,"GOLPH3"
1.59339887752979e-06,-1.57223595240852,0.357,0.405,0.0329849501637442,"TANK"
1.64701722953837e-06,-1.96387838706009,0.208,0.288,0.0340949036686738,"C1RL"
1.66754989011591e-06,-1.94020062779525,0.221,0.298,0.0345199502752895,"ELF1"
1.67083895753674e-06,-0.30991358896337,0.251,0.117,0.0345880372599681,"C1GALT1"
1.68925962552154e-06,-0.433073405538718,0.334,0.163,0.0349693635079214,"TUSC3"
1.82763166278908e-06,-1.85340256864261,0.181,0.261,0.0378338030513967,"SLC41A2"
1.86088063642955e-06,0.314784076651995,0.783,0.571,0.038522090054728,"CNIH4"
1.8699688389167e-06,-0.71896994239227,0.677,0.629,0.0387102249344146,"NME4"
1.87469725959901e-06,0.413129180931246,0.282,0.138,0.0388081079709591,"COQ3"
1.90435523292033e-06,-1.60801427247064,0.342,0.387,0.0394220576766837,"MKNK2"
1.98304110369974e-06,-0.865146869155546,0.571,0.558,0.0410509338876883,"HDGF"
2.13529167570122e-06,-1.31616820125953,0.432,0.454,0.0442026729786909,"EGLN1"
2.1980424720517e-06,-1.10240299023815,0.451,0.482,0.0455016772139422,"CEP57"
2.26479237844751e-06,-1.30512502938526,0.463,0.466,0.0468834670262419,"CAMK2N1"
2.31778318757024e-06,0.291739835291736,0.264,0.126,0.0479804297658915,"MBTPS1"
2.3955791139885e-06,-0.988386555363815,0.559,0.537,0.049590883238676,"UAP1"
2.41915904375226e-06,-0.547995503210665,0.806,0.764,0.0500790113647155,"NGFRAP1"
2.43607669392639e-06,-1.5494175845458,0.246,0.316,0.0504292236409702,"RILP"
2.59550652840536e-06,0.528479212731894,0.258,0.126,0.0537295806445195,"PCGF1"
2.71382278615738e-06,-1.29575096581127,0.39,0.423,0.0561788454962439,"PSMA6"
2.73165063848747e-06,-1.83944211754482,0.319,0.387,0.0565478998673292,"HLA-DQA1"
2.75564641987531e-06,0.305595491560144,0.253,0.123,0.0570446365378388,"AMPD2"
2.86573009400977e-06,-0.426820660648395,0.423,0.233,0.0593234786760962,"GBAS"
2.97550511877907e-06,-1.64827480079254,0.312,0.368,0.0615959314638456,"C2orf72"
3.01592319017454e-06,-0.416161487644314,0.87,0.776,0.0624326259598032,"FUOM"
3.11507214322157e-06,-1.66174290694402,0.314,0.365,0.0644851084368297,"OCLN"
3.11673134908476e-06,-1.07823611623286,0.559,0.561,0.0645194556574035,"DDX3X"
3.28715588001951e-06,-0.404286423867214,0.256,0.12,0.0680474138722839,"SNX12"
3.39417043818966e-06,-2.11844040067921,0.182,0.255,0.0702627222409642,"KIF1C"
3.44034275399899e-06,-2.00202512694051,0.194,0.267,0.0712185353505331,"IDS"
3.6612542912322e-06,-1.66751001232653,0.219,0.294,0.0757916250827979,"SLC17A4"
3.79303106849617e-06,-0.731374208705933,0.644,0.607,0.0785195361489391,"HSD17B4"
3.86758338215133e-06,-1.15702853400241,0.493,0.5,0.0800628435939146,"ACTN4"
3.88408800462452e-06,-0.292370633269873,0.282,0.138,0.0804045057837322,"TMF1"
3.94092156783821e-06,-1.52530672808739,0.237,0.31,0.0815810173758187,"ATRN"
3.97602637917035e-06,0.3102123800925,0.27,0.132,0.0823077220752055,"INTS1"
4.11981094053371e-06,0.479746078355029,0.282,0.144,0.0852842062799884,"RPAP3"
4.23353809068123e-06,0.305845893442356,0.339,0.187,0.0876384720151921,"ACSS2"
4.3085744240718e-06,-1.5742660864391,0.319,0.368,0.0891917991527104,"GNG12"
4.34109972258649e-06,-0.319877151399914,0.993,0.972,0.089865105357263,"CST3"
4.57466385770015e-06,-0.251278914585684,0.39,0.215,0.0947001165182508,"PTPRA"
4.69469519788962e-06,0.301126660064156,0.282,0.144,0.0971848852915131,"ACTR6"
4.76962527267743e-06,0.295332405222338,0.582,0.387,0.0987360127696956,"ZBTB20"
4.78641510292043e-06,-0.524399513766785,0.879,0.81,0.0990835790455559,"ASS1"
4.82614059314845e-06,-0.264243367943986,0.282,0.141,0.099905936418766,"CASP1"
4.85156511003277e-06,-0.329811103624585,0.926,0.893,0.100432249342788,"HMGB1"
4.87581691892908e-06,-1.43573079530532,0.358,0.402,0.100934286038751,"PDLIM5"
4.93264001791156e-06,-1.27832465307118,0.439,0.451,0.102110581010787,"C1orf115"
4.96373257570864e-06,-1.96211356753711,0.186,0.261,0.102754228049745,"STK24"
5.38157878285682e-06,-1.38969334156603,0.443,0.463,0.111404062383919,"NUCB2"
5.50452557151791e-06,-1.23418776134046,0.496,0.503,0.113949183855992,"ESRRA"
5.87226820277511e-06,-1.00899343670974,0.551,0.54,0.121561824065648,"CADM1"
6.21077456576175e-06,-1.28821006155787,0.309,0.371,0.128569244285834,"SLC43A3"
6.44274500778101e-06,-0.543743439375846,0.879,0.825,0.133371264406075,"ALDH2"
6.45176510925655e-06,-0.689735502627374,0.696,0.656,0.13355798952672,"MRPL54"
6.49213439467537e-06,0.280598591268702,0.287,0.15,0.134393674104175,"PHKG2"
6.50905088607029e-06,-1.54849500001443,0.218,0.298,0.134743862392541,"MT1M"
6.53230778600273e-06,-0.988103447612369,0.522,0.512,0.135225303478042,"SLC43A1"
6.77749131133317e-06,-1.41656100886459,0.297,0.353,0.140300847635908,"ETFDH"
7.12431948040164e-06,-1.23988827269341,0.408,0.445,0.147480537563794,"ZHX1"
7.15838907458039e-06,-0.617253001528859,0.742,0.709,0.148185812232889,"NDUFA5"
7.45561486764815e-06,-0.858479381424459,0.516,0.543,0.154338683375184,"DDIT4"
8.048699449811e-06,-1.73216224003686,0.303,0.356,0.166616127310538,"LRP10"
8.42873434953835e-06,-0.444587197351053,0.855,0.779,0.174483229769793,"IDH1"
9.62852500884745e-06,-1.73904926212295,0.217,0.285,0.199320096208151,"MXD4"
1.0131151598162e-05,-1.49684036161543,0.407,0.439,0.209724969233552,"LAPTM5"
1.02276906973709e-05,-1.81643357068603,0.227,0.291,0.211723425126275,"AFTPH"
1.0420243700221e-05,-1.60894973553593,0.3,0.347,0.215709464838275,"EFHD2"
1.21611191290374e-05,-1.91872327945588,0.227,0.291,0.251747327090204,"HIF1A"
1.26059884036527e-05,-0.294534663274667,0.271,0.135,0.260956565944014,"TBC1D5"
1.32363146116849e-05,-1.43238704475353,0.338,0.377,0.274004948776488,"CTR9"
1.35018648082333e-05,-1.2459154645042,0.451,0.457,0.279502103395238,"PNN"
1.41860927065231e-05,-0.950132590118,0.552,0.537,0.293666305117734,"SUMO3"
1.45727898828785e-05,-0.339529772371411,0.311,0.166,0.301671323365469,"TCTN3"
1.45844749647173e-05,-0.751072670850535,0.812,0.724,0.301913216244613,"C1R"
1.46376441508338e-05,-1.51984000803805,0.322,0.371,0.303013871566411,"PICALM"
1.47029252110853e-05,-1.42664858420053,0.336,0.377,0.304365254794676,"WDR26"
1.49318913107396e-05,0.473662133103439,0.254,0.132,0.309105082023621,"MLH1"
1.51994867929342e-05,-0.519251447489051,0.683,0.672,0.31464457610053,"F5"
1.53204361188759e-05,-2.03797152393135,0.19,0.261,0.31714834809685,"CORO1A"
1.56005020608411e-05,-1.85138449318208,0.192,0.261,0.322945993161472,"PRKACB"
1.60237930574824e-05,-1.64504973702541,0.194,0.267,0.331708540082944,"STK17A"
1.6115068031459e-05,-0.430158159061825,0.291,0.15,0.333598023319232,"NFKBIE"
1.61223001141412e-05,-1.8478813617906,0.203,0.27,0.333747734662838,"ZBTB43"
1.71145065017906e-05,-1.69361436549167,0.3,0.35,0.354287399093566,"SSBP3"
1.7187649736213e-05,-0.270080060859362,0.968,0.911,0.355801537189346,"NDUFC2"
1.74763856497168e-05,-1.76562091186808,0.204,0.27,0.361778659334787,"SLC25A30"
1.76835956995671e-05,-0.606504291941612,0.721,0.666,0.366068114576738,"PRKCSH"
1.78217198338681e-05,-1.4724649446569,0.261,0.322,0.368927422280905,"NT5C3A"
1.86455630345532e-05,-1.71628266468248,0.205,0.273,0.385981800378286,"CYP51A1"
1.87726814617154e-05,-1.71262378148644,0.24,0.304,0.38861327893897,"SUN2"
1.9013266349938e-05,0.289832135634965,0.313,0.172,0.393593626710067,"TMEM38A"
1.9194737615561e-05,-0.822696617498683,0.619,0.589,0.397350263379727,"NAPA"
2.02736665757491e-05,-1.01418923656996,0.579,0.543,0.419685171784582,"CRYL1"
2.02784998055808e-05,-0.841328102408466,0.638,0.607,0.419785224475329,"SF1"
2.04596186052641e-05,-0.678158507340728,0.763,0.699,0.423534564747573,"NAMPT"
2.06522828822768e-05,-0.36824665763793,0.96,0.902,0.427522907946011,"MYL12B"
2.14686613695525e-05,-0.291706877364123,0.403,0.23,0.444422759011105,"KLHL5"
2.34823433832327e-05,-1.54746366971859,0.292,0.34,0.486107990376299,"PAPD5"
2.35660657025778e-05,-1.93442279468078,0.21,0.273,0.487841126109064,"TGM2"
2.40269685290784e-05,-1.76171928695808,0.184,0.255,0.497382275520452,"STRN3"
2.43773342096115e-05,-0.438781533387517,0.994,0.969,0.504635195473167,"UBC"
2.55534411340047e-05,-1.52498976475959,0.296,0.344,0.528981784915031,"MXI1"
2.56961340649495e-05,-0.429807521392173,0.271,0.138,0.53193567127852,"PCIF1"
2.59356394004142e-05,-1.28531603745302,0.601,0.592,0.536893671227974,"ELF3"
2.6413639013404e-05,-0.798255768668082,0.673,0.62,0.546788741216476,"PCK2"
2.66253170954132e-05,-1.51148117097203,0.238,0.301,0.551170689192149,"PROSC"
2.69982185368527e-05,-0.963000547023335,0.494,0.497,0.558890121931388,"CCL3"
2.73360715874685e-05,-0.534115509313499,0.285,0.15,0.565884017932185,"ZMAT3"
2.75198924527736e-05,-0.416416604923532,0.303,0.163,0.569689293664866,"ZNF146"
2.77206455577938e-05,-0.691476396195459,0.704,0.644,0.573845083691889,"OS9"
2.78901567142888e-05,-1.11612084078613,0.493,0.485,0.577354134142492,"WDR13"
2.97013541286214e-05,-0.624051357107871,0.645,0.617,0.614847731816592,"SAR1A"
3.215582462412e-05,-1.05763344913982,0.533,0.518,0.665657725543908,"N4BP2L2"
3.32310617681984e-05,-1.14282347466598,0.48,0.482,0.687916209663476,"PCGF5"
3.4752855690221e-05,-1.31234931632454,0.363,0.396,0.719418865643265,"PPM1B"
3.5018586179983e-05,-0.631429694610592,0.637,0.623,0.724919752511827,"SPTBN1"
3.62985036434942e-05,-1.93612279604943,0.23,0.291,0.751415323923972,"UPP1"
3.71415323607251e-05,-1.15912078376088,0.476,0.488,0.76886686139937,"SEC22B"
3.93279694772594e-05,-0.266826953255374,0.61,0.39,0.814128296148746,"HMGCS1"
4.13297380988493e-05,-1.77757384975923,0.25,0.307,0.85556690838428,"HIPK2"
4.15418859632549e-05,-1.72445288270859,0.208,0.273,0.85995858132534,"UBR3"
4.27385699351561e-05,0.456834090210334,0.255,0.135,0.884731136227666,"SIRT3"
4.39408958427731e-05,-1.73604345091893,0.189,0.255,0.909620484841245,"PLPP5"
4.53839234090761e-05,-0.799949194426579,0.597,0.577,0.939492598491285,"LIPA"
4.60480906977441e-05,-1.4605988117474,0.246,0.304,0.953241525534,"SFT2D2"
4.66313073895334e-05,-1.41060180165215,0.31,0.365,0.965314694270732,"EMP3"
4.78045070205204e-05,-0.415656917565183,0.28,0.15,0.989601099831792,"VPS13C"
0.577893772938125,-2.79987085094671,0.39,0.322,1,"CLDN4"
0.187372580691117,-2.56552901699411,0.449,0.408,1,"SAA1"
0.00036715594259232,-2.16877279681307,0.201,0.255,1,"SLC5A3"
0.674353204359646,-2.13745834976774,0.335,0.282,1,"RP1-313I6.12"
0.0782515909076594,-2.13152032248489,0.693,0.571,1,"MT1G"
0.00107441807374045,-2.07413201255326,0.213,0.258,1,"CD3D"
8.34528838378295e-05,-2.0625498870961,0.198,0.264,1,"LSP1"
0.898398012425201,-1.96044794991117,0.259,0.218,1,"C9"
7.71257418247934e-05,-1.95627115634214,0.27,0.322,1,"SMCHD1"
0.00578770930989226,-1.92691429810687,0.229,0.261,1,"MYADM"
0.000670270245013168,-1.88605621702568,0.206,0.255,1,"UBE2G1"
0.000107804971383018,-1.83775625327742,0.207,0.261,1,"LMO7"
0.000235589227770609,-1.80380613863608,0.293,0.166,1,"SAA2"
0.00718245958752233,-1.7835481471781,0.33,0.344,1,"ZC3H12A"
0.000135048967348129,-1.77214470114144,0.315,0.356,1,"CD55"
0.00319679855067552,-1.75003030755841,0.291,0.313,1,"SENP6"
0.00450861165540845,-1.74992323123323,0.23,0.261,1,"ITGA1"
0.000194015373952219,-1.74433799022709,0.191,0.252,1,"C3orf58"
0.000111138042658104,-1.7242289809152,0.235,0.294,1,"GPR183"
0.000263234825215717,-1.71354853165045,0.262,0.31,1,"EDEM3"
0.00577003366594482,-1.68304741918387,0.265,0.288,1,"FNBP1"
0.000491615838593219,-1.66504374834465,0.219,0.264,1,"TCF7L2"
0.0261338630885401,-1.62965216378167,0.255,0.264,1,"GRTP1"
0.00156832285043226,-1.62475636098338,0.271,0.304,1,"SPARC"
0.891029712662268,-1.61076346649177,0.288,0.239,1,"HES4"
0.00109041905762183,-1.5937411552427,0.275,0.316,1,"IVNS1ABP"
0.00239710997266462,-1.59201538070261,0.318,0.337,1,"ARID5A"
0.00078857477155039,-1.56855386622959,0.229,0.273,1,"C9orf3"
0.00224936624931505,-1.56300473847813,0.333,0.344,1,"EPC1"
0.000156076091945893,-1.56252341080256,0.303,0.34,1,"JMJD1C"
0.000169292396989806,-1.55965378979827,0.2,0.258,1,"INTS10"
0.000739024841742071,-1.55514732463708,0.32,0.347,1,"AKAP13"
0.179146021385674,-1.54593970980611,0.252,0.248,1,"ADGRE5"
0.000550247684527296,-1.52591541381107,0.323,0.347,1,"CH17-189H20.1"
0.00119870947054651,-1.52528161676116,0.22,0.264,1,"SHOC2"
0.000267768618751644,-1.5193705631008,0.265,0.307,1,"SMOC1"
0.00713652178643945,-1.51115502450498,0.311,0.316,1,"TNRC6A"
0.000184016294274055,-1.50948378352216,0.253,0.301,1,"ACBD5"
0.0379291442242474,-1.5083225861115,0.378,0.365,1,"STK4"
0.0120453772350802,-1.50373786107476,0.335,0.34,1,"G3BP2"
0.000159252453962081,-1.49976209045786,0.227,0.282,1,"COG3"
0.000280423415093307,-1.49397815423127,0.279,0.316,1,"CRK"
0.000201967253587756,-1.48503429757985,0.32,0.35,1,"AAK1"
0.000217721865512438,-1.48326109521018,0.223,0.279,1,"NUMB"
0.000530449565202753,-1.48169279773879,0.269,0.307,1,"ARL8A"
0.00276089271917027,-1.48031613427617,0.3,0.322,1,"NCOR1"
0.0377083185638622,-1.47795859820375,0.247,0.258,1,"ABHD5"
0.0274578500736505,-1.46557908077523,0.3,0.301,1,"RYBP"
0.0101860278208961,-1.4627511689655,0.231,0.258,1,"RAB3IP"
0.0147845464470274,-1.45986112136703,0.288,0.294,1,"MAGI1"
8.54186921745562e-05,-1.456247401137,0.247,0.307,1,"USP15"
0.421790716021055,-1.45430060422619,0.261,0.239,1,"ASCC3"
0.0266437993327363,-1.45131891472163,0.254,0.276,1,"ARMCX3"
8.27123294485937e-05,-1.44911224599282,0.278,0.325,1,"STBD1"
0.000139278399200594,-1.44196393918667,0.242,0.298,1,"CREBL2"
0.425671198208592,-1.44133453502248,0.367,0.273,1,"PDZK1IP1"
0.000453289307553143,-1.44068274644306,0.279,0.319,1,"UGCG"
0.00719164242568437,-1.44026565659495,0.215,0.252,1,"CCL3L3"
0.00739893428377968,-1.4379124160328,0.226,0.258,1,"PAIP2B"
0.00917618913207165,-1.42989317381152,0.326,0.328,1,"PLEKHA1"
0.000496322622356736,-1.42841030561806,0.385,0.393,1,"KLF3"
0.0429819645799654,-1.42735335688089,0.28,0.285,1,"RELB"
0.00498321500797197,-1.42498078589349,0.287,0.31,1,"PPP4R3A"
0.000154793596426261,-1.41115624567103,0.284,0.331,1,"GSKIP"
0.00146961712510805,-1.40846155127394,0.247,0.282,1,"CYP4V2"
0.000334452177128581,-1.4084081487947,0.423,0.426,1,"IRF1"
0.00030910351857757,-1.40783394324704,0.225,0.279,1,"OSBP"
0.00374103415760835,-1.40760467334011,0.342,0.353,1,"MBD4"
0.00748583367701784,-1.40344812246477,0.34,0.347,1,"PRNP"
0.000392782249187341,-1.39863651973082,0.26,0.304,1,"FNTA"
0.00523101144854761,-1.39421722073223,0.317,0.334,1,"ZYX"
5.89047968987498e-05,-1.39238283433176,0.351,0.383,1,"PANK1"
0.00438737929941924,-1.38727201153956,0.297,0.319,1,"GALNT1"
0.00692390729998439,-1.38710507396032,0.245,0.276,1,"CCL4L2"
0.889273151995791,-1.38533419995999,0.956,0.822,1,"MT1X"
0.00286512647006263,-1.38459271403514,0.247,0.282,1,"PRKACA"
0.0217470121096301,-1.38111764533792,0.265,0.279,1,"TMEM63A"
6.49461572723205e-05,-1.38041426124261,0.3,0.35,1,"BNIP3L"
0.006541941503419,-1.38018643775582,0.315,0.325,1,"HOOK2"
0.000126441010695372,-1.37900927533229,0.241,0.298,1,"ESYT1"
0.0817268730304468,-1.37784773460556,0.27,0.276,1,"PSMA3-AS1"
0.00192707153577392,-1.37719439213095,0.298,0.322,1,"SLC27A3"
0.000314982684677959,-1.37657659408112,0.367,0.387,1,"QKI"
0.00108191182195544,-1.37144280313399,0.429,0.429,1,"AMFR"
0.0193597815147069,-1.36959618105054,0.251,0.273,1,"CLUH"
0.000389339617190699,-1.36908207123905,0.304,0.347,1,"TMEM63B"
0.00355212505869751,-1.36836209236562,0.257,0.291,1,"GMFG"
0.00912152460513734,-1.36429415540946,0.258,0.282,1,"NOL3"
0.00278032008293722,-1.36381941914534,0.251,0.285,1,"CKAP4"
0.0155218029875189,-1.34807196658903,0.228,0.252,1,"KMT5B"
0.0126214327142231,-1.34794363683651,0.415,0.393,1,"GBP1"
0.0687959481278065,-1.34384698460151,0.288,0.285,1,"ING1"
0.00262601762083064,-1.34362832605618,0.249,0.285,1,"SMAD4"
0.0566247401533251,-1.33789915657134,0.245,0.258,1,"AC013461.1"
0.00180456890648042,-1.33544719682697,0.284,0.313,1,"FMR1"
0.0204652655872176,-1.33333778462276,0.25,0.27,1,"RC3H1"
0.000611031939117779,-1.33295721698052,0.207,0.261,1,"GTF2E2"
0.00151567186048731,-1.33221241057413,0.392,0.408,1,"CYP2A6"
0.000735624157187602,-1.3305030098379,0.262,0.304,1,"CTDSP1"
0.0280213569848849,-1.32606562928537,0.265,0.279,1,"PSME4"
0.000576616888100487,-1.32284564311437,0.359,0.377,1,"HBP1"
0.00180141705807811,-1.32222437200029,0.415,0.42,1,"ANKRD12"
0.000445913039504417,-1.31896873362003,0.273,0.319,1,"RRAS2"
0.259338751135765,-1.31712732797327,0.263,0.248,1,"ATF5"
0.105604397247442,-1.31191246860649,0.264,0.264,1,"SMG7"
0.00602849500835439,-1.31173597096289,0.267,0.291,1,"FBXO8"
9.85949161464264e-05,-1.3105893808305,0.306,0.35,1,"LIN7C"
0.0042721704316203,-1.3097188578288,0.316,0.337,1,"POLR2B"
0.00306781369215849,-1.3059762446962,0.266,0.298,1,"SLC35D1"
0.0187153843185473,-1.30554261450803,0.241,0.264,1,"AP000769.1"
0.0224091277592335,-1.29871286271722,0.391,0.371,1,"DDX6"
0.173818796423348,-1.29805665726958,0.266,0.261,1,"HCST"
0.00228602121199471,-1.29348692428475,0.317,0.344,1,"ARMT1"
0.00179851062715622,-1.2926075039981,0.286,0.313,1,"ARCN1"
0.288392343862582,-1.28867567137252,0.287,0.264,1,"MAP4K4"
0.00602476789756637,-1.28573345113992,0.34,0.347,1,"GMFB"
0.779660906360278,-1.28289868469471,0.274,0.242,1,"UBL3"
6.98718174712665e-05,-1.28165211633226,0.317,0.362,1,"STRADB"
0.24373389812726,-1.27820474339781,0.283,0.267,1,"MAP2K1"
0.0101060395552242,-1.27739722625019,0.352,0.35,1,"DEDD2"
0.000394061781822487,-1.2761965537487,0.329,0.356,1,"RAB5B"
0.00607194242134975,-1.27296963181681,0.322,0.328,1,"SH3BGRL2"
0.395357504898271,-1.26762862577489,0.28,0.258,1,"HIPK1"
0.0177571455411649,-1.26669724061197,0.326,0.328,1,"FGFR1OP2"
0.000883176454615962,-1.26527983535916,0.272,0.313,1,"TM2D2"
7.10865743652131e-05,-1.26469523860144,0.377,0.405,1,"PEMT"
0.145197015204239,-1.26392289319405,0.344,0.325,1,"ANKRD37"
0.37120388972788,-1.25865831849326,0.263,0.245,1,"TRAPPC2P1"
0.000561125164908708,-1.25764447309454,0.383,0.39,1,"ARHGEF12"
0.0547855734046769,-1.25450607424559,0.368,0.347,1,"LDLR"
0.187307136054227,-1.25273775803,0.364,0.334,1,"NCOA7"
0.00082795948903053,-1.24990367085169,0.277,0.313,1,"CDC42BPA"
0.0237432580936179,-1.24900144372049,0.348,0.337,1,"COLEC11"
0.00199721610646633,-1.23976573018777,0.345,0.359,1,"MARC1"
0.000842735570803569,-1.23654011133568,0.302,0.334,1,"MAPKAPK2"
0.000786275730806234,-1.23422718888453,0.31,0.34,1,"NID1"
0.00170733569640885,-1.22884121729063,0.355,0.365,1,"ACP2"
0.0335694630362908,-1.22751571772705,0.293,0.291,1,"DNAJC22"
0.000711618771683564,-1.22574245648338,0.286,0.322,1,"HINT3"
0.150788972163247,-1.22358636646969,0.251,0.248,1,"DAAM1"
0.0039204094154559,-1.22159924072354,0.326,0.344,1,"COX16"
0.000101544501313765,-1.21948929790283,0.345,0.383,1,"AGMO"
0.0155366698574804,-1.21939950601064,0.228,0.255,1,"ASH1L"
0.247130933102375,-1.21894965993721,0.273,0.261,1,"CACFD1"
0.00019037226025642,-1.21497575684103,0.372,0.387,1,"CTNND1"
0.0437558106585068,-1.21292881702085,0.352,0.34,1,"TSC22D2"
0.0129675953947175,-1.21188358724071,0.313,0.322,1,"IRF6"
0.474302310599722,-1.20923756241035,0.264,0.248,1,"RILPL2"
0.227252766638979,-1.20540102394296,0.324,0.298,1,"BCAM"
0.359822346767756,-1.20050084315048,0.337,0.307,1,"RAB9A"
0.00292700889136658,-1.19953326917454,0.413,0.405,1,"UBE2J1"
0.126800122459879,-1.1960655923931,0.324,0.304,1,"RNF187"
0.0466605335255406,-1.19445704981499,0.379,0.356,1,"MAZ"
0.000729036499222814,-1.19321131906337,0.384,0.396,1,"LRP1"
0.0810239986034671,-1.19170357255785,0.33,0.316,1,"SLC17A5"
0.0140952770286453,-1.19087961825722,0.32,0.325,1,"PRKAA1"
0.00110077522239435,-1.19000509804421,0.267,0.307,1,"MYLK"
0.670910285134344,-1.18395722731104,0.365,0.307,1,"RBBP6"
0.484653522592541,-1.17891157692284,0.269,0.245,1,"ITCH"
0.0715047244498428,-1.17504531561008,0.308,0.301,1,"SLC27A2"
0.0234276805429179,-1.17467717304999,0.31,0.316,1,"PNPLA8"
0.000175602724990319,-1.17310996577582,0.432,0.426,1,"TMEM30A"
0.0256841246777155,-1.16966414111081,0.298,0.307,1,"R3HDM2"
0.0347648175082307,-1.16754264699934,0.236,0.255,1,"MYO6"
0.000130731611501097,-1.16722428390015,0.489,0.5,1,"CYP2A7"
0.0868923656121349,-1.16303415142594,0.332,0.313,1,"HOOK1"
0.11567252538458,-1.161588312681,0.389,0.353,1,"FAM102A"
0.000856155195275292,-1.15443800930836,0.342,0.365,1,"DNAJC4"
0.126445165522077,-1.15031777771487,0.286,0.273,1,"ANO6"
0.182675527976301,-1.15012625955392,0.251,0.248,1,"ARNT"
0.0191593283769593,-1.14781989759081,0.294,0.307,1,"CYP2B6"
0.0010938155280182,-1.14707409722478,0.386,0.402,1,"ALG13"
0.000564401739284762,-1.14636942640755,0.46,0.445,1,"LPGAT1"
0.000269854147671562,-1.14026937188665,0.421,0.426,1,"ABAT"
0.000413501950132698,-1.14008843205656,0.396,0.408,1,"IBTK"
0.00114033466402185,-1.13846266494326,0.323,0.35,1,"EPS8L2"
0.041353392812564,-1.13503949803896,0.291,0.298,1,"DERL2"
0.7861476177802,-1.13477779330208,0.374,0.307,1,"TTC36"
0.809699562786926,-1.1340351228477,0.275,0.23,1,"ELF2"
0.327558724278763,-1.13326582371541,0.262,0.248,1,"AGL"
0.659727295923954,-1.1295986097598,0.259,0.233,1,"SGMS1"
0.527349858812557,-1.1261184647563,0.267,0.215,1,"CYP20A1"
0.197224534055315,-1.12124619766774,0.271,0.261,1,"LYST"
0.429329956366352,-1.11945648373338,0.25,0.233,1,"ANKRD10"
0.352732538837773,-1.11791282611685,0.292,0.276,1,"METTL9"
0.0228435379400848,-1.11775351781974,0.348,0.34,1,"RIOK3"
0.0161834756921584,-1.11561573762675,0.324,0.331,1,"TXNDC11"
0.0776881416669011,-1.11528835339398,0.384,0.353,1,"ASMTL"
0.0268066140278326,-1.10323252063536,0.269,0.285,1,"MPDU1"
0.00241919376706678,-1.10287433320167,0.33,0.35,1,"KLHL24"
0.000270943987840024,-1.10002331144424,0.493,0.472,1,"PABPN1"
0.000109154778990489,-1.09960942098609,0.392,0.417,1,"MUM1"
6.26317216688484e-05,-1.0969543412371,0.38,0.411,1,"SLC35A3"
0.0532797343530203,-1.09593688918878,0.264,0.273,1,"PLIN5"
0.0329784829553483,-1.09575278469534,0.349,0.337,1,"TPGS1"
0.0018152540928667,-1.09443753975051,0.264,0.16,1,"RCAN1"
0.000256313555057999,-1.09215035007366,0.43,0.433,1,"TNFRSF14"
0.53566979163585,-1.08815129318826,0.28,0.224,1,"ARIH1"
0.0373196774801041,-1.08596685473447,0.341,0.334,1,"ABI1"
0.963618319114924,-1.08457271003501,0.294,0.248,1,"CTDSP2"
0.127287354336886,-1.08347098653808,0.329,0.316,1,"OSTF1"
0.0041337903440907,-1.08186258223563,0.443,0.42,1,"SLC51A"
0.0295080021051837,-1.07877856169397,0.484,0.426,1,"HNRNPL"
0.0183079418987787,-1.07874350619507,0.352,0.356,1,"CCDC117"
0.329980151911882,-1.07124519244571,0.367,0.325,1,"TAOK3"
0.000116972765095526,-1.07103626095025,0.366,0.399,1,"COQ10B"
0.00623380739696318,-1.06977605241122,0.411,0.402,1,"FAM8A1"
0.127829250436099,-1.06968207054892,0.298,0.288,1,"MAPRE2"
0.0829709404148581,-1.06746186679959,0.269,0.19,1,"ERAP2"
0.835987938781908,-1.06698450538048,0.297,0.248,1,"CHD2"
0.75800960385269,-1.06682859503637,0.252,0.224,1,"ARRB2"
0.0033580091081457,-1.06434599908064,0.486,0.448,1,"RAB14"
0.656629148732526,-1.06167176707763,0.288,0.233,1,"TRIM56"
0.00217537774408492,-1.05694830147394,0.408,0.405,1,"PJA2"
0.0479195241193278,-1.05188992755772,0.363,0.347,1,"TMEM41B"
0.000609609210038233,-1.04847157797985,0.377,0.399,1,"SPRYD4"
0.0574455928285805,-1.04782834208313,0.325,0.319,1,"ERO1A"
0.465384477588914,-1.04774627484482,0.266,0.212,1,"BET1L"
0.00463335409990718,-1.04684406606964,0.449,0.426,1,"MIA3"
0.0481680915920279,-1.04558411964505,0.38,0.362,1,"USF2"
0.0393764313397389,-1.04516763023943,0.239,0.258,1,"TRAPPC5"
0.114068733183466,-1.04453633648193,0.394,0.362,1,"KRAS"
0.00610387266637234,-1.0420128235176,0.35,0.356,1,"ALAD"
0.24174814241655,-1.04075157255516,0.331,0.301,1,"SHMT1"
0.0150036965747974,-1.04073718515653,0.409,0.39,1,"GCDH"
0.0553805140912816,-1.03748399907023,0.625,0.546,1,"GADD45G"
0.000467050469635285,-1.03732123909252,0.537,0.506,1,"SCAF11"
0.249971464964997,-1.03591774073957,0.391,0.34,1,"PDE4DIP"
0.165247538114823,-1.03284348265291,0.273,0.27,1,"PAQR9"
0.00227803262526637,-1.03214406383058,0.476,0.463,1,"WAC"
0.0866702958614086,-1.03113819052448,0.344,0.319,1,"UBE2H"
0.0823848295957096,-1.03074524694397,0.333,0.325,1,"KPNA4"
0.00083082874409442,-1.03016154726539,0.471,0.466,1,"AKAP9"
0.00388748780307197,-1.03003504910102,0.452,0.429,1,"TMEM248"
0.0414713930565742,-1.02984683887038,0.461,0.417,1,"DNAJC3"
0.584573427607671,-1.02950599290038,0.53,0.423,1,"ACSL4"
0.759439760999755,-1.02925104200423,0.361,0.31,1,"CARD16"
0.0341741435063379,-1.02692223029696,0.396,0.368,1,"WASL"
0.809784849573293,-1.02474170150204,0.305,0.261,1,"DLST"
0.0795804298627595,-1.02456196399941,0.342,0.331,1,"PLOD3"
0.000401931439728903,-1.02291024307056,0.466,0.454,1,"SLC2A4RG"
0.15931353740681,-1.0224398015056,0.319,0.301,1,"TGFBR2"
0.604270359552771,-1.01825152281562,0.339,0.301,1,"PXDC1"
0.469079550771115,-1.01606393622043,0.262,0.242,1,"MPPE1"
0.00992656001211562,-1.0143522264125,0.417,0.402,1,"LPCAT3"
0.234260210715318,-1.01236384907029,0.251,0.196,1,"OFD1"
0.000324376994965935,-1.01231022682481,0.537,0.509,1,"ACTR2"
0.723775822771403,-1.01081167388821,0.278,0.242,1,"SIAH1"
0.0750360697288597,-1.00755254467695,0.434,0.39,1,"PYGL"
0.00117244396694379,-1.00640403756255,0.448,0.442,1,"AIDA"
0.135313785159144,-1.00582900971621,0.262,0.193,1,"NXF1"
0.134304280230325,-1.00368891012533,0.359,0.331,1,"LSM1"
0.0732059249830562,-1.00363728930815,0.349,0.328,1,"PPP4R3B"
0.637079320855393,-1.00252548925052,0.283,0.233,1,"OSBPL8"
0.01684190114418,-1.00222971592575,0.289,0.196,1,"SLC38A1"
0.539832547265608,-0.998601304145861,0.285,0.261,1,"RBL2"
0.698698645906125,-0.998425959058398,0.276,0.248,1,"TBC1D15"
0.0720886858007352,-0.998060546044357,0.24,0.252,1,"ALG1L"
0.298024415540132,-0.994608626550103,0.379,0.334,1,"NREP"
0.0100254832139399,-0.990324606516494,0.413,0.288,1,"ADM"
0.951040581657809,-0.988058177641252,0.256,0.224,1,"PAPSS2"
0.00821858045688497,-0.987352662456791,0.49,0.454,1,"DSP"
0.977300919868121,-0.985091797634545,0.347,0.288,1,"EFCAB14"
0.00598668162367565,-0.982155628219093,0.417,0.408,1,"BDH1"
0.697688915423764,-0.981497503332946,0.264,0.236,1,"NUP153"
0.000107647247656423,-0.981122986008378,0.587,0.531,1,"CDIPT"
0.24810666488433,-0.980821299625095,0.267,0.206,1,"TMEM170A"
0.937827790077887,-0.980748192110056,0.29,0.245,1,"MPND"
0.102935555611997,-0.980045857563341,0.29,0.288,1,"ACYP2"
0.97637351978489,-0.978955407839567,0.292,0.248,1,"CHD9"
0.0614581328827589,-0.977162600758511,0.292,0.209,1,"IFI27L2"
0.700508456436673,-0.975960306611571,0.29,0.239,1,"ATL2"
0.544415750463467,-0.97511561866119,0.318,0.282,1,"MAPK14"
0.0102806663604033,-0.968304491607355,0.404,0.399,1,"ATP13A3"
0.0678098501720603,-0.967231753892923,0.349,0.334,1,"C1GALT1C1"
0.73481986412462,-0.966153196918627,0.458,0.356,1,"LURAP1L"
0.0155637154415516,-0.965683264107257,0.452,0.429,1,"HHEX"
0.0217026822568984,-0.962625867369659,0.535,0.518,1,"BIRC3"
0.000108711256540574,-0.962296722927468,0.551,0.512,1,"KLHDC2"
0.154355934998345,-0.961943237786274,0.266,0.196,1,"DTNA"
0.0268796502778479,-0.961673897502242,0.312,0.319,1,"TTC17"
0.0394145651702574,-0.958596683104459,0.576,0.512,1,"SUMF2"
0.389683505058829,-0.957343822205593,0.319,0.291,1,"CDC42EP1"
0.256733322054097,-0.956829077507484,0.284,0.215,1,"SMYD3"
0.0423674410811684,-0.955775123727563,0.484,0.423,1,"MAGT1"
0.000684004078842339,-0.95433742155634,0.562,0.521,1,"MAN1A1"
0.0134957061867767,-0.954308708980064,0.427,0.408,1,"SLC30A1"
0.0575879411441345,-0.953693358074619,0.386,0.362,1,"TMX4"
0.015277720107908,-0.951145797466203,0.516,0.469,1,"TMED4"
0.163063874441413,-0.947535509199187,0.259,0.193,1,"THAP5"
0.0204159204068922,-0.947496808608413,0.394,0.383,1,"TMEM2"
0.470164904001515,-0.946546254111079,0.25,0.202,1,"CREBBP"
0.017874379931162,-0.946118727126167,0.385,0.38,1,"OSBPL9"
0.136170911486884,-0.942870745539137,0.393,0.362,1,"PIK3AP1"
0.78845400707858,-0.941915359406762,0.398,0.313,1,"SHC1"
0.228064025037134,-0.94169486827825,0.344,0.319,1,"PITPNB"
0.379824377506548,-0.937714116284559,0.513,0.423,1,"STK16"
0.0155401106678328,-0.935003864768673,0.571,0.531,1,"CAPNS1"
0.182220122380578,-0.934783940704457,0.546,0.463,1,"CFLAR"
0.000203354288331997,-0.934730028088463,0.568,0.534,1,"MGAT1"
0.891792542512342,-0.933306278560232,0.307,0.264,1,"ENHO"
0.689158168036745,-0.9308001356324,0.379,0.304,1,"ATP2B1"
0.687426733409182,-0.929417443285256,0.251,0.209,1,"ERLIN1"
0.26105136867541,-0.929391340419433,0.33,0.245,1,"SNX9"
0.415553700311058,-0.929132147888719,0.288,0.23,1,"PPIL4"
0.876963447453569,-0.928754583618163,0.289,0.242,1,"ZNF518A"
0.331693334352687,-0.927632856757814,0.281,0.215,1,"U2AF1"
0.370251065174891,-0.926122291465687,0.353,0.267,1,"TIPARP"
0.778435225475167,-0.925279403352049,0.396,0.331,1,"KCTD20"
0.0011063921972906,-0.924761027557239,0.509,0.485,1,"SC5D"
0.210286943293911,-0.923436889775427,0.344,0.255,1,"NUTM2B-AS1"
0.512222638568234,-0.922043258799981,0.299,0.273,1,"FBXL5"
0.0544577229369039,-0.921996026623038,0.427,0.39,1,"LINC00869"
0.993671866294827,-0.919248214872206,0.345,0.288,1,"ZBTB44"
0.616236627467645,-0.919104401965428,0.372,0.301,1,"CPM"
0.133515725993334,-0.917985113858534,0.295,0.291,1,"RP1-60O19.1"
0.000401347321016444,-0.917636224707733,0.565,0.534,1,"CCS"
0.723066463509327,-0.91749735779231,0.283,0.233,1,"MAX"
0.808672319869163,-0.91714411358225,0.291,0.242,1,"AKT2"
0.658477568787511,-0.916908366196776,0.401,0.334,1,"SLC31A1"
0.694934780871904,-0.915800252993793,0.379,0.322,1,"YES1"
0.807624583428094,-0.912272973887674,0.306,0.258,1,"CWF19L2"
0.192099726926864,-0.912223074682091,0.361,0.27,1,"BRD3"
0.0947944265942406,-0.911302764104431,0.281,0.199,1,"JMY"
0.748112450703958,-0.910547640231854,0.294,0.245,1,"ZC3H13"
0.00390514041057254,-0.910294304870262,0.271,0.169,1,"SAMHD1"
0.409675776847162,-0.90867751285973,0.348,0.313,1,"TLN1"
0.279844668888305,-0.907936340980531,0.434,0.383,1,"UBE2D1"
0.845878578756107,-0.906080009194629,0.343,0.298,1,"RNF115"
0.653723583436984,-0.90573958838727,0.304,0.248,1,"DNAJC25"
0.00220355582454778,-0.904498304241264,0.476,0.454,1,"FAM210B"
0.786158062942883,-0.903912395407929,0.449,0.356,1,"POLR2J3"
0.246046371822162,-0.903393622983904,0.319,0.298,1,"RANBP2"
0.300882237526336,-0.902902725552196,0.438,0.38,1,"RAB5A"
0.176254369653153,-0.900672273888855,0.347,0.325,1,"SFT2D1"
0.695121191723395,-0.898631455553303,0.366,0.291,1,"CAND1"
0.0550468872608408,-0.897263733325608,0.438,0.399,1,"HIBCH"
0.354917374175762,-0.896083089330995,0.327,0.301,1,"SYNJ2BP"
0.592595625145049,-0.895996368119273,0.25,0.209,1,"RRN3"
0.00185805573067352,-0.895233617918829,0.48,0.46,1,"CYB5R1"
0.220733588022998,-0.895123892508584,0.421,0.365,1,"RDH11"
0.545000796113561,-0.894833429442162,0.342,0.304,1,"LENG8"
0.225478901633528,-0.894248209119392,0.394,0.353,1,"SARDH"
0.0930782255728466,-0.892722688265519,0.25,0.184,1,"THBS1"
0.00187704804610189,-0.887239034457848,0.589,0.54,1,"CHMP1B"
0.0696367361093215,-0.885463124534585,0.526,0.454,1,"SHMT2"
0.617193843522165,-0.885371326344045,0.345,0.301,1,"MARCH2"
0.129658334272753,-0.884633585548357,0.254,0.187,1,"YPEL2"
0.881584754909222,-0.884619965078407,0.314,0.264,1,"OGT"
0.561472556368086,-0.882873817878614,0.52,0.38,1,"LEPR"
0.00395497166005946,-0.882813352270372,0.497,0.472,1,"RXRA"
0.0070367878110047,-0.882647814211832,0.47,0.439,1,"PCYOX1"
0.760815270610227,-0.882544603955846,0.289,0.239,1,"CAPG"
0.213374037381489,-0.880929533322762,0.379,0.347,1,"ABCA5"
0.978314777528618,-0.880371537556635,0.384,0.313,1,"ZNF644"
0.0997145032084068,-0.879752417990928,0.351,0.331,1,"SYVN1"
0.63433182509365,-0.879435818292074,0.305,0.248,1,"GLYR1"
0.719924898550274,-0.876173952840248,0.496,0.377,1,"DUSP10"
0.0482622840090149,-0.875595688426721,0.336,0.239,1,"SRSF8"
0.010811898460719,-0.875108746863669,0.449,0.429,1,"ALDH5A1"
0.137062061668381,-0.874311022971886,0.374,0.276,1,"CHD1"
0.105238198596379,-0.873562137112911,0.348,0.331,1,"ENPP1"
0.714631885779012,-0.869833820866077,0.314,0.258,1,"ADIPOR2"
0.237082674407259,-0.868565093283922,0.251,0.193,1,"CASP7"
0.566752756797144,-0.867674430235912,0.397,0.34,1,"MAPK1"
0.2332118277789,-0.866140717644032,0.504,0.429,1,"RHBDD2"
0.407641059201789,-0.8651886806478,0.321,0.255,1,"GCA"
0.0314398740519197,-0.864322413336069,0.266,0.181,1,"PLEKHA5"
0.0596093164267298,-0.86410704149651,0.269,0.193,1,"PIM1"
0.226030060691322,-0.86276067011406,0.346,0.264,1,"ANKRD11"
0.691478558641046,-0.862147738923787,0.48,0.393,1,"ARID4B"
0.000384257874052521,-0.860635956282426,0.59,0.561,1,"DECR2"
0.138076023357525,-0.859099913244889,0.418,0.377,1,"ZC3H11A"
0.00507619238224094,0.859031032061592,0.521,0.377,1,"HIST1H4C"
0.0294618560628296,-0.857900563777581,0.511,0.457,1,"C6orf62"
0.124254278011212,-0.85782438906271,0.257,0.19,1,"MOGS"
0.601097880208691,-0.857194507127803,0.262,0.239,1,"AP1G1"
0.00207581709336026,-0.854233902732915,0.5,0.472,1,"ITFG1"
0.127056828877712,-0.854076602401635,0.375,0.35,1,"PHIP"
0.0227508913014338,-0.853947663142809,0.261,0.175,1,"EPM2AIP1"
0.748450658720332,-0.852324540172588,0.316,0.261,1,"ABHD16A"
0.0011119240904422,-0.851117490277761,0.608,0.58,1,"LRRFIP1"
0.170335963572789,-0.850806552034823,0.456,0.405,1,"BAG1"
0.0663723441137558,-0.850546728780459,0.496,0.439,1,"CXXC5"
0.774757564188709,-0.849286691848029,0.279,0.233,1,"EVI5"
0.64468680769611,-0.847067104313638,0.308,0.273,1,"SLC44A1"
0.0134304114785158,-0.845937385924339,0.438,0.405,1,"ACBD3"
0.00621729728745815,-0.844914099441889,0.527,0.515,1,"SORBS2"
0.315281320735699,-0.844485902940333,0.403,0.31,1,"ARL2BP"
0.589522562346489,-0.844004015788578,0.318,0.285,1,"CLIC4"
6.48366597826156e-05,-0.843856849902305,0.576,0.561,1,"EIF4EBP1"
0.910534351755779,-0.843140774210956,0.404,0.347,1,"CD44"
0.0376492894999615,-0.842880911946074,0.458,0.426,1,"CDC42SE2"
0.70239655740939,-0.838158815125729,0.381,0.325,1,"SMPD1"
0.194431194800329,-0.835849046048258,0.52,0.448,1,"TERF2IP"
0.708988187571733,-0.835614379644288,0.348,0.301,1,"PID1"
0.00750413511642021,-0.834738408647468,0.482,0.457,1,"TP53TG1"
0.0265447235409332,-0.834006049568835,0.581,0.518,1,"NFE2L2"
0.590081939229419,-0.833522049798839,0.365,0.319,1,"CD68"
0.581318236425357,-0.833024673107721,0.409,0.344,1,"TMEM9B"
0.233180497236465,-0.832651258501483,0.272,0.206,1,"GMCL1"
0.7727160233542,-0.832646525462347,0.334,0.285,1,"GCC2"
0.000365482549272556,-0.830878294171984,0.518,0.515,1,"FKBP11"
0.0431284827473582,-0.829781207516104,0.356,0.347,1,"RETSAT"
0.737612057367515,-0.829602034288327,0.306,0.252,1,"API5"
0.854811783074384,-0.828208635803882,0.401,0.328,1,"CLDND1"
0.000445775036095221,-0.824795869062819,0.565,0.531,1,"TRAPPC1"
0.931727347648671,-0.82386419078309,0.36,0.301,1,"NMRK1"
0.0810364758348914,-0.823078181130967,0.531,0.472,1,"CEBPA"
0.648119921054025,-0.822310791030227,0.327,0.288,1,"RAB1B"
0.329980197557901,-0.820917603295346,0.407,0.356,1,"NUDT4"
0.0804160939928546,-0.817149379763757,0.507,0.445,1,"YIPF4"
0.888665266306725,-0.815910994089442,0.287,0.245,1,"NUP50"
0.0164415043445559,-0.814933427088244,0.558,0.509,1,"CHORDC1"
0.00136522111483969,-0.81453677910298,0.268,0.16,1,"ADAM17"
0.753261126807581,-0.813443431571635,0.306,0.252,1,"FERMT2"
0.28155522759309,-0.810404801595834,0.469,0.353,1,"RAB20"
0.0191639695280193,-0.809017417868298,0.661,0.61,1,"HES1"
0.339417713652383,-0.807428454895501,0.309,0.236,1,"TOPORS"
0.0138586708626579,-0.806147772854287,0.572,0.509,1,"CRIPT"
0.234374636604948,-0.805199073235536,0.256,0.196,1,"PHKB"
0.442522642127391,-0.803962013990837,0.274,0.258,1,"MAP7"
0.406870903754514,-0.802923748124834,0.504,0.426,1,"ALDH4A1"
0.428716054907378,-0.801771765660765,0.269,0.218,1,"CSAD"
0.130303857100941,-0.801601015885355,0.384,0.359,1,"MOSPD3"
0.30764663331843,-0.801219994109149,0.481,0.42,1,"AMD1"
0.00465924989908197,-0.799643076425964,0.489,0.466,1,"PINK1"
0.048483740482214,-0.797967839021938,0.27,0.187,1,"FAM89B"
0.612286124330333,-0.797895618093369,0.289,0.239,1,"ZFP91"
0.782745316833554,-0.795797830341523,0.332,0.291,1,"CCDC28A"
0.508336141130918,-0.794551052511741,0.405,0.347,1,"KCTD3"
0.813749528524209,-0.793571161439187,0.327,0.267,1,"ALG2"
0.00185802108325992,-0.792740439655839,0.317,0.196,1,"PCSK7"
0.94012863264715,-0.791652590869921,0.394,0.328,1,"STT3A"
0.620382302091409,-0.790661091723304,0.291,0.242,1,"TOR1A"
0.00929363815109301,-0.790152882454401,0.673,0.598,1,"CTNNB1"
0.260627953119738,-0.789451310478171,0.326,0.307,1,"C10orf11"
0.130403000155375,-0.788784533317373,0.584,0.491,1,"CTSH"
0.319736399171361,-0.788017707480007,0.476,0.365,1,"NR3C1"
0.2211146965764,-0.78781410172534,0.54,0.469,1,"ETS2"
0.645832379200214,-0.787301039283397,0.544,0.454,1,"RBM25"
0.285952982753879,-0.786474931822607,0.419,0.319,1,"TNRC6B"
0.419620050714069,-0.784873350046594,0.526,0.429,1,"BCLAF1"
0.326357268706935,-0.784506776789079,0.391,0.298,1,"DAXX"
0.744082193588814,-0.783925701874935,0.306,0.252,1,"ZNF451"
0.192715440965236,-0.783792307551666,0.363,0.334,1,"SEPT6"
0.0112177769505152,-0.783605588892846,0.604,0.549,1,"DDX17"
0.00488488983726772,-0.783412349242695,0.535,0.491,1,"ATP2A2"
0.0307775447397154,-0.782545304854598,0.672,0.561,1,"LINC01485"
0.58281786442837,-0.782110578161636,0.297,0.239,1,"ZNF638"
0.0488559946445923,-0.780895813627871,0.466,0.429,1,"CDC34"
0.0908753664473137,-0.778352802151846,0.503,0.445,1,"CNPY3"
0.169782003115141,-0.777820139272091,0.326,0.245,1,"PTPN2"
0.918153633762368,-0.777124472402428,0.387,0.319,1,"MYH14"
0.155944653016486,-0.775877411758387,0.5,0.377,1,"MBNL1"
0.00315876775825091,-0.774443921459432,0.529,0.488,1,"HIBADH"
0.345411861440577,-0.77440744927218,0.39,0.304,1,"TOB2"
0.155368138809594,-0.773209055970488,0.304,0.227,1,"CPT2"
0.0928301863516154,-0.771431484492007,0.562,0.509,1,"GMNN"
0.271719462282745,-0.770516128373318,0.289,0.224,1,"MLLT10"
0.00474866006521586,-0.768305664331252,0.642,0.589,1,"EFNA1"
0.00127539889235474,-0.767669062126043,0.62,0.564,1,"MLEC"
0.148968395831837,-0.76649616041862,0.435,0.393,1,"CNOT7"
0.699015240491607,-0.765114488539529,0.312,0.261,1,"MED31"
0.206663482891375,-0.76479201672699,0.326,0.245,1,"KHSRP"
0.859942886716067,-0.764486642561675,0.295,0.248,1,"SLC17A9"
0.256725222595377,-0.763828197403792,0.403,0.359,1,"AR"
0.26884458274497,-0.761524978357689,0.342,0.264,1,"MECP2"
0.337201045777397,-0.76126685810503,0.271,0.218,1,"S100A14"
0.24389319272106,-0.760666317584293,0.395,0.298,1,"FYTTD1"
0.16673680351628,-0.75938096130745,0.266,0.202,1,"CASP8"
0.823169966549399,-0.759294945314346,0.374,0.304,1,"BCKDHB"
0.0151968493570961,-0.758842335990151,0.664,0.589,1,"PABPC4"
0.540889283969142,-0.758832065332947,0.324,0.261,1,"ZNF664"
0.0215327196482074,-0.758283724445613,0.371,0.255,1,"H1FX"
0.0438919420798553,-0.757841361858492,0.573,0.512,1,"DDX24"
0.908879973214191,-0.756523614648507,0.478,0.383,1,"RNF167"
0.0279441246111885,-0.756237070351501,0.345,0.236,1,"LARP1B"
0.000377194995350446,-0.755884576658876,0.342,0.206,1,"HEXIM1"
0.0171090008165351,-0.755570363219935,0.522,0.475,1,"IL13RA1"
0.13534947811757,-0.755304612098278,0.339,0.248,1,"NFKBIB"
0.0839963949285866,-0.75218904782892,0.306,0.221,1,"SMC5"
0.295669371153476,-0.751737393976551,0.321,0.245,1,"SCFD1"
0.824237703831209,-0.750903461341672,0.366,0.307,1,"STX7"
0.587885210906977,-0.750271949490632,0.399,0.344,1,"USP47"
0.269990271245651,-0.750058380059249,0.34,0.313,1,"BMI1"
0.439981865050475,-0.749794759201549,0.53,0.457,1,"FCER1G"
0.000995144683793176,-0.747362223609984,0.608,0.549,1,"SERPINA10"
0.796252013937056,-0.746440187975753,0.401,0.328,1,"CREBRF"
0.227555154398365,-0.745515558044253,0.302,0.224,1,"MARVELD2"
0.308423448050003,-0.744120326361791,0.43,0.377,1,"YAF2"
0.0176196272119314,-0.743215758488506,0.302,0.202,1,"MED6"
0.00136491559592907,-0.7426644959143,0.28,0.169,1,"RNF168"
0.00138316286749637,-0.742564475138531,0.264,0.156,1,"RSBN1"
0.937623313628271,-0.741639528964073,0.37,0.307,1,"TRPT1"
0.606447641606581,-0.741588837732157,0.444,0.377,1,"LARP4"
0.448300661036293,-0.740153538576746,0.289,0.267,1,"FBXO3"
0.342512255902343,-0.738431186723573,0.252,0.199,1,"TRIM8"
0.962209770234705,-0.738211839093428,0.315,0.267,1,"TMEM150A"
0.989838061717186,-0.737785639527881,0.389,0.322,1,"BCL7C"
0.537664864111103,-0.736631724267281,0.569,0.479,1,"EML4"
0.302375170869544,-0.735362128449445,0.459,0.35,1,"MAPK1IP1L"
0.421993852882507,-0.735266594349061,0.361,0.279,1,"RALGPS2"
0.00804225684415706,-0.735003690157463,0.614,0.549,1,"SERPINB1"
0.959102712264772,-0.7346557211591,0.573,0.472,1,"FAM107B"
0.184410147517159,-0.734200809294682,0.304,0.298,1,"CBWD5"
0.830505653866865,-0.732523517141717,0.32,0.27,1,"MKLN1"
0.915678411664184,-0.731804053546127,0.424,0.34,1,"KDSR"
0.973690097996014,-0.731520879936018,0.398,0.322,1,"SORL1"
0.200639298177605,-0.726834754426038,0.344,0.261,1,"NR1H3"
0.844893877060992,-0.72645631563632,0.331,0.276,1,"PBXIP1"
0.532377267703314,-0.725941490035061,0.356,0.282,1,"ETNK1"
0.880577443747266,-0.72569651589361,0.403,0.331,1,"KIAA2013"
0.992461099719406,-0.724291430042345,0.453,0.368,1,"HNRNPUL1"
0.286359597779929,-0.723762514131935,0.452,0.402,1,"WEE1"
0.158176724118039,-0.723661319706262,0.297,0.224,1,"NR1D2"
0.00110294639673131,-0.720984728704746,0.531,0.518,1,"GANAB"
0.060784940656531,-0.720943553036963,0.355,0.252,1,"CCPG1"
0.0235394664930754,-0.720594882479696,0.328,0.35,1,"ATAD2"
0.115249004835441,-0.719815881511207,0.343,0.252,1,"SIRT2"
0.69497514126687,-0.719532838517623,0.404,0.347,1,"C6orf106"
0.0538827872646274,-0.719243701060843,0.273,0.193,1,"GKAP1"
0.230456607074358,-0.717851553556037,0.253,0.196,1,"SEC23IP"
0.00170900515147682,-0.71771792255681,0.67,0.626,1,"FUS"
0.0419507674438524,-0.716481796510937,0.542,0.475,1,"UBQLN1"
0.0122246429437862,-0.716099316696783,0.537,0.488,1,"MGEA5"
0.0317830533852457,-0.713349427942782,0.539,0.482,1,"FAM114A1"
0.585043678377242,-0.713321183682992,0.302,0.248,1,"WAPL"
0.305413011649255,-0.712638834452268,0.474,0.417,1,"S100A4"
0.566428627289419,-0.710763142350519,0.443,0.374,1,"YME1L1"
0.123810873515361,-0.710628274254295,0.282,0.209,1,"OAS1"
0.725206618192075,-0.710493822662729,0.324,0.264,1,"TJP1"
0.420131888377397,-0.710360909440086,0.266,0.215,1,"PER3"
0.847309105720938,-0.71029781873858,0.545,0.439,1,"G6PC"
0.0343037125446949,-0.710033914230738,0.612,0.537,1,"CD81"
0.584355163534376,-0.709843966078803,0.251,0.209,1,"TMEM127"
0.00213329155115871,-0.709764331918046,0.653,0.448,1,"DDIT3"
0.01120038447684,-0.709487272159204,0.496,0.334,1,"AIF1"
0.0140195832191311,-0.707981220102185,0.348,0.236,1,"CCNY"
0.00600478950265274,-0.707584346899862,0.493,0.472,1,"GOLIM4"
0.316307498514431,-0.707327698638214,0.482,0.362,1,"PSMB10"
0.430735441492999,-0.706959909297737,0.26,0.209,1,"GNG10"
0.126111903341791,-0.705113126097139,0.584,0.506,1,"RAP1B"
0.539475044395651,-0.703170733783708,0.492,0.411,1,"ARRDC3"
0.534387019227997,-0.703077373607689,0.42,0.334,1,"MAP3K2"
0.205574367287989,-0.701174273793908,0.464,0.408,1,"COPB1"
0.792210359757223,-0.700777189561939,0.406,0.328,1,"LGALS8"
0.608518507087838,-0.700268763037953,0.379,0.301,1,"CNOT2"
0.000738555584075692,-0.69808015822862,0.678,0.61,1,"CRYZ"
0.927959159247446,-0.696839417571058,0.404,0.331,1,"CERS4"
0.465513804304717,-0.696748787493458,0.338,0.264,1,"ENDOG"
0.886532474788307,-0.696145297648935,0.538,0.436,1,"GNAI2"
0.0689697168246076,-0.694958119768163,0.562,0.503,1,"DHTKD1"
0.210787393413076,-0.69405687482573,0.394,0.294,1,"CTH"
0.0257691888161814,-0.693985612024093,0.322,0.224,1,"BNIP2"
0.203181635338596,-0.693729729548692,0.343,0.255,1,"IRS1"
0.53021529447151,-0.693464168003106,0.364,0.285,1,"CTBP1"
0.384514998122921,-0.693312187105036,0.378,0.298,1,"STXBP2"
0.159614080241857,-0.69179522609539,0.505,0.442,1,"PLS3"
0.424235477838114,-0.691589507749561,0.469,0.359,1,"MAP3K11"
0.194712165137852,-0.690803594372808,0.267,0.209,1,"MFSD14A"
0.0226696471797973,-0.690631967907281,0.361,0.245,1,"DHODH"
0.40913795761583,-0.69011758385096,0.502,0.429,1,"PC"
0.273367865262854,-0.687648315865005,0.431,0.38,1,"DNASE2"
0.912957883824751,-0.687566352322403,0.474,0.387,1,"FRA10AC1"
0.29672490698149,-0.686894988261979,0.417,0.371,1,"SRP54"
0.81505887841664,-0.686078471211945,0.319,0.267,1,"RSF1"
0.644816809982916,-0.685824991931881,0.525,0.423,1,"PIK3R1"
0.465316717983269,-0.684901787187461,0.461,0.396,1,"GPBP1L1"
0.153592821197993,-0.684263774073035,0.51,0.439,1,"SPSB3"
0.233342183875153,-0.682339837755289,0.302,0.23,1,"DESI2"
0.372766025385589,-0.682180948035672,0.287,0.23,1,"PPP1R14B"
0.0139672159587944,-0.681525703439091,0.251,0.166,1,"CCNK"
0.139496810195452,-0.681407433933494,0.286,0.212,1,"ZFHX3"
0.895792693445623,-0.677578083273384,0.394,0.319,1,"POGZ"
0.257242551792296,-0.677138262474707,0.306,0.239,1,"ZDHHC6"
0.00835165767249881,-0.676316975246946,0.549,0.509,1,"LPP"
0.00452429472343247,-0.672125223307165,0.61,0.558,1,"TMED5"
0.0886121487409445,-0.671746747158184,0.287,0.209,1,"PPP3CB"
0.263672953832963,-0.671624522205526,0.334,0.255,1,"KIAA0319L"
0.74850184523053,-0.67134099382926,0.393,0.328,1,"GBP2"
0.0750476357084581,-0.670257676308409,0.314,0.227,1,"ATL3"
0.0415200674947839,-0.669691473568384,0.276,0.19,1,"MARK3"
0.421378922419793,-0.669002464354341,0.425,0.337,1,"UBXN6"
0.33890382523371,-0.668751407002807,0.308,0.239,1,"SUN1"
0.948481541495946,-0.667943457946609,0.26,0.227,1,"PI4K2B"
0.104646042712748,-0.664873242739214,0.28,0.206,1,"FNBP4"
0.970606008866553,-0.664769097342583,0.478,0.396,1,"MARCH5"
0.426703114575746,-0.664532651974854,0.495,0.417,1,"STARD7"
0.550707173397622,-0.662312040643916,0.458,0.362,1,"SPTAN1"
0.000432081201584689,-0.66228052132942,0.639,0.592,1,"GLRX5"
0.904079459424533,-0.661829212799217,0.471,0.38,1,"ERCC1"
0.37923335435893,-0.661011795288876,0.449,0.39,1,"NUDT22"
0.0968944296844242,-0.660233732315541,0.677,0.592,1,"SEPW1"
0.897192768002928,-0.659536558720617,0.493,0.396,1,"STX4"
0.881054738279877,-0.659043121508848,0.318,0.27,1,"CCDC152"
0.471599304361799,-0.657444979101491,0.3,0.242,1,"SEC16A"
0.0586337601783521,-0.657358149297192,0.432,0.31,1,"PSIP1"
0.481498619127224,-0.657229156910573,0.48,0.383,1,"TAP1"
0.0063444570845436,-0.656986113058091,0.54,0.509,1,"CPEB4"
0.150857589270699,-0.656560634013117,0.476,0.42,1,"TPMT"
0.273625575719576,-0.655755622022048,0.433,0.383,1,"RFK"
0.978289196374342,-0.654626351824363,0.302,0.261,1,"TMEM254"
0.0475646889044838,-0.654621557586701,0.575,0.518,1,"EIF1AY"
0.105803553198297,-0.652718472425818,0.261,0.193,1,"HUS1"
0.0354794984962245,-0.651547572250453,0.251,0.172,1,"LPIN1"
0.405148588455094,-0.651159025330655,0.361,0.291,1,"LDHB"
0.927338791774252,-0.650733521561912,0.497,0.405,1,"TPST2"
0.177257585421832,-0.650237943795883,0.399,0.294,1,"PURA"
0.000340860917605462,-0.650043562035043,0.656,0.626,1,"ECI1"
0.614329407215141,-0.649518408716862,0.328,0.264,1,"NFYB"
0.0211737510408498,-0.64872900186408,0.263,0.175,1,"AKAP17A"
0.000153360236806411,-0.648575636027486,0.79,0.727,1,"CIRBP"
0.0611294957700799,-0.646716639699443,0.298,0.215,1,"MTF2"
0.000833864148632197,-0.646081805200238,0.436,0.276,1,"C1orf56"
0.000885566401335007,-0.645912583618938,0.632,0.589,1,"SYAP1"
0.00033293245952061,-0.645215839731802,0.26,0.144,1,"PPP1R10"
0.00244873777490315,-0.644999417560998,0.263,0.156,1,"ORAI1"
0.673699141771578,-0.644258673263285,0.394,0.316,1,"DPP4"
0.144898270404648,-0.643519081016999,0.587,0.497,1,"TMED7"
0.775460478293289,-0.64179291340309,0.436,0.365,1,"PRKAB2"
0.0122693877986702,-0.641568354626177,0.535,0.497,1,"GALM"
0.610093311150594,-0.641494983506021,0.51,0.423,1,"LGMN"
0.0937388867500511,-0.640810349048742,0.581,0.512,1,"CEBPG"
0.235340425238153,-0.639560894009422,0.35,0.261,1,"APOOL"
0.748723987543522,-0.63795937532304,0.298,0.248,1,"TCAF1"
0.924489355495015,-0.636738678342382,0.542,0.429,1,"WDR33"
0.0719160029508435,-0.635419082026316,0.326,0.236,1,"P2RX4"
0.827254317245331,-0.633780498126157,0.367,0.304,1,"SLC35D2"
0.979273543167738,-0.631571849682914,0.569,0.463,1,"TGIF1"
0.000178945908779624,-0.6314909319404,0.835,0.724,1,"SCCPDH"
0.035798807799284,-0.63041071709578,0.378,0.261,1,"SRPRA"
0.00946027534757085,-0.62974292632927,0.61,0.564,1,"LPIN2"
0.000292028817333434,-0.629079272152099,0.745,0.681,1,"SPTSSA"
0.563578760777709,-0.628742951771136,0.346,0.273,1,"ANKRD39"
0.011418732607193,-0.628110507880616,0.606,0.54,1,"GALT"
0.511343490016597,-0.626340440180703,0.396,0.35,1,"CDK10"
0.301408096614763,-0.626334613902477,0.459,0.396,1,"VTI1B"
0.583181025899264,-0.625428502995456,0.529,0.442,1,"UPF2"
0.101856432536785,-0.625354562829445,0.714,0.62,1,"CCNI"
0.190901267479718,-0.624848672467055,0.251,0.193,1,"ACSM3"
0.0864694066416873,-0.624678641578245,0.37,0.273,1,"NFKB2"
0.367360674664571,-0.622984220337914,0.256,0.209,1,"UBALD2"
0.512410863776976,-0.62286423355111,0.497,0.426,1,"GNS"
0.655112136795514,-0.621638442435108,0.534,0.439,1,"UBE2E3"
0.0282139629194525,-0.621528611089421,0.29,0.202,1,"SMG1"
0.729814688577695,-0.61910798353541,0.422,0.359,1,"RNF128"
0.154197548493317,-0.618142873236894,0.361,0.276,1,"GYPC"
0.176003992270197,-0.61773695167247,0.265,0.202,1,"URI1"
0.157348227408834,-0.617052136870666,0.326,0.242,1,"CD2AP"
0.0781886442671444,-0.616401442283198,0.273,0.196,1,"MAP2"
0.00470092319193406,-0.616368581292745,0.641,0.571,1,"PSMC6"
0.378069700515771,-0.614813227408705,0.516,0.399,1,"AFF4"
0.378702058306809,-0.614355942043542,0.548,0.46,1,"ARGLU1"
0.320175624195232,-0.614162185641801,0.449,0.39,1,"RAB17"
0.133398171145234,-0.612477344402736,0.297,0.218,1,"GPR137"
0.383943009575465,-0.612392032372703,0.308,0.245,1,"PPP2R4"
0.707483732044886,-0.611946550706051,0.375,0.307,1,"MRFAP1L1"
0.0035976858530686,-0.611942636978389,0.271,0.166,1,"RUFY3"
0.159846008693966,-0.611923548863395,0.383,0.282,1,"KIAA1191"
0.0209019545488305,-0.611782082758535,0.347,0.233,1,"KIAA0907"
0.988253209099469,-0.61151381450427,0.46,0.368,1,"REEP3"
0.374874753389234,-0.610333816527473,0.435,0.334,1,"SEPT2"
0.329540887444006,-0.60941716831417,0.514,0.436,1,"CASP4"
0.562690103817911,-0.607109718034108,0.35,0.285,1,"ARAF"
0.874650585426316,-0.605832101605842,0.419,0.337,1,"ATF6"
0.506083621409078,-0.603916492483802,0.372,0.294,1,"MET"
0.0763193973167086,-0.603556111323574,0.29,0.206,1,"LRRC8A"
0.777091316228867,-0.603231287302208,0.32,0.27,1,"NDFIP2"
0.11353996327681,-0.60309192744933,0.285,0.215,1,"TFDP1"
0.0381099715132171,-0.59998734733379,0.529,0.488,1,"ANGPTL4"
0.374504873515052,-0.599278957585579,0.402,0.316,1,"CTBS"
0.0070250689966337,-0.597280810443928,0.265,0.169,1,"KLHL21"
0.814432286097704,-0.595356461571853,0.494,0.39,1,"PPP2R5A"
0.0773706415639401,-0.59501701280788,0.282,0.199,1,"GBA2"
0.517302878420661,-0.594252642609812,0.37,0.328,1,"ASNSD1"
0.975141987752499,-0.59408807990055,0.458,0.374,1,"BOK"
0.0448343721466526,-0.591923014188001,0.744,0.65,1,"LITAF"
0.657061942714726,-0.591358212092384,0.36,0.316,1,"VPS4B"
0.12101402393226,-0.591353951372437,0.344,0.252,1,"SUDS3"
0.0531186725157978,-0.59000556230135,0.375,0.27,1,"BTN3A2"
0.415075729519167,-0.58963661996838,0.641,0.525,1,"ALDH9A1"
0.135052671060584,-0.589626303120399,0.601,0.515,1,"C9orf78"
0.127001171943196,-0.588501394910752,0.254,0.187,1,"PUS3"
0.387014921286885,-0.588179339471311,0.348,0.27,1,"RICTOR"
0.0762701458956051,-0.587999015663652,0.253,0.181,1,"UBP1"
0.464850499819882,-0.587325967135628,0.334,0.27,1,"HIST1H4J"
0.412532351783015,-0.587275433695271,0.366,0.288,1,"PGM3"
0.415757363855738,-0.584039048612551,0.325,0.255,1,"FZD5"
0.0844823120889729,-0.583930870714122,0.292,0.215,1,"CDKN1B"
0.0705785742136095,-0.583825660241424,0.374,0.27,1,"NEDD4L"
0.00147253095264139,-0.582866671621115,0.714,0.641,1,"PAPOLA"
0.125429335721131,-0.581967840126047,0.423,0.31,1,"SETD5"
0.146866283665019,-0.581353462300111,0.712,0.638,1,"CCDC107"
0.41261674267072,-0.580645483346797,0.544,0.457,1,"EAPP"
0.000309356178477813,-0.578656821343249,0.316,0.19,1,"CYTH1"
0.0933411755779277,-0.578079946114822,0.304,0.218,1,"FBXO9"
0.908378141352881,-0.577930237841214,0.379,0.319,1,"RBM7"
0.0659901446563633,-0.576788067466377,0.531,0.469,1,"RHOD"
0.14910682348884,-0.576604890273994,0.259,0.196,1,"PPP2R5E"
0.890936350751665,-0.575765927479483,0.573,0.469,1,"PQLC1"
0.0857443763899098,-0.57556217389334,0.377,0.27,1,"CSRP1"
0.170589662831795,-0.575298441603397,0.409,0.301,1,"XPO1"
0.339292622352821,-0.574886772189146,0.329,0.258,1,"EPS8"
0.00128727858840822,-0.574354241975979,0.26,0.153,1,"KRIT1"
0.539334341366578,-0.570600616217434,0.668,0.552,1,"LECT2"
0.0109789297366379,-0.570044882017013,0.602,0.549,1,"RAB11B"
0.459292843311453,-0.569601255889175,0.384,0.304,1,"C16orf87"
0.87491210678972,-0.569196966565868,0.482,0.387,1,"BET1"
0.030933047732671,-0.567844218102414,0.582,0.525,1,"SF3B1"
0.214245108397574,-0.567534672119629,0.327,0.252,1,"ERAP1"
0.177160996298102,-0.567335041222432,0.486,0.359,1,"GUCD1"
5.07665991013005e-05,-0.56700458620723,0.76,0.742,1,"SLC38A2"
0.273723584428179,-0.565284351202606,0.624,0.54,1,"EIF4A1"
0.571916562965557,-0.563941858524629,0.423,0.331,1,"CUL4A"
0.24011912398464,-0.563428510949784,0.617,0.518,1,"TLE1"
0.0436167315851546,-0.563230258255734,0.392,0.279,1,"XIAP"
0.264597992364419,-0.562949515750397,0.333,0.261,1,"PIGK"
0.0983942254784857,-0.562920843653389,0.658,0.574,1,"ATP6V0D1"
0.122997270182053,-0.562634960509785,0.294,0.215,1,"CUL5"
0.000838171888461984,-0.560846427519635,0.452,0.288,1,"GDI1"
0.595667470470654,-0.560583825681911,0.447,0.383,1,"RREB1"
0.874381854323946,-0.55833402887793,0.463,0.377,1,"FNDC3B"
0.0959952850945094,-0.555990853307721,0.359,0.267,1,"MAP2K3"
0.000268997051854448,-0.555186151760289,0.685,0.656,1,"ACSM2A"
0.128082941438318,-0.554862043001857,0.318,0.233,1,"RNF141"
0.505779854673722,-0.553917528510807,0.621,0.512,1,"PTP4A2"
0.211493298117349,-0.551746478567831,0.47,0.347,1,"ACOT2"
0.434378713890782,-0.551168044352278,0.47,0.359,1,"SDSL"
0.0223212975570435,-0.55102354343418,0.288,0.193,1,"AUH"
0.0117414823953876,-0.550084723339174,0.618,0.423,1,"BCHE"
0.992007884231136,-0.549727114822626,0.648,0.525,1,"RSRC2"
0.00177262743468803,-0.549472511079093,0.299,0.184,1,"BLOC1S6"
0.14522317928415,-0.549251539092724,0.399,0.298,1,"PLEKHA3"
0.182143480984147,-0.548836161883809,0.626,0.518,1,"TMEM45B"
0.357476968715377,-0.548757269509879,0.277,0.221,1,"JMJD8"
0.0874485343043541,-0.548535486762716,0.266,0.196,1,"HERC4"
0.099756474787242,-0.548172475685967,0.354,0.258,1,"AGPAT3"
0.0170207908671751,-0.547901005684088,0.276,0.187,1,"ZNF326"
0.14288986248177,-0.547497141950968,0.309,0.23,1,"MCEE"
0.139141809713981,-0.547234281832732,0.467,0.347,1,"RBM47"
0.0497992883659951,-0.546798917937387,0.294,0.209,1,"YY1AP1"
0.00513126798585512,-0.546787205972224,0.81,0.647,1,"LYZ"
0.00485663593499539,-0.54596957796719,0.279,0.178,1,"NDST1"
0.0890848455845104,-0.54586347910181,0.371,0.276,1,"THUMPD1"
0.243127402977776,-0.544975161910271,0.348,0.267,1,"PLCXD2"
0.0242982931557589,-0.544658920853614,0.593,0.531,1,"C1D"
0.179839361731529,-0.543815608154707,0.328,0.252,1,"CLYBL"
0.790234382727837,-0.543572074549879,0.538,0.439,1,"COPA"
0.0292369768053206,-0.543571399644981,0.271,0.184,1,"UBE3C"
0.00161511556954756,-0.542727274072657,0.39,0.242,1,"ELK4"
0.0746663367082339,-0.542121577059106,0.441,0.316,1,"ZFAND3"
0.870656131594755,-0.541720295747153,0.474,0.396,1,"SLC25A25"
0.296860897239828,-0.541402718800762,0.566,0.423,1,"ARL5A"
0.000421497356841671,-0.540768277456558,0.727,0.669,1,"SMDT1"
0.0794586896240097,-0.540701692422201,0.442,0.316,1,"CNN2"
0.00325816197094633,-0.540442549204813,0.701,0.656,1,"ELL2"
0.304620894914764,-0.540263802198392,0.319,0.248,1,"PEX13"
0.00728096750477457,-0.539271198349268,0.3,0.193,1,"SEC14L1"
0.598659490615528,-0.538849595215196,0.522,0.433,1,"CHCHD7"
0.000388307236086056,-0.537625210991979,0.801,0.715,1,"CNIH1"
0.00668436370965106,-0.536574309301782,0.288,0.19,1,"SBNO1"
0.0993848156344883,-0.536477040526818,0.386,0.279,1,"SLC30A7"
0.473177254155108,-0.536357610421665,0.465,0.402,1,"VAMP7"
0.000409895618441721,-0.534420067401997,0.273,0.16,1,"RAP2B"
0.322338266320739,-0.533742454001508,0.49,0.365,1,"MOB1A"
0.0966790832394481,-0.532184217269759,0.548,0.414,1,"SMAP2"
0.955416760432167,-0.530582709891452,0.592,0.472,1,"OTC"
0.724712454455972,-0.529683851163157,0.475,0.374,1,"MOB4"
0.0658603784038303,-0.528866769285674,0.414,0.301,1,"UFL1"
0.543606968240264,-0.528831663128092,0.501,0.417,1,"CBWD1"
0.878936754908472,-0.527392112161759,0.474,0.393,1,"COQ4"
0.34067563438752,-0.523453205807686,0.419,0.328,1,"DTX3L"
0.904676494653923,-0.523288563766377,0.539,0.429,1,"RSRP1"
0.0772068239824328,-0.523266614295106,0.633,0.485,1,"PPP1R2"
0.108641430623618,-0.523120987050866,0.43,0.319,1,"CCM2"
0.4853100033173,-0.52285433610848,0.433,0.334,1,"EVA1A"
0.0900621628693421,-0.521922889127738,0.401,0.288,1,"TMEM50B"
0.0462888362015801,-0.521272262305419,0.719,0.629,1,"COMT"
0.426363138193013,-0.521016425928584,0.656,0.528,1,"DNAJC15"
0.0831724677451763,-0.519783192960094,0.286,0.212,1,"TSPAN31"
0.00141064392737327,-0.519245698968565,0.331,0.206,1,"PPP1R12A"
0.0826992785975165,-0.518986884809288,0.315,0.227,1,"PHC2"
0.0267946038310469,-0.518820712784408,0.381,0.267,1,"PUM2"
0.705440476434925,-0.518641636100878,0.49,0.408,1,"ABCC6"
0.0228994993955472,-0.517982397008797,0.255,0.175,1,"SAMD4B"
0.142991702554952,-0.516880437714063,0.33,0.245,1,"PLEKHB2"
0.291725197864883,-0.516784277736878,0.327,0.258,1,"SLC35B3"
0.519427285083074,-0.515752278369578,0.475,0.371,1,"YTHDC1"
0.973885251898183,-0.514239505544595,0.526,0.433,1,"CCNH"
0.0234297542065629,-0.514055625700872,0.738,0.653,1,"SURF4"
0.0473365314753256,-0.511148209180281,0.652,0.607,1,"PNISR"
0.0351727999365413,-0.510753983579877,0.628,0.552,1,"RNASET2"
0.173126317212505,-0.510251962829185,0.427,0.313,1,"SLC25A11"
0.105022800811474,-0.508891058117038,0.422,0.307,1,"RAF1"
0.696832310559105,-0.508722930259786,0.426,0.368,1,"BROX"
0.00139444763198415,-0.508504282492632,0.262,0.16,1,"RERE"
0.83312337424901,-0.507972522942354,0.421,0.356,1,"KLC4"
0.0863354118724785,-0.506802754363577,0.461,0.337,1,"MAPRE1"
0.771006677717603,-0.50623583561919,0.676,0.555,1,"GPBP1"
0.431525776943594,-0.505041553075483,0.559,0.442,1,"FNIP1"
0.222432980880296,-0.504941356552201,0.485,0.362,1,"MKRN1"
0.934949102106783,-0.504737262078484,0.572,0.457,1,"NKTR"
0.00550218095013043,-0.504410074412778,0.833,0.745,1,"ISG15"
0.339802450468693,-0.504281968994089,0.566,0.442,1,"ACTR3"
0.463688775721675,-0.504246119153198,0.407,0.328,1,"HMG20B"
0.358971260277397,-0.503800343794533,0.514,0.39,1,"TTC38"
0.170190109397951,-0.503169107103574,0.435,0.325,1,"PARP9"
0.584880490727357,-0.502900940290444,0.411,0.331,1,"TMPO"
0.0710501468467306,-0.502578348214275,0.338,0.242,1,"FPGS"
0.0265293749029365,-0.502437864026984,0.72,0.623,1,"SYPL1"
0.136015322181044,-0.501800548479262,0.345,0.258,1,"EPS15"
0.564894570903564,-0.500118331027043,0.575,0.466,1,"PECR"
0.018981702427109,-0.499095068760008,0.318,0.218,1,"TBRG1"
0.0056987924548546,-0.499014646237185,0.28,0.178,1,"STX17"
0.569167826965079,-0.498695882262191,0.584,0.488,1,"PTS"
0.0108056094532903,-0.497567452950963,0.576,0.383,1,"PRODH2"
0.16750604424957,-0.496908941673509,0.513,0.39,1,"UBA1"
0.035844762276235,-0.496791411846043,0.274,0.19,1,"TBC1D23"
0.0326194744009151,-0.496334540849834,0.425,0.301,1,"GLYAT"
0.412165677201605,-0.49606710731011,0.402,0.322,1,"MDM4"
0.357204844378483,-0.49589594945017,0.316,0.252,1,"FAT1"
0.194103100053822,-0.49527763952909,0.497,0.365,1,"RASSF7"
0.0219893455284316,-0.495037172108202,0.695,0.598,1,"SUCLG2"
0.0451500322598553,-0.494876711662374,0.361,0.258,1,"NIPBL"
0.0114012661598518,-0.494716315076822,0.731,0.632,1,"MMADHC"
0.0592018969147717,-0.494395964795003,0.438,0.322,1,"SMC3"
0.00649774033668082,-0.493794686154239,0.782,0.736,1,"RBM39"
0.0705185389625215,-0.492900500890709,0.253,0.181,1,"MED17"
0.791729481974886,-0.492423618491308,0.515,0.417,1,"SEC31A"
0.905278529777518,-0.489280051561243,0.481,0.405,1,"MAL2"
0.112278788179844,-0.484115970100818,0.398,0.294,1,"SPAG7"
0.0168470993443548,-0.483593829030365,0.291,0.196,1,"WDR59"
0.0287142408314629,-0.482966733582404,0.284,0.196,1,"USP34"
0.0285352006699703,-0.481481396970257,0.69,0.607,1,"SPATS2L"
0.675662764488691,-0.480947718754192,0.374,0.304,1,"KRCC1"
0.00565689013872782,-0.480466546619068,0.31,0.199,1,"MTHFD2L"
0.000529876505505235,-0.479958101462586,0.806,0.755,1,"ACSM2B"
0.0201653707589216,-0.479832845022198,0.267,0.178,1,"CDC16"
0.00226650903669467,-0.479565636972997,0.254,0.153,1,"ZNF217"
8.59982529957127e-05,-0.478742273642722,0.278,0.153,1,"MTRF1L"
0.405138503454639,-0.478668927004647,0.614,0.503,1,"HSDL2"
0.0273233087028662,-0.478424549282304,0.362,0.255,1,"NFIL3"
0.0884404712491483,-0.47654478772353,0.335,0.245,1,"NEMF"
0.0379588522158744,-0.476174044941464,0.703,0.623,1,"GOT2"
0.964821322997893,-0.475378210070673,0.586,0.466,1,"TMEM33"
0.959192698917749,-0.475083705922496,0.513,0.414,1,"TMEM126B"
0.0567360195720132,-0.474393925310602,0.679,0.592,1,"TMEM179B"
0.451230837023692,-0.471990105337753,0.412,0.328,1,"TMEM245"
0.00601829965536917,-0.470869400311386,0.288,0.181,1,"THEM4"
0.00207725272375075,-0.469779423479716,0.38,0.252,1,"PPT1"
0.0135331136525274,-0.469521167728859,0.294,0.193,1,"ITPK1"
0.0543709320179923,-0.469514930799011,0.273,0.196,1,"MAP2K7"
0.0214959787930866,-0.469346936187027,0.352,0.242,1,"AHR"
0.449133277658102,-0.468390641626825,0.471,0.365,1,"SCML1"
0.00191260501442114,-0.46816445243183,0.265,0.16,1,"SH3BP4"
0.00933460994186955,-0.467802191505201,0.341,0.227,1,"XYLB"
0.596255049158906,-0.46778695211372,0.478,0.38,1,"MAOA"
0.004195125636895,-0.467179979147746,0.282,0.178,1,"SPTY2D1"
0.0194442330773053,-0.466670163717038,0.762,0.65,1,"HNMT"
0.665695387938171,-0.466411245911798,0.491,0.39,1,"ABHD2"
0.322396938438609,-0.466407970252647,0.275,0.218,1,"SHD"
0.000564021223607346,-0.465947106652861,0.282,0.169,1,"EIF2AK2"
0.000323932735882169,-0.465641122612849,0.294,0.169,1,"ABCB1"
0.384646105318535,-0.465485831637648,0.446,0.35,1,"SUPT5H"
0.891886091352388,-0.464815866802368,0.563,0.439,1,"TMEM134"
0.00186361514783298,-0.464287333406989,0.65,0.469,1,"IDI1"
0.0823206012503983,-0.463898930074675,0.313,0.233,1,"TRIP12"
0.0168689456174808,-0.463774857265637,0.465,0.316,1,"GOLGA2"
0.435559341101026,-0.462310172404783,0.898,0.847,1,"HLA-DPB1"
0.00238733437849306,-0.461980318557747,0.376,0.242,1,"MBOAT7"
0.647074930364164,-0.461848721889567,0.577,0.448,1,"YIPF6"
0.534147911260932,-0.459630867595509,0.58,0.494,1,"HEBP1"
0.288488301866151,-0.459327761910188,0.534,0.414,1,"RNF19A"
0.0599239338860987,-0.458292743987392,0.421,0.298,1,"RSBN1L"
0.00721118863564164,-0.457864003415118,0.83,0.718,1,"PXMP2"
0.0868604964322182,-0.457553911703904,0.595,0.436,1,"FOXP1"
0.00216539051866681,-0.457334396880443,0.705,0.672,1,"IRF2BP2"
0.466932086933461,-0.457043588671389,0.394,0.31,1,"PDS5A"
0.0541800862148414,-0.456546920541623,0.439,0.313,1,"LINC00969"
0.0153763968731173,-0.454899346967751,0.255,0.172,1,"CHD6"
0.933443893825077,-0.454827410804109,0.359,0.313,1,"ORAI3"
0.00434302837116314,-0.453932576684002,0.376,0.248,1,"GFOD2"
0.918708598797684,-0.453212116351402,0.498,0.408,1,"ATP6V1D"
0.0615856330445874,-0.451921684023935,0.255,0.184,1,"MICU2"
0.00658628980125516,-0.450913121205412,0.397,0.267,1,"CPTP"
0.000541140083930356,-0.450803682205675,0.279,0.166,1,"FBXO21"
0.373954567700828,-0.450212814534904,0.38,0.294,1,"AVPI1"
0.0159777187745794,-0.450052130429951,0.448,0.313,1,"LUC7L2"
0.543041789364292,-0.449880247549045,0.668,0.564,1,"CAPZA1"
0.81756590477386,-0.448798526530869,0.621,0.497,1,"TNFRSF1A"
0.140491264889201,-0.448748473037544,0.379,0.288,1,"GLG1"
0.0707426621024346,-0.447683359228351,0.752,0.687,1,"TST"
0.784588083237858,-0.44646277131451,0.663,0.543,1,"TSC22D1"
0.00388292909581401,-0.443477505104169,0.321,0.206,1,"BAZ2A"
0.094261516924802,-0.442689586616205,0.462,0.331,1,"HACD2"
0.145361063718149,-0.442580659272605,0.377,0.288,1,"BLVRA"
0.136549273718961,-0.442574143840218,0.272,0.206,1,"ZFYVE21"
0.802473206041912,-0.442276337841432,0.55,0.448,1,"SH3GLB1"
0.411981818491438,-0.441958831393508,0.536,0.414,1,"LSM14A"
0.0206984100597843,-0.441181160441529,0.295,0.206,1,"COPS3"
0.4017030887022,-0.441180921060399,0.58,0.442,1,"LTBR"
0.00261283107024666,-0.440832900306523,0.351,0.227,1,"DIABLO"
0.308774670468444,-0.438297421108873,0.254,0.202,1,"ADHFE1"
0.0411674054121344,-0.438252408984054,0.653,0.598,1,"KLF9"
0.463064661204996,-0.438075202396791,0.528,0.405,1,"UFM1"
0.028086435073905,-0.437289459220758,0.526,0.374,1,"RORA"
0.0422853018852304,-0.437243984553358,0.32,0.224,1,"UBE2M"
0.76530326126483,-0.437122343615514,0.401,0.334,1,"PLOD2"
0.00108876565976652,-0.436816117693115,0.31,0.187,1,"RNF152"
0.0246365245652931,-0.435759354949404,0.261,0.178,1,"UBAP1"
0.803147904483339,-0.435696417255168,0.493,0.396,1,"CRAT"
0.273680828311059,-0.435157385613108,0.4,0.322,1,"FST"
0.0863753403863039,-0.434997602512862,0.581,0.521,1,"ERBB3"
0.00297246385034634,-0.434806099515322,0.322,0.206,1,"OPA1"
0.0591000123378403,-0.434140723003986,0.396,0.291,1,"SPSB1"
0.271072745886625,-0.433918296128292,0.256,0.199,1,"PDSS2"
0.0590301693600148,-0.433894067697931,0.381,0.279,1,"NET1"
0.0314406836689353,-0.431835945720597,0.407,0.282,1,"UBALD1"
0.62417767023898,-0.430607183719238,0.524,0.408,1,"ACADSB"
0.208015509113277,-0.42917405490021,0.509,0.377,1,"BEST1"
0.00377027281831017,-0.428597315025622,0.462,0.301,1,"GOLM1"
0.234103948814928,-0.427424779481903,0.577,0.509,1,"CELF1"
0.00192394172429814,-0.427420068603611,0.25,0.15,1,"TRPM8"
0.158590875835825,-0.426993727373562,0.425,0.328,1,"TMX1"
0.0059585542167585,-0.426526014270411,0.385,0.258,1,"CORO1C"
0.00720122236626473,-0.425586445533798,0.282,0.187,1,"RIF1"
0.00991573698100941,-0.425122102066613,0.303,0.199,1,"CCSER2"
0.313436704756154,-0.425112368506499,0.382,0.301,1,"TXNDC15"
0.0466993636698794,-0.424143503954999,0.493,0.359,1,"IRF7"
0.000803103006987786,-0.423911514539368,0.253,0.144,1,"KIAA1671"
0.0900095077753594,-0.423068662954439,0.438,0.325,1,"PHF3"
0.000105179741409434,-0.421456754305895,0.334,0.193,1,"UBA3"
0.255139593013868,-0.420944453060308,0.474,0.353,1,"ARL8B"
0.000822302774893963,-0.420684816316411,0.258,0.15,1,"KIF1B"
0.0619714228709093,-0.420265785872937,0.698,0.61,1,"NCOA4"
0.00211124897890261,-0.418661312898132,0.332,0.209,1,"DAPK3"
0.00296453030987846,-0.418293015103196,0.834,0.755,1,"CHPT1"
0.0503768803473062,-0.418050038744182,0.26,0.184,1,"SLC5A6"
0.00480612667045111,-0.417442969462307,0.833,0.758,1,"SELK"
9.80845038375805e-05,-0.417189715526601,0.731,0.736,1,"ST6GAL1"
0.0116743509867068,-0.4155843915704,0.263,0.172,1,"BBC3"
0.00469424798264324,-0.413589914822635,0.255,0.16,1,"SLC47A1"
0.0416142135835934,-0.413576054266618,0.258,0.181,1,"AP3M1"
0.0360850960450471,-0.412718370259066,0.681,0.626,1,"IL6ST"
0.00745268571734064,-0.40997198747158,0.327,0.215,1,"TMEM214"
0.769321339429405,-0.409887527549074,0.688,0.552,1,"TYROBP"
0.0596854237313591,-0.409777505459324,0.256,0.181,1,"SLC35C1"
0.0176758056180842,-0.409717107061228,0.297,0.199,1,"SLC7A9"
0.000219420810679878,-0.408678017978697,0.81,0.632,1,"C1QA"
0.00551895572185613,-0.408423313729289,0.319,0.206,1,"FAM229B"
0.0409854951053029,-0.406496824068014,0.348,0.245,1,"PDZD8"
0.726738060248912,-0.405198663817529,0.544,0.426,1,"ICAM3"
0.00580040937854095,-0.404613902904514,0.501,0.331,1,"CYP8B1"
0.189595264383501,-0.404082173975229,0.454,0.344,1,"UPF3A"
0.980061338439204,-0.403773934298414,0.497,0.411,1,"ACSM5"
0.382236600496822,-0.403345546412873,0.642,0.54,1,"BORCS7"
0.000805580989918747,-0.40328651231336,0.408,0.258,1,"CLIP1"
0.0097704168493706,-0.402976687926391,0.279,0.184,1,"LDLRAP1"
0.737987316781752,-0.402263977923411,0.565,0.454,1,"DNAJC1"
0.797865567533768,-0.402111889402019,0.602,0.512,1,"STAP2"
0.937644473831932,-0.401420934866173,0.654,0.555,1,"WTAP"
0.0092484715231068,-0.401165542717212,0.457,0.313,1,"SMARCA1"
0.143754643185846,-0.399974508560072,0.544,0.414,1,"STAT3"
0.378088682501771,-0.399325558176072,0.653,0.574,1,"MT-ND6"
0.0251926998603222,-0.394793127336865,0.306,0.209,1,"NGRN"
0.000188592194355037,-0.394625511529951,0.255,0.141,1,"CLK4"
0.118099830829248,-0.394257883683352,0.76,0.699,1,"EIF5"
0.00556547879941258,-0.393678017437126,0.29,0.19,1,"ATF2"
0.00282387812611008,-0.39367142773768,0.335,0.215,1,"UBAC2"
0.000515942705693768,-0.392685840968913,0.44,0.279,1,"ADSS"
0.00491409075591259,-0.391484654135875,0.293,0.19,1,"CYFIP1"
0.030434438373975,-0.390698899985372,0.382,0.267,1,"STAG2"
0.621453943477407,-0.390521358028049,0.425,0.34,1,"MAN2A1"
0.703530206591204,-0.389595519688126,0.792,0.712,1,"DHCR24"
0.201305668054131,-0.388957730025645,0.401,0.304,1,"ALG14"
0.0836693039337479,-0.388954507471401,0.424,0.307,1,"RNF10"
0.411493655804189,-0.388722044151902,0.626,0.494,1,"SEPT7"
0.608739812653363,-0.388425387823329,0.572,0.5,1,"VDAC3"
0.862937919381813,-0.385903643843609,0.828,0.739,1,"LMNA"
0.00981607751245596,-0.385673593770674,0.306,0.209,1,"RCHY1"
0.00973336450542454,-0.38529938305601,0.787,0.718,1,"NUCB1"
0.00108146472173087,-0.385180157970956,0.332,0.206,1,"DEGS1"
0.051572160555507,-0.384680222088378,0.461,0.334,1,"HDAC1"
0.319944856057755,-0.382937544978591,0.628,0.479,1,"SELENBP1"
0.0117036980926676,-0.381375883011786,0.324,0.218,1,"MED16"
0.0156285428429307,-0.380519920327147,0.301,0.202,1,"TMEM189"
0.0414159541522557,-0.380418459964683,0.456,0.322,1,"ARSA"
0.0245330991908538,-0.380257898380346,0.554,0.387,1,"COMMD1"
0.00172149194583243,-0.379688237581733,0.307,0.187,1,"RBBP5"
0.162986912761323,-0.379444938898644,0.278,0.212,1,"CRADD"
0.597382511804617,-0.37923989335388,0.564,0.442,1,"YY1"
0.0117744580289355,-0.37872664139955,0.33,0.221,1,"ITGB5"
0.0576161575145777,-0.378422516287575,0.415,0.294,1,"IST1"
0.0995276257296459,-0.377706119530581,0.665,0.598,1,"SDHA"
0.00801922659780168,-0.37591975563458,0.28,0.187,1,"CEP350"
0.00880053706506109,-0.375515555271779,0.843,0.733,1,"SDHC"
0.0451156260041238,-0.374063479747584,0.455,0.328,1,"C6orf89"
0.0166679494946671,-0.373710825084506,0.271,0.178,1,"VKORC1L1"
0.108128781643931,-0.373420318348833,0.667,0.518,1,"TIMP3"
0.00197834291971841,-0.372082569439436,0.265,0.163,1,"VPS13A"
0.0060734081217286,-0.370000383365882,0.33,0.215,1,"ATXN2"
0.172821737425656,-0.369290662952993,0.609,0.558,1,"IQGAP2"
0.000313331795632554,-0.36828255251497,0.3,0.172,1,"ZNF292"
5.60672911269139e-05,-0.367689748453002,0.858,0.782,1,"AIG1"
0.303998622069541,-0.367589158939052,0.513,0.39,1,"MRPL53"
0.645783785185798,-0.367492638822652,0.597,0.497,1,"HFE2"
0.127131432918927,-0.36654433354578,0.637,0.472,1,"ANXA11"
0.9036380936748,-0.36582122179511,0.561,0.46,1,"NR1H4"
0.076010757867058,-0.36408922494292,0.348,0.258,1,"BTG3"
0.225987276098277,-0.363518520097139,0.359,0.282,1,"STX8"
0.00148873473594037,-0.363456497493357,0.313,0.196,1,"OSTM1"
0.134928674147512,-0.362227545252383,0.838,0.755,1,"NPC2"
0.843082606940089,-0.360574977288461,0.601,0.5,1,"CHID1"
0.0619411086418069,-0.360474353859227,0.852,0.767,1,"PON2"
0.00747020342914941,-0.359882603023595,1,0.991,1,"ACTB"
0.000379368334331581,-0.357953753012312,0.28,0.163,1,"NR2F2"
0.00445852718985785,-0.357618479125628,0.345,0.221,1,"GOPC"
0.0111611001376052,-0.356746535580566,0.819,0.721,1,"GLUD1"
0.082160798436644,-0.355976992043398,0.252,0.184,1,"PCMTD2"
0.0056830238796768,-0.355827926787714,0.389,0.258,1,"ZCCHC11"
0.69410707760297,-0.352244013941725,0.704,0.595,1,"NINJ1"
0.000388592945379941,-0.35012989685598,0.383,0.239,1,"ADD1"
0.000462622106002441,-0.350099877937297,0.278,0.156,1,"GATAD1"
0.006385175455749,-0.349900553492497,0.451,0.307,1,"DR1"
0.814166938675987,-0.349800219482405,0.615,0.491,1,"UBE2K"
0.0849720057758681,-0.349733787333751,0.437,0.313,1,"PAWR"
0.526522967119914,-0.349691341246208,0.537,0.417,1,"C19orf66"
0.142975040095277,-0.349619902456487,0.279,0.212,1,"AGPAT1"
0.273182012327384,-0.34822539020192,0.468,0.356,1,"H6PD"
0.0145985002094336,-0.34812209291333,0.3,0.202,1,"EAF1"
0.137625442793697,-0.347770269771091,0.776,0.669,1,"S100A16"
0.472490791607695,-0.347316184734896,0.654,0.564,1,"HDLBP"
0.00150832722691185,-0.346748197072811,0.759,0.555,1,"TNFRSF12A"
0.235246671744005,-0.34621434937771,0.884,0.794,1,"UBE2D3"
0.00350368964768244,-0.345770050363711,0.332,0.212,1,"CCDC14"
0.0158277469401675,-0.34556432246588,0.264,0.178,1,"RNPEPL1"
0.149950171877671,-0.344817139310329,0.575,0.429,1,"KIF5B"
0.000109896527052642,-0.343776497110974,0.337,0.193,1,"AC007325.4"
0.221585770942785,-0.341683560778666,0.612,0.479,1,"FLOT1"
0.000275667748664864,-0.340917021794161,0.956,0.923,1,"SSR4"
0.185259789841526,-0.340576130755669,0.41,0.316,1,"ATG5"
0.00183257150767284,-0.340514095712637,0.336,0.215,1,"RBM5"
0.000162786004037726,-0.340410991912756,0.256,0.138,1,"UBXN7"
0.558830082183161,-0.339503796777901,0.973,0.859,1,"KRT8"
0.037240536039793,-0.336000457880614,0.48,0.334,1,"CLDN15"
0.0797745291249918,-0.335867436188791,0.405,0.298,1,"TMEM18"
0.00683594786806324,-0.334708825415262,0.325,0.215,1,"SEC23B"
0.26316131250447,-0.334183443410216,0.599,0.448,1,"FAM45A"
0.795202709331429,-0.333985412858593,0.918,0.77,1,"HPR"
0.070731088585265,-0.333807679151515,0.557,0.402,1,"DHRS4L2"
0.000582385626615439,-0.332822827127542,0.267,0.156,1,"GPATCH2"
0.000202574066610804,-0.332010407994729,0.313,0.181,1,"CDK16"
0.000374143304349914,-0.331933540652234,0.314,0.187,1,"PEX6"
0.000744964597631969,-0.331646332004038,0.344,0.212,1,"TUG1"
0.000248236850866445,-0.330874270642111,0.253,0.141,1,"NUP107"
0.0149863027142511,-0.329779733788939,0.79,0.736,1,"RPN1"
4.98755737856156e-05,-0.328219310525874,0.278,0.15,1,"GATAD2A"
0.00141726953692838,-0.327655096887046,0.352,0.221,1,"CHPF"
0.104261583195102,-0.326385980074626,0.476,0.35,1,"HSD17B12"
0.00154519690040123,-0.326198175251893,0.403,0.255,1,"APOL2"
0.0194420714531828,-0.325529359216726,0.494,0.344,1,"MCCC2"
0.00234758638417783,-0.324920763822809,0.475,0.313,1,"SLCO2B1"
0.000295990984617401,-0.324876924885627,0.257,0.144,1,"CAPN7"
0.64940138150519,-0.324470365470017,0.65,0.509,1,"CHP1"
0.953453848964059,-0.32391278773896,0.502,0.417,1,"ATPAF1"
0.0169251945408933,-0.32388121809577,0.255,0.169,1,"EXOC1"
0.238290475935278,-0.323541936958599,0.423,0.328,1,"ATP6V1A"
0.616969167186681,-0.321943780124778,0.608,0.494,1,"PTBP1"
0.00668227913455986,-0.321921094194861,0.52,0.368,1,"TROVE2"
0.576504569372153,-0.321866776300157,0.765,0.647,1,"TSTD1"
0.138479069097317,-0.320384470123279,0.441,0.325,1,"USP9X"
0.0296517979585796,-0.320287274312008,0.543,0.39,1,"ILK"
0.0589723937982284,-0.32018036695289,0.304,0.221,1,"MPP1"
0.692012483966394,-0.319954934889706,0.538,0.448,1,"FUCA1"
0.759955695310214,-0.317974328293282,0.811,0.684,1,"RARRES3"
0.950636054208032,-0.317267242646046,0.575,0.469,1,"C9orf142"
0.00720383827682788,-0.316909602713586,0.317,0.212,1,"TOP2B"
0.103874273105709,-0.316662818275596,0.748,0.672,1,"TMEM219"
0.0107191833542016,-0.315440241242138,0.462,0.319,1,"CCZ1"
0.00208456773994637,-0.314985835989878,0.264,0.163,1,"PEX7"
0.000340606248269487,-0.314532470019721,0.253,0.144,1,"PRRC2B"
0.0143900854902597,-0.313938181292569,0.325,0.221,1,"UBA6"
0.390499512794539,-0.313670206988483,0.723,0.607,1,"COPZ1"
0.00475659125893858,-0.313461143488413,0.538,0.377,1,"WSB1"
0.0459316468242859,-0.312855874690034,0.529,0.39,1,"PTPRF"
0.50320204529302,-0.312707106049928,0.764,0.623,1,"PSMB8"
0.00501176371178152,-0.312574254365781,0.285,0.184,1,"PLS1"
0.0879566598802155,-0.311984307376358,1,0.994,1,"TMSB10"
0.580119393248061,-0.31167993652931,0.757,0.635,1,"HADHA"
0.00398586415740431,-0.311508097663999,0.294,0.184,1,"DHRS4-AS1"
0.00119149481746753,-0.310950215317644,0.434,0.282,1,"DBNL"
0.00789616000271364,-0.309430060711024,0.524,0.359,1,"BSDC1"
0.00423519841452953,-0.309259725389343,0.263,0.166,1,"WRNIP1"
0.0823807760876085,-0.308157416177931,0.5,0.368,1,"GINM1"
0.00204092178768374,-0.308134839576498,0.481,0.328,1,"CSRP2"
0.000159769260109032,-0.307755274680186,0.454,0.288,1,"RDH16"
0.000804864040970622,-0.304988329538799,0.462,0.301,1,"PRPF4B"
0.292067831165922,-0.304229268376947,0.726,0.678,1,"RRBP1"
0.0448499026763892,-0.303484049306558,0.384,0.279,1,"SQRDL"
0.00241678701863731,-0.303468215420316,0.93,0.819,1,"PERP"
0.00209577042664223,-0.303028664911183,0.474,0.31,1,"PAFAH1B2"
0.0492931327935431,-0.301874588196173,0.262,0.187,1,"PTAR1"
0.00013520667505698,-0.30160308690997,0.25,0.135,1,"ANKLE2"
0.0867096244653734,-0.300747882210277,0.463,0.344,1,"AKIRIN1"
0.892028175420299,-0.300428779242002,0.728,0.607,1,"MTHFS"
0.0571645077661973,-0.300417776775485,0.402,0.291,1,"PUM1"
0.0238156814680044,-0.300220365304069,0.709,0.558,1,"CDC37"
0.0023250772717462,-0.300134366891351,0.251,0.153,1,"XPOT"
0.700897883886955,-0.299829120990672,0.708,0.549,1,"TPM1"
0.109683823151202,-0.29970548734784,0.586,0.442,1,"SPCS3"
0.926168640358445,-0.299614129890377,0.801,0.666,1,"CALM3"
0.000825557926784393,-0.29680449763785,0.27,0.163,1,"USP33"
0.000287415777164247,-0.295981403392141,0.278,0.156,1,"TCEAL1"
0.000764277206331142,-0.293563270980241,0.32,0.196,1,"ABCB8"
0.074884268700429,-0.293458077378502,0.487,0.368,1,"SNX6"
0.0111963388012932,-0.293344390111344,0.452,0.316,1,"TXNRD2"
0.00113369896149856,-0.292397035005041,0.478,0.313,1,"DGAT1"
0.179821338967937,-0.29220205599024,0.65,0.5,1,"NR1I3"
0.689796021599011,-0.292177647850816,0.627,0.525,1,"TM9SF3"
0.00012653836231594,0.291825959319389,0.286,0.166,1,"PGM2"
0.106842710091869,-0.290995623899351,0.322,0.242,1,"CTPS1"
0.000159524418393158,-0.290900166133286,0.384,0.23,1,"METTL21A"
0.0639008779896429,-0.290276516357159,0.304,0.218,1,"CNOT4"
0.00276795387116816,-0.290247812023943,0.295,0.187,1,"RBM33"
0.00134195828562099,-0.289910441324618,0.304,0.19,1,"LINC01018"
0.0205600317806756,-0.289152384538833,0.394,0.276,1,"PDIA5"
0.683389942031452,-0.288882633506522,0.695,0.549,1,"PSENEN"
0.000697951727281506,-0.287566306198158,0.253,0.144,1,"TMEM251"
0.00153562422234323,-0.286503874659604,0.421,0.273,1,"NDUFS1"
0.0429346589823484,-0.286330510202454,0.716,0.537,1,"APH1A"
4.83232721271363e-05,-0.286090830203704,0.394,0.227,1,"C1orf52"
0.00529895792462293,-0.285687515389002,0.382,0.255,1,"SNX14"
0.0105406409865462,-0.285495556406949,0.373,0.252,1,"NUS1"
0.00501407066146661,-0.285284805866957,0.367,0.248,1,"STX12"
0.00290899387154691,-0.285224564117032,0.289,0.181,1,"HSCB"
0.000443033785158721,-0.284995053776064,0.279,0.163,1,"IPO5"
0.0291538466314813,-0.284663880770694,0.548,0.39,1,"AK1"
0.0035252660832216,-0.284614356886691,0.327,0.212,1,"DLG1"
0.182488587209262,-0.284477839354178,0.418,0.328,1,"PPIF"
0.000637891684278122,-0.284337300840049,0.621,0.429,1,"MARCKS"
0.00138028464176767,-0.284319292737396,0.39,0.248,1,"CRELD1"
0.566274428919962,-0.284270238568325,0.665,0.567,1,"PPIG"
0.00141707623385079,-0.284146296067646,0.332,0.206,1,"C21orf2"
0.0574274948369988,-0.283572475303515,0.548,0.402,1,"UHMK1"
0.0297519984096863,-0.282486711668954,0.609,0.439,1,"BIRC2"
0.00264284661666125,-0.282018838858113,0.346,0.221,1,"MAP2K2"
0.384720041632196,-0.281987757595125,0.779,0.687,1,"APMAP"
0.0565082757318434,-0.281812350857844,0.367,0.267,1,"ATG4B"
0.418389713601602,-0.281698951532317,0.749,0.604,1,"MAP1LC3B"
0.000359189997177792,-0.281658915863551,0.892,0.813,1,"FIS1"
0.000707629603795984,-0.281614550139263,0.39,0.245,1,"ARID1A"
0.00152513443228796,-0.281390396615815,0.359,0.227,1,"SFXN5"
0.000215606244269884,-0.281154786304406,0.551,0.365,1,"EMD"
0.997950507648059,-0.280479782362109,0.716,0.583,1,"COX20"
0.000995391184135449,-0.279527695932106,0.348,0.212,1,"CENPV"
0.518560153962048,-0.279397461063647,0.813,0.709,1,"F10"
0.00198496840506883,-0.278494757273866,0.383,0.242,1,"CNOT11"
0.00165673245546532,-0.278473559681422,0.397,0.255,1,"LIMS1"
0.00164895341482363,-0.277952589325292,0.32,0.202,1,"KDM5A"
0.00481597874276288,-0.277944929854641,0.305,0.196,1,"EPB41"
0.0333421915058952,-0.277053319874385,0.559,0.402,1,"CHMP2B"
0.0217946154394448,-0.276940333982413,0.402,0.282,1,"ARFGAP2"
0.00734163264211596,-0.276456716435835,0.448,0.304,1,"ZNF22"
0.00490739220857758,-0.275808813866548,0.273,0.175,1,"SS18"
0.226439642232864,-0.27546050966884,0.747,0.65,1,"ANXA7"
0.775672314087435,-0.274853223181749,0.663,0.546,1,"FH"
0.0227864027547289,-0.274260973452001,0.47,0.337,1,"KRR1"
0.0190889295533772,-0.273655850658421,0.544,0.383,1,"CGGBP1"
0.000376831645967314,-0.271939122084307,0.358,0.215,1,"ZBTB10"
0.328189702582402,-0.271899660029875,0.776,0.666,1,"ENSA"
0.00013021537227433,-0.269485346833397,0.268,0.15,1,"NFATC2IP"
0.392701129501551,-0.269429437791366,0.591,0.469,1,"YWHAG"
0.00122634443324925,-0.268703062281536,0.352,0.224,1,"TRIM26"
0.261127399227926,-0.268639130598155,0.758,0.592,1,"S100A13"
0.010730777071908,-0.267716973071217,0.382,0.258,1,"SNRNP35"
0.00705007668766342,-0.267372133263638,0.6,0.433,1,"ARL6IP5"
0.0533314176212766,-0.267001560987608,0.339,0.242,1,"BIRC6"
0.000176303302843315,-0.265648510261785,0.312,0.181,1,"STX16"
0.0627558107644645,-0.263323917524564,0.507,0.365,1,"MTPN"
0.0147701090820925,-0.263122621655569,0.524,0.368,1,"MED4"
0.0133680591329698,-0.261970045970726,0.497,0.35,1,"TM7SF3"
0.0174545159069064,-0.261073565187642,0.267,0.181,1,"AASS"
0.0259473351689491,-0.260443878131994,0.34,0.242,1,"PLEKHF2"
0.000126246018516413,0.259892776756852,0.273,0.156,1,"TXNL4B"
0.0014322209975325,-0.259751261285142,0.289,0.178,1,"NUMA1"
0.000913332116489678,-0.259316466487625,0.354,0.23,1,"VRK3"
0.000105258543024621,-0.258981859024802,0.951,0.862,1,"ANGPTL3"
0.783944524308407,-0.258404468120696,0.681,0.552,1,"CCNC"
0.00249336656749196,-0.257522596418167,0.282,0.175,1,"CTCF"
0.000156415049211345,-0.256827063546368,0.285,0.163,1,"PGGT1B"
0.000818746259727376,-0.256228147708846,0.364,0.23,1,"BCL7B"
0.0684738074317927,-0.255652607589161,0.789,0.672,1,"OCIAD1"
0.000123277431468026,-0.254845852629759,0.289,0.163,1,"MTO1"
5.54354484812535e-05,-0.254723065841869,0.346,0.196,1,"ZNF131"
0.00281669001547407,-0.254647326434933,0.399,0.258,1,"C16orf70"
0.081737276663911,-0.253836008910447,0.584,0.451,1,"TAF10"
0.00356638605424283,-0.253772642811465,0.388,0.255,1,"YIPF1"
0.00369886381116343,-0.253630231269999,0.898,0.856,1,"ATP6V1G1"
0.00967239951158352,-0.253408494539265,0.451,0.307,1,"ZNF24"
0.0452566062415442,-0.252858204191419,0.406,0.291,1,"NT5DC1"
0.0083322670679052,-0.25171345582385,0.326,0.221,1,"SMNDC1"
0.000748078627641191,-0.251654112593366,0.385,0.239,1,"FAM35A"
0.0729456363291591,-0.251478217605974,0.459,0.337,1,"ELP2"
