"p_val","avg_log2FC","pct.1","pct.2","p_val_adj","gene"
0,-14.7193298089695,0,0.655,0,"HAMP"
0,-9.57606245279386,0.021,0.836,0,"SLPI"
6.6083071757296e-301,-11.4804475068925,0,0.624,1.36798566844778e-296,"FCN3"
1.12576714167889e-300,-8.75688000247727,0.007,0.677,2.33045055998948e-296,"IGHG3"
5.57336400650112e-297,-10.3172302503501,0.057,0.907,1.1537420829858e-292,"SPINK1"
7.28201778974617e-292,-8.54606949960969,0.022,0.748,1.50745050265536e-287,"GPC3"
6.67813308432181e-283,-13.4883359594371,0,0.584,1.38244032978546e-278,"PLA2G2A"
5.7042832330389e-275,-8.98900256665499,0.009,0.637,1.18084367207138e-270,"SLC22A1"
1.3245901541104e-268,-7.81136017807635,0.021,0.699,2.74203407802393e-264,"SERPINA7"
1.01562079512337e-247,-9.08427663377157,0.003,0.544,2.10243660798489e-243,"VNN1"
9.76472439581054e-240,-7.1829540720405,0.067,0.823,2.02139559717674e-235,"TDO2"
5.71128940677323e-221,-7.1768971024497,0.017,0.584,1.18229402009613e-216,"LCAT"
8.59413167432369e-221,-9.46975576941994,0.002,0.478,1.77907119790175e-216,"IGHA1"
3.28522041621818e-212,-9.01096735483163,0.003,0.469,6.80073478361326e-208,"IGHG1"
1.10577904120089e-198,-9.8466788696646,0.001,0.425,2.28907319318995e-194,"IGLC3"
6.71594199554307e-193,-7.41935362617081,0.032,0.602,1.39026715249737e-188,"CYP3A7"
6.06104442895519e-181,-6.00489022682997,0.024,0.544,1.25469680723801e-176,"IGF1"
1.00068010756495e-172,-8.32375123888917,0.003,0.389,2.0715078906702e-168,"IGHG4"
2.67458403067848e-172,-7.03148156629033,0.013,0.465,5.53665640190753e-168,"HAL"
1.51068463792677e-170,-7.40461445304608,0.007,0.416,3.12726826897222e-166,"IGLC2"
7.6804726537702e-149,-6.10817315808082,0.016,0.434,1.58993464405697e-144,"HAO2"
3.94819120051752e-147,-8.41091515575554,0.003,0.341,8.17315060419132e-143,"ANXA10"
2.17277454718771e-144,-7.87194664909774,0.002,0.323,4.49786059013328e-140,"ASPG"
1.02645971317738e-134,4.34536997035272,1,0.619,2.12487425224849e-130,"GGH"
1.25954887705437e-134,4.51111152547766,1,0.549,2.60739213039025e-130,"AKR1C2"
2.09686951638177e-134,4.36018357853992,1,0.518,4.34072958586191e-130,"AKR1C1"
4.95205600814987e-133,3.44539940072454,1,0.805,1.0251251142471e-128,"SQSTM1"
9.13367448838366e-133,2.04225938879286,1,0.991,1.8907619558403e-128,"RPL8"
1.11645033437867e-132,-5.21137958549414,0.125,0.712,2.31116383719729e-128,"PGLYRP2"
2.6869331751267e-132,3.14085895094872,1,0.867,5.56222036582978e-128,"GLUL"
2.81377603423243e-132,4.38279524720206,0.998,0.31,5.82479776846455e-128,"NME1"
1.27953963260597e-130,-5.08208840803675,0.1,0.659,2.64877499345762e-126,"SLC9A3R2"
1.6988949063132e-130,3.44399439334023,0.997,0.518,3.51688234555896e-126,"ATP5G1"
2.77598709922487e-130,2.32089159492415,1,0.996,5.74657089410541e-126,"RPL19"
4.61448112501746e-130,2.37947138756908,1,0.965,9.55243737689864e-126,"GAPDH"
4.41217294868229e-129,3.74685859924313,0.994,0.425,9.1336392210672e-125,"TKT"
7.2077647169508e-129,4.08520392406113,0.992,0.332,1.49207937405599e-124,"STRA13"
1.2131184109724e-128,2.94573925288189,0.999,0.726,2.51127642255396e-124,"ENO1"
1.46801493418761e-128,4.68028014119385,1,0.181,3.03893771526178e-124,"SPP1"
2.22537803357725e-128,3.45795551032289,0.994,0.465,4.60675506730827e-124,"PHB"
2.82037197439481e-128,3.3160980301434,0.999,0.558,5.8384520241947e-124,"CBR1"
5.69972987731575e-128,3.24784405556182,0.997,0.566,1.17990108190313e-123,"SNHG25"
1.67070538295554e-127,1.78978117634335,1,0.996,3.45852721325627e-123,"RPL30"
2.23161278176606e-127,2.69836252814579,0.998,0.836,4.61966161953392e-123,"NPM1"
1.15037664565102e-126,8.02937250283357,0.969,0.018,2.38139469416218e-122,"CHI3L1"
1.92411460539215e-126,2.12239809502784,1,0.987,3.98310964462228e-122,"RPL7"
3.6298321431309e-126,1.89674443213721,1,0.978,7.51411551949527e-122,"RPL38"
1.8931250984314e-124,2.11479260818557,1,0.947,3.91895826626285e-120,"RPL27"
3.53146885011165e-124,3.67019816389498,0.99,0.367,7.31049366661612e-120,"AKR1C4"
5.79825683184339e-124,2.10963514967966,1,0.92,1.2002971467599e-119,"RPL23"
1.47880594076731e-122,1.53824739835828,1,1,3.06127617798242e-118,"RPS14"
4.21691241943747e-122,2.09500160155895,1,0.969,8.7294303994775e-118,"RPL23A"
4.57364590085549e-122,2.20941023760608,1,0.912,9.46790437936095e-118,"CES1"
2.77471505852892e-121,-4.95672056320517,0.144,0.712,5.74393764266072e-117,"CYP2C8"
2.87856680408346e-121,-2.84033938003625,0.965,0.996,5.95892114113318e-117,"TMSB4X"
4.07298952661675e-121,2.51408855419402,0.997,0.65,8.43149561904933e-117,"PSMB3"
1.19092222496864e-119,2.43907939242253,0.995,0.686,2.46532809790758e-115,"ANAPC11"
1.56497327378437e-119,1.99451030658566,1,0.96,3.23965117406102e-115,"EIF1"
3.24802998660081e-119,1.75115450262388,1,0.942,6.72374687526234e-115,"COX6C"
2.1173127722345e-118,-5.66285772300865,0.02,0.385,4.38304916980264e-114,"EMP1"
1.78482416051131e-117,3.02432573403909,0.994,0.487,3.69476449467446e-113,"PTGR1"
2.02999111393179e-117,2.85330759310592,0.984,0.531,4.2022846049502e-113,"EIF3H"
7.04593065260238e-116,-7.87619004941419,0.005,0.288,1.45857810439522e-111,"CRHBP"
1.08514994540764e-115,3.29304249949177,0.996,0.301,2.24636890198835e-111,"ADH4"
1.23372108578313e-115,3.56001653394399,0.975,0.288,2.55392601967966e-111,"ALDH1L1"
1.93861927407483e-115,1.60713623933283,1,0.934,4.01313575926231e-111,"EEF1D"
8.29513714939375e-115,9.71310609870232,0.919,0,1.717176341296e-110,"ALDH3A1"
5.56500855588152e-114,1.46879955290436,1,0.96,1.15201242115303e-109,"RPL29"
6.21676050962409e-114,1.51162577980882,1,0.987,1.28693159309728e-109,"RPS23"
6.4245243177342e-114,-2.68547287704321,0.982,0.978,1.32994077901416e-109,"CLU"
2.32983093585319e-113,-7.88040237336714,0.004,0.274,4.82298302030969e-109,"MUC13"
2.37435854761805e-113,-4.94262785959308,0.446,0.912,4.91515962942413e-109,"IFI27"
4.24163620973964e-113,-4.04109695823869,0.629,0.947,8.78061111778204e-109,"AGXT"
2.54752133693694e-112,-4.48498289131356,0.685,0.956,5.27362391959315e-108,"C3"
1.58339233264466e-111,2.83058325668168,0.998,0.553,3.27778046780771e-107,"ADH1B"
3.12098526865466e-111,1.49386647386515,1,0.956,6.46075160464201e-107,"UQCRB"
2.42883564646203e-110,-5.22296548081655,0.099,0.602,5.02793267174104e-106,"GNMT"
4.20702997754604e-110,2.45573750499102,0.996,0.535,8.70897275651805e-106,"ANXA2"
5.8792963254728e-110,2.21101331061763,0.993,0.757,1.21707313233612e-105,"EIF3E"
6.42533081207152e-110,2.87406241567242,0.964,0.429,1.33010773140693e-105,"MRPL12"
2.95548225647593e-109,-6.36613155488968,0.043,0.456,6.11814381913083e-105,"CCL25"
5.16989687018252e-109,4.43863264338382,0.932,0.106,1.07022035109648e-104,"LGALS3BP"
9.2146635651914e-109,-5.99202088261215,0.024,0.385,1.90752750463027e-104,"HPGD"
1.35652053358119e-108,1.50872187323101,1,1,2.80813315656642e-104,"RPL18A"
4.50925885639399e-108,-6.33660446908802,0.067,0.522,9.33461675862119e-104,"NPW"
2.67251302041792e-107,2.58094111293199,0.976,0.504,5.53236920356714e-103,"NHP2"
3.33889838308035e-107,2.31054083406151,0.999,0.606,6.91185354281464e-103,"GPX2"
1.26074662952485e-106,1.82318820787432,0.995,0.783,2.6098715977794e-102,"PSMA7"
1.34723066115368e-106,1.49660638227489,1,0.965,2.78890219165424e-102,"RPS17"
2.2252301288533e-106,-4.48715987016877,0.143,0.673,4.60644888973922e-102,"SERPINA11"
2.28705887909441e-106,1.2953338930908,1,0.991,4.73444058561334e-102,"UBA52"
1.61790635019422e-105,1.28983844751267,1,0.987,3.34922793553705e-101,"RPL35A"
4.07909093625872e-105,4.44271599073315,0.941,0.208,8.44412614714917e-101,"BHMT"
2.61551067460519e-104,-4.13344613954987,0.289,0.81,5.41436864750021e-100,"PON1"
6.58421886652736e-104,-3.04554750192066,1,1,1.36299914755983e-99,"ALB"
1.27248611285876e-103,-4.38752595210138,0.533,0.916,2.63417350222892e-99,"FOS"
2.10290239923129e-102,-6.42816962425857,0.012,0.31,4.35321825664869e-98,"GPR88"
2.21353524175406e-102,1.95040425052834,0.984,0.779,4.58223930395507e-98,"NDUFB9"
3.49374162959954e-102,2.68287579697352,0.946,0.416,7.23239454743401e-98,"PUF60"
6.42027865923391e-102,2.38250264834276,0.969,0.527,1.32906188524801e-97,"COA3"
1.61101811292653e-101,1.09880804959171,1,0.996,3.3349685955692e-97,"RPLP1"
2.05377116386374e-101,-4.27585333260895,0.282,0.801,4.25151168631433e-97,"RNASE4"
1.01045870885924e-100,-4.68756326579421,0.095,0.571,2.09175057320951e-96,"APOF"
2.6607127500167e-100,2.86355747317957,0.945,0.363,5.50794146380957e-96,"C17orf89"
9.32285444957281e-100,-7.26240385975691,0.005,0.257,1.92992409960607e-95,"SGCE"
3.42213554596445e-99,-3.7604021413728,0.643,0.929,7.08416279370101e-95,"ANG"
4.37373733715195e-99,-4.11216063227514,0.187,0.717,9.05407366163824e-95,"NR0B2"
2.00689510534699e-98,-6.36255074305148,0.011,0.292,4.15447355757881e-94,"GHR"
3.38971044184479e-98,2.00855417433437,0.982,0.686,7.0170395856629e-94,"ATP5H"
1.57050215478494e-97,1.39345058290998,0.998,0.903,3.2510965106203e-93,"TPI1"
1.9670521778589e-97,1.74359486732765,0.988,0.765,4.07199471338572e-93,"ENY2"
3.01211743469915e-97,1.34453223251932,1,0.987,6.23538430157072e-93,"RPS2"
5.81302754450025e-97,1.93887612778995,0.975,0.65,1.203354831987e-92,"CYC1"
6.49509637416332e-97,1.30931522089014,1,1,1.34454990041555e-92,"FTL"
1.84118897427063e-96,-4.64361832809664,0.112,0.593,3.81144529563764e-92,"CDKN1A"
3.65895115744289e-96,1.60121773512719,0.997,0.872,7.57439479102253e-92,"RPSA"
6.29530461099121e-96,-3.97210839212923,0.463,0.863,1.30319100752129e-91,"C4BPA"
1.81303059683487e-95,1.3027629231643,1,0.991,3.75315463850786e-91,"RPL15"
1.9551762416273e-95,2.7156232807953,0.945,0.376,4.04741033779268e-91,"RAB5C"
1.72165778618157e-94,-3.45604601163872,0.791,0.925,3.56400378317448e-90,"A1BG"
2.37941268009227e-94,1.49692828163027,0.998,0.872,4.92562218905901e-90,"RPL4"
3.04079884227818e-94,1.63075131557701,0.997,0.81,6.29475768340005e-90,"BTF3"
4.45964360921592e-94,-2.85018572737777,0.607,0.907,9.23190823543788e-90,"SARAF"
7.6296514559697e-94,1.63750937563155,0.989,0.801,1.57941414790029e-89,"C19orf53"
8.12023304446815e-93,2.42664684069618,0.936,0.442,1.68096944253535e-88,"MIEN1"
1.54922541447712e-92,1.70473541041945,0.99,0.739,3.20705153050908e-88,"SPCS1"
2.43856058011875e-92,2.49309077873948,0.934,0.487,5.04806425690382e-88,"SLC9A3R1"
2.5230007837846e-92,-1.95297984525985,0.991,0.969,5.22286392251249e-88,"VTN"
6.79985864762657e-92,2.10989038115005,0.963,0.584,1.40763873864518e-87,"TCEB1"
8.03552888451378e-92,-6.05876040178243,0.012,0.283,1.6634348343832e-87,"B3GNT5"
8.26809318103995e-92,1.48329264461251,0.995,0.845,1.71157796940708e-87,"PABPC1"
9.51228346861436e-92,2.58146683663204,0.927,0.354,1.96913780083786e-87,"PSMC5"
2.79073736616332e-91,2.01007819806559,0.972,0.588,5.77710542169469e-87,"TALDO1"
8.60950354086013e-91,1.95563729751375,0.965,0.553,1.78225332799346e-86,"PSMD4"
2.0065808107612e-90,-2.76271818022832,1,0.991,4.15382293635675e-86,"APOC3"
5.42342733028487e-90,2.2412736556796,0.983,0.637,1.12270369164227e-85,"TUBB"
5.58067310868127e-90,2.92713624688273,0.901,0.292,1.15525514022811e-85,"MRPS7"
9.98716634106609e-90,-2.90569699458422,0.788,0.925,2.06744330426409e-85,"CFHR2"
1.19583319895609e-89,2.43617900048955,0.944,0.376,2.475494305159e-85,"KRT10"
7.18614705888693e-89,2.43549693218787,0.955,0.473,1.48760430266018e-84,"ADH1A"
7.97732579794846e-89,-6.92702417301981,0.024,0.336,1.65138621343331e-84,"S100P"
1.32379151436019e-88,0.995015109525286,1,0.996,2.74038081387704e-84,"RPS18"
1.33846949864637e-88,-6.75516879070274,0.008,0.252,2.77076570914785e-84,"UGT2A3"
1.45685579424115e-88,2.23356185962866,0.95,0.513,3.01583717965861e-84,"TMEM14A"
2.18757906230902e-88,-2.51015691604091,0.886,0.934,4.5285074168859e-84,"CFHR1"
3.05540110448109e-88,1.27197361545944,1,0.969,6.32498582638631e-84,"RPL14"
3.97613968060981e-88,1.24179473239323,0.999,0.947,8.23100675283036e-84,"GNB2L1"
9.3494637376592e-88,-2.08949557133275,0.847,0.929,1.93543248833283e-83,"GAMT"
1.88296627986323e-87,-4.44498097521915,0.124,0.584,3.89792849594487e-83,"ANPEP"
1.92965928908848e-87,3.31838330455885,0.885,0.208,3.99458769434207e-83,"CCL15"
1.97081432440971e-87,-3.47147090279307,0.541,0.881,4.07978273296054e-83,"ZFP36"
6.8006939760842e-87,2.00091415610997,0.975,0.659,1.40781165998919e-82,"PPP1R16A"
1.56595935976632e-86,-2.13960505809531,0.93,0.929,3.24169247065226e-82,"APOC2"
1.96197260595489e-86,2.79460086735786,0.903,0.283,4.06147949158723e-82,"CCT5"
3.21753628230796e-86,1.67597969447612,0.983,0.686,6.66062185800571e-82,"VDAC1"
2.00898145511488e-85,2.44779204583827,0.92,0.416,4.15879251023332e-81,"CCDC124"
2.03317278488037e-84,-3.15685074114413,0.622,0.885,4.20887098198084e-80,"CES2"
3.81549252285689e-84,0.88390341326256,1,0.987,7.89845107156605e-80,"COX7C"
5.35875499330108e-84,-2.9737778004702,0.724,0.898,1.10931587116326e-79,"ALDOB"
1.06094671861378e-83,1.64783794629477,0.974,0.664,2.19626580220238e-79,"VPS28"
1.76396910623119e-83,-1.89207942788753,0.995,1,3.6515924468092e-79,"HLA-B"
1.80895850913154e-83,2.51960615487448,0.905,0.31,3.74472500975319e-79,"SNF8"
2.47648893985692e-83,3.17043250650604,0.866,0.181,5.1265797543978e-79,"PGD"
4.11136172051985e-83,-2.92578347680717,0.822,0.92,8.51092989764814e-79,"HPX"
7.3539952197199e-83,1.36134238455447,0.992,0.81,1.52235055043422e-78,"NDUFA2"
1.38332706401848e-82,-2.71297198116554,0.857,0.925,2.86362535522465e-78,"CFB"
1.46692845581086e-82,-5.68880910352616,0.018,0.292,3.03668859637405e-78,"CCL2"
2.60251062722023e-82,1.2900962888273,0.993,0.832,5.38745724940859e-78,"CUTA"
3.55427383954012e-82,-3.58975649947621,0.519,0.854,7.357702275232e-78,"TXNIP"
8.36979366083396e-82,2.83507734802541,0.904,0.336,1.73263098572924e-77,"HN1"
1.0759934928429e-81,2.01000095048686,1,0.668,2.22741412953409e-77,"CYP2E1"
1.36888936622452e-81,-3.46389292678146,0.598,0.863,2.83373787702139e-77,"TM4SF5"
1.42038147659757e-81,-2.84451389029421,0.62,0.881,2.94033169470463e-77,"SRGN"
2.29315220591983e-81,1.9635327045305,0.964,0.544,4.74705438147463e-77,"TUBA1B"
2.41671145294757e-81,2.95236697379014,0.855,0.23,5.00283437874676e-77,"EXOSC4"
2.61938920046763e-81,-3.64925339893038,0.302,0.757,5.42239758388804e-77,"IGKC"
9.57338062966301e-81,-4.23674272779372,0.34,0.783,1.98178552414654e-76,"EGR1"
1.31215410719577e-80,-2.91767503163308,0.694,0.907,2.71629021730597e-76,"ID2"
2.29065547930511e-80,1.61962202482973,1,0.912,4.74188590770952e-76,"AHSG"
2.47611666162045e-80,1.17408266497028,1,0.942,5.1258091012205e-76,"PRDX1"
2.70052052942301e-80,0.976211591767175,1,0.973,5.59034754795857e-76,"RPS4X"
3.47102136724233e-80,1.30657534137057,0.996,0.85,7.18536133232835e-76,"TMA7"
3.94019994476177e-80,2.18926168054356,0.938,0.438,8.15660790565134e-76,"C8orf59"
6.28005400584333e-80,1.47955546722116,0.995,0.81,1.30003397974963e-75,"ALDH1A1"
8.13612210014997e-80,-2.98027841632687,0.731,0.903,1.68425863595204e-75,"CFH"
1.13305588159055e-79,1.83795602596855,0.951,0.571,2.3455389804806e-75,"CISD3"
5.44402107941482e-79,1.852516875921,0.968,0.628,1.12696680364966e-74,"RAN"
6.13384762767926e-79,2.42059850388846,0.915,0.376,1.26976779740588e-74,"OSGIN1"
2.48610225767089e-78,1.13583611858018,1,0.982,5.14648028360451e-74,"CD74"
2.50325405076494e-78,1.16109002039022,1,0.96,5.1819862104885e-74,"RPL5"
9.38273943006269e-78,0.899828638227049,1,1,1.94232088941728e-73,"RPL32"
1.00009542922386e-77,1.40671438166577,0.987,0.757,2.07029754803632e-73,"NDUFS6"
1.11827356525027e-77,-1.79586300425071,0.9,0.947,2.31493810742457e-73,"CTSD"
1.27569061759482e-77,-4.79887806138856,0.146,0.584,2.64080714748303e-73,"SLC22A7"
1.32907803058758e-77,-3.6325913161214,0.721,0.912,2.75132443111934e-73,"FABP1"
1.86442856890065e-77,1.08820535218147,1,0.982,3.85955358048124e-73,"RPL36A"
2.35185540232118e-77,-4.31075353872934,0.13,0.562,4.86857586834507e-73,"TMEM220"
2.57278973519839e-77,1.77011882985815,0.956,0.597,5.32593203083419e-73,"NOP10"
3.6364199610873e-77,2.15444368270321,0.913,0.403,7.52775296144682e-73,"MRPL27"
4.91027908740256e-77,-1.30235582872638,0.996,0.96,1.0164768738832e-72,"RARRES2"
7.19857228308192e-77,2.26105471255304,0.927,0.354,1.49017644832079e-72,"ADIRF"
7.92661788095021e-77,1.18140396834968,1,0.969,1.6408891675355e-72,"SOD1"
1.45196992707976e-76,2.01178073433428,0.949,0.695,3.00572294604782e-72,"MTDH"
1.8951013631241e-76,2.97296427461007,0.864,0.23,3.92304933180321e-72,"SCD"
3.47759118776953e-76,1.35462201329687,0.982,0.757,7.1989615178017e-72,"PARK7"
5.19942285570752e-76,2.59309984933155,0.861,0.305,1.07633252536001e-71,"PSMD3"
9.70641036920152e-76,3.58212645216788,0.803,0.115,2.00932401052841e-71,"PYCARD"
1.56485136376177e-75,1.94681213548771,0.939,0.487,3.23939880812324e-71,"ADH5"
3.64754521952588e-75,1.1196395679621,1,0.925,7.55078335894053e-71,"RPS3A"
4.15632330321764e-75,1.69134135577126,0.96,0.611,8.60400486999084e-71,"SNHG8"
4.50942972043727e-75,1.63833291235038,1,0.827,9.3349704642772e-71,"HULC"
4.98218281069327e-75,5.73453923785313,0.746,0.027,1.03136166364161e-70,"CYP17A1"
8.79328943253068e-75,1.18392731768842,0.995,0.876,1.82029884542818e-70,"TBCA"
2.38966433888567e-74,7.94707309505946,0.722,0,4.94684414792723e-70,"GAGE1"
3.48033434819559e-74,1.87586179580895,0.954,0.58,7.20464013419969e-70,"LSM4"
4.14483992098892e-74,1.61596624181048,0.969,0.659,8.58023312043917e-70,"SDC2"
4.88664978127164e-74,1.40634185414371,0.978,0.761,1.01158537122104e-69,"PRELID1"
1.12605452907035e-73,-1.34466076664879,1,0.973,2.33104548062853e-69,"AMBP"
2.08093791807734e-73,3.05048339991285,0.818,0.181,4.3077495842119e-69,"MRPS23"
2.71194497813361e-73,1.55501469112997,0.991,0.726,5.61399729923439e-69,"LGALS4"
2.96675250283501e-73,-2.66976063598088,0.998,0.987,6.14147435611876e-69,"TTR"
3.17303067293794e-73,2.23637214886516,0.916,0.248,6.56849079604883e-69,"SELM"
3.80617501736805e-73,2.39798866589126,0.87,0.288,7.8791629034536e-69,"EIF3D"
1.05862023061545e-72,1.27948623085186,0.995,0.858,2.19144973939705e-68,"ACTG1"
1.35799513568862e-72,1.35146435995253,0.989,0.761,2.81118573038902e-68,"SUMO2"
2.07821008705429e-72,-1.88028239274888,0.809,0.907,4.30210270121109e-68,"MT-ND4L"
2.20977247688681e-72,-4.43355198854361,0.38,0.783,4.57445000440338e-68,"G0S2"
2.83583291347164e-72,2.35394251659688,0.888,0.332,5.87045771417764e-68,"AIMP1"
2.86603483625799e-72,1.83769625320941,0.937,0.549,5.93297871453767e-68,"SNRPB"
6.39063249324435e-72,-5.1904268091879,0.037,0.341,1.32292483242651e-67,"PPP1R1A"
8.96796449464163e-72,1.72186192270955,0.963,0.5,1.85645833003576e-67,"FAM162A"
1.05697128665955e-71,-2.46713138255901,0.973,0.938,2.18803626051394e-67,"ORM1"
2.37896127288344e-71,2.62589281432078,0.838,0.181,4.92468773099601e-67,"LY6E"
3.714861237809e-71,5.66100085191726,0.715,0.009,7.69013424838841e-67,"SEPT4"
5.05275396144466e-71,-5.15901620165567,0.043,0.358,1.04597059755866e-66,"KLF4"
6.11498423150091e-71,-4.46958028282748,0.125,0.535,1.265862885763e-66,"AFM"
6.26856962196342e-71,-4.71299259825888,0.05,0.376,1.29765659744265e-66,"NAT8"
6.3575355051822e-71,3.40171491644096,0.785,0.133,1.31607342492777e-66,"BOP1"
1.08465982995838e-70,2.1987818541768,0.864,0.314,2.24535431399685e-66,"POLDIP2"
1.47621138080657e-70,-3.38303899981086,0.574,0.85,3.05590517940767e-66,"JUNB"
1.6224763667915e-70,2.26129947872882,0.883,0.412,3.35868832689508e-66,"ALDH3A2"
1.69533683509131e-70,1.48326936288455,0.972,0.726,3.50951678232251e-66,"COPE"
2.39760125699059e-70,-5.33580402310268,0.157,0.58,4.96327436209622e-66,"FOSB"
2.43456003853412e-70,1.29651954865757,0.99,0.845,5.03978273576948e-66,"YBX1"
3.61879711929875e-70,1.81117746000598,0.953,0.615,7.49127191666035e-66,"SPON2"
3.72056160233177e-70,2.59096791142532,0.833,0.248,7.70193457298701e-66,"GPS1"
4.06287651987522e-70,-3.48886302267965,0.325,0.73,8.4105606837937e-66,"SERPINA5"
2.3654905742646e-69,0.889004396357298,1,0.951,4.89680203778515e-65,"RPS21"
2.47601902362449e-69,1.79481610431225,0.934,0.504,5.12560698080505e-65,"CCT3"
3.05378787461095e-69,2.2436900759403,0.874,0.35,6.32164627923213e-65,"LRRC59"
7.70726173417569e-69,1.33768811584735,0.975,0.717,1.59548025159171e-64,"APRT"
3.10782442708549e-68,0.911684645788691,1,0.947,6.43350734650968e-64,"RPL22"
3.30767274610808e-68,-5.63110262474857,0.03,0.305,6.84721335171835e-64,"CRP"
4.44235160862864e-68,3.99270094990477,0.741,0.071,9.19611206502214e-64,"TUBG1"
4.63454161059404e-68,2.80297069420084,0.806,0.19,9.59396458809073e-64,"METTL23"
6.50927287437662e-68,2.33762498696435,0.852,0.319,1.3474845777247e-63,"VPS25"
6.52708002979627e-68,1.36000522302247,0.984,0.761,1.35117083696813e-63,"GRHPR"
2.6290363343875e-67,2.61322344213779,0.817,0.19,5.44236811581556e-63,"ABRACL"
4.46555677502611e-67,1.05697403038834,1,0.925,9.24414907998156e-63,"HSP90AB1"
8.73529883179522e-67,-3.8254494979092,0.187,0.611,1.80829421116993e-62,"ANXA1"
1.14567133403549e-66,2.90306302188475,0.798,0.19,2.37165422858686e-62,"TMEM261"
1.18267513984092e-66,-2.51243935654481,0.681,0.863,2.44825580698468e-62,"SERPINF2"
1.43868298574096e-66,-5.33536315472739,0.113,0.504,2.97821764878236e-62,"CCL20"
1.97723358616089e-66,-1.95771246600184,0.976,0.934,4.09307124671166e-62,"GC"
2.0947334910876e-66,1.1998951714786,1,0.969,4.33630779990045e-62,"TXN"
2.83931123646772e-66,1.09069407570413,0.993,0.845,5.87765819061183e-62,"TOMM7"
4.44797270131578e-66,-6.45156237849206,0.084,0.447,9.2077482889938e-62,"CXCL8"
4.53821227842495e-66,1.90813839876048,0.955,0.619,9.3945532375675e-62,"H2AFZ"
7.54779643914224e-66,1.67996847963933,0.935,0.544,1.56246934086683e-61,"GALK1"
9.23233966349541e-66,-2.36690689470866,0.774,0.876,1.91118663374018e-61,"ACAT1"
1.17519792855448e-65,2.57920883800487,0.831,0.204,2.43277723190062e-61,"IMPDH2"
1.32582458663758e-65,1.02462096652133,0.999,0.934,2.74458947679845e-61,"PPIA"
1.63568786772092e-65,2.05057451899033,0.876,0.314,3.38603745496908e-61,"AQP9"
2.01367364149777e-65,-1.77588549646627,0.884,0.903,4.16850580526454e-61,"F2"
2.18772792040264e-65,1.47606404369961,1,0.748,4.52881556802551e-61,"GSTA1"
2.24773442518397e-65,-2.38003504040932,0.652,0.854,4.65303503357334e-61,"PHYH"
2.27304715014552e-65,-3.76810613736808,0.183,0.593,4.70543490551624e-61,"CIDEB"
2.50175939498576e-65,0.948976867662585,0.999,0.925,5.17889212356003e-61,"RPL10A"
2.80259204831855e-65,1.92273549983402,0.875,0.27,5.80164579922423e-61,"GDF15"
5.19455493106817e-65,-3.10360245275256,0.533,0.796,1.07532481628042e-60,"ASGR2"
8.82944315911883e-65,4.01540506233388,0.715,0.053,1.82778302836919e-60,"SKAP1"
1.14700682678662e-64,1.41882065626997,0.968,0.717,2.37441883213099e-60,"SLC25A5"
1.1827294612187e-64,0.887048388776988,1,0.965,2.44836825766883e-60,"RPS5"
1.2959881001549e-64,-2.23608485655424,0.774,0.876,2.68282496613067e-60,"PGRMC1"
1.75570574889256e-64,-3.5319469006361,0.24,0.65,3.63448647078249e-60,"SLC38A4"
2.07289610882793e-64,-3.03212963104825,0.475,0.801,4.2911022348847e-60,"CXCR4"
2.15119035486475e-64,0.809049892394384,1,0.996,4.45317915360553e-60,"RPS6"
2.4048874765361e-64,5.09155771831014,0.686,0.027,4.97835756517739e-60,"MINCR"
2.47054672967223e-64,1.99320318466168,0.855,0.35,5.11427878509449e-60,"TAF9"
3.25506407390322e-64,-4.12967125986485,0.143,0.54,6.73830813938705e-60,"SERPINA3"
4.44067607149024e-64,-1.08352606682481,0.99,0.996,9.19264353559194e-60,"TPT1"
1.18997068566993e-63,-2.12877990215077,0.763,0.867,2.46335831640533e-59,"C8G"
1.22593722101841e-63,0.859975464327926,1,0.978,2.53781264123021e-59,"RPS8"
1.37299189396384e-63,0.744095257832845,1,0.991,2.84223051969455e-59,"HINT1"
1.40030798575936e-63,3.43704358788752,0.73,0.075,2.89877756132045e-59,"RAC3"
4.02104973109078e-63,2.8158933579451,0.771,0.133,8.32397504833102e-59,"OXLD1"
4.38064825326783e-63,1.42424002863346,0.959,0.637,9.06837994908974e-59,"EIF6"
4.43774020909034e-63,-2.06278015723189,0.908,0.92,9.1865660068379e-59,"ORM2"
7.5683531473875e-63,-2.59165122616556,0.593,0.841,1.56672478504069e-58,"AADAC"
7.95914155014315e-63,2.02186322162561,0.874,0.376,1.64762189229513e-58,"TATDN1"
9.42898861358934e-63,3.03550342573413,0.752,0.106,1.95189493289913e-58,"DCAF13"
1.00460319597616e-62,1.80961235170176,0.902,0.438,2.07962907599024e-58,"MRPL13"
1.48327799402806e-62,1.18713493596821,1,0.889,3.07053377543749e-58,"DCXR"
5.04273989721257e-62,1.42180418151697,0.948,0.65,1.04389758612197e-57,"RAB2A"
6.69435411966868e-62,2.95764580662225,0.759,0.159,1.38579824631261e-57,"HLF"
8.02167193757673e-62,-2.35715478551279,0.646,0.854,1.66056630779776e-57,"HMGCS2"
8.10906942791823e-62,2.79021826353553,0.753,0.133,1.67865846227335e-57,"ICT1"
8.47689757524678e-62,-1.93375927507982,0.795,0.885,1.75480256705184e-57,"AC090498.1"
1.0135460047851e-61,-4.92431616091628,0.041,0.323,2.09814158450563e-57,"C15orf48"
1.22379514987068e-61,5.104953873811,0.671,0.027,2.5333783397473e-57,"IL17RB"
1.23605683986e-61,1.21189776779219,0.986,0.81,2.5587612641942e-57,"SNRPD2"
1.35528667633281e-61,1.42585596969143,0.952,0.624,2.80557894867656e-57,"COX5A"
1.45936037313656e-61,0.776087435832092,1,1,3.02102190843e-57,"RPL39"
1.53756816114795e-61,-4.49142636436647,0.061,0.381,3.18291985039237e-57,"HSD11B1"
2.29611912904374e-61,-1.88824171310736,0.812,0.894,4.75319620903345e-57,"AZGP1"
2.39090737403197e-61,3.91920282132021,0.686,0.035,4.94941735498357e-57,"PFN2"
5.00981913506771e-61,3.26860646439616,0.73,0.097,1.03708265915037e-56,"MRPL45"
7.14772398250592e-61,2.16838803913938,0.919,0.46,1.47965034161855e-56,"STMN1"
8.9041439615049e-61,0.919714268275159,0.998,0.912,1.84324684147113e-56,"COX7A2"
1.03370427681874e-60,1.62835268215303,0.905,0.527,2.13987122344248e-56,"UQCRC1"
1.13844491443124e-60,4.09499192110359,0.692,0.062,2.35669481736411e-56,"G6PD"
1.33665143324984e-60,2.16419849777518,0.811,0.248,2.76700213197049e-56,"NMT1"
1.35185907473257e-60,1.78104620085287,0.88,0.5,2.7984834706039e-56,"GSDMD"
1.57161283374046e-60,1.41628635823965,0.946,0.65,3.25339572712613e-56,"PHPT1"
2.51716342598022e-60,0.807913229413614,1,0.991,5.21078000812166e-56,"RPL3"
4.18545282600913e-60,-2.71239948062828,0.473,0.779,8.66430589512151e-56,"SERPINA4"
4.30257367871007e-60,0.782316757324554,1,0.982,8.90675777229772e-56,"RPS20"
5.30609170588739e-60,2.36670102407241,0.789,0.199,1.09841404403575e-55,"ATP6V1C1"
5.81820370780669e-60,1.88725043444077,0.882,0.403,1.20442634955306e-55,"SLC25A33"
6.33128081414588e-60,-1.94881389959886,0.782,0.863,1.31063844133634e-55,"ITIH2"
8.79636582819272e-60,3.32225369055319,0.721,0.097,1.82093569009418e-55,"TMEM99"
2.31431008096521e-59,1.26575365156818,0.963,0.659,4.79085329860607e-55,"LMAN2"
2.47371468322674e-59,-2.18100736782045,0.783,0.872,5.12083676574767e-55,"CYP2D6"
2.75817898169781e-59,-1.70379585006822,0.943,0.965,5.70970631001263e-55,"ITM2B"
3.3080230067353e-59,3.27986742295472,0.725,0.124,6.84793842624275e-55,"TACO1"
3.49089538221541e-59,-2.11690201424294,0.818,0.894,7.22650253072412e-55,"TM4SF4"
5.24182826014042e-59,2.97220189736723,0.74,0.15,1.08511086813167e-54,"IFI35"
5.74859668210471e-59,-4.43725869044845,0.025,0.265,1.1900169991625e-54,"SKAP2"
6.63034496018934e-59,0.869768236652667,0.997,0.934,1.3725477102088e-54,"NACA"
7.90469662999758e-59,-4.6944654924477,0.022,0.252,1.6363512493758e-54,"GLS"
8.73821232018733e-59,1.54039486419648,0.931,0.566,1.80889733240198e-54,"SNRPC"
8.7775552849903e-59,2.34579183525438,0.791,0.226,1.81704171954584e-54,"COPS5"
9.01223010352533e-59,1.2833202838957,0.94,0.624,1.86562175373078e-54,"DNPH1"
1.48160500843391e-58,4.83812851812436,0.641,0.009,3.06707052795903e-54,"AP1M2"
2.44427577015605e-58,-3.50391222382915,0.39,0.735,5.05989527180005e-54,"PDK4"
2.80162003028946e-58,2.47346369710226,0.794,0.217,5.79963362470222e-54,"TIMM8A"
3.27025902530163e-58,2.8309614337735,0.755,0.159,6.76976320827691e-54,"TOM1L1"
7.9581683019844e-58,2.44206270886616,0.79,0.212,1.64742042019379e-53,"SMARCE1"
8.00052472967972e-58,1.62073605891154,0.916,0.482,1.656188624291e-53,"SUPT4H1"
9.09996283913891e-58,2.54999167905331,0.756,0.177,1.88378330733015e-53,"ASPSCR1"
1.02572245318654e-57,-3.61735460237546,0.282,0.655,2.12334805034145e-53,"C5"
1.04445026289812e-57,2.57047106714472,0.769,0.168,2.16211648922539e-53,"TSKU"
1.07095811747327e-57,1.32618628159737,0.9,0.482,2.21699039898142e-53,"TM4SF1"
1.16931211123219e-57,2.42284147410359,0.75,0.155,2.42059300146176e-53,"TMEM98"
1.19399111264061e-57,1.39431319265911,0.962,0.673,2.47168100227733e-53,"MAT1A"
1.75868081369184e-57,1.83083328731432,0.884,0.46,3.64064515242347e-53,"PA2G4"
2.57836861559662e-57,1.15657854447347,0.982,0.788,5.33748087114656e-53,"EEF1B2"
3.448099604024e-57,2.14729764650252,0.806,0.314,7.13791099029008e-53,"AK4"
3.64295866303903e-57,3.27400844673479,0.715,0.115,7.54128872835711e-53,"NSRP1"
4.88778798367483e-57,3.38067415331357,0.681,0.066,1.01182099050053e-52,"RRS1"
7.84346385992705e-57,0.652399660161548,1,1,1.6236754536435e-52,"RPL34"
8.04187312893743e-57,2.51248920801769,0.775,0.226,1.66474815642134e-52,"C8orf33"
1.26639381673704e-56,0.66631965935591,1,0.978,2.62156184002734e-52,"UQCRQ"
1.79279565603266e-56,2.69738340328362,0.756,0.173,3.71126628755321e-52,"PRPSAP1"
2.37094557999232e-56,0.79131134285011,1,1,4.9080944451421e-52,"FTH1"
2.50379505432284e-56,2.06304639485764,0.861,0.403,5.18310614195372e-52,"IGFBP2"
6.06386765162696e-56,2.07269773501558,0.812,0.301,1.2552812425633e-51,"SLC35B1"
6.46911376823418e-56,1.10040734811898,0.975,0.783,1.33917124116216e-51,"TRMT112"
7.90485208491323e-56,1.5080165630918,0.919,0.558,1.63638343009789e-51,"PGK1"
8.08988098967301e-56,1.72128386251466,0.844,0.372,1.67468626367221e-51,"EMC3"
8.19220983530866e-56,1.3569198502798,0.939,0.615,1.69586935800725e-51,"MDH2"
1.04476023572451e-55,-4.4893060460869,0.048,0.327,2.16275816397331e-51,"GNLY"
1.04482910806957e-55,1.72088436581656,0.892,0.5,2.16290073661481e-51,"TMEM14B"
1.07347621873594e-55,1.26081849047278,0.951,0.677,2.22220312040527e-51,"HIGD2A"
1.49199443773219e-55,-1.61625693797204,0.952,0.956,3.08857768554941e-51,"HLA-C"
1.56714824766873e-55,0.725981556769626,1,0.996,3.24415358749903e-51,"RPS3"
1.61536059440941e-55,1.62525898562126,0.901,0.438,3.34395796648692e-51,"SLC25A39"
1.87460245166344e-55,-1.4411012743599,0.918,0.978,3.88061453518849e-51,"SAT1"
3.55529101046834e-55,-2.78441996662259,0.784,0.889,7.35980792077051e-51,"FGL1"
4.63766810766002e-55,0.974456346787082,0.986,0.783,9.60043674966701e-51,"ATP6V0E1"
4.84827327702895e-55,1.85042785456725,0.855,0.394,1.00364105107776e-50,"CCT8"
4.96282577846033e-55,2.94313715411529,0.726,0.142,1.02735456439907e-50,"ARL4D"
5.09634811649213e-55,-1.13267615810455,0.93,0.934,1.05499502359504e-50,"TMBIM6"
5.26329176665363e-55,2.79046081679637,0.719,0.133,1.08955402861497e-50,"NSMCE2"
6.93515554491749e-55,1.27940251829552,0.944,0.673,1.43564654935337e-50,"CLTA"
7.52080054941804e-55,1.46742330015083,0.915,0.558,1.55688092173503e-50,"HEXB"
8.52114671516125e-55,1.87341008284931,0.827,0.323,1.76396258150553e-50,"PSMD11"
9.92222273752812e-55,1.26397996221042,0.977,0.699,2.0539993288957e-50,"AKR1C3"
1.48658662110723e-54,1.39449484092314,0.923,0.562,3.07738296435408e-50,"NDUFS4"
2.14672910822685e-54,-4.44902906652573,0.037,0.292,4.4439439269404e-50,"DPYD"
2.59273126261741e-54,3.07349388940062,0.704,0.133,5.3672129867443e-50,"MFSD3"
3.13403707087128e-54,1.98085581444929,0.793,0.257,6.48777014041064e-50,"DNAJC7"
3.85445758474984e-54,1.60963053585273,0.886,0.42,7.97911264619064e-50,"HLA-DMA"
4.3044285871959e-54,-0.819773074908699,1,1,8.91059761835423e-50,"B2M"
4.56867908271022e-54,1.75543548837542,0.842,0.345,9.45762256911843e-50,"BID"
4.62678318044208e-54,0.974791400272635,0.989,0.845,9.57790386183315e-50,"ATP5G3"
5.72224007296201e-54,1.72985231987662,0.872,0.447,1.18456091750387e-49,"MIR4458HG"
8.17023309199655e-54,2.69593912120807,0.706,0.102,1.6913199523742e-49,"MRPL10"
1.29820674597416e-53,-4.2544944350203,0.051,0.327,2.68741778484111e-49,"IL1RAP"
2.16999236032934e-53,-4.90385428003095,0.04,0.296,4.49210118511776e-49,"CAV2"
2.22458263517384e-53,-3.84749991095304,0.129,0.478,4.60510851307336e-49,"NR4A1"
3.40211166824603e-53,0.773581246964255,1,0.969,7.0427113644361e-49,"RPLP0"
3.46003155968428e-53,-1.92762894051253,0.716,0.85,7.16261133170244e-49,"C2"
4.18486059285933e-53,-1.20965671665847,0.905,0.938,8.66307991327809e-49,"OAZ1"
4.4398274069867e-53,2.89168879096116,0.659,0.058,9.19088671520316e-49,"RAB40B"
6.97546227543874e-53,-4.8467741810916,0.06,0.345,1.44399044563857e-48,"HOOK3"
7.47577060903923e-53,2.31121704907471,0.76,0.208,1.54755927377721e-48,"SAP30BP"
1.00434693024596e-52,-3.89052313144602,0.365,0.695,2.07909858030217e-48,"LRG1"
1.30951683649677e-52,1.95479722372641,0.816,0.327,2.71083080323196e-48,"NAA10"
1.61766520298396e-52,1.12401287397822,0.973,0.748,3.34872873669709e-48,"MRPS21"
1.72890030761596e-52,1.87328643649036,0.83,0.394,3.57899652679579e-48,"BABAM1"
2.0701075258733e-52,2.30478219559612,0.769,0.279,4.28532958931032e-48,"ASPH"
2.29804598858618e-52,0.588019034063365,1,0.987,4.75718500097225e-48,"RPL37A"
2.45990035297843e-52,-5.10571018715822,0.074,0.376,5.09223972070064e-48,"DNASE1L3"
2.46552295158946e-52,1.86246431947312,0.821,0.283,5.10387906208535e-48,"PLA2G16"
2.6203909741673e-52,-1.55315626574473,0.826,0.867,5.42447135562374e-48,"ASGR1"
4.42845433898264e-52,2.49214433319614,0.717,0.137,9.16734332712796e-48,"TMEM199"
4.70353733405607e-52,1.82856948801394,0.815,0.296,9.73679263522947e-48,"TMEM106C"
7.41644667454622e-52,2.63259585111863,0.725,0.15,1.53527862609781e-47,"P4HA1"
7.6012350337404e-52,1.19910938990629,0.944,0.721,1.5735316643346e-47,"SERBP1"
7.84335107485644e-52,1.09869063826312,0.975,0.743,1.62365210600603e-47,"RPS4Y1"
1.00838774654636e-51,1.27970849960713,0.94,0.681,2.08746347412563e-47,"C20orf24"
1.09397867669862e-51,1.53884679201858,0.889,0.487,2.26464525863381e-47,"PGLS"
1.14862824821144e-51,2.23844012305855,0.775,0.239,2.3777753366225e-47,"CMSS1"
1.32724562031533e-51,1.22348005305118,0.942,0.659,2.74753115861475e-47,"GRINA"
1.48711468929453e-51,-3.86727349426344,0.126,0.469,3.0784761183086e-47,"ANXA5"
1.94795556640052e-51,2.96169628311582,0.678,0.106,4.03246281800571e-47,"UTP18"
1.98157372275218e-51,1.61949716198502,0.862,0.425,4.10205576346929e-47,"MRPL36"
2.45510197441607e-51,0.766982423009,0.998,0.969,5.0823065972387e-47,"RPL6"
2.77969554455666e-51,1.88447594701618,0.815,0.314,5.75424774678675e-47,"POLR2H"
3.34807833685783e-51,1.40483374248411,0.891,0.504,6.93085696512939e-47,"ZNF706"
3.90113221043881e-51,-2.19750142340958,0.683,0.832,8.07573378882938e-47,"HSD17B6"
4.02242053305229e-51,1.91515511366828,0.809,0.332,8.32681274547154e-47,"COPRS"
4.14192123519295e-51,-3.55143005744247,0.205,0.562,8.57419114897293e-47,"CYP4A11"
4.63272485361826e-51,0.668631881117395,0.954,0.646,9.59020371947516e-47,"LGALS1"
5.22211899878507e-51,-2.80910455894665,0.531,0.783,1.0810308539385e-46,"CYBA"
6.30729698809838e-51,2.70068233067515,0.714,0.146,1.30567354950625e-46,"EMG1"
8.5728571214341e-51,1.11822784928807,0.969,0.792,1.77466715270807e-46,"POLR2K"
8.73509074967719e-51,-0.958127605184115,1,0.991,1.80825113609068e-46,"IFITM3"
1.03832705849118e-50,3.08056569811829,0.666,0.084,2.14944084378259e-46,"CTAG2"
1.12390223433648e-50,1.5314392414335,0.916,0.527,2.32659001529995e-46,"RANBP1"
1.38939242976216e-50,1.49033197016124,0.885,0.54,2.87618126885064e-46,"MRPL34"
1.55514202924111e-50,1.22085526628043,0.995,0.779,3.21929951473203e-46,"LEAP2"
2.33683519017293e-50,1.70358950426002,0.854,0.412,4.83748252717697e-46,"PSMA5"
2.33800946362052e-50,1.64992046651707,0.884,0.447,4.83991339064085e-46,"CDO1"
2.49015331661652e-50,1.19055125392179,0.942,0.633,5.15486638072786e-46,"PSMB2"
2.54460840611983e-50,1.91676390525659,0.8,0.305,5.26759386150866e-46,"FAM50A"
2.63544155424712e-50,1.57317489456295,0.865,0.434,5.45562756144696e-46,"MRPL24"
3.10354148118389e-50,0.870300130654583,0.994,0.872,6.42464122019877e-46,"SKP1"
3.32173425798369e-50,2.86304321094305,0.738,0.181,6.87632208745203e-46,"KPNA2"
3.62118096315299e-50,-1.39441863360375,1,0.96,7.496206711823e-46,"PRAP1"
3.87831586871986e-50,2.3024573339195,0.735,0.186,8.02850167983698e-46,"MLX"
4.30786507431667e-50,1.15567039421552,0.957,0.659,8.91771149034294e-46,"MRPL51"
4.57713511963378e-50,-4.07165391688743,0.03,0.257,9.4751274111539e-46,"EGFL7"
5.25379330155393e-50,2.4179314220325,0.713,0.133,1.08758775135468e-45,"TMEM101"
6.11690922242405e-50,2.92440606199024,0.663,0.084,1.266261378134e-45,"MINA"
6.99343782580487e-50,-2.40578844029038,0.583,0.81,1.44771156431987e-45,"GADD45B"
9.13997934338497e-50,3.29139926637575,0.644,0.08,1.89206712387412e-45,"C17orf58"
9.53461980406899e-50,4.81077742167343,0.589,0.022,1.97376164564032e-45,"RPL39L"
1.43583813349472e-49,2.02497948429079,0.794,0.327,2.97232852014743e-45,"PSMD2"
1.98319598395679e-49,-2.40399841589763,0.658,0.801,4.10541400638895e-45,"CPB2"
2.08283893377174e-49,2.17782346055678,0.758,0.23,4.31168487680088e-45,"GNL3"
2.12555792740442e-49,3.49557348393838,0.634,0.066,4.40011746551989e-45,"ABCG2"
2.19019985968931e-49,0.617026546199546,1,0.996,4.53393272954283e-45,"RPL37"
2.50570511400799e-49,1.78076903421842,0.834,0.358,5.18706015650793e-45,"CMBL"
2.6470920026378e-49,2.03357888489378,0.786,0.27,5.47974515466052e-45,"OTUD6B-AS1"
3.98259964870982e-49,1.95225535351992,0.803,0.341,8.24437953279419e-45,"POLR2G"
4.56404186998591e-49,-3.41443913740409,0.185,0.535,9.44802307505783e-45,"CXCL16"
5.62054492450367e-49,1.96240327942058,0.787,0.301,1.1635090048215e-44,"TNIP1"
6.60190244230677e-49,0.635169266841765,1,0.987,1.36665982458192e-44,"ATP5E"
7.46457267319244e-49,1.07275862943818,0.953,0.726,1.54524118907757e-44,"LAMTOR5"
9.82880223732343e-49,-1.26088745932492,1,0.996,2.03466035114832e-44,"MT-CO1"
1.11330481151448e-48,-3.94267264958963,0.117,0.442,2.30465229031612e-44,"DPP7"
1.20752872250859e-48,4.65996424926649,0.578,0.018,2.49970520846503e-44,"TTLL4"
1.32629592372917e-48,-3.99716999032508,0.094,0.403,2.74556519171175e-44,"ZBTB16"
1.37585785979714e-48,0.543941206024385,1,1,2.84816335556606e-44,"RPL10"
1.91472898311181e-48,4.99395273706168,0.571,0.013,3.96368046793976e-44,"BIRC5"
2.46280705916755e-48,1.24398704217034,0.935,0.611,5.09825689318274e-44,"CYSTM1"
2.89144152242774e-48,2.19549805749664,0.717,0.164,5.98557309557767e-44,"MYC"
3.04153849374915e-48,1.50484699676106,0.841,0.403,6.29628883591012e-44,"CCT7"
3.22008445894386e-48,1.55820129087815,0.866,0.491,6.66589683845968e-44,"NAPRT"
3.36751171821844e-48,0.829237734301714,0.99,0.872,6.97108600788398e-44,"SRP14"
3.67683509860859e-48,-5.09772613531482,0.046,0.296,7.61141633762965e-44,"SLC25A47"
3.90125272165705e-48,-2.60033862496763,0.573,0.796,8.07598325910226e-44,"SAA4"
4.93550819247131e-48,-2.84256174230032,0.479,0.752,1.02169955092349e-43,"UGT2B15"
5.59143737483024e-48,2.08842086967821,0.751,0.221,1.15748345096361e-43,"MRPL3"
5.63596203741989e-48,2.40763661115534,0.74,0.23,1.16670050136629e-43,"SLC25A10"
5.81004940088138e-48,-3.36749591766834,0.138,0.478,1.20273832647645e-43,"WBP5"
6.43594612950472e-48,-2.96048926753324,0.38,0.686,1.33230520826877e-43,"MT-ATP8"
6.51322475517424e-48,1.48784717135296,0.849,0.456,1.34830265656862e-43,"NAA20"
7.63169848989058e-48,2.71863547991967,0.67,0.106,1.57983790439225e-43,"LINC01420"
7.98062969519093e-48,3.40775628637367,0.599,0.04,1.65207015320147e-43,"MAGEC2"
8.30686172477085e-48,2.07412131686705,0.753,0.252,1.71960344564481e-43,"SHARPIN"
9.96856413471167e-48,2.38920496312262,0.724,0.199,2.06359246152666e-43,"GSTA4"
1.24915083977611e-47,1.79759300390028,0.843,0.398,2.58586715342052e-43,"GCLM"
1.37941896933878e-47,1.62212915517071,0.827,0.354,2.85553520842821e-43,"PIPOX"
1.47791751523849e-47,0.826121604744765,0.985,0.889,3.0594370482952e-43,"NDUFB7"
1.98485963642692e-47,2.11057321303975,0.742,0.19,4.10885793336736e-43,"STEAP1"
2.23449210050152e-47,2.62017857826379,0.681,0.124,4.62562209724821e-43,"PTDSS1"
2.34167624143922e-47,1.06803102357609,0.942,0.708,4.84750398740334e-43,"SSR3"
2.3456316298681e-47,1.78756556711463,0.788,0.252,4.85569203698995e-43,"SMIM4"
2.81224935197273e-47,2.06546367760185,0.746,0.239,5.82163738351876e-43,"TRAP1"
3.10880173628883e-47,2.23817391332662,0.749,0.248,6.43553047429152e-43,"EMC2"
3.37527814201842e-47,-1.90630449706937,0.663,0.823,6.98716328179233e-43,"TFR2"
8.07908801397385e-47,-3.72644008350584,0.094,0.398,1.67245200977273e-42,"GLYATL1"
1.07276287083236e-46,2.53602528779797,0.668,0.111,2.22072641891006e-42,"SQLE"
1.30382921721792e-46,1.92374585705819,0.735,0.19,2.69905686256282e-42,"COMMD4"
1.30726785309143e-46,2.86929936063619,0.626,0.071,2.70617518268456e-42,"NPM3"
1.35588624060822e-46,-2.66679479027711,0.412,0.699,2.80682010668308e-42,"CD302"
1.7435740828884e-46,-1.8013544571189,1,1,3.60937270898728e-42,"APOA1"
2.23693980610825e-46,-2.05806941115212,0.583,0.779,4.63068909262469e-42,"ECHDC2"
2.76574989854498e-46,0.638518619715302,1,0.982,5.72537886497796e-42,"RPL24"
2.87883236753475e-46,2.51990444647184,0.68,0.15,5.95947088403369e-42,"NOP16"
4.18898678300742e-46,2.16153429211143,0.733,0.226,8.67162153950365e-42,"RGS14"
5.08843354884402e-46,5.22187326179615,0.549,0.009,1.0533566289462e-41,"TFF2"
5.2829038549737e-46,-1.90782757255395,0.688,0.827,1.09361392701811e-41,"SERPINA6"
6.4959415820591e-46,-3.21789063446691,0.266,0.602,1.34472486690206e-41,"CREB3L3"
1.06299669430104e-45,3.29228057921826,0.606,0.058,2.20050945687258e-41,"SPARCL1"
1.08891054645262e-45,1.86485281283441,0.758,0.235,2.25415372221157e-41,"ITPA"
1.30998223391104e-45,1.56584326770597,0.869,0.416,2.71179422241924e-41,"SNRPD1"
1.42214308795412e-45,1.24663927209799,0.922,0.633,2.94397840637383e-41,"PSMA4"
1.75883056251345e-45,-1.44892966044824,0.952,0.947,3.6409551474591e-41,"RHOB"
2.2179224300306e-45,2.36257990605191,0.72,0.23,4.59132122240635e-41,"TXNRD1"
2.31319920628868e-45,1.60013568508499,0.832,0.376,4.78855367693819e-41,"ALG3"
3.27811270150248e-45,1.90387576682506,0.757,0.217,6.78602110338028e-41,"ZFAND1"
3.45293395451294e-45,1.67673535197928,0.793,0.301,7.14791857923724e-41,"HMGA1"
3.85570852971071e-45,-1.11436536126417,0.916,0.929,7.98170222735414e-41,"NDUFB1"
3.93996511061756e-45,4.45189561270831,0.562,0.027,8.15612177548941e-41,"TLCD1"
4.58988419999e-45,1.48709375963399,0.839,0.407,9.50151928239931e-41,"COA4"
4.59686579055644e-45,1.30694249763997,0.921,0.535,9.51597187303088e-41,"SORD"
4.92163421321996e-45,0.950496969300397,0.977,0.805,1.01882749847866e-40,"NDUFB4"
5.82189728331208e-45,0.649825992497861,1,0.969,1.20519095661843e-40,"RPS7"
6.36688349388803e-45,1.15681379565881,0.917,0.597,1.31800855206976e-40,"DYNLRB1"
7.4030294821876e-45,1.46703052300424,0.845,0.451,1.53250113310766e-40,"RNH1"
7.58286344154126e-45,2.53875907115681,0.654,0.102,1.56972856103346e-40,"ATP6V0E2"
7.76843077966399e-45,2.20955153937509,0.724,0.226,1.60814285569824e-40,"DDX49"
7.86401352955746e-45,2.12860498409123,0.703,0.168,1.62792944075369e-40,"MVB12A"
1.2686813010222e-44,2.94094014781798,0.647,0.119,2.62629716124606e-40,"FASN"
1.33421697181666e-44,0.669988736389417,1,0.956,2.76196255335768e-40,"RPL7A"
1.3994726671558e-44,1.50230421658251,0.857,0.42,2.89704836827922e-40,"CCDC167"
1.63520505507394e-44,2.19178248561848,0.721,0.199,3.38503798450857e-40,"RARS"
1.65931550064629e-44,2.09110363887535,0.742,0.243,3.43494901788788e-40,"PSMG4"
2.40695007943569e-44,-2.96854751689339,0.266,0.602,4.98262735943983e-40,"RGS1"
2.75150885268173e-44,2.30358162962389,0.669,0.128,5.69589847593645e-40,"ECE2"
2.91185504246999e-44,3.35735060306063,0.644,0.111,6.02783112341713e-40,"PTTG1"
3.56088619496777e-44,6.78631783202806,0.52,0,7.37139051220278e-40,"FABP6"
3.84597478248364e-44,0.901398876727539,0.991,0.836,7.96155239721938e-40,"P4HB"
3.97534599607047e-44,1.69151794323388,0.798,0.35,8.22936374646548e-40,"CCT2"
4.11691193092322e-44,1.56975898353224,0.828,0.389,8.52241938820415e-40,"CCT6A"
5.09160826124122e-44,1.84956620384762,0.77,0.27,1.05401382615954e-39,"PSMD12"
5.2011291554213e-44,-0.941058354602494,0.99,0.982,1.07668574646376e-39,"UBB"
5.27768125232175e-44,2.42207193357729,0.674,0.155,1.09253279604313e-39,"SMYD2"
5.96735615961588e-44,1.66601034844062,0.807,0.341,1.23530239860208e-39,"ZCRB1"
6.43663643389422e-44,1.54279169087784,0.813,0.372,1.33244810818044e-39,"GPAA1"
7.25691112063186e-44,1.19119665662344,0.916,0.624,1.502253171082e-39,"TECR"
8.2912143783475e-44,2.13478596776498,0.708,0.199,1.71636428846172e-39,"PIR"
8.52333684746843e-44,1.81694444572847,0.778,0.274,1.76441596079444e-39,"KXD1"
1.7091190828272e-43,1.74915769166839,0.79,0.372,3.53804741336058e-39,"BHMT2"
2.04888839562583e-43,1.99354874529436,0.761,0.265,4.24140386778504e-39,"TMEM97"
2.07877934000796e-43,-1.63877548398375,0.767,0.858,4.30328111175048e-39,"LAMP2"
2.36644225090121e-43,-3.47655841990929,0.114,0.42,4.8987721035906e-39,"FURIN"
2.46555810024965e-43,3.04679917975663,0.601,0.08,5.1039518233268e-39,"CMB9-22P13.1"
2.52615970483526e-43,0.56784175535904,1,1,5.22940320497947e-39,"RPS16"
2.95577525830047e-43,-1.0887773631369,0.91,0.938,6.11875036220781e-39,"NBEAL1"
2.99263475326584e-43,-4.4409609668928,0.047,0.283,6.19505320273561e-39,"SERPINB9"
3.97688056639148e-43,-4.38575737375528,0.059,0.314,8.23254046048701e-39,"SOCS3"
5.02077525287125e-43,1.81953404582386,0.753,0.252,1.03935068509688e-38,"ADH6"
6.97855876030782e-43,2.88976583493376,0.589,0.062,1.44463144897132e-38,"PRR34-AS1"
8.16627459984387e-43,2.88277399954489,0.624,0.102,1.69050050491368e-38,"PTRH2"
9.22087696085842e-43,2.09355786323844,0.734,0.243,1.9088137396673e-38,"ZCCHC9"
1.31409647757071e-42,-1.05613553511138,0.958,0.929,2.72031111821912e-38,"AGT"
1.41542736409091e-42,6.60200965483194,0.507,0,2.93007618640459e-38,"SERTAD4-AS1"
1.5468999822337e-42,-1.23278335674388,0.923,0.929,3.20223765322198e-38,"MT-ND5"
1.61156304558345e-42,2.34509285490611,0.663,0.15,3.3360966606623e-38,"ATIC"
2.1964131701181e-42,1.04303304226922,0.947,0.628,4.54679490346148e-38,"PPA1"
2.28897206412877e-42,1.41895612037023,0.848,0.425,4.73840106995297e-38,"ALDH7A1"
2.32159605015936e-42,2.63249438397512,0.64,0.119,4.80593598343489e-38,"RUVBL1"
2.4730126850683e-42,2.96885608053096,0.584,0.062,5.1193835593599e-38,"TOP1MT"
2.48480186936953e-42,2.60724312435181,0.587,0.062,5.14378834978186e-38,"PLEKHF1"
2.64351558381762e-42,0.781105337798918,0.991,0.889,5.47234161006086e-38,"UQCRH"
2.76599764928989e-42,1.72164474080588,0.763,0.257,5.72589173379499e-38,"TBCB"
2.80341503598351e-42,0.474993793606028,1,0.996,5.80334946598946e-38,"RPL11"
3.18643534480266e-42,1.34309810079142,0.86,0.46,6.59623980727599e-38,"AP2M1"
3.28669614448385e-42,2.18142215663601,0.684,0.164,6.80378968869602e-38,"ZNHIT3"
3.74646217294704e-42,1.1761093248658,0.92,0.624,7.75555134421767e-38,"DUSP23"
3.7825855224691e-42,0.931759952434008,0.951,0.73,7.83033029006328e-38,"EIF3K"
3.80512020541781e-42,1.43810659683835,0.82,0.363,7.87697933723541e-38,"SNHG9"
6.33348124754487e-42,2.32751418541282,0.671,0.155,1.31109395305426e-37,"SCRN2"
7.69068716644749e-42,3.990202966456,0.536,0.022,1.5920491503263e-37,"PTGES"
7.83137585383651e-42,-1.98333007029085,0.768,0.858,1.6211731155027e-37,"PCK1"
8.05905241329441e-42,-1.42580324913857,0.826,0.903,1.66830444007608e-37,"BTG1"
1.21463004995076e-41,1.76325106419189,0.787,0.296,2.51440566640307e-37,"NDUFAF2"
1.8125518350326e-41,1.49208464181045,0.826,0.398,3.75216355370098e-37,"FDPS"
1.8332839683709e-41,1.7299681616503,0.783,0.345,3.7950811429246e-37,"CCDC47"
2.13737313600796e-41,2.28819733128218,0.64,0.102,4.42457612885008e-37,"CBX1"
2.4091094599744e-41,1.89240254258915,0.721,0.239,4.98709749309301e-37,"CYHR1"
2.93496104079523e-41,-1.99446682810913,0.623,0.792,6.07566285055021e-37,"METTL7A"
3.03203561813223e-41,1.73009593654949,0.785,0.327,6.27661693309553e-37,"ALAS1"
3.18553728091686e-41,2.56065142955992,0.622,0.119,6.59438072522598e-37,"NOB1"
3.73860663903884e-41,1.88247835546852,0.747,0.283,7.73928960347431e-37,"IK"
4.01227949531759e-41,-3.10559850520808,0.227,0.553,8.30581978325695e-37,"RGS2"
4.94267366542613e-41,-1.50328538530552,0.854,0.858,1.02318287547986e-36,"MASP2"
6.07494425782388e-41,2.17892403418786,0.703,0.221,1.25757421081212e-36,"IFRD2"
6.30763317008152e-41,1.45723360318481,0.817,0.354,1.30574314253857e-36,"HSF1"
6.37450678368872e-41,1.16090115185835,0.883,0.535,1.3195866492914e-36,"NDUFAF3"
7.73205753345028e-41,2.38643456278735,0.63,0.119,1.60061322999954e-36,"EPB41L2"
8.7215519702436e-41,-2.25442018460145,0.539,0.735,1.80544847336013e-36,"CREG1"
8.79563061820299e-41,-3.94433458455146,0.167,0.473,1.8207834942742e-36,"LGALS3"
8.98834333398199e-41,2.19287805746766,0.687,0.208,1.86067695356761e-36,"ST3GAL1"
9.68374428951284e-41,-3.54761257474032,0.111,0.403,2.00463190537205e-36,"HSD17B2"
9.76866647713471e-41,1.58590337359409,0.802,0.358,2.02221164743166e-36,"USE1"
1.05532533446234e-40,-2.0347109731155,0.997,0.991,2.18462897487049e-36,"MT2A"
1.11561324755465e-40,3.10904085162387,0.553,0.04,2.30943098376288e-36,"BBOX1"
1.12980752112933e-40,0.760326923804285,1,0.925,2.33881454948983e-36,"MGST1"
1.33401768144917e-40,1.47353062432352,0.807,0.385,2.76155000236793e-36,"PSMF1"
1.81707913085862e-40,-1.1712717619007,0.911,0.894,3.76153550879043e-36,"PTMS"
2.35119705085821e-40,1.22721532533608,0.897,0.571,4.86721301498158e-36,"SNRPB2"
3.1220080262197e-40,1.24038267020642,0.855,0.496,6.46286881507741e-36,"ZMAT2"
3.59753338029226e-40,-2.27520547146718,0.624,0.779,7.44725385054302e-36,"CD14"
3.81788906372733e-40,3.61952872990728,0.549,0.049,7.90341215082195e-36,"NR2C2AP"
4.26420401735151e-40,1.26970392660742,0.873,0.513,8.82732873631936e-36,"NSA2"
5.14462278680442e-40,-3.14625762563512,0.324,0.611,1.06498836309638e-35,"FBP1"
5.25197781549869e-40,1.52488449732407,0.795,0.35,1.08721192758638e-35,"LAGE3"
5.67772765423168e-40,1.90451484056244,0.697,0.199,1.1753464017025e-35,"GCAT"
5.9155674223727e-40,1.69305313380819,0.775,0.319,1.22458161210537e-35,"ATG12"
7.11523098562579e-40,-2.39489356642181,0.566,0.752,1.4729239663344e-35,"HSPH1"
7.24593438255378e-40,2.80720803840835,0.598,0.088,1.49998087653246e-35,"NOL11"
7.61793556638737e-40,1.35583438136058,0.848,0.442,1.57698884159785e-35,"STOML2"
7.79975698810698e-40,1.02342350490288,0.933,0.65,1.61462769410803e-35,"BRK1"
8.19032758490247e-40,2.48440564174602,0.627,0.111,1.69547971335066e-35,"FAM104A"
8.30397724211327e-40,1.12395090761362,0.884,0.509,1.71900632888987e-35,"C12orf57"
1.74333664904694e-39,-3.65614139072221,0.223,0.527,3.60888119719207e-35,"FAM46A"
1.84900192512696e-39,1.61921810128237,0.759,0.301,3.82761888520532e-35,"LAPTM4B"
1.92701805923691e-39,1.30353619289341,0.809,0.35,3.98912008442633e-35,"FAM96A"
2.21488205426284e-39,-3.67049378115928,0.156,0.456,4.5850273405295e-35,"ANGPTL8"
2.44639871218045e-39,1.3178544855991,0.825,0.434,5.06428997408475e-35,"PMVK"
2.46377413310255e-39,1.57417794141812,0.772,0.292,5.10025883293558e-35,"BOLA3"
3.33990429275706e-39,2.09208273870645,0.684,0.19,6.91393587643639e-35,"NOP56"
3.7348271044803e-39,1.99058099764266,0.655,0.15,7.73146558898468e-35,"SIRT7"
3.88244713978062e-39,1.70966122403069,0.733,0.257,8.03705382405987e-35,"WBP2"
5.12133128586382e-39,0.978808393013752,0.967,0.615,1.06016678948667e-34,"PPIB"
5.2938908487988e-39,-1.46499762326995,0.775,0.823,1.09588834460984e-34,"FCGRT"
6.37268187328434e-39,2.28944611150423,0.611,0.115,1.31920887458859e-34,"GPATCH4"
6.47580698149037e-39,0.856730571841018,0.964,0.77,1.34055680323832e-34,"SLC25A6"
7.13772708147019e-39,1.15198589047439,0.887,0.58,1.47758088313514e-34,"MRPS15"
7.15997074074235e-39,-3.47722574784938,0.104,0.385,1.48218554304107e-34,"RGCC"
8.2384113630064e-39,3.59165984607665,0.534,0.044,1.70543353625595e-34,"HRCT1"
8.56317304497369e-39,1.25031973861126,0.863,0.5,1.77266245204e-34,"RPN2"
9.9946191456273e-39,1.70324119841933,0.722,0.235,2.06898610933631e-34,"SLC25A18"
1.31297916215282e-38,2.28466770835405,0.67,0.177,2.71799816357255e-34,"ARMC1"
1.42119500429234e-38,1.63588526039691,0.736,0.283,2.94201577838557e-34,"PCYT2"
1.58587797492261e-38,2.96936467595784,0.544,0.049,3.2829259958873e-34,"RP11-81H14.2"
1.64143102547519e-38,1.35784950443572,0.814,0.372,3.3979263658362e-34,"MRPS18B"
1.68514296247943e-38,2.37032028861122,0.603,0.097,3.48841444662867e-34,"ERAL1"
1.75750753672145e-38,2.60823596667293,0.575,0.071,3.63821635176707e-34,"EFTUD2"
1.77108336344724e-38,1.23249251783511,0.864,0.504,3.66631967067214e-34,"MDH1"
1.82326864736281e-38,-2.56439777279949,0.693,0.823,3.77434842690575e-34,"TIMP1"
2.12823314510923e-38,2.29421957817816,0.644,0.142,4.40565543369063e-34,"MRTO4"
2.27594506160841e-38,1.90426129365494,0.698,0.212,4.71143387203557e-34,"LSM10"
2.32590946541549e-38,3.23325256109343,0.569,0.08,4.81486518435661e-34,"RAD51C"
2.46764997099685e-38,-2.36861931880382,0.519,0.717,5.10828220496058e-34,"DHRS7"
2.51192806384287e-38,1.71873723109726,0.74,0.257,5.19994228496112e-34,"DUT"
2.69542427868453e-38,0.92052333498168,0.999,0.805,5.57979779930484e-34,"FGG"
2.8984946988623e-38,2.06971696856327,0.652,0.146,6.00017387611484e-34,"NT5C"
3.07579852845583e-38,1.90445942200365,0.714,0.221,6.36721053375642e-34,"DDX39A"
3.16502104889098e-38,1.99763008285185,0.651,0.155,6.55191007330921e-34,"AATF"
3.91338204337723e-38,1.53911500875856,0.809,0.473,8.1010921679952e-34,"FMO5"
5.37857231393452e-38,5.46552746028847,0.475,0.004,1.11341825470759e-33,"TRIM16L"
6.36332335297961e-38,2.82657571889887,0.58,0.093,1.31727156730031e-33,"CWC27"
6.67449319012108e-38,1.84322305060145,0.742,0.354,1.38168683528696e-33,"PLOD1"
6.72698452960173e-38,0.93104502179904,0.959,0.748,1.39255306747285e-33,"SNRPE"
7.30787754084174e-38,1.60860478406234,0.759,0.283,1.51280372972965e-33,"MAD2L2"
8.20483310288009e-38,-2.19322008498602,0.492,0.717,1.69848250062721e-33,"SERINC2"
9.00434670548638e-38,1.56030648774515,0.781,0.341,1.86398981150273e-33,"MRPL21"
1.0282891258428e-37,1.93411466815529,0.624,0.106,2.12866131940718e-33,"SRP68"
1.04240036493291e-37,-1.06822589271036,0.931,0.942,2.15787299544761e-33,"PFN1"
1.12895443591899e-37,2.4022285940869,0.625,0.128,2.33704857779589e-33,"C20orf27"
1.14801247025001e-37,2.37457559641488,0.618,0.124,2.37650061466455e-33,"DTYMK"
1.25612537978696e-37,1.60425655893059,0.785,0.354,2.60030514869699e-33,"CYP4F11"
1.57755551443461e-37,2.64191306097375,0.572,0.08,3.26569767043109e-33,"TRMT1"
1.59433411485588e-37,-2.39869411989094,0.494,0.704,3.30043105116315e-33,"AGPAT2"
1.59609622394096e-37,2.00422039824814,0.658,0.168,3.30407879318018e-33,"TERF1"
1.91398060293864e-37,2.061430783761,0.645,0.155,3.96213124614328e-33,"DDX41"
1.91783615690112e-37,1.06007612554216,0.892,0.664,3.97011262840102e-33,"GRN"
2.12186837690388e-37,-2.69748554585788,0.589,0.743,4.39247972702872e-33,"IFI6"
2.37696666020567e-37,1.71285979071689,0.731,0.27,4.92055868329177e-33,"MRPS18C"
2.4263067031519e-37,0.996976434318619,0.93,0.615,5.02269750619474e-33,"EIF3I"
2.55218140764137e-37,1.24914979538998,0.839,0.487,5.28327073195839e-33,"MRPS12"
3.35958375403334e-37,-1.47341730744338,0.789,0.823,6.95467432922442e-33,"GABARAP"
3.3893918880983e-37,1.9119859119191,0.676,0.199,7.01638014755229e-33,"RTCB"
3.6670095634285e-37,-1.07702115055525,0.959,0.956,7.59107649725335e-33,"SERPING1"
3.68271847093281e-37,0.556947831337788,0.999,0.947,7.62359550667801e-33,"H3F3B"
4.15888048987159e-37,1.58016339341409,0.711,0.239,8.60929850208318e-33,"HEXA"
4.34033647402316e-37,-4.39459987366946,0.045,0.257,8.98493053487534e-33,"PELI1"
4.77448940529317e-37,1.05037354809094,0.921,0.619,9.8836705178974e-33,"ALDOA"
5.38877874610977e-37,1.86090101422125,0.703,0.212,1.11553108823218e-32,"TIMMDC1"
5.4618068475622e-37,4.50153721029442,0.484,0.018,1.13064863551385e-32,"PRKCDBP"
5.61541130038891e-37,1.95152697113386,0.683,0.208,1.16244629329351e-32,"WDR45B"
6.72031609639196e-37,1.37340563222036,0.819,0.394,1.3911726351141e-32,"RPL26L1"
6.76795076592933e-37,1.11889968503984,0.903,0.553,1.40103348805503e-32,"UQCC2"
8.00925827834516e-37,-1.27843630175184,0.972,0.969,1.65799655620023e-32,"HSPA1A"
8.31088149067864e-37,0.85019596618303,0.957,0.805,1.72043557738539e-32,"ST13"
8.53227165530137e-37,1.79689201608827,0.682,0.226,1.76626555536394e-32,"KPNB1"
1.11082584115227e-36,1.05295166205576,0.887,0.597,2.2995205737693e-32,"YIF1A"
1.14438128672415e-36,2.62327284942675,0.562,0.075,2.36898370164767e-32,"RP11-706C16.7"
1.23758171064974e-36,-1.74806698509913,0.705,0.783,2.56191789921602e-32,"C4BPB"
1.39581794952459e-36,1.00712939882265,0.93,0.673,2.88948273731085e-32,"SNU13"
1.47529868271405e-36,-1.72644230447206,0.701,0.792,3.05401580308636e-32,"TMEM123"
1.56817174527336e-36,-4.26386289711198,0.09,0.354,3.24627232989039e-32,"C8orf4"
1.58920109505567e-36,3.33882933759422,0.5,0.027,3.28980518687474e-32,"CCDC137"
1.62591761805407e-36,-2.20576255992088,0.499,0.717,3.36581206113373e-32,"CDHR5"
1.86398613497656e-36,3.90318314666043,0.494,0.027,3.85863769801497e-32,"NLE1"
2.02600798848599e-36,-3.82271247044497,0.106,0.372,4.19403913696484e-32,"CYP4A22"
2.23338097745492e-36,1.22343147304631,0.828,0.438,4.62332196142944e-32,"TSPO"
2.24923699836361e-36,1.82834726791176,0.645,0.168,4.65614551031251e-32,"ADSL"
2.44422097532094e-36,1.85454493648491,0.661,0.168,5.05978184101187e-32,"VAT1"
2.53098993481354e-36,3.3077696992694,0.5,0.031,5.23940226405752e-32,"SNAI2"
2.69993201985838e-36,0.605957164369415,1,1,5.58912927430884e-32,"RPL12"
2.74554070788633e-36,1.13139415968902,0.88,0.544,5.68354381939549e-32,"PAIP2"
2.77827714413052e-36,-4.27039508237252,0.048,0.261,5.75131151606458e-32,"SERPINE1"
2.80178472078508e-36,1.78555987918064,0.684,0.221,5.79997455049718e-32,"SMIM20"
3.72749947375117e-36,1.4551019192385,0.754,0.305,7.71629666061231e-32,"TEX264"
3.75100208460758e-36,1.62118308474258,0.712,0.217,7.76494941534615e-32,"COX11"
4.26887708074303e-36,-2.372891319536,0.484,0.699,8.83700244484614e-32,"CREM"
4.28261335400606e-36,3.56940639426113,0.503,0.035,8.86543790412794e-32,"TSEN54"
4.39883893292941e-36,1.44602064884823,0.784,0.372,9.10603647505717e-32,"MAF1"
4.39900307385461e-36,1.59186675653053,0.71,0.27,9.10637626318642e-32,"YIF1B"
4.64932925465353e-36,1.89018116551831,0.67,0.181,9.62457649005827e-32,"MTFR1"
5.62338855759138e-36,2.1490426754819,0.624,0.137,1.16409766530699e-31,"TKFC"
5.65056530334977e-36,1.05971888414321,0.899,0.571,1.16972352344644e-31,"HNRNPA3"
5.70276006232907e-36,2.24296289398305,0.586,0.106,1.18052836050274e-31,"ACSS3"
5.77467043352416e-36,1.54853035238844,0.767,0.314,1.19541452644384e-31,"IDH3B"
6.20181112232711e-36,1.52918804723025,0.76,0.385,1.28383692043293e-31,"MTTP"
7.1614484694121e-36,1.80340399228754,0.601,0.111,1.482491447653e-31,"C5orf45"
7.22516815526597e-36,1.32467936793289,0.829,0.438,1.49568205982161e-31,"MRPL40"
9.09430404877174e-36,1.0938952115552,0.839,0.482,1.88261188113624e-31,"TMEM167A"
1.33261029309666e-35,1.88502745270491,0.636,0.146,2.7586365677394e-31,"TAF15"
1.51453772915869e-35,1.92627765425477,0.647,0.168,3.13524455313141e-31,"DCTPP1"
1.68989515245897e-35,1.15134169009313,0.866,0.513,3.49825195510532e-31,"MRPS16"
2.69305235089991e-35,2.03323291250534,0.635,0.159,5.57488767159791e-31,"ALKBH2"
3.06451026201296e-35,2.50542303483058,0.561,0.084,6.34384269339303e-31,"BCAT2"
3.14140784979244e-35,1.21709747335083,0.84,0.478,6.50302838985533e-31,"GTF3A"
3.55592297058506e-35,-3.10468613474078,0.157,0.442,7.36111614140813e-31,"GLTPD2"
3.55832115829997e-35,2.50723744847262,0.57,0.097,7.36608062979677e-31,"CD163"
4.05394887342297e-35,1.24714391535197,0.862,0.535,8.39207956287289e-31,"GLRX"
4.13908955423545e-35,1.39438997463824,0.785,0.35,8.56832928622281e-31,"DIO1"
4.14427422146763e-35,2.42032083603175,0.597,0.115,8.57906206586015e-31,"BRIX1"
4.27533687505313e-35,-0.947886486865794,1,0.996,8.85037486504748e-31,"MT-ATP6"
4.43658367000171e-35,3.46309175723593,0.464,0.013,9.18417185527054e-31,"TK1"
5.34359214597441e-35,0.66154802282574,0.992,0.907,1.10617701013816e-30,"NDUFA13"
6.19441727997758e-35,-1.50430336317957,0.758,0.832,1.28230632112816e-30,"HRG"
6.20381581345778e-35,1.83545951533043,0.693,0.252,1.28425191154389e-30,"STX10"
6.94536761998191e-35,-1.55153343324933,0.666,0.788,1.43776055101245e-30,"HPN"
7.45375002023923e-35,1.78949385617612,0.685,0.204,1.54300079168972e-30,"IFT20"
7.97666766993573e-35,-0.938902434930345,0.999,0.987,1.6512499743534e-30,"HLA-A"
8.27725855374495e-35,0.464926348499592,1,1,1.71347529321074e-30,"RPL35"
8.32811511003277e-35,1.30248622604765,0.833,0.442,1.72400310892788e-30,"DPM3"
8.4849548965063e-35,1.3968802818829,0.79,0.345,1.75647051312577e-30,"RPL22L1"
8.77357792768527e-35,1.46795480933021,0.689,0.212,1.81621836681013e-30,"CSNK1D"
8.96323353086927e-35,1.79094205773954,0.712,0.283,1.85547897322525e-30,"TUBB2A"
9.07720916292035e-35,2.07165733138982,0.595,0.119,1.87907306881614e-30,"FN3KRP"
1.12754523849726e-34,1.28696179248461,0.812,0.398,2.33413139821317e-30,"MRPL22"
1.13243147664107e-34,1.40895116718039,0.752,0.305,2.34424639979467e-30,"SEC13"
1.7599487590859e-34,1.91549624586641,0.659,0.212,3.64326992618373e-30,"NOC2L"
1.83331495385422e-34,3.70739934381613,0.485,0.035,3.79514528597362e-30,"SPATC1L"
1.94382893530613e-34,1.25860535421866,0.771,0.345,4.02392027897722e-30,"CAMLG"
2.35961662122181e-34,-3.20900624037479,0.177,0.46,4.88464236759127e-30,"ABHD3"
2.69739790869038e-34,1.18131140490034,0.8,0.381,5.58388341077995e-30,"FAM195B"
2.71012244536377e-34,0.543184205910833,1,0.978,5.61022447414754e-30,"RPL9"
3.6166978587935e-34,1.34625366448049,0.607,0.124,7.48692623748842e-30,"SNRPN"
3.6895630587949e-34,1.7101205721223,0.669,0.212,7.63776448801132e-30,"ZPR1"
3.94255052428725e-34,2.32072089901973,0.555,0.088,8.16147384032703e-30,"TMCC1"
4.23163274032104e-34,2.00891310576561,0.567,0.088,8.75990293573859e-30,"BLOC1S4"
4.36916396442791e-34,1.99841532512664,0.621,0.15,9.04460632276222e-30,"TRAF4"
6.29091446717819e-34,-1.93649659813293,0.584,0.739,1.30228220385056e-29,"MPC1"
6.36777249143064e-34,3.07928103139863,0.518,0.062,1.31819258345106e-29,"C19orf48"
6.7966160679927e-34,2.96712365627377,0.489,0.035,1.40696749223517e-29,"PHYHD1"
6.81605288490239e-34,0.849576800745346,0.946,0.726,1.41099110770364e-29,"NDUFA6"
7.63738447171663e-34,3.14299284198867,0.517,0.062,1.58101495949006e-29,"FAM133A"
9.320772904442e-34,1.48794025792665,0.751,0.354,1.92949319894854e-29,"EMC4"
1.0046923478311e-33,1.17183684675858,0.833,0.456,2.07981362924515e-29,"SYF2"
1.0850202828352e-33,2.0266520338012,0.519,0.058,2.24610048749715e-29,"COA7"
1.11604256196205e-33,1.49565886449408,0.713,0.248,2.31031970751764e-29,"FAM49B"
1.13634911239563e-33,0.989721935044614,0.957,0.65,2.3523562975702e-29,"UBD"
1.18776629180599e-33,1.02541190877014,0.934,0.69,2.45879500066758e-29,"EIF2S2"
1.21412532689461e-33,1.61199204461062,0.687,0.208,2.51336083920453e-29,"COASY"
1.33998284041108e-33,2.09856683495054,0.589,0.119,2.77389847793498e-29,"GSTM3"
1.46658105633242e-33,-3.63297724322423,0.126,0.389,3.03596944471374e-29,"FNDC4"
1.58398447343908e-33,1.60683862916986,0.72,0.279,3.27900625846625e-29,"RBM42"
1.76313556893878e-33,2.00793713807225,0.576,0.097,3.64986694126018e-29,"SDF2"
1.92237389360105e-33,1.13947824158226,0.863,0.593,3.97950619714354e-29,"VMP1"
1.9422188842136e-33,1.06238074433505,0.89,0.606,4.02058731221058e-29,"NDUFB5"
2.0723938086466e-33,3.70692318172682,0.476,0.035,4.29006242327932e-29,"RP13-650J16.1"
2.13105788152706e-33,-1.66134029259485,0.698,0.774,4.41150292054917e-29,"UGP2"
2.15149721032266e-33,1.94540523380583,0.57,0.097,4.45381437508895e-29,"CD320"
2.16610240396556e-33,2.5365985971801,0.527,0.071,4.48404858644911e-29,"BACE2"
2.22012323921784e-33,1.90562541948865,0.613,0.137,4.59587711750486e-29,"NME2"
2.26343004758148e-33,2.16895351796521,0.54,0.08,4.68552654149843e-29,"MIF4GD"
2.56043462023518e-33,1.20260132507869,0.857,0.385,5.30035570734884e-29,"APCS"
2.84707260628815e-33,1.36694854660445,0.751,0.35,5.89372500227711e-29,"TRAPPC3"
2.90868758334571e-33,1.10560868581314,0.868,0.597,6.02127416628396e-29,"MPLKIP"
3.10622367896104e-33,2.61836761701806,0.498,0.044,6.43019363781724e-29,"RALY-AS1"
3.20997409079166e-33,2.70649569785388,0.522,0.066,6.64496736534781e-29,"FTSJ3"
3.26684795752393e-33,2.01813160761237,0.569,0.102,6.76270195687028e-29,"DLAT"
3.43655653356467e-33,2.64984558999798,0.515,0.062,7.11401568013221e-29,"GLI4"
3.63235298505584e-33,1.23098319923323,0.805,0.385,7.5193339143641e-29,"CKLF"
3.63575153834054e-33,1.81662261595599,0.64,0.155,7.52636925951875e-29,"PSME3"
3.69586059805906e-33,1.59397044993946,0.634,0.164,7.65080102404207e-29,"PPIE"
4.14884468834684e-33,2.71151498201253,0.494,0.044,8.58852338934679e-29,"RRP9"
4.29225170706175e-33,1.21871384629262,0.82,0.469,8.88539025878853e-29,"DDOST"
4.36983907041343e-33,1.46159445789258,0.711,0.243,9.04600385966283e-29,"HIST1H1C"
4.65093633751326e-33,1.52280015675605,0.69,0.239,9.6279033122862e-29,"NUDCD2"
4.98606794037212e-33,1.91580971666271,0.62,0.164,1.03216592433643e-28,"DCAF4L2"
5.41842064564544e-33,0.52272763379309,1,0.982,1.12166725785506e-28,"RPS13"
5.65607639022491e-33,-3.98251458438678,0.07,0.296,1.17086437354046e-28,"MXD1"
6.32187889154056e-33,0.75688869133705,0.968,0.77,1.30869214933781e-28,"ATP5B"
6.58162476725343e-33,1.24153300013489,0.787,0.398,1.36246214306913e-28,"PDCD6"
6.60932194546134e-33,-3.03918396980978,0.202,0.482,1.36819573592995e-28,"TUBA4A"
7.2542583774038e-33,1.07681439445834,0.836,0.482,1.50170402670636e-28,"COPS6"
9.97397924995746e-33,1.70616528128379,0.668,0.217,2.06471344453369e-28,"DRG1"
1.1748498871794e-32,-3.35472562094542,0.134,0.398,2.43205675145007e-28,"KLKB1"
1.33352423321562e-32,1.88856368538067,0.617,0.15,2.76052851517966e-28,"EXOSC5"
1.38530345937568e-32,1.7805125417096,0.634,0.159,2.8677166912536e-28,"EEF1E1"
1.51943991468641e-32,1.52867118141893,0.728,0.296,3.14539256739233e-28,"EBNA1BP2"
1.64937872793412e-32,1.67512472570983,0.651,0.19,3.41437890469641e-28,"IGBP1"
1.73039268535082e-32,-1.98342174243569,0.53,0.708,3.58208589794473e-28,"PVRL2"
1.74644548182884e-32,1.2232665623504,0.786,0.412,3.61531679193387e-28,"AHCY"
1.8229232865544e-32,2.53080610426149,0.517,0.066,3.77363349549627e-28,"GOSR2"
1.93529196968095e-32,1.46881256454319,0.739,0.31,4.00624790643654e-28,"ETNK2"
2.0582714594102e-32,1.88803650290922,0.668,0.226,4.26082774812505e-28,"TAF12"
2.26742246368381e-32,-3.41391574985892,0.104,0.354,4.69379124207186e-28,"LGR4"
2.31559433884233e-32,1.07240891292167,0.875,0.518,4.7935118408375e-28,"SNRPD3"
2.32445797172291e-32,-1.60899818065247,0.678,0.814,4.81186044726359e-28,"MCL1"
2.38532829451889e-32,1.58506249010083,0.723,0.288,4.93786810248356e-28,"U2SURP"
2.46567765638278e-32,1.63986388607657,0.643,0.173,5.10419931647799e-28,"GSS"
2.59567460937097e-32,-1.39875630920786,0.815,0.863,5.37330600885885e-28,"HLA-E"
2.61718274898391e-32,1.86346237125129,0.614,0.159,5.41783000867159e-28,"RFXANK"
2.62391912781952e-32,1.77611002880073,0.622,0.168,5.43177498649918e-28,"SRM"
2.95486607975534e-32,0.919710868552087,0.933,0.686,6.11686827170153e-28,"DECR1"
3.03588621135762e-32,2.49729365833069,0.508,0.062,6.28458804613142e-28,"DDX52"
3.17210311584353e-32,1.58485001839309,0.654,0.181,6.5665706601077e-28,"POP5"
3.17602333345979e-32,2.90400486484092,0.499,0.062,6.57468590259512e-28,"ZNF830"
3.22613269293812e-32,3.37870337013257,0.444,0.018,6.67841728765121e-28,"CGREF1"
3.27913200302667e-32,0.830650174142697,0.901,0.535,6.78813115946551e-28,"C10orf10"
3.83862642637073e-32,-2.9388675854088,0.187,0.46,7.94634056523005e-28,"PPP2CB"
4.10497270336888e-32,1.05092344642437,0.862,0.54,8.49770399324391e-28,"ADRM1"
4.82670505668663e-32,1.34281304053769,0.787,0.358,9.99176213784699e-28,"LSM2"
4.86978810778582e-32,2.35316229120033,0.54,0.093,1.00809483619274e-27,"NAGS"
5.01370823341377e-32,0.607652355443061,0.987,0.916,1.03788774139898e-27,"EEF2"
5.31719746234355e-32,-2.54128065927349,0.403,0.624,1.10071304667974e-27,"PON3"
5.46696851245334e-32,1.1888032360506,0.717,0.252,1.13171715176297e-27,"NT5C3B"
5.48740813827036e-32,1.48138586541889,0.726,0.305,1.13594835870335e-27,"KARS"
5.50884324187854e-32,-1.9195048264135,0.771,0.823,1.14038563950128e-27,"PDIA4"
5.56211195078613e-32,-3.3624710078042,0.248,0.535,1.15141279493224e-27,"SDS"
5.90595230639122e-32,0.792219710259399,0.944,0.695,1.22259118694605e-27,"SDCBP"
6.2546923135214e-32,1.73011821301632,0.666,0.212,1.29478385582207e-27,"PDZD11"
6.92749289191865e-32,-0.928927345675026,0.998,0.978,1.43406030355608e-27,"SEPP1"
7.55510070303234e-32,-1.817189682285,0.858,0.894,1.56398139653472e-27,"JUN"
8.25786122344459e-32,1.02890137872979,0.825,0.442,1.70945985186526e-27,"H2AFY"
8.42279675224338e-32,1.54685842296807,0.757,0.345,1.7436031556819e-27,"ACAT2"
1.01119831464282e-31,3.03247483113835,0.487,0.053,2.09328163114211e-27,"SSX2IP"
1.02021662621572e-31,2.42398887367657,0.502,0.058,2.11195043792917e-27,"NAT9"
1.0909413017749e-31,-4.60421673463265,0.062,0.274,2.25835758880422e-27,"AREG"
1.1506308331824e-31,1.0382903345535,0.795,0.403,2.38192088777089e-27,"SYNGR2"
1.19942900787457e-31,1.11224180218268,0.802,0.447,2.48293798920115e-27,"EID1"
1.30250809806232e-31,3.48956562649956,0.462,0.035,2.69632201379881e-27,"SLC26A6"
1.40187714465656e-31,1.04561531516428,0.873,0.54,2.90202587715354e-27,"PFDN6"
1.47730954348327e-31,-0.631746501734988,0.991,0.973,3.05817848596473e-27,"H3F3A"
1.6909661684062e-31,1.65272085594458,0.663,0.23,3.50046906521768e-27,"COMMD5"
1.74525586988748e-31,1.92408212617829,0.637,0.195,3.61285417625407e-27,"TMEM161A"
1.75149956399009e-31,-2.68948605820243,0.293,0.558,3.62577924741589e-27,"HABP2"
2.22494390732124e-31,0.938285082861414,0.88,0.553,4.6058563825457e-27,"MYEOV2"
2.62775001080083e-31,3.9475419866194,0.416,0.004,5.4397052973588e-27,"RP3-460G2.2"
3.0104972021385e-31,-1.22039206467937,0.934,0.925,6.23203025814691e-27,"DNAJB1"
3.56161001380771e-31,1.91402234477425,0.593,0.133,7.37288888958334e-27,"PES1"
4.55772918377061e-31,2.04212685370762,0.572,0.119,9.43495518332354e-27,"RP4-665J23.1"
4.60142312542435e-31,-0.81496200434666,0.995,0.987,9.52540601194094e-27,"MT-ND3"
4.82865267464419e-31,0.977750057620844,0.853,0.5,9.99579390178093e-27,"TMEM147"
5.64630603745618e-31,1.12565993015157,0.803,0.398,1.1688418128138e-26,"PSMC4"
5.87057386442664e-31,3.60107390073712,0.456,0.035,1.21526749567496e-26,"FBXO32"
6.21563230699848e-31,-2.96892362257485,0.221,0.491,1.28669804387176e-26,"NKG7"
6.44609065549917e-31,1.33503956403311,0.74,0.296,1.33440522659488e-26,"EMC7"
6.61531484913793e-31,-3.24109515176969,0.384,0.628,1.36943632692004e-26,"CXCL2"
7.3216939599983e-31,0.631962512586858,0.989,0.867,1.51566386665925e-26,"CHCHD2"
7.65244002765908e-31,1.31314348565073,0.756,0.385,1.58413161012571e-26,"NOL7"
8.00353571774634e-31,1.00399583964461,0.771,0.341,1.65681192893067e-26,"DDX18"
8.17279186657953e-31,1.17144201352207,0.841,0.442,1.69184964430063e-26,"NIT2"
8.58287994193189e-31,1.80583903320792,0.608,0.155,1.77674197677932e-26,"CDC123"
8.75893782479404e-31,1.98373173088861,0.564,0.111,1.81318771911061e-26,"C6orf1"
9.2845686709907e-31,1.74985102409491,0.631,0.19,1.92199856058178e-26,"MRPS11"
1.00645275620813e-30,-3.71158466264649,0.095,0.332,2.08345785062645e-26,"SRI"
1.24983443089507e-30,1.05087411248883,0.817,0.46,2.58728225539589e-26,"SEC11A"
1.2599904340409e-30,4.86529582135038,0.413,0.009,2.60830619750807e-26,"HEXIM2"
1.2634850369611e-30,3.79499695027049,0.441,0.027,2.61554037501317e-26,"C1QTNF3"
1.53963547736865e-30,1.5249576705396,0.647,0.221,3.18719940170085e-26,"SLC25A4"
1.57590403922208e-30,0.957031262462957,0.904,0.619,3.26227895159363e-26,"NAP1L1"
1.6786906440529e-30,0.900872108464276,0.919,0.642,3.4750575022539e-26,"LINC00493"
1.80847944692854e-30,0.946791397831195,0.862,0.588,3.74373330308678e-26,"EIF3F"
1.83113276543294e-30,1.11365592037318,0.831,0.473,3.79062793772273e-26,"PSMD7"
1.86939222634407e-30,1.40614448295876,0.742,0.345,3.86982884775486e-26,"MRPL15"
1.9519153003088e-30,2.38397860375843,0.498,0.066,4.04065986316925e-26,"TBCD"
1.95254851274272e-30,5.06126391239206,0.406,0.004,4.04197067622871e-26,"RP11-492E3.2"
2.35352377369836e-30,1.79026437150644,0.591,0.142,4.87202956393297e-26,"MRPL46"
2.53955094669295e-30,1.58020486856022,0.63,0.164,5.25712441474907e-26,"PHAX"
2.62688489975388e-30,0.687408930322819,0.982,0.85,5.4379144309805e-26,"UQCR10"
2.64972537402895e-30,0.818753164971371,0.944,0.712,5.48519649677733e-26,"ATP5O"
2.74710571909704e-30,1.43255498039012,0.681,0.252,5.68678354910279e-26,"GGNBP2"
2.94856431505725e-30,1.03613953992337,0.825,0.465,6.10382298860002e-26,"UBE2D2"
2.97950438159636e-30,1.85902512107924,0.586,0.142,6.16787202034263e-26,"ACSM1"
3.01295244854965e-30,1.4414102388107,0.601,0.15,6.23711286374264e-26,"AP2B1"
3.41422110651799e-30,1.74119081822688,0.588,0.142,7.0677791126029e-26,"RCN2"
3.86387046835345e-30,2.00146083792546,0.567,0.128,7.99859825653848e-26,"SCPEP1"
3.99447717455965e-30,1.77922021641014,0.591,0.142,8.26896719905594e-26,"ALDOC"
4.05104250076726e-30,1.48427642988639,0.715,0.288,8.38606308083831e-26,"SNX2"
4.05489542562988e-30,2.2088861325753,0.523,0.084,8.39403902059642e-26,"MED24"
4.14266300405036e-30,-2.02326832937557,0.509,0.681,8.57572668468466e-26,"CD46"
4.34560631875124e-30,2.94521014095911,0.465,0.044,8.99583964044694e-26,"RAB11FIP4"
4.42622503240769e-30,1.09307456893713,0.86,0.531,9.16272843958715e-26,"SSBP1"
4.73204818665057e-30,-2.09879645336145,0.44,0.646,9.79581295118535e-26,"SERINC1"
5.00235078042357e-30,0.781950639949848,0.953,0.726,1.03553663505548e-25,"ATP6V0B"
6.04093449347168e-30,-3.07481655723986,0.206,0.469,1.25053384949357e-25,"DST"
6.16994882340713e-30,1.56454809958739,0.669,0.239,1.27724110593351e-25,"NEK6"
6.28091317573386e-30,0.842421385628994,0.915,0.65,1.30021183650867e-25,"HSPA9"
6.74551648137467e-30,1.43469606064636,0.695,0.261,1.39638936680937e-25,"CDK5RAP3"
6.93595178108255e-30,-1.67444163470147,0.795,0.85,1.4358113782019e-25,"NFKBIA"
6.99551219333531e-30,1.17092533047012,0.791,0.412,1.44814097914234e-25,"MRPS33"
7.6254378249252e-30,1.19670956548292,0.767,0.385,1.57854188413777e-25,"NDUFA8"
7.67905637542894e-30,1.50249141283436,0.687,0.257,1.58964146027755e-25,"PRPF31"
7.87750958235866e-30,1.21174412691545,0.834,0.469,1.63072325864407e-25,"RSL24D1"
8.30454408665658e-30,1.26549210547495,0.737,0.305,1.71912367137878e-25,"WBSCR22"
8.4705966267762e-30,1.25092906655719,0.708,0.27,1.75349820770894e-25,"ABHD14B"
9.47925744072719e-30,2.15477326756362,0.541,0.111,1.96230108280493e-25,"RBFA"
9.50976690191822e-30,3.62900361991928,0.408,0.009,1.96861684636609e-25,"TRIM16"
1.08459714042799e-29,-3.72285866417905,0.102,0.341,2.24522454039999e-25,"MAFB"
1.08888565357308e-29,1.10829248688187,0.803,0.447,2.25410219146164e-25,"RSL1D1"
1.09830016347435e-29,0.585878147829221,0.994,0.956,2.27359116840824e-25,"RPS10"
1.13045787278676e-29,1.75730572009513,0.599,0.164,2.34016084245588e-25,"OGFOD3"
1.14941027009618e-29,1.57517711995789,0.614,0.177,2.3793942001261e-25,"PSMG1"
1.20777486875432e-29,1.11144630268273,0.824,0.46,2.50021475580831e-25,"UBE2V2"
1.30914158169285e-29,1.39348062793661,0.697,0.283,2.71005398826236e-25,"DDX46"
1.31456139981467e-29,-3.05106088306903,0.179,0.438,2.72127355375635e-25,"TPM4"
1.3470675569477e-29,2.25514826451427,0.537,0.102,2.78856454963743e-25,"BOLA1"
1.39514174875002e-29,-2.27144604614831,0.364,0.606,2.88808293408742e-25,"ARHGDIB"
1.46454918394711e-29,1.43611840117815,0.646,0.212,3.03176326568891e-25,"NARF"
1.60238876604726e-29,1.50218806477919,0.688,0.288,3.31710498459443e-25,"PRPF6"
1.61455390281693e-29,2.21190948040388,0.625,0.195,3.34228803422133e-25,"PCNA"
1.71859046852404e-29,2.08048376721913,0.533,0.102,3.55765412889161e-25,"STARD3"
1.79302434201079e-29,1.65786970120024,0.514,0.075,3.71173969039655e-25,"LGALS9"
1.80234019575956e-29,3.25310488333233,0.445,0.035,3.73102443924186e-25,"DPH2"
2.00332794647528e-29,-4.11366687763198,0.081,0.301,4.14708918199847e-25,"KDM6B"
2.42189453289565e-29,3.41228169656394,0.431,0.027,5.01356387254728e-25,"MAGEF1"
2.45083667697614e-29,3.0446682550463,0.47,0.058,5.07347700500831e-25,"NUP85"
2.5231028878363e-29,1.21217257581305,0.747,0.332,5.22307528810993e-25,"CD9"
2.58823423530007e-29,6.08293785737752,0.387,0,5.35790369049467e-25,"ODAM"
2.62394730605855e-29,-2.18949185464945,0.705,0.792,5.4318333182718e-25,"TAT"
2.85550534749272e-29,2.8408815519297,0.449,0.04,5.91118161984469e-25,"AMACR"
3.21750678503889e-29,-0.60857518982093,0.994,0.965,6.66056079570901e-25,"MYL6"
3.30924637379154e-29,2.71364485972258,0.464,0.049,6.85047091838587e-25,"PPAN"
3.31346569387874e-29,0.966579463683941,0.869,0.615,6.85920533289838e-25,"C19orf60"
3.70932202595808e-29,0.974261593766649,0.84,0.496,7.67866752593582e-25,"C9orf16"
4.12681394666506e-29,1.70216268904936,0.558,0.124,8.54291755099133e-25,"AMZ2"
4.26232609400885e-29,-4.96539311345026,0.125,0.367,8.82344124720772e-25,"CYR61"
4.4658093090418e-29,0.711889189847245,0.948,0.549,9.24467185064742e-25,"GSTA2"
4.55004818235119e-29,-1.20579047015693,0.824,0.881,9.4190547422852e-25,"JUND"
4.77222593217777e-29,1.24280421957423,0.736,0.336,9.87898490220121e-25,"AK6"
4.81749449617043e-29,-3.30033471305373,0.193,0.451,9.97269535652241e-25,"CFHR3"
5.1299581377878e-29,0.864426751905897,0.899,0.677,1.06195263410345e-24,"SCAND1"
5.14259893694027e-29,1.74776654371715,0.586,0.159,1.06456940593601e-24,"ACSF2"
5.22501082059758e-29,0.882952636747513,0.888,0.611,1.08162948997191e-24,"RAB7A"
5.25569071132576e-29,-3.51737210480527,0.096,0.323,1.08798053415155e-24,"TMEM86B"
5.34251031592015e-29,4.05170495799077,0.416,0.022,1.10595306049863e-24,"BYSL"
5.62540059709569e-29,1.79542195759316,0.59,0.146,1.16451417760478e-24,"AIMP2"
6.04965910168185e-29,1.44693057372961,0.694,0.257,1.25233993063916e-24,"YBEY"
6.43172204742425e-29,1.53633667360953,0.671,0.248,1.3314307810373e-24,"PARL"
6.7467874554226e-29,2.32658195109556,0.506,0.084,1.39665247114703e-24,"LRRC61"
7.50701736401821e-29,1.08862710468303,0.898,0.624,1.55402766452541e-24,"ZFAS1"
8.12445590153372e-29,0.932074037804408,0.892,0.646,1.6818436161765e-24,"NDUFAB1"
9.52880253363015e-29,-3.45504879274924,0.09,0.314,1.97255741248678e-24,"PPP1R3B"
9.53557950068932e-29,1.17700796209214,0.718,0.301,1.9739603124377e-24,"ANP32A"
9.54512477514219e-29,5.66808510289708,0.381,0,1.97593627970218e-24,"MAPT"
1.0790038631729e-28,1.45178486863112,0.511,0.08,2.23364589715422e-24,"PLPP2"
1.10038343000216e-28,1.09655889935333,0.785,0.389,2.27790373844748e-24,"XRCC6"
1.11119504684503e-28,2.37770122274652,0.482,0.066,2.30028486647389e-24,"MTERF3"
1.13372205425915e-28,1.0009400004546,0.969,0.77,2.34691802452186e-24,"LDHA"
1.14080011551192e-28,0.844974200975689,0.906,0.642,2.36157031912123e-24,"MRPL20"
1.18555809515633e-28,2.65894230844721,0.481,0.066,2.45422381278311e-24,"RNASEH2A"
1.3749986244024e-28,1.6788341618253,0.572,0.137,2.84638465237541e-24,"ARL16"
1.41676899018907e-28,1.43482322696112,0.651,0.217,2.9328534865904e-24,"MRPL9"
1.5190355188964e-28,2.22143354819474,0.531,0.106,3.14455542766743e-24,"THEM6"
1.68310655071557e-28,-1.86253915915191,0.563,0.739,3.4841988706363e-24,"ZFP36L2"
1.8857247112498e-28,2.06163049317031,0.533,0.102,3.90363872475822e-24,"UBL7"
2.03881202608898e-28,1.59943215051301,0.623,0.177,4.22054477520679e-24,"COMMD9"
2.29290164819201e-28,1.84870014134207,0.588,0.159,4.74653570192227e-24,"RMDN1"
2.31874015815127e-28,1.08281699417379,0.788,0.385,4.80002400138894e-24,"FXR1"
2.36671350913421e-28,2.16107480580935,0.517,0.102,4.89933363525872e-24,"PKN1"
2.60472892672829e-28,1.3153308633129,0.723,0.305,5.39204935122024e-24,"TTC1"
3.08383650127993e-28,1.3061101245568,0.653,0.199,6.38384994129958e-24,"ARSE"
3.14053961930895e-28,-1.30637821020677,0.712,0.788,6.50123106593146e-24,"PROC"
3.48336690872567e-28,-0.792689851113177,1,1,7.21091783775301e-24,"MT-CO3"
3.50279212382278e-28,0.63246284490281,0.981,0.845,7.25112997552554e-24,"ATP5J"
3.52574113059152e-28,-1.83107371149786,0.589,0.704,7.29863671443751e-24,"TMED10"
3.54429999407941e-28,1.53336031393291,0.668,0.23,7.33705541774379e-24,"RP11-798K3.2"
3.82812682043879e-28,1.18260580711022,0.754,0.403,7.92460533099033e-24,"TXNL4A"
3.99347529097116e-28,1.54324377477718,0.656,0.23,8.26689319983939e-24,"IDH3G"
4.45914373858288e-28,1.15976622634722,0.698,0.23,9.23087345324042e-24,"TCEAL8"
4.45974863465238e-28,-2.18261550142977,0.558,0.708,9.23212564859389e-24,"SDC4"
4.49227259668957e-28,1.69017342389663,0.552,0.124,9.29945350240707e-24,"C4orf27"
4.71495536801156e-28,2.2577839902278,0.506,0.088,9.76042910732072e-24,"MTMR4"
5.44868979108338e-28,0.451406549586425,1,1,1.12793327365217e-23,"APOA2"
5.45637094795229e-28,-1.28580262576462,0.739,0.827,1.1295233499356e-23,"EEF1G"
5.82634390189834e-28,-1.29657811904996,0.771,0.819,1.20611145113197e-23,"BSG"
5.84424833396252e-28,1.50599522383038,0.623,0.204,1.20981784761358e-23,"GAA"
6.77622293001983e-28,1.87042285164385,0.593,0.181,1.4027459087434e-23,"GIPC1"
6.77999941629357e-28,1.24980071806693,0.754,0.345,1.40352767916693e-23,"ORMDL2"
8.74177459587081e-28,-3.11724804578915,0.204,0.451,1.80963475909122e-23,"PRG4"
9.72066646133599e-28,1.10180173290625,0.745,0.336,2.01227516416116e-23,"LINC00116"
9.87962384688829e-28,1.03338548448173,0.838,0.491,2.04518093254434e-23,"RAB13"
1.02090856329497e-27,-2.38172862439662,0.348,0.575,2.11338281687691e-23,"LEPROTL1"
1.03157087847895e-27,2.90497322666863,0.408,0.022,2.13545487553928e-23,"SEMA6A"
1.194500084358e-27,1.05658331639508,0.742,0.341,2.4727346246295e-23,"RALY"
1.20739887276998e-27,2.04521359184645,0.528,0.111,2.49943640652113e-23,"C11orf74"
1.23833766795155e-27,-0.934919744255114,0.86,0.876,2.5634828064265e-23,"NDUFA3"
1.33434242345304e-27,1.36472502409989,0.697,0.27,2.76222225079015e-23,"COA6"
1.41993277801762e-27,1.37386736122255,0.623,0.186,2.93940284377428e-23,"DDA1"
1.5009878966911e-27,0.938342138414589,0.859,0.54,3.10719504494025e-23,"HNRNPDL"
1.57148143346376e-27,2.03173560967473,0.531,0.115,3.25312371541334e-23,"RNFT1"
1.5953557221912e-27,1.20263690334552,0.771,0.412,3.302545880508e-23,"DERL1"
1.74156043656387e-27,1.22133519725456,0.747,0.319,3.60520425973087e-23,"NSFL1C"
1.80274517318146e-27,0.954052394983348,0.813,0.447,3.73186278300294e-23,"HM13"
1.99308428721031e-27,0.383022195433368,1,1,4.12588378295406e-23,"RPL13A"
2.02112611897389e-27,-1.24932881523101,0.887,0.934,4.18393317888786e-23,"DUSP1"
2.07071779958584e-27,1.64937231876385,0.591,0.181,4.28659291692265e-23,"NCBP2-AS2"
2.12859558500203e-27,1.2256249634721,0.741,0.35,4.40640572051269e-23,"RABGGTB"
2.13784308851421e-27,1.83789561740123,0.526,0.106,4.42554897753326e-23,"ME1"
2.16632488974715e-27,0.667220356804194,0.967,0.823,4.48450915426558e-23,"ROMO1"
2.27704185851273e-27,1.43331090574567,0.685,0.292,4.71370435130721e-23,"MTSS1"
2.34031540059422e-27,2.95938427000786,0.445,0.049,4.84468691077009e-23,"KIAA1143"
2.6094256177165e-27,0.899612467185377,0.962,0.774,5.40177197123492e-23,"HMGN2"
2.98851780125893e-27,4.9569967940498,0.384,0.013,6.1865307003861e-23,"CENPM"
3.04608859647743e-27,2.37985440562327,0.494,0.093,6.30570800356792e-23,"POLR3H"
3.33738354133287e-27,2.00145913500976,0.516,0.102,6.90871766891318e-23,"CHDH"
3.40929636879293e-27,-3.47604977873635,0.111,0.341,7.05758441303825e-23,"FGF21"
3.43328037601586e-27,1.6282588890418,0.527,0.106,7.10723370639043e-23,"UTP6"
3.47682601587889e-27,1.65549233974235,0.569,0.142,7.19737753547088e-23,"HARS"
3.61772133213514e-27,1.22721274277969,0.743,0.372,7.48904492965296e-23,"RBCK1"
4.08762117400485e-27,1.27499840237486,0.714,0.296,8.46178459230744e-23,"ASPDH"
4.56133688603787e-27,1.79400370031623,0.506,0.093,9.44242348778699e-23,"RFFL"
4.84039560173019e-27,0.885330778627513,0.791,0.42,1.00201029351417e-22,"MARCKSL1"
5.24094341413363e-27,-3.31503430924453,0.086,0.301,1.0849276961598e-22,"PLGLB1"
5.59981828757235e-27,-2.07518706592805,0.411,0.619,1.15921838371035e-22,"SMPDL3A"
5.71651357859005e-27,2.12276113811992,0.53,0.124,1.18337547590393e-22,"SAC3D1"
5.85062755355456e-27,3.0229316230598,0.431,0.044,1.21113840986133e-22,"C6orf226"
5.99567723930447e-27,2.77916556088211,0.431,0.044,1.24116514530842e-22,"KIAA0101"
6.1330009486385e-27,1.72303033402445,0.545,0.124,1.26959252637766e-22,"AMT"
6.29844495631451e-27,2.05174790859429,0.501,0.093,1.30384109040667e-22,"ACLY"
7.04944834871755e-27,1.59686686027719,0.554,0.128,1.45930630266802e-22,"NABP2"
7.47633546735382e-27,5.64726875775335,0.361,0,1.54767620509691e-22,"SSUH2"
7.64997918436923e-27,1.36089419303572,0.545,0.119,1.58362219095628e-22,"PARP10"
7.76497837742106e-27,3.18353435796267,0.386,0.013,1.60742817390993e-22,"NKD1"
7.77609882882278e-27,0.643240647104909,0.959,0.814,1.6097302185546e-22,"AURKAIP1"
8.02949007178723e-27,1.59529356776157,0.621,0.204,1.66218473976067e-22,"PCTP"
8.04295051649131e-27,0.978666699353201,0.844,0.504,1.66497118641887e-22,"MZT2A"
8.22883697387183e-27,0.414792361225617,1,0.991,1.70345154196121e-22,"RPS27A"
8.44134178339002e-27,0.832491950933308,0.882,0.624,1.74744216257957e-22,"PSMD8"
8.46418429609303e-27,2.02452639838915,0.532,0.115,1.75217079113422e-22,"MRPS27"
8.7995933087895e-27,2.41343006339967,0.45,0.058,1.82160381085251e-22,"EPDR1"
9.05596421876529e-27,-1.96241666963995,0.559,0.686,1.8746751529266e-22,"ACADVL"
9.24774530230417e-27,1.93270641199794,0.482,0.08,1.91437575502999e-22,"PRKAA2"
9.29700117570138e-27,1.38453655480489,0.618,0.19,1.92457221338194e-22,"EIF4EBP3"
9.67063960903973e-27,-2.50807394607203,0.461,0.646,2.00191910546731e-22,"FXYD1"
1.04028358371753e-26,0.840142795339019,0.957,0.752,2.15349104665366e-22,"SLC2A2"
1.05233088528259e-26,2.60173651476109,0.416,0.031,2.17843016562349e-22,"DHRS11"
1.0871627149089e-26,2.01168743221926,0.531,0.119,2.25053553613292e-22,"C15orf61"
1.12229867434551e-26,0.982722299919151,0.817,0.496,2.32327048576263e-22,"MRPL37"
1.22984046380239e-26,2.01108395664109,0.49,0.088,2.54589274411732e-22,"CDC27"
1.36638964244117e-26,1.48456169680233,0.615,0.195,2.82856319881746e-22,"PHF20L1"
1.45082983120404e-26,0.846443464213578,0.877,0.584,3.00336283357548e-22,"SSU72"
1.47618166980243e-26,1.05171931365551,0.829,0.518,3.05584367465801e-22,"GLO1"
1.70105536203693e-26,2.11273129681544,0.515,0.106,3.52135470495264e-22,"CCL16"
1.70642688491205e-26,1.60804110627645,0.559,0.133,3.53247429445643e-22,"ARMC6"
1.72092855394698e-26,1.98272307987374,0.544,0.137,3.56249419952564e-22,"CIAPIN1"
1.8785039265411e-26,1.24373130384006,0.704,0.301,3.88869097833274e-22,"OCEL1"
1.93216361577449e-26,1.70759956091174,0.528,0.111,3.99977190101478e-22,"GOSR1"
2.05598432073022e-26,3.3864561796924,0.389,0.022,4.25609314234362e-22,"CBR3"
2.10251795091774e-26,3.89424681819714,0.385,0.018,4.35242241019482e-22,"NOTUM"
2.12445198908213e-26,1.30002310020196,0.697,0.279,4.39782806259892e-22,"CSTA"
2.15722079756197e-26,1.66366600468716,0.621,0.204,4.46566277303303e-22,"MRPS2"
2.16367105052023e-26,3.84557278583248,0.391,0.022,4.47901544168193e-22,"FDXR"
2.40100054134463e-26,-3.49681272897401,0.076,0.279,4.97031122063751e-22,"GZMB"
2.43441194830945e-26,-3.43229588228602,0.082,0.292,5.03947617419539e-22,"NR4A2"
2.45965759309536e-26,2.9992975263028,0.427,0.044,5.0917371834667e-22,"C17orf75"
2.49482255248683e-26,5.636943491391,0.363,0.004,5.16453216590298e-22,"UBE2C"
2.49559201504071e-26,1.84103413154901,0.442,0.049,5.16612503033577e-22,"ENDOV"
2.68888994664388e-26,2.11151713925688,0.493,0.088,5.56627107854751e-22,"GEMIN6"
3.48231555766797e-26,1.21336586779885,0.697,0.288,7.20874143592846e-22,"PPM1G"
3.58727056490292e-26,1.5548725008082,0.677,0.261,7.42600879640554e-22,"TUBA1C"
3.64820073799733e-26,-3.58016061167165,0.074,0.274,7.55214034772827e-22,"SLC2A3"
3.69313100984692e-26,2.12971549225184,0.482,0.08,7.6451505034841e-22,"SDAD1"
3.75473694545145e-26,1.22957107611905,0.738,0.354,7.77268095077905e-22,"MRPL11"
3.8690174069231e-26,1.40495719727465,0.588,0.177,8.00925293407152e-22,"PRKDC"
3.89982702923152e-26,0.968936648814778,0.855,0.549,8.07303193321217e-22,"VDAC2"
3.91507741959904e-26,3.71092815134473,0.375,0.013,8.10460176631197e-22,"TOP2A"
3.95952291875626e-26,1.29931588599016,0.664,0.248,8.19660839411733e-22,"ATG3"
4.08110699852868e-26,1.72485445676481,0.542,0.137,8.44829959765421e-22,"SLC52A2"
4.16657579721968e-26,1.32819799523086,0.69,0.292,8.62522855782445e-22,"NDUFA9"
4.17375857255606e-26,1.36194657273841,0.644,0.212,8.6400976210483e-22,"SWI5"
4.38300662411127e-26,1.95345297439202,0.512,0.106,9.07326201257275e-22,"CECR5"
4.70715210439564e-26,1.9541153894682,0.46,0.066,9.74427557130941e-22,"TMEM161B-AS1"
4.99994435436337e-26,4.52293800030554,0.387,0.022,1.03503848079676e-21,"CCNB1"
5.20169803266752e-26,1.06215534613694,0.811,0.46,1.0768035097425e-21,"PPP1CC"
5.31952436461503e-26,1.38121345630618,0.52,0.106,1.10119473871896e-21,"CDKN2AIPNL"
5.56293666055831e-26,1.08563492137489,0.778,0.398,1.15158351810218e-21,"ILF2"
5.58150003474044e-26,1.03028519448608,0.808,0.46,1.15542632219162e-21,"CISD2"
5.58525892871614e-26,1.23921279152923,0.705,0.332,1.15620445083353e-21,"RAD21"
6.51934611922999e-26,1.08380554105681,0.784,0.456,1.3495698401418e-21,"MRPS26"
6.58790382254417e-26,5.61247407867608,0.351,0,1.36376197030487e-21,"GAGE13"
7.42345216367807e-26,1.54562227686139,0.493,0.088,1.536728832403e-21,"NKIRAS2"
7.4423132451034e-26,1.27060764820153,0.569,0.15,1.54063326486886e-21,"RAD50"
7.75910207963706e-26,1.49274703843949,0.572,0.15,1.60621172150567e-21,"RPUSD3"
8.08161047993071e-26,-1.38964048647839,0.734,0.827,1.67297418545046e-21,"PNRC1"
8.34310077783692e-26,1.23608102380774,0.67,0.257,1.72710529202002e-21,"MRPS25"
8.38193532909224e-26,-1.95291742504637,0.445,0.633,1.73514443247538e-21,"YPEL5"
8.95493926737223e-26,1.75502575692838,0.536,0.128,1.85376197773873e-21,"RP11-140K17.3"
9.035998693125e-26,4.00278143334904,0.379,0.018,1.87054208946381e-21,"PRRT3-AS1"
9.21941855865576e-26,4.16298434110486,0.377,0.018,1.90851183582733e-21,"RNF43"
9.26945494701001e-26,1.82084659132403,0.504,0.097,1.91886986858054e-21,"TMUB2"
9.37246559659245e-26,2.17435186582119,0.448,0.058,1.9401941031506e-21,"C12orf73"
9.40314223554051e-26,5.39947890497421,0.363,0.009,1.94654447417924e-21,"CDC20"
1.01185292127964e-25,-2.28613598150985,0.468,0.628,2.09463673234098e-21,"CLDN1"
1.0168763372691e-25,1.57535758081515,0.59,0.173,2.10503570578077e-21,"ECHDC1"
1.01796186993565e-25,1.29799909061509,0.621,0.195,2.1072828669538e-21,"MRPS17"
1.0635107298468e-25,3.78595630910509,0.366,0.009,2.20157356185586e-21,"KCCAT211"
1.12118143389907e-25,-2.52360248684887,0.297,0.527,2.32095768631447e-21,"LMBRD1"
1.18280788713401e-25,-3.52285765473302,0.073,0.27,2.4485306071561e-21,"AGPAT5"
1.22775475899363e-25,1.26328402790341,0.709,0.301,2.54157512659271e-21,"LACTB2"
1.26845386996707e-25,1.09813747822093,0.727,0.345,2.62582635621882e-21,"POLR1D"
1.27120840083346e-25,-1.70408154641026,0.764,0.805,2.63152851056535e-21,"HSPA1B"
1.56384740518665e-25,1.27914299157703,0.654,0.243,3.23732051347688e-21,"NASP"
1.58631443459665e-25,1.64694694794662,0.626,0.217,3.28382951105853e-21,"HIST1H2AC"
1.61104114270035e-25,1.39498566189046,0.631,0.226,3.33501626950399e-21,"NUDT2"
1.65954397598344e-25,1.29540317041972,0.6,0.19,3.43542198468332e-21,"BECN1"
1.92020448342959e-25,-1.93322471937883,0.535,0.681,3.97501530114759e-21,"COL18A1"
1.96111149058707e-25,2.48561374952586,0.438,0.058,4.0596968966643e-21,"GNPDA1"
2.1679054053163e-25,2.35580586484463,0.47,0.084,4.48778097954527e-21,"HMBS"
2.1754362105067e-25,1.20776472919103,0.657,0.248,4.50337049936992e-21,"PIGP"
2.18390989191036e-25,-1.32555004289309,0.698,0.792,4.52091186724364e-21,"C18orf32"
2.29682403624726e-25,0.966787749565498,0.837,0.518,4.75465543743545e-21,"DNAJC19"
2.36952027504664e-25,2.78130167540857,0.395,0.027,4.90514392137406e-21,"GGT1"
2.44754337489789e-25,0.889321761111303,0.741,0.385,5.06665954037613e-21,"EIF4A3"
2.75696322584333e-25,1.53439864975608,0.552,0.146,5.70718957381828e-21,"CNP"
2.77590117250769e-25,1.60747851863655,0.566,0.15,5.74639301720817e-21,"LINC00261"
3.12280838031141e-25,-1.0941761362526,0.788,0.819,6.46452562808265e-21,"LAMP1"
3.2107227570058e-25,2.72383210511768,0.413,0.04,6.6465171792777e-21,"METTL2A"
3.37360206123694e-25,1.3014060276664,0.616,0.212,6.98369362696658e-21,"BOD1"
3.44928547928146e-25,1.22208215729884,0.696,0.332,7.14036587066056e-21,"SYBU"
3.59086209210895e-25,1.47325350807695,0.555,0.15,7.43344361687475e-21,"SPOP"
3.6000938777274e-25,2.00547983854814,0.453,0.066,7.45255433628349e-21,"PNPO"
3.80012563141127e-25,-1.10218235907464,0.895,0.907,7.86664006958447e-21,"HSP90B1"
3.96717132495173e-25,0.393907513257839,1,0.947,8.21244135978259e-21,"COX4I1"
4.36312385898412e-25,-2.86192728771319,0.213,0.447,9.03210270048303e-21,"EPAS1"
4.41279973271867e-25,1.87265621040191,0.488,0.093,9.13493672670093e-21,"KAT2A"
4.42192937548043e-25,1.2387066263647,0.61,0.19,9.15383600018203e-21,"EFR3A"
5.00911320371779e-25,2.19128418630525,0.478,0.088,1.03693652430162e-20,"CHCHD4"
5.33211545154234e-25,0.866568275969073,0.881,0.588,1.10380121962378e-20,"ATP5F1"
5.46796557821193e-25,0.940511758179874,0.798,0.46,1.13192355434565e-20,"RAD23A"
5.67583476528717e-25,0.764077044513323,0.942,0.704,1.1749545547621e-20,"SLIRP"
5.77641864418294e-25,3.57086827832383,0.384,0.027,1.19577642353231e-20,"WDR4"
5.95603709502599e-25,0.962078861967868,0.828,0.465,1.23295923904133e-20,"CISD1"
5.99176139509582e-25,1.16365831035162,0.736,0.389,1.24035452639879e-20,"DDAH2"
6.21331707576875e-25,1.12161775726472,0.628,0.212,1.28621876785489e-20,"PRMT1"
6.39083186590649e-25,1.47094123890249,0.493,0.097,1.3229661045613e-20,"IMPA1"
6.39921728377947e-25,1.50326485653244,0.58,0.173,1.32470196991519e-20,"ITGB3BP"
6.4733400402258e-25,1.58079846624816,0.553,0.15,1.34004612172714e-20,"HGS"
7.51501694724394e-25,1.00053272616066,0.781,0.429,1.55568365824897e-20,"RNF7"
7.62450482233272e-25,2.16411303511746,0.457,0.08,1.5783487432711e-20,"SLC41A3"
7.64064104324511e-25,2.28898808221428,0.445,0.066,1.58168910236217e-20,"SUPT6H"
7.67339933766064e-25,1.20190825811615,0.712,0.327,1.58847039688913e-20,"RPF2"
8.14373238158773e-25,2.82990208310012,0.405,0.04,1.68583404031248e-20,"CCDC51"
8.77644584032995e-25,-3.59607559417144,0.07,0.261,1.8168120534067e-20,"GPC6"
9.02664764083299e-25,1.83799346544978,0.462,0.08,1.86860632812884e-20,"ATAD3A"
9.15230126033666e-25,2.210489743964,0.509,0.119,1.89461788390229e-20,"CSE1L"
9.92781719174794e-25,-2.80139093936037,0.203,0.438,2.05515743686374e-20,"LTBP3"
9.99246455932543e-25,2.18347081754104,0.448,0.071,2.06854008842596e-20,"PNO1"
1.00394207003415e-24,0.517456532412575,0.99,0.907,2.0782604791777e-20,"HSPD1"
1.01519474092416e-24,1.23144765380601,0.706,0.305,2.10155463318711e-20,"AOX1"
1.07192230545939e-24,1.01362550562015,0.688,0.274,2.21898636453149e-20,"RCN1"
1.09096108815111e-24,1.37933576489568,0.637,0.248,2.2583985485816e-20,"PEF1"
1.09786692261838e-24,1.62040219483012,0.503,0.102,2.27269431651231e-20,"PRR7"
1.10644850542444e-24,0.834094262885705,0.803,0.473,2.29045905107914e-20,"AUP1"
1.19018050001194e-24,0.792858604410889,0.896,0.646,2.46379265307472e-20,"HSD17B10"
1.24546198664775e-24,1.7547793477865,0.523,0.133,2.57823085855951e-20,"YARS"
1.25168763659499e-24,1.17412672966601,0.714,0.314,2.59111857651528e-20,"RTFDC1"
1.26603978135847e-24,0.869491084547823,0.835,0.566,2.62082895139017e-20,"MRPS34"
1.2741572054673e-24,4.70651597970623,0.357,0.013,2.63763283103785e-20,"CENPH"
1.27972776597636e-24,0.908455237769097,0.872,0.606,2.64916444834766e-20,"TMEM14C"
1.31760761777e-24,1.24833780762143,0.626,0.221,2.72757952954567e-20,"MED10"
1.44862107401382e-24,2.35305031873444,0.437,0.062,2.99879048531602e-20,"SLC39A11"
1.48599019048904e-24,1.82671608324128,0.393,0.035,3.07614829333136e-20,"TYMS"
1.48666507409037e-24,1.66063729763861,0.532,0.128,3.07754536987447e-20,"ZSCAN31"
1.50249805034514e-24,0.873702271241331,0.863,0.544,3.11032121401947e-20,"HTATIP2"
1.53355269394861e-24,3.34157081670345,0.386,0.031,3.17460743174302e-20,"NME6"
1.59259284075988e-24,0.636609816803641,0.992,0.889,3.29682643965702e-20,"NUPR1"
1.84562023252455e-24,1.22961215782072,0.658,0.274,3.82061844334906e-20,"PDHB"
1.99941615241133e-24,1.13667287802804,0.647,0.261,4.1389913771067e-20,"ERI3"
2.03904144603111e-24,1.22619417746692,0.647,0.243,4.22101969742899e-20,"NIFK"
2.14174386613955e-24,3.27657980571959,0.359,0.013,4.43362397729548e-20,"SP5"
2.20499251782605e-24,-1.26515483327689,0.74,0.801,4.5645550111517e-20,"TFPI"
2.31533137494678e-24,2.70798986207541,0.389,0.031,4.79296747927733e-20,"KLHDC8B"
2.32066838877319e-24,1.7917361546632,0.491,0.097,4.80401563159937e-20,"RRP1"
2.35847789463376e-24,0.830930234355137,0.842,0.549,4.88228508968135e-20,"EIF3M"
2.38022658178719e-24,0.768412633063646,0.892,0.668,4.92730704695767e-20,"OCIAD2"
2.46589365574186e-24,1.56434547834706,0.624,0.23,5.10464645675123e-20,"CPSF3L"
2.58104813105247e-24,1.08440428284134,0.678,0.279,5.34302773609171e-20,"CUEDC2"
2.60800025300772e-24,1.87358615317836,0.492,0.102,5.39882132375128e-20,"MRPL38"
2.63931560205558e-24,1.2478022507973,0.675,0.274,5.46364722781526e-20,"MMAB"
2.66271341581327e-24,0.786523244785408,0.794,0.429,5.51208304207504e-20,"TMEM70"
2.6756203632005e-24,3.90422713256545,0.35,0.009,5.53880171386136e-20,"CNTNAP2"
2.76208600607654e-24,0.805516294353657,0.893,0.637,5.71779424117903e-20,"BCAP31"
2.86370349409437e-24,2.58393009196616,0.404,0.044,5.92815260312475e-20,"HABP4"
2.87433960534998e-24,0.72336888239491,0.899,0.619,5.950170417035e-20,"FKBP1A"
2.92399757286432e-24,4.30045263050893,0.354,0.013,6.05296737558643e-20,"DHRS13"
3.05274332917519e-24,1.44646505275691,0.534,0.142,6.31948396572555e-20,"SLC35C2"
3.28023210198989e-24,1.17967050387688,0.67,0.274,6.79040847432927e-20,"OSER1"
3.41683606742486e-24,-1.10628876358987,0.996,0.973,7.07319234317621e-20,"IL32"
3.5250156782631e-24,1.0621267107159,0.79,0.46,7.29713495557244e-20,"EIF3J"
3.59808654129078e-24,-1.78211878698749,0.571,0.673,7.44839894912605e-20,"SAT2"
3.65304854463971e-24,2.16262103110447,0.427,0.058,7.56217579225865e-20,"B9D1"
3.74559163607909e-24,1.36119344023876,0.569,0.159,7.75374924584732e-20,"TBRG4"
3.84475331837816e-24,2.27973912908869,0.468,0.093,7.95902384437463e-20,"ST3GAL4"
4.1349679848082e-24,5.61094024340103,0.332,0,8.55979722535146e-20,"DKK4"
4.30902665373009e-24,2.26346135345856,0.446,0.071,8.92011607588665e-20,"TIPARP-AS1"
4.4176356019327e-24,1.07897468070028,0.727,0.381,9.14494745956089e-20,"GLYCTK"
4.56569293836625e-24,1.36760556458134,0.545,0.146,9.45144095171196e-20,"ACTL6A"
4.58076279956611e-24,1.17574642194621,0.753,0.358,9.4826370713818e-20,"RAB8A"
4.68493212788786e-24,0.519412319109029,0.923,0.735,9.69827799794066e-20,"DDX5"
4.77752508126562e-24,-2.39414447112121,0.31,0.527,9.88995467072796e-20,"ACADS"
4.96694615608584e-24,1.02495533875596,0.775,0.442,1.02820752377133e-19,"NELFE"
5.01053409317443e-24,1.25015952501084,0.636,0.226,1.03723066262804e-19,"QARS"
5.77361417026556e-24,1.04013231775136,0.617,0.208,1.19519586938667e-19,"CHMP4A"
5.97436048356667e-24,2.07061606383366,0.392,0.035,1.23675236370314e-19,"DCAKD"
6.14564032772504e-24,5.46903188781749,0.33,0,1.27220900424236e-19,"GAGE2A"
6.78623254386089e-24,1.36004038137838,0.593,0.177,1.40481799890464e-19,"MRPS30"
7.06899788489637e-24,2.60616864804309,0.362,0.018,1.4633532521524e-19,"B3GNTL1"
7.11437291584404e-24,1.01456362676036,0.704,0.314,1.47274633730888e-19,"PDHA1"
7.46191143217795e-24,4.49255745308068,0.355,0.018,1.54469028557516e-19,"ZWINT"
7.49555643674822e-24,1.65287145898266,0.63,0.261,1.55165513797125e-19,"GPAM"
7.82084604139937e-24,-1.28894870411713,0.832,0.81,1.61899333903008e-19,"HRSP12"
8.06958488830397e-24,3.09374108355437,0.404,0.049,1.6704847677278e-19,"NINJ2"
8.61130708819087e-24,4.25732006568254,0.36,0.022,1.78262668032639e-19,"MAD2L1"
9.39764605089504e-24,0.794106659788811,0.873,0.611,1.94540670899578e-19,"NDUFS8"
9.41163605215308e-24,0.683668175098837,0.885,0.602,1.94830277915621e-19,"MORF4L1"
1.02248456417267e-23,-1.60911826853238,0.627,0.708,2.11664529629384e-19,"HADHB"
1.14070117873529e-23,1.41757713375328,0.551,0.146,2.36136551009993e-19,"LSM12"
1.15402575894481e-23,1.12607540415368,0.63,0.235,2.38894872359166e-19,"PDCD2"
1.23458594014318e-23,1.3204550749761,0.614,0.208,2.55571635469039e-19,"ZNF511"
1.27909629871588e-23,-3.03882784511632,0.155,0.381,2.64785724797173e-19,"KLRB1"
1.31179539616319e-23,-3.26428904426162,0.319,0.531,2.71554764959742e-19,"CPS1"
1.31581633254787e-23,1.09037235020212,0.783,0.429,2.72387139000735e-19,"SARS"
1.31673476614031e-23,1.50503974544595,0.493,0.102,2.72577263938706e-19,"CWC25"
1.33460025791735e-23,1.93123385915361,0.491,0.111,2.76275599391471e-19,"LIPC"
1.34990980817296e-23,2.11289300892887,0.449,0.08,2.79444829389885e-19,"SLC25A38"
1.49366577023208e-23,3.35892946574359,0.358,0.018,3.09203751095742e-19,"SLC28A1"
1.57271443104208e-23,-1.19630435414054,0.676,0.761,3.25567614370021e-19,"APLP2"
1.63165244522835e-23,0.432154316269058,0.916,0.73,3.37768372686721e-19,"HLA-DPA1"
1.75505709780794e-23,0.944592242212069,0.866,0.553,3.63314369817221e-19,"LSM3"
1.85526377691505e-23,-3.27254584270857,0.071,0.257,3.84058154459184e-19,"PALMD"
1.96638157400038e-23,1.96870722354542,0.502,0.133,4.07060649633818e-19,"MCM7"
2.10178395946709e-23,0.694040144320211,0.526,0.128,4.35090297449282e-19,"SOX4"
2.16276286364598e-23,1.25709334614748,0.592,0.186,4.47713540403355e-19,"GRB2"
2.18476126838069e-23,-3.58455878712095,0.069,0.252,4.52267430167487e-19,"PCOLCE"
2.22398691073124e-23,-3.40418926111459,0.168,0.389,4.60387530390474e-19,"ARL5B"
2.3133048901981e-23,0.783163895092918,0.891,0.628,4.78877245319908e-19,"HSBP1"
2.33885014547911e-23,1.18191448086995,0.692,0.301,4.8416536861563e-19,"THUMPD3-AS1"
2.33905456791197e-23,1.51733128055921,0.526,0.137,4.84207686103457e-19,"COIL"
2.37072728125309e-23,1.79490825289665,0.514,0.128,4.90764254492201e-19,"PAK1IP1"
2.43200948661918e-23,2.90047702351268,0.354,0.018,5.03450283825037e-19,"WLS"
2.44592178519685e-23,0.326417941444824,1,0.996,5.063302687536e-19,"RPS9"
2.46935334210118e-23,-3.49486526389582,0.083,0.274,5.11180835348365e-19,"EGFR"
2.52185327999469e-23,1.2661201107264,0.686,0.332,5.22048847491701e-19,"CLTC"
2.64335703791337e-23,1.54518225501761,0.564,0.164,5.47201340418446e-19,"SNRPA"
2.779442354026e-23,1.4340062817245,0.483,0.097,5.75372361706921e-19,"COLGALT1"
2.91723805442674e-23,1.63275796473165,0.574,0.186,6.03897449646879e-19,"WDR61"
3.00333935356814e-23,1.65438409653755,0.51,0.119,6.21721279582141e-19,"LLNLR-245B6.1"
3.1431576588801e-23,1.70724358836404,0.461,0.084,6.50665066964769e-19,"PPIL1"
3.2168963791875e-23,-1.46955906200527,0.652,0.761,6.65929719455604e-19,"TSC22D3"
3.34763668382672e-23,1.96232360244383,0.402,0.049,6.92994269918968e-19,"GHDC"
3.37531432171832e-23,-1.10606248432339,0.818,0.832,6.9872381773891e-19,"F12"
3.3822237242777e-23,5.03303129318941,0.329,0.004,7.00154133162727e-19,"TMEM52B"
3.73188924216754e-23,1.10480319980277,0.723,0.385,7.72538392021103e-19,"CPNE3"
3.7909043251844e-23,1.60692114389177,0.55,0.159,7.84755104356423e-19,"DKC1"
3.87386417451186e-23,0.973183370015541,0.723,0.345,8.01928622765699e-19,"NSMCE1"
3.95806819941926e-23,1.59685319059656,0.548,0.164,8.19359697961781e-19,"RBMX2"
4.47848366328008e-23,2.60123009794001,0.408,0.053,9.27090903135609e-19,"METAP1"
4.52080817066065e-23,-3.37071850031346,0.094,0.292,9.3585249940846e-19,"RND3"
5.03077276601268e-23,-2.66789479767214,0.164,0.389,1.04142027029228e-18,"NSUN6"
5.10807872835369e-23,2.78332829121686,0.372,0.031,1.0574233775565e-18,"CD3EAP"
5.12912065824389e-23,1.17931528406766,0.558,0.164,1.06177926746307e-18,"GLT8D1"
5.1699500008265e-23,0.998133883494108,0.775,0.403,1.07023134967109e-18,"MRPL47"
5.37396044151579e-23,1.08260853764307,0.705,0.336,1.11246355099818e-18,"APEX1"
5.43593356234434e-23,-3.08324804306842,0.179,0.398,1.1252926067409e-18,"CDH1"
5.81041998584025e-23,1.48347152751248,0.574,0.181,1.20281504126879e-18,"SNHG19"
5.88545190537746e-23,3.05875834960293,0.366,0.027,1.21834739893219e-18,"LYNX1"
5.93295022460473e-23,0.672140396181373,0.921,0.668,1.22818002599543e-18,"TUFM"
6.01185665715251e-23,-1.87180222151234,0.653,0.757,1.24451444659714e-18,"ATP1B1"
6.14745008934839e-23,1.87809545930143,0.465,0.093,1.27258364299601e-18,"KIAA1429"
6.27905504206448e-23,1.65268630011903,0.587,0.212,1.29982718425777e-18,"ITGB1BP1"
6.56149348719996e-23,0.7964217892631,0.89,0.602,1.35829476678526e-18,"MINOS1"
7.13504674230241e-23,1.01009382005682,0.676,0.292,1.47702602612402e-18,"C7orf55"
7.26908556289232e-23,1.61855849103576,0.466,0.097,1.50477340237434e-18,"THOC3"
7.45458821464386e-23,1.32678028492039,0.506,0.119,1.54317430631342e-18,"CDK5RAP2"
7.46035206821043e-23,1.27433820899097,0.652,0.265,1.54436748164024e-18,"PDCD10"
7.68751694839981e-23,-3.12581246842186,0.097,0.296,1.59139288348825e-18,"SLC7A2"
7.68798105657574e-23,1.56994057890111,0.544,0.155,1.59148895852174e-18,"SFXN4"
8.23078761268743e-23,1.20964165015355,0.68,0.296,1.70385534370242e-18,"CYB5B"
8.2923180927115e-23,1.72695225552164,0.449,0.084,1.71659276837221e-18,"RHOT1"
8.92582147667038e-23,1.98745966011173,0.351,0.018,1.84773430388554e-18,"MAGEH1"
8.93322097173264e-23,1.8813408667948,0.478,0.106,1.84926607335837e-18,"AKAP1"
9.02781271096034e-23,2.34426285899529,0.429,0.071,1.8688475092959e-18,"MVK"
9.28220047386357e-23,1.18507458664241,0.696,0.31,1.9215083200945e-18,"PDAP1"
9.41405020103062e-23,1.81868736513202,0.487,0.115,1.94880253211535e-18,"UGT1A1"
9.48820425664875e-23,5.72742337253159,0.316,0,1.96415316316886e-18,"GSTA3"
9.53728980800696e-23,0.657758296135114,0.931,0.712,1.97431436315552e-18,"SF3B5"
9.73935274272936e-23,-0.956144101155285,0.845,0.832,2.0161434112724e-18,"CTSB"
1.02284338838712e-22,1.29315057348759,0.623,0.226,2.11738809830018e-18,"RP11-792A8.4"
1.02948867749361e-22,1.29199078021062,0.482,0.106,2.13114451127951e-18,"PDLIM3"
1.03749399162685e-22,1.68599621118953,0.53,0.155,2.14771631206674e-18,"ROBO1"
1.10044685512462e-22,1.19720278160504,0.6,0.204,2.27803503479347e-18,"PDK2"
1.11069478845099e-22,-0.89041394082882,0.899,0.885,2.29924928157239e-18,"PLG"
1.15294522898373e-22,0.436801722936552,0.99,0.92,2.38671191851923e-18,"CFL1"
1.19007714881608e-22,0.898780058143535,0.781,0.469,2.46357870576416e-18,"HAX1"
1.20238667487001e-22,1.30807188429831,0.477,0.102,2.48906065564841e-18,"MTMR14"
1.21490017901132e-22,1.3236549855586,0.549,0.164,2.51496486057134e-18,"IMMP1L"
1.22417058137027e-22,1.63645784912095,0.485,0.102,2.5341555204946e-18,"REXO4"
1.3311021048926e-22,-0.819538872342264,0.994,0.965,2.75551446733817e-18,"HSP90AA1"
1.3599601288944e-22,0.755556759719546,0.762,0.381,2.81525346282429e-18,"RP11-108M9.4"
1.44976422702057e-22,1.29766536988042,0.573,0.173,3.00115692635527e-18,"RNASE1"
1.62368249260403e-22,3.25006560902861,0.371,0.035,3.36118512793961e-18,"CTBP1-AS2"
1.70524232947282e-22,3.31642178540713,0.33,0.009,3.53002214624169e-18,"CDHR2"
1.72634394159273e-22,1.00485872335191,0.773,0.456,3.57370459349111e-18,"AKR7A2"
1.74013287795753e-22,0.974932829479199,0.771,0.429,3.60224907065987e-18,"SRA1"
1.83006303506918e-22,2.05382029035754,0.441,0.084,3.7884134888967e-18,"LAS1L"
2.0360912536974e-22,-2.02413126921192,0.63,0.699,4.21491250427898e-18,"IER2"
2.18665828876754e-22,2.47063040471404,0.374,0.035,4.52660132357769e-18,"STEAP2"
2.31540039728312e-22,1.4193745784295,0.646,0.279,4.79311036241579e-18,"TDP2"
2.40217686110907e-22,1.84591040688761,0.461,0.093,4.97274632018188e-18,"EIF2B1"
2.47403212272555e-22,-3.33019675205864,0.085,0.274,5.12149389725415e-18,"SHBG"
2.68743822375282e-22,0.86794848622357,0.843,0.553,5.56326586699071e-18,"SULT1A1"
2.8553351474228e-22,1.19609440239808,0.461,0.088,5.91082928867994e-18,"AP006621.5"
2.87721649184624e-22,0.803570025303729,0.876,0.606,5.95612585977091e-18,"MRPL57"
2.97898660184926e-22,-2.90558345173119,0.14,0.354,6.16680016448815e-18,"PBLD"
3.06200359781392e-22,1.52305711450225,0.425,0.066,6.3386536478346e-18,"CANT1"
3.16486711594267e-22,3.93262429853597,0.327,0.009,6.55159141671292e-18,"HRASLS2"
3.21609529419336e-22,0.99034590564889,0.73,0.376,6.65763886850967e-18,"TOMM40"
3.34578938666433e-22,0.988068718006802,0.733,0.358,6.92611860933383e-18,"NUDT16"
3.40345853187312e-22,1.45362948684295,0.551,0.177,7.04549950683055e-18,"ENOPH1"
3.42904405736071e-22,1.08019497357591,0.702,0.301,7.09846410314241e-18,"AFMID"
3.43638713451057e-22,1.48892744752141,0.557,0.173,7.11366500715033e-18,"HSPBP1"
3.4405526653955e-22,1.48192710918721,0.527,0.146,7.12228807263522e-18,"WDR46"
3.4502252132089e-22,1.1150213310997,0.66,0.274,7.14231121386374e-18,"LUC7L3"
3.55198277913826e-22,1.4779409354784,0.513,0.133,7.35295955109411e-18,"PLRG1"
3.75545238449298e-22,-1.60810775157992,0.67,0.739,7.77416198113891e-18,"TYMP"
3.88692348461552e-22,0.987105941018231,0.741,0.363,8.04632030550258e-18,"FAM32A"
3.88914047090248e-22,-3.07710584201884,0.209,0.425,8.05090968881523e-18,"TSPAN13"
3.94137951054845e-22,1.78829023956928,0.428,0.071,8.15904972478635e-18,"DIMT1"
4.14397806026556e-22,4.90664017297372,0.316,0.004,8.57844898255573e-18,"TMEM92"
4.22028902016885e-22,1.58687156276019,0.535,0.164,8.73642030065153e-18,"PLA1A"
4.31168835452137e-22,-1.61553131901027,0.785,0.805,8.92562606269469e-18,"HERPUD1"
4.48390113874678e-22,1.62159975089938,0.525,0.146,9.28212374731971e-18,"TMEM11"
4.60174923747524e-22,1.90932901740703,0.471,0.106,9.5260810964975e-18,"FARSB"
4.69311588076159e-22,-2.11581874958634,0.365,0.571,9.71521918476457e-18,"EIF5AL1"
4.86832218180089e-22,2.30654436880151,0.393,0.049,1.0077913748546e-17,"DUSP14"
5.12597100041217e-22,2.34561514325673,0.423,0.075,1.06112725679532e-17,"RPP40"
5.13838819452617e-22,1.90089929726499,0.46,0.093,1.06369774014886e-17,"UBIAD1"
5.17636870255402e-22,1.63971074176633,0.467,0.097,1.07156008511571e-17,"ZDHHC4"
5.62459687966739e-22,1.34172372825725,0.558,0.177,1.16434780005995e-17,"NKAP"
5.86198131978359e-22,2.39169953740871,0.424,0.08,1.2134887530084e-17,"RFC4"
5.93914323854723e-22,0.958147629029361,0.674,0.279,1.22946204181166e-17,"RUVBL2"
6.07073184268518e-22,0.811360868724727,0.828,0.518,1.25670219875426e-17,"ATP6V1F"
6.23261557873327e-22,-1.05615150333338,0.773,0.814,1.29021375095357e-17,"CYP3A5"
6.29108496835295e-22,-3.2008223174704,0.118,0.323,1.30231749929875e-17,"CROT"
6.30822050895769e-22,1.02720012069288,0.765,0.403,1.30586472755933e-17,"EIF2S3"
6.36002243057527e-22,1.26521858210992,0.582,0.204,1.31658824335339e-17,"GNPAT"
6.39181212947516e-22,1.38047782442907,0.547,0.164,1.32316902892265e-17,"GPANK1"
6.41235353140856e-22,-2.69102470845044,0.326,0.527,1.32742130453688e-17,"SPP2"
6.98098745032701e-22,1.26955251498202,0.664,0.274,1.44513421209219e-17,"MED8"
7.09776658984953e-22,1.78019911296804,0.487,0.124,1.46930866176475e-17,"SUZ12"
7.42523694505823e-22,1.51789214283158,0.49,0.111,1.5370982999965e-17,"DLGAP1-AS1"
8.16528935948822e-22,2.69824526724602,0.364,0.035,1.69029655030766e-17,"TCEB3-AS1"
8.56679023670907e-22,1.22348955278538,0.622,0.243,1.77341124690115e-17,"SLC39A3"
9.09933941330848e-22,1.1368340095582,0.667,0.301,1.88365425194899e-17,"IMP3"
9.22442175280527e-22,1.21448550891395,0.652,0.27,1.90954754704822e-17,"DCPS"
9.266657665529e-22,1.21878956923655,0.638,0.27,1.91829080334116e-17,"SNAP29"
1.10437465911975e-21,0.819618333928099,0.848,0.544,2.28616598184379e-17,"EIF3L"
1.14753323084552e-21,-3.12255930119111,0.106,0.305,2.37550854117331e-17,"CPE"
1.16922844290488e-21,2.33785198896356,0.394,0.053,2.42041979965739e-17,"RBM15B"
1.19254706999667e-21,0.744645468293773,0.866,0.544,2.46869168960011e-17,"UGDH"
1.1954593970775e-21,2.39133426644655,0.408,0.066,2.47472049789014e-17,"CHCHD6"
1.27302267995849e-21,1.78246472560071,0.428,0.075,2.63528424978207e-17,"AKIP1"
1.29399443217597e-21,0.804640265034607,0.822,0.504,2.67869787404747e-17,"MRPL33"
1.32204982025797e-21,2.2677147879416,0.377,0.044,2.73677533291601e-17,"WIPI1"
1.34211374352982e-21,1.50302291253629,0.495,0.128,2.77830966048108e-17,"KNOP1"
1.3722537230788e-21,2.63229549390363,0.337,0.018,2.84070243214542e-17,"G6PC3"
1.44394989876056e-21,1.01404508734039,0.629,0.239,2.98912068542423e-17,"B3GAT3"
1.48569018188644e-21,1.53843827032186,0.431,0.075,3.07552724552312e-17,"C2orf82"
1.51186695855407e-21,1.35784616308969,0.521,0.146,3.12971579090279e-17,"ADPRHL2"
1.56925622883901e-21,1.2281168810898,0.527,0.142,3.24851731931963e-17,"SDCCAG8"
1.59770250574776e-21,0.782942475016979,0.873,0.637,3.30740395714843e-17,"ATP5A1"
1.67511492602576e-21,1.42528525011958,0.517,0.142,3.46765540836593e-17,"SMARCC1"
1.74186938386326e-21,0.874344622038724,0.677,0.292,3.60584381153534e-17,"EIF4E"
1.80873337900692e-21,3.537380387101,0.332,0.018,3.74425896788223e-17,"SLC25A19"
1.86565776922002e-21,-0.843817448422189,0.882,0.885,3.86209814806236e-17,"FKBP2"
1.86831299605087e-21,-1.14920592792839,0.784,0.792,3.86759473312491e-17,"VAMP5"
1.87678005783745e-21,1.17355563302497,0.643,0.27,3.8851223977293e-17,"CDK4"
1.99807704150591e-21,1.06204095022302,0.669,0.31,4.13621928362139e-17,"GPRC5C"
2.12151906950333e-21,-1.3458450667557,0.695,0.73,4.39175662577885e-17,"CD164"
2.14261369885371e-21,1.11171845106743,0.684,0.314,4.43542461799707e-17,"POLD2"
2.26803418257637e-21,0.589064581021774,0.862,0.487,4.69505756135133e-17,"TSPAN8"
2.45928862368429e-21,1.35491648167397,0.503,0.128,5.09097337988885e-17,"NBN"
2.46417657787246e-21,1.48054965014949,0.576,0.199,5.10109193385377e-17,"PHF5A"
2.5595954306998e-21,1.4192024290944,0.458,0.102,5.29861850109166e-17,"NUDT9"
2.66070111716029e-21,4.85190002009815,0.307,0.004,5.50791738263352e-17,"LINC00176"
2.69606646338156e-21,2.09713242779028,0.395,0.058,5.58112718584617e-17,"TMEM42"
2.72413648820081e-21,2.2015105147586,0.42,0.075,5.63923494422449e-17,"PDRG1"
2.76813415218498e-21,3.72926366356041,0.336,0.022,5.73031450843812e-17,"MPI"
2.77577108993338e-21,1.20335612261452,0.637,0.279,5.7461237332711e-17,"NFE2L1"
2.80329580505138e-21,1.5663749111754,0.483,0.115,5.80310264603687e-17,"UBE2Z"
2.98565459362856e-21,2.65916660790851,0.373,0.044,6.18060357427048e-17,"MESP1"
3.01291244175287e-21,1.08016734451041,0.557,0.168,6.23703004567261e-17,"REPIN1"
3.05317370682749e-21,1.16033184430978,0.59,0.212,6.32037489050359e-17,"EPB41L4A-AS1"
3.21430914867902e-21,-2.76021002650164,0.106,0.305,6.65394136868045e-17,"C6"
3.44321486475147e-21,-1.37238146607866,0.631,0.708,7.12779909152202e-17,"DAZAP2"
3.51449033755493e-21,3.16386172954437,0.316,0.009,7.27534644777245e-17,"YTHDF3-AS1"
3.54397284970018e-21,2.52036650784622,0.337,0.022,7.33637819616435e-17,"CCDC28B"
3.7331017784197e-21,3.02302954896645,0.345,0.027,7.72789399150663e-17,"KIF9"
3.79413742928389e-21,1.26327104778912,0.516,0.15,7.85424389236058e-17,"EPRS"
3.81358515031113e-21,0.776700822921071,0.869,0.611,7.89450261965907e-17,"EIF3G"
3.94152180834068e-21,1.47654636951246,0.442,0.093,8.15934429544604e-17,"SNX1"
3.9812742449382e-21,-1.39559116036378,0.755,0.801,8.24163581444657e-17,"APOA5"
3.9853773668849e-21,1.24619020845765,0.544,0.159,8.25012968718843e-17,"DHX30"
4.13805862553995e-21,1.26475647659641,0.575,0.186,8.56619516073026e-17,"TXNDC9"
4.1932721419996e-21,1.48926216768757,0.423,0.075,8.68049266115336e-17,"NUDCD1"
4.22261302833097e-21,2.59860584989251,0.335,0.022,8.74123122994794e-17,"HLA-DOB"
4.30403510481278e-21,-2.11490714395209,0.454,0.611,8.90978307047294e-17,"CTSS"
4.32555969806411e-21,-2.87915304442774,0.186,0.403,8.95434113096252e-17,"FXYD5"
4.33007573990045e-21,1.39772865251874,0.537,0.168,8.96368978916791e-17,"SCAMP2"
4.49320836056647e-21,3.12164209798246,0.345,0.031,9.30139062720864e-17,"UBE2T"
4.57196865244532e-21,2.00719848691932,0.394,0.058,9.46443230742706e-17,"FADS1"
4.87204476547607e-21,1.4927334432476,0.472,0.115,1.0085619869012e-16,"NSUN5"
4.87894377127764e-21,2.17791874565324,0.401,0.062,1.00999015009218e-16,"RSAD1"
5.02110253839202e-21,0.927807255641582,0.677,0.314,1.03941843647253e-16,"TRAPPC6A"
5.39124028904999e-21,1.13117492088649,0.63,0.261,1.11604065223624e-16,"TIMM50"
5.63036170840775e-21,1.08166810295302,0.695,0.341,1.16554117725749e-16,"ASNA1"
6.2595899460102e-21,1.31453542647374,0.526,0.15,1.29579771472357e-16,"EXOSC7"
6.36743456638811e-21,0.642230725672153,0.913,0.677,1.318122629588e-16,"RHOA"
6.55519417169647e-21,2.4134287965234,0.379,0.049,1.35699074548289e-16,"PYCRL"
6.63819083800169e-21,1.20337861202209,0.564,0.181,1.37417188537473e-16,"SNX10"
6.74437185354356e-21,0.846178299547006,0.814,0.522,1.39615241740205e-16,"TOMM22"
6.92051378128188e-21,1.15883225260505,0.644,0.261,1.43261555786316e-16,"SCOC"
7.15785510285597e-21,2.30124295065779,0.344,0.027,1.48174758484221e-16,"CTC-338M12.5"
7.19789850108843e-21,3.74523327188337,0.318,0.013,1.49003696871032e-16,"SLC16A4"
7.24358254611196e-21,1.24778627008162,0.636,0.274,1.49949402287064e-16,"CRTAP"
7.78658085647495e-21,1.1680156781185,0.64,0.252,1.61190010309888e-16,"SNX5"
7.97377548146713e-21,1.58233981367405,0.494,0.133,1.65065126241851e-16,"C21orf59"
8.41741522793887e-21,0.502033812615662,0.983,0.876,1.74248912633563e-16,"MPC2"
8.80659025295466e-21,1.62235563817629,0.455,0.102,1.82305224826414e-16,"COQ10A"
8.9547730270985e-21,0.988336107425459,0.728,0.381,1.85372756433966e-16,"PSMC2"
9.20007509186441e-21,1.51992349827298,0.453,0.097,1.90450754476685e-16,"YDJC"
9.31227206734182e-21,0.903884027738878,0.742,0.403,1.92773344066043e-16,"EIF2A"
9.3433109828578e-21,0.890354196149634,0.794,0.434,1.93415880656139e-16,"YWHAQ"
9.51673806865917e-21,1.76438118203439,0.424,0.08,1.97005994759314e-16,"CCDC43"
9.79194130467287e-21,0.838016331455944,0.627,0.248,2.02702976948033e-16,"ETHE1"
1.11018613896485e-20,1.43722099142412,0.416,0.071,2.29819632627114e-16,"FAM84B"
1.13526547400974e-20,1.03935480901903,0.647,0.274,2.35011305774757e-16,"EBAG9"
1.14240977344666e-20,2.14748095511469,0.338,0.027,2.36490247201194e-16,"CBX8"
1.15935174417798e-20,1.78849869311082,0.465,0.115,2.39997404562284e-16,"CDC42EP4"
1.17957937976978e-20,5.4153334588808,0.292,0,2.44184727406143e-16,"RP11-20G13.3"
1.23529839043451e-20,1.13345399954309,0.62,0.252,2.55719119803848e-16,"ZCCHC6"
1.24206533003595e-20,1.2788747811651,0.595,0.23,2.57119943970743e-16,"PMPCB"
1.32898693713251e-20,-1.70939924748093,0.515,0.655,2.751135858558e-16,"CCL4"
1.33212449575598e-20,1.21736054545122,0.582,0.204,2.75763091866446e-16,"SF3B4"
1.33479411966641e-20,1.52814574202153,0.457,0.106,2.76315730712143e-16,"RP11-119D9.1"
1.37056290637477e-20,1.21743139674299,0.603,0.221,2.83720227248641e-16,"PAFAH1B3"
1.37169944388814e-20,1.51475929910702,0.456,0.102,2.83955501879284e-16,"POLR3K"
1.39433313302728e-20,-2.02240250486924,0.38,0.553,2.88640901867977e-16,"SLC37A4"
1.40398145818383e-20,2.16968841988762,0.387,0.058,2.90638201658636e-16,"NUSAP1"
1.43014133203497e-20,1.03270200110504,0.64,0.261,2.96053557144559e-16,"ADCK3"
1.45380523768934e-20,-2.22670012804157,0.362,0.544,3.0095222225407e-16,"ACO1"
1.47884658459688e-20,0.888142246414051,0.795,0.451,3.061360314774e-16,"DNAJC8"
1.48403044475795e-20,-2.54370798790469,0.169,0.381,3.07209142369343e-16,"SLC10A1"
1.51736637419174e-20,1.35946814220055,0.514,0.146,3.14110013121433e-16,"GARS"
1.5269976834496e-20,1.10616880628647,0.613,0.239,3.16103790450902e-16,"RPP25L"
1.59052529846759e-20,0.863224667899231,0.809,0.504,3.29254642035776e-16,"PGAM1"
1.61915605245886e-20,0.710322199361475,0.828,0.553,3.35181494419508e-16,"NDUFS2"
1.65917827392794e-20,1.24280667410632,0.535,0.164,3.43466494485823e-16,"PTK2"
1.68534138698564e-20,1.63297001948423,0.371,0.044,3.48882520519897e-16,"CCDC88B"
1.73609342119095e-20,1.34663107125049,0.522,0.155,3.59388699120739e-16,"LARS"
1.87216468149282e-20,1.44954245178435,0.449,0.097,3.87556810715828e-16,"MIIP"
1.96762353838472e-20,3.02276484676626,0.323,0.018,4.07317748681021e-16,"RP11-410L14.2"
1.97342229032589e-20,2.17487464732323,0.382,0.053,4.08518148320363e-16,"RAE1"
2.05344117861763e-20,1.15684269772891,0.671,0.305,4.25082858385636e-16,"JAGN1"
2.05868354109744e-20,1.03348292860233,0.748,0.376,4.26168079842581e-16,"PFDN4"
2.09031741531669e-20,1.52189087979302,0.543,0.177,4.32716608144708e-16,"HCCS"
2.12406779138601e-20,1.61794673199542,0.446,0.093,4.39703273494818e-16,"FAM83H"
2.13568461689667e-20,2.41431441551763,0.382,0.058,4.42108072543779e-16,"RP11-539L10.3"
2.18674398617968e-20,1.49564014618895,0.508,0.146,4.52677872579055e-16,"MED19"
2.20745716883484e-20,-2.7886345383777,0.202,0.407,4.56965708520501e-16,"RDH10"
2.28642642871082e-20,1.56447038024611,0.435,0.088,4.73313135007426e-16,"C15orf40"
2.33085082931092e-20,1.54179114352712,0.425,0.084,4.82509430175654e-16,"ASAP1"
2.40119323233303e-20,-2.75339683828,0.202,0.416,4.9707101102526e-16,"MS4A6A"
2.45224592782391e-20,4.23841378333356,0.303,0.009,5.07639429518827e-16,"RP11-166P13.3"
2.45749435285977e-20,-2.98732933113077,0.214,0.42,5.08725905985501e-16,"MIDN"
2.47311610450097e-20,1.09694614597305,0.611,0.235,5.11959764792745e-16,"DAP"
2.47452451492675e-20,0.562338240131703,0.97,0.827,5.12251319834985e-16,"BLVRB"
2.65571964607741e-20,2.37338146154135,0.337,0.027,5.49760523934484e-16,"RCCD1"
2.75531199668992e-20,0.918041091124347,0.694,0.314,5.7037713643478e-16,"HSPA4"
2.9667535979527e-20,1.26580121318912,0.558,0.19,6.14147662312188e-16,"MRPL17"
3.0148249899747e-20,1.55023923215871,0.428,0.084,6.24098921174663e-16,"ANKRD40"
3.06910160796017e-20,0.697843794581007,0.913,0.712,6.35334723863835e-16,"TMEM230"
3.07292775098226e-20,2.09479438543542,0.438,0.102,6.36126773730838e-16,"THUMPD3"
3.1095312434833e-20,-2.96958689956491,0.207,0.416,6.43704062713477e-16,"REL"
3.20748002782203e-20,1.13683534996077,0.682,0.336,6.63980440559439e-16,"MTX1"
3.33583266739518e-20,1.32272885361513,0.573,0.204,6.90550720477476e-16,"LZIC"
3.34968624813673e-20,1.46977214489203,0.443,0.097,6.93418550226785e-16,"RCC1"
3.39275080402079e-20,1.23783378230627,0.481,0.124,7.02333343940344e-16,"APPL1"
3.43263092860857e-20,1.06665885380044,0.614,0.239,7.10588928531261e-16,"PEX2"
3.62869455389474e-20,3.08214451375427,0.318,0.018,7.51176059601749e-16,"RHBG"
3.67345309832092e-20,3.28027521049688,0.325,0.022,7.60441525883414e-16,"RP1-28O10.1"
3.74559473835033e-20,0.822499863033592,0.763,0.412,7.75375566785902e-16,"ELOVL5"
3.75333663455493e-20,1.68721558273829,0.426,0.088,7.76978216719216e-16,"PEX10"
3.77989502715344e-20,1.39729875502244,0.595,0.226,7.82476069571033e-16,"BAG2"
3.94480222268195e-20,0.759081824137278,0.745,0.367,8.1661350811739e-16,"MSMO1"
3.99153395219836e-20,0.781046722905732,0.879,0.659,8.26287443444582e-16,"NCL"
4.01495972947496e-20,0.732172869790911,0.921,0.717,8.31136813598611e-16,"SNRPG"
4.04819434749624e-20,1.10280260013316,0.612,0.243,8.38016711875198e-16,"XRN2"
4.12958768910656e-20,1.41903624122507,0.419,0.084,8.54865947521948e-16,"LRRC14"
4.1536545332498e-20,0.681325317926642,0.904,0.695,8.59848024928042e-16,"FKBP8"
4.27613984397827e-20,1.77023656145231,0.462,0.119,8.85203709101942e-16,"GYG1"
4.51918756205977e-20,-2.42265462648429,0.368,0.549,9.35517017221994e-16,"INSR"
4.52570865880619e-20,1.31001829603232,0.502,0.142,9.36866949459469e-16,"SLC35B2"
4.8660837369465e-20,2.58763191767133,0.341,0.031,1.00732799438529e-15,"RP11-1094M14.11"
4.88929090659613e-20,1.31168853953044,0.615,0.248,1.01213211057446e-15,"CDKN2A"
4.94976766996727e-20,0.826095996244315,0.828,0.535,1.02465140535993e-15,"MEA1"
5.14154164402145e-20,1.02586559128227,0.662,0.274,1.06435053572888e-15,"DDX1"
5.2109596137172e-20,0.978365944834064,0.605,0.248,1.0787207496356e-15,"NDUFAF6"
5.47927311207418e-20,3.36947613227446,0.326,0.027,1.13426432693048e-15,"RRM2"
5.54518779208263e-20,1.29805265557761,0.567,0.195,1.14790932483903e-15,"SLU7"
5.54772973302697e-20,1.60121695715749,0.513,0.155,1.14843553203391e-15,"DHFR"
5.63483345817133e-20,0.743319031685558,0.845,0.549,1.16646687417605e-15,"PRDX4"
5.73323727722825e-20,1.6380977173439,0.438,0.093,1.18683744875902e-15,"TRMT6"
6.3270812356604e-20,1.507924737487,0.424,0.084,1.30976908659406e-15,"TAOK1"
6.48859776246074e-20,0.953306650396743,0.79,0.469,1.343204622807e-15,"SSB"
6.65667083634217e-20,1.22153571475533,0.535,0.177,1.37799742983119e-15,"TMEM64"
6.69063419241338e-20,0.644695161945633,0.913,0.695,1.38502818417149e-15,"CSNK2B"
6.73129555034315e-20,0.741947421761162,0.837,0.58,1.39344549187654e-15,"ZNF593"
7.20063291733315e-20,2.03821276979995,0.393,0.071,1.49060302021714e-15,"CENPN"
7.52510194621267e-20,1.3636323800034,0.466,0.115,1.55777135388548e-15,"PALLD"
7.87341724343486e-20,-3.5389353640116,0.116,0.305,1.62987610356345e-15,"RAB11FIP1"
8.63510894843333e-20,1.48440348380118,0.532,0.177,1.78755390341518e-15,"DDX54"
9.02943795742863e-20,-0.699623627376777,0.902,0.881,1.8691839515673e-15,"PSME1"
9.06309107448733e-20,0.963730914435855,0.685,0.296,1.87615048332962e-15,"GTF2A2"
9.44133858800916e-20,1.32309756920192,0.481,0.124,1.95445150110378e-15,"DDC"
9.73316576754852e-20,0.970997477888216,0.674,0.332,2.01486264554022e-15,"LAP3"
9.74262597595071e-20,1.61068997174832,0.463,0.119,2.01682100328156e-15,"HDDC3"
1.01495745305314e-19,3.19788537834541,0.313,0.018,2.10106342356531e-15,"CCDC86"
1.03590520431356e-19,1.8998887355236,0.416,0.084,2.1444273634495e-15,"SUSD3"
1.03616416030162e-19,1.1288940276697,0.626,0.257,2.14496342824039e-15,"RBBP7"
1.1238920967988e-19,-1.7608775826226,0.506,0.624,2.32656902958321e-15,"CFL2"
1.1926360034401e-19,3.61744693994996,0.31,0.018,2.46887579072135e-15,"TEFM"
1.19982671041068e-19,0.623439951275042,0.913,0.735,2.48376127322115e-15,"MRPL55"
1.21752506646135e-19,-1.22872832156708,0.751,0.761,2.52039864008164e-15,"CMPK1"
1.30250247673913e-19,0.97770989021456,0.555,0.19,2.69631037709768e-15,"RRP7A"
1.30927513746382e-19,0.911857505490185,0.585,0.208,2.71033046206385e-15,"LY96"
1.3214629978776e-19,1.1383167884837,0.644,0.292,2.73556055190642e-15,"DCTN2"
1.39761903975655e-19,1.03583469506483,0.537,0.173,2.89321117420004e-15,"CCDC34"
1.47635411378758e-19,1.07927167856844,0.575,0.208,3.05620065095166e-15,"GLRX2"
1.48147095976557e-19,1.22021380934657,0.499,0.15,3.06679303381071e-15,"LIN7A"
1.48711617294162e-19,1.15605880817829,0.53,0.168,3.07847918960645e-15,"ZMAT5"
1.49226899582215e-19,2.04418713687101,0.343,0.035,3.08914604825142e-15,"PPARG"
1.51501448815854e-19,1.35776567348295,0.468,0.115,3.13623149193699e-15,"TMEM82"
1.52829861055085e-19,4.87424096912743,0.279,0,3.16373095370131e-15,"TSACC"
1.60938654029871e-19,0.534826092550865,0.928,0.757,3.33159107707237e-15,"NDUFB10"
1.62064107109949e-19,0.688728418157079,0.686,0.327,3.35488908128305e-15,"SMS"
1.73484733617656e-19,0.605974102471068,0.845,0.571,3.59130747061909e-15,"PDLIM1"
1.74234781914922e-19,1.38703508625949,0.539,0.181,3.6068342204208e-15,"UBE2E2"
1.81289857386542e-19,2.28236785385555,0.384,0.066,3.75288133775881e-15,"COG4"
1.85774750361359e-19,-2.15388629901696,0.331,0.527,3.8457231072305e-15,"ISG20"
1.9783640746686e-19,1.59965682741994,0.476,0.133,4.09541147097147e-15,"TRIM55"
2.08170229684298e-19,-1.74620808196039,0.6,0.664,4.30933192469465e-15,"SMIM14"
2.09821633390527e-19,2.07553901528218,0.354,0.044,4.34351763281729e-15,"AARSD1"
2.11508173856228e-19,1.42555384965605,0.415,0.084,4.37843070699778e-15,"HLTF"
2.17524430066224e-19,2.09390171325612,0.401,0.075,4.5029732268009e-15,"ING4"
2.19522546751649e-19,0.941498290034495,0.681,0.319,4.54433624030589e-15,"CMTM8"
2.2001812952426e-19,1.32750738604915,0.563,0.199,4.5545952992817e-15,"UBE2W"
2.29747662701532e-19,1.88396835533827,0.409,0.084,4.7560063655844e-15,"TMEM52"
2.44771351330891e-19,0.88618961112684,0.708,0.367,5.06701174390077e-15,"CTNNA1"
2.48017839519571e-19,0.962829753583025,0.756,0.447,5.13421729589464e-15,"UBE2I"
2.84564995954447e-19,0.848626135473364,0.793,0.509,5.89077998125301e-15,"AK2"
2.87232235788707e-19,0.957733059486133,0.447,0.106,5.94599451306203e-15,"OGG1"
3.14974696531468e-19,1.37184137018118,0.502,0.146,6.52029119289792e-15,"TFDP2"
3.49757512699153e-19,-2.71196088583645,0.184,0.385,7.24033027038517e-15,"EPSTI1"
3.50700375836237e-19,1.89963934976869,0.36,0.049,7.25984848018595e-15,"LRRC45"
3.53780091596854e-19,1.36917256118232,0.449,0.106,7.32360167614647e-15,"KDELR3"
3.56283169259786e-19,0.976666958748676,0.693,0.327,7.37541788684683e-15,"RBBP4"
3.74900131099138e-19,-2.91466268849087,0.08,0.252,7.76080761388325e-15,"RASSF3"
3.83735957330106e-19,1.52587929750642,0.412,0.084,7.94371805269053e-15,"TCOF1"
3.92162788730666e-19,1.74282425267675,0.408,0.08,8.11816188951352e-15,"PAOX"
3.96765352052388e-19,1.42426946792383,0.493,0.155,8.21343955283648e-15,"OTULIN"
3.990222656207e-19,0.685943575731331,0.775,0.469,8.26015992061411e-15,"TIMM17A"
4.25171719680154e-19,1.85667520043935,0.365,0.053,8.80147976909887e-15,"SLC39A6"
4.28106362475177e-19,0.78579139140646,0.655,0.274,8.86222980959864e-15,"RAB32"
4.28690211496756e-19,1.38331548179665,0.478,0.137,8.87431606819435e-15,"DFFA"
4.32587105937881e-19,1.95876400629271,0.372,0.058,8.95498568002007e-15,"ALG12"
4.45609913191311e-19,1.02531117536754,0.645,0.296,9.22457081297333e-15,"SPNS1"
4.65554435995779e-19,1.14744777123227,0.471,0.119,9.63744237954862e-15,"WDR77"
4.69092539614471e-19,3.30477929363432,0.304,0.018,9.71068466255916e-15,"CBX2"
4.83771722225541e-19,2.14475058943043,0.363,0.053,1.00145584217909e-14,"UCK2"
4.86214527106173e-19,0.921119952680227,0.658,0.305,1.00651269256249e-14,"PARP1"
5.37058069603007e-19,2.24356099681237,0.303,0.018,1.11176390988519e-14,"TCTEX1D2"
5.39352989545216e-19,1.13458089412477,0.528,0.168,1.11651462365755e-14,"GNL2"
5.41963049091758e-19,1.40100528757324,0.537,0.19,1.12191770792485e-14,"CYP4F12"
5.48040192651685e-19,3.6304796578015,0.289,0.009,1.13449800280825e-14,"RP1-27K12.2"
5.601134855867e-19,2.57919826754614,0.358,0.053,1.15949092651303e-14,"CRYM"
5.73449455793676e-19,2.40219780382637,0.34,0.04,1.18709771843849e-14,"SYNE4"
5.82246659505834e-19,1.23800841566095,0.485,0.133,1.20530880984303e-14,"NFKBIL1"
5.89365514983571e-19,0.787922276921563,0.832,0.531,1.22004555256749e-14,"CAPZB"
5.89681725828797e-19,1.25254741415899,0.453,0.111,1.22070014063819e-14,"CDK12"
5.91943968542993e-19,1.98482555001877,0.345,0.04,1.22538320928085e-14,"RP11-545E17.3"
5.98945549459233e-19,1.39906448398025,0.476,0.133,1.23987718193556e-14,"DPH5"
6.01485601777568e-19,1.14291072745422,0.539,0.177,1.24513534423974e-14,"DDX56"
6.19445626723341e-19,0.813885780618289,0.758,0.434,1.28231439187999e-14,"TXN2"
6.42902749220809e-19,0.571366372721836,0.973,0.81,1.330872981162e-14,"ATPIF1"
6.64628724851933e-19,0.379657168802074,0.994,0.956,1.37584792331599e-14,"ATP5L"
7.03074811923699e-19,1.08318845593311,0.529,0.164,1.45543516816325e-14,"RIPK2"
7.12468777295514e-19,1.34583021847702,0.469,0.124,1.47488161587944e-14,"FLYWCH2"
7.1963639690454e-19,0.848387325712703,0.411,0.08,1.48971930523209e-14,"UTP23"
7.4868728686682e-19,0.351720037927843,1,0.987,1.549857552543e-14,"RPS24"
7.86975182427596e-19,0.866725204257917,0.741,0.42,1.62911732514337e-14,"UBE2L6"
7.91647741810359e-19,1.06139050996037,0.566,0.212,1.63878999032162e-14,"MAGED1"
8.14820605949611e-19,1.45068924830896,0.504,0.155,1.68676013637629e-14,"ACOT7"
8.28459566555354e-19,2.11096693930786,0.332,0.035,1.71499414872624e-14,"MCM3"
8.35541314099516e-19,1.04016705679026,0.505,0.15,1.72965407431741e-14,"NPEPPS"
8.50335187410634e-19,0.948275229192135,0.706,0.363,1.76027887145875e-14,"DAP3"
9.3375987874225e-19,0.743671278407515,0.963,0.788,1.93297632498433e-14,"UGT2B4"
9.34621268574804e-19,0.824398094792847,0.654,0.279,1.9347594880767e-14,"TRIAP1"
9.3629623446729e-19,1.39135119501053,0.439,0.106,1.93822683497074e-14,"PTRH1"
9.4004608935154e-19,1.21852493852409,0.443,0.106,1.94598940956662e-14,"COMMD8"
9.6739682503876e-19,1.62439103838453,0.439,0.106,2.00260816751274e-14,"WDR55"
1.0121588628364e-18,1.75842124882519,0.381,0.066,2.09527006195764e-14,"MFAP1"
1.03222818809856e-18,4.29142689919506,0.277,0.004,2.13681557218283e-14,"HSPB9"
1.03363551479056e-18,1.13534301772391,0.542,0.186,2.13972887916793e-14,"C17orf62"
1.0390611985909e-18,0.833430150696348,0.626,0.252,2.15096058720302e-14,"C12orf10"
1.06061548411434e-18,0.855451644213508,0.784,0.491,2.1955801136651e-14,"LAMTOR1"
1.06140220772698e-18,2.41716972653873,0.345,0.044,2.19720871021563e-14,"INTS12"
1.07108120569191e-18,0.819288821591753,0.755,0.456,2.21724520390283e-14,"CAP1"
1.07967773117473e-18,0.641993260068815,0.823,0.509,2.23504087130481e-14,"C16orf13"
1.09567745848529e-18,-1.28860437283424,0.889,0.885,2.2681619068104e-14,"HSPA5"
1.09596053972843e-18,0.858123815512197,0.567,0.208,2.26874791329181e-14,"SLTM"
1.16437884888448e-18,-1.31216854229893,0.64,0.704,2.41038065507576e-14,"CERS2"
1.17902206610197e-18,1.21370048941179,0.437,0.102,2.44069357903769e-14,"CASC3"
1.19885764572317e-18,5.02037701461371,0.268,0,2.48175521241152e-14,"EGFR-AS1"
1.20454283096593e-18,-2.11301469557366,0.309,0.496,2.49352411438257e-14,"SMIM19"
1.26769363136974e-18,1.43695570009269,0.436,0.106,2.62425258629851e-14,"AGTRAP"
1.27084445771125e-18,-2.6313668221665,0.125,0.314,2.63077511190805e-14,"SLC6A1"
1.31556257049846e-18,1.15269069108542,0.509,0.155,2.72334607718887e-14,"GMPS"
1.34607605250994e-18,1.84304819235422,0.361,0.053,2.78651203630083e-14,"SLC46A1"
1.36122859308361e-18,-0.57096516277432,0.998,0.987,2.81787931054239e-14,"MT-ND2"
1.36612814137954e-18,0.647378085583887,0.908,0.721,2.82802186546978e-14,"TMED9"
1.40709115966376e-18,1.38754639278531,0.449,0.111,2.91281940961995e-14,"B4GALT3"
1.40997062657702e-18,1.82508510000957,0.366,0.058,2.91878019407708e-14,"ARSB"
1.44365856821789e-18,1.69199560469885,0.398,0.08,2.98851760206785e-14,"ZNF503"
1.4536564881271e-18,1.76889684100029,0.355,0.049,3.00921429607191e-14,"PAAF1"
1.51238369014038e-18,0.603033705954296,0.961,0.765,3.1307854769596e-14,"BAAT"
1.51799813302238e-18,2.75908410467777,0.344,0.049,3.14240793516964e-14,"EEF2KMT"
1.530539542233e-18,1.00697997851986,0.588,0.23,3.16836990637654e-14,"CALCOCO2"
1.55822602610363e-18,-2.63438234881931,0.347,0.531,3.22568369663712e-14,"NNMT"
1.62778608954659e-18,1.13366875967776,0.598,0.239,3.36967998397041e-14,"MRPS22"
1.73680827270206e-18,-1.49736878502948,0.65,0.704,3.59536680532053e-14,"UGT2B7"
1.81285894263404e-18,0.951004343730995,0.588,0.235,3.75279929714673e-14,"AIP"
1.88104864918696e-18,1.0470941704366,0.633,0.283,3.89395880868193e-14,"RFC1"
1.96017035047187e-18,1.96402499625353,0.369,0.062,4.05774864251181e-14,"WDR12"
2.03149167100388e-18,1.12477941335717,0.52,0.173,4.20539090814512e-14,"SURF2"
2.07274219921114e-18,1.22009345469218,0.491,0.142,4.29078362658698e-14,"RNASEH1"
2.12343916457194e-18,1.40706999749802,0.455,0.119,4.39573141458038e-14,"SNAPC5"
2.18562740507725e-18,1.23547823154884,0.573,0.221,4.52446729125041e-14,"UTP11L"
2.362391992876e-18,2.45287137469207,0.346,0.049,4.89038766445261e-14,"CKMT2-AS1"
2.38607129676312e-18,0.716692168181736,0.784,0.416,4.93940619142933e-14,"GCHFR"
2.42583755427176e-18,1.72418874861514,0.417,0.093,5.02172632109797e-14,"GTPBP3"
2.4442783713309e-18,0.95898076978657,0.7,0.381,5.0599006564921e-14,"NUBP2"
2.46257475810686e-18,0.663569832158476,0.895,0.562,5.09777600675701e-14,"AKR1B10"
2.4663520204287e-18,1.32113760591198,0.517,0.168,5.10559531748944e-14,"VPS72"
2.60160836957058e-18,0.894068585608318,0.647,0.305,5.38558948584805e-14,"RTF1"
2.65009360267935e-18,1.36067355507348,0.428,0.097,5.48595876690653e-14,"BORCS8"
2.70930398420777e-18,2.18153747637628,0.34,0.044,5.60853017770851e-14,"MAP7D3"
2.75001169586614e-18,1.62077480492999,0.439,0.111,5.69279921161249e-14,"STK3"
2.79122196639928e-18,0.824034234305244,0.735,0.412,5.77810859264314e-14,"MALSU1"
2.95920331386753e-18,1.41400584488681,0.465,0.133,6.12584678003717e-14,"NLN"
2.99449883960236e-18,0.803313855104847,0.792,0.442,6.19891204786084e-14,"LINC00152"
3.01372054643744e-18,0.706975433994478,0.756,0.403,6.23870290318014e-14,"FMO3"
3.03013325299451e-18,-4.21857941110055,0.091,0.265,6.27267884702393e-14,"CXCL10"
3.10453641482412e-18,1.12620645662342,0.577,0.221,6.42670083232741e-14,"PTGES2"
3.12458619609317e-18,1.42813004671294,0.393,0.075,6.46820588453247e-14,"SUGP2"
3.1932918446163e-18,1.40098597589789,0.523,0.177,6.61043344754021e-14,"SCO2"
3.26676443457102e-18,0.733267904578162,0.552,0.19,6.76252905600547e-14,"SEPT9"
3.27355951902096e-18,1.47540979713842,0.445,0.115,6.77659556032529e-14,"FAM21A"
3.44241300266216e-18,1.22820340330501,0.51,0.168,7.12613915681093e-14,"PGP"
3.44738061120104e-18,0.759420228529819,0.752,0.442,7.13642260324727e-14,"UQCRC2"
3.50804799929107e-18,1.59675872466693,0.436,0.106,7.26201016333244e-14,"AAED1"
3.52112607165335e-18,-1.98992192384299,0.463,0.588,7.2890830809296e-14,"DHRS1"
3.62026740986971e-18,0.877303533044463,0.762,0.438,7.49431556517129e-14,"RPA3"
3.70746251872711e-18,1.45385122036925,0.457,0.124,7.67481816001699e-14,"EIF2B3"
3.8345747414325e-18,1.1699620637201,0.53,0.173,7.93795317223942e-14,"ARFIP2"
3.88321611889088e-18,1.0218977365159,0.651,0.288,8.03864568771601e-14,"CPQ"
3.88929012815396e-18,0.781806526126493,0.703,0.358,8.05121949429151e-14,"ANXA6"
3.89552660535048e-18,2.10451260416258,0.377,0.071,8.06412962573604e-14,"ZNHIT2"
3.90202742221315e-18,0.688026237975581,0.837,0.584,8.07758696672344e-14,"KDELR1"
4.02352092223026e-18,0.972434409145811,0.729,0.389,8.32909066110885e-14,"NARS"
4.04712848912896e-18,2.13227881920979,0.333,0.04,8.37796068534587e-14,"TTLL12"
4.13323525962455e-18,1.32965548285332,0.403,0.084,8.55621031094878e-14,"CH17-340M24.3"
4.34195580426342e-18,0.69149847835052,0.686,0.327,8.9882827104057e-14,"NEU1"
4.39499364647246e-18,3.48234489493605,0.291,0.018,9.09807634756265e-14,"KRT222"
4.56507759779214e-18,1.29840420664019,0.53,0.186,9.45016713518951e-14,"DUS1L"
4.87565149867193e-18,0.52956112874972,0.988,0.912,1.00930861674008e-13,"HNRNPA1"
4.97101427057125e-18,0.599122491993896,0.955,0.788,1.02904966415096e-13,"BNIP3"
5.15341506410509e-18,-1.00735328730658,0.781,0.774,1.0668084524204e-13,"CARHSP1"
5.32010198037171e-18,-0.873846106558491,0.821,0.81,1.10131431095675e-13,"TMEM205"
5.52577957438006e-18,1.4762244033116,0.326,0.035,1.14389162969242e-13,"PAGE4"
5.5924232764029e-18,0.805940372895561,0.564,0.199,1.15768754244816e-13,"PTPMT1"
5.66801453539875e-18,0.76700946082478,0.794,0.491,1.17333568897289e-13,"HNRNPM"
5.84778195245104e-18,4.85260825919276,0.259,0,1.21054934197689e-13,"SLC22A11"
6.36324289164947e-18,-1.2257200908524,0.658,0.699,1.31725491100036e-13,"MRPL23"
6.723710174631e-18,1.7414648712174,0.393,0.08,1.39187524325036e-13,"PDK1"
6.85608019051455e-18,0.637804780169008,0.886,0.611,1.41927716023842e-13,"HGD"
6.90411374258513e-18,0.844600644388593,0.674,0.327,1.42922058585255e-13,"MRPS28"
6.94032575536857e-18,1.39575614384367,0.472,0.137,1.43671683461885e-13,"MPHOSPH10"
6.94058477039389e-18,0.861794764064522,0.58,0.221,1.43677045331924e-13,"SSRP1"
7.0178788449836e-18,1.48285248074492,0.49,0.155,1.45277109970005e-13,"PPIH"
7.05782964178849e-18,0.801299147753082,0.692,0.35,1.46104131414664e-13,"IMP4"
7.11870096903392e-18,0.599543453220299,0.948,0.788,1.47364228759971e-13,"EIF4A2"
7.22496045083348e-18,3.05184610340997,0.296,0.022,1.49563906292704e-13,"TGM3"
7.231512522977e-18,0.935588457483801,0.73,0.389,1.49699540738147e-13,"OLA1"
7.28475448832601e-18,0.688984180012878,0.885,0.673,1.50801702662837e-13,"PAH"
7.58445373390014e-18,1.3188933990153,0.371,0.062,1.57005776745467e-13,"RHBDF2"
7.78958606604581e-18,0.77618895116762,0.523,0.177,1.61252221153214e-13,"TADA3"
7.79249140230035e-18,-0.465686455519353,0.961,0.938,1.61312364519019e-13,"UBL5"
8.14101124199221e-18,1.60233409905621,0.38,0.075,1.68527073720481e-13,"LCMT1"
8.2059720981428e-18,0.697333566822218,0.596,0.23,1.69871828403654e-13,"CTNNBL1"
8.55332710672791e-18,0.982067736519826,0.629,0.288,1.77062424436375e-13,"FUNDC2"
8.57981217489263e-18,0.623420028160616,0.63,0.239,1.77610691832452e-13,"C1orf21"
8.58630594024481e-18,3.10769780833229,0.289,0.018,1.77745119269008e-13,"RP11-128M1.1"
8.8903056039474e-18,0.944513775774027,0.711,0.385,1.84038216307315e-13,"GLRX3"
9.3695818530302e-18,-2.30756957771133,0.818,0.81,1.93959713939578e-13,"MT1E"
9.54535741986374e-18,1.2453885433868,0.508,0.164,1.97598443948599e-13,"PRPF19"
1.00057716920046e-17,1.02561595616132,0.507,0.173,2.07129479796187e-13,"DNAJC2"
1.00665208338535e-17,0.904042712009509,0.499,0.159,2.08387047781602e-13,"AGGF1"
1.02449565864959e-17,1.36299059927908,0.434,0.115,2.12080846297052e-13,"CENPW"
1.03430942549594e-17,1.86194202927022,0.355,0.058,2.14112394171914e-13,"C7orf49"
1.06446910816798e-17,-1.77681257200449,0.494,0.611,2.20355750081854e-13,"DNAJB9"
1.06999032712485e-17,0.827050865774769,0.523,0.168,2.21498697618116e-13,"EXOSC1"
1.09359460607294e-17,1.81621560885094,0.335,0.044,2.26385019403159e-13,"HEXDC"
1.10985924158991e-17,-1.19689776710357,0.702,0.726,2.29751961601527e-13,"POLD4"
1.18898924778736e-17,0.821854569989907,0.662,0.296,2.46132664184461e-13,"ATP6V1E1"
1.34384234194571e-17,1.75033897405537,0.357,0.058,2.78188803206181e-13,"THAP3"
1.41488799473753e-17,1.05338080404034,0.66,0.305,2.92895963790617e-13,"METTL5"
1.42069164350236e-17,2.68014915718848,0.315,0.035,2.94097377121423e-13,"DDX55"
1.44100885285907e-17,-3.14939882679535,0.129,0.31,2.98303242630357e-13,"SORBS3"
1.45146475981816e-17,1.52269342890742,0.417,0.102,3.00467719929957e-13,"ABHD8"
1.48814897730326e-17,0.815681288065446,0.735,0.412,3.08061719791547e-13,"CMC1"
1.51316302615703e-17,1.50064388817927,0.399,0.084,3.13239878044766e-13,"MFSD11"
1.51402815123248e-17,0.755133469704988,0.757,0.429,3.13418967586635e-13,"LYPLA1"
1.51721685022327e-17,0.992363686891365,0.583,0.226,3.14079060164719e-13,"SRSF1"
1.55076487326613e-17,1.20011965413939,0.552,0.204,3.21023836414822e-13,"TIMM9"
1.55817058283405e-17,1.00163961387396,0.548,0.204,3.22556892352477e-13,"NADK"
1.58498604602369e-17,0.934587420678229,0.504,0.159,3.28107961387364e-13,"JMJD6"
1.68769784839848e-17,0.9962835496579,0.64,0.296,3.49370331596968e-13,"DPM2"
1.7220427825335e-17,1.46497969787538,0.428,0.106,3.5648007641226e-13,"ATP5SL"
1.76374400549948e-17,0.613624767528232,0.825,0.527,3.65112646578447e-13,"LBP"
1.78337675354124e-17,-1.57494544880609,0.502,0.624,3.69176821750571e-13,"EIF4EBP2"
1.80996207782998e-17,4.78054212166891,0.253,0,3.74680249731584e-13,"SPESP1"
1.82596767602867e-17,2.61508996409864,0.309,0.031,3.77993568614694e-13,"MYO19"
1.84545583549562e-17,0.508997702855614,0.924,0.704,3.82027812505948e-13,"COMMD6"
1.88142917199104e-17,1.11470451230976,0.537,0.195,3.89474652893864e-13,"EIF2S1"
2.03017851114078e-17,-1.89159553203215,0.442,0.58,4.20267253591253e-13,"LONP2"
2.03394311974387e-17,0.730988378431648,0.537,0.181,4.21046565218178e-13,"HPRT1"
2.05317832946307e-17,0.714490325258241,0.657,0.292,4.25028445982151e-13,"NCBP2"
2.16917289074691e-17,0.959000637024132,0.622,0.274,4.49040480113517e-13,"ABHD12"
2.18140262174903e-17,1.14656509902634,0.392,0.084,4.51572156728267e-13,"LYAR"
2.20184296514817e-17,0.7626180794715,0.754,0.442,4.55803512215322e-13,"SF3B2"
2.27258610266064e-17,2.3275555679204,0.33,0.044,4.7044804911178e-13,"CTD-2015H6.3"
2.28643441406984e-17,0.525611154599156,0.485,0.142,4.73314788056597e-13,"SPAG9"
2.34504959198547e-17,4.83849752402144,0.251,0,4.85448716036911e-13,"UGT3A2"
2.5049641290734e-17,2.03221180832231,0.348,0.058,5.18552624359485e-13,"ENPP7"
2.6440498610582e-17,1.35910408469925,0.408,0.093,5.47344761737658e-13,"PIGU"
2.79402436914277e-17,1.53051714194395,0.448,0.124,5.78390984656244e-13,"EXOSC3"
2.80258938621311e-17,-2.82073046672943,0.134,0.314,5.80164028839976e-13,"PRRG4"
2.81362203079487e-17,1.3314036268029,0.347,0.053,5.82447896594847e-13,"ZNF7"
2.83782603897701e-17,-0.610652470279456,0.958,0.942,5.87458368328632e-13,"CALM2"
2.89382589046357e-17,1.72110874308287,0.41,0.102,5.99050897584863e-13,"GPKOW"
3.01586480530666e-17,1.2655136330363,0.442,0.119,6.24314173346531e-13,"RP4-710M16.2"
3.09005983415441e-17,1.25860578410029,0.445,0.119,6.39673286268305e-13,"ARIH2"
3.11368061573062e-17,0.68878029268904,0.607,0.239,6.44563024262395e-13,"FAM200B"
3.12740108586699e-17,0.856769395995346,0.728,0.389,6.47403298785325e-13,"SRPRB"
3.14348266610774e-17,1.10190757027885,0.439,0.115,6.50732346710963e-13,"CCDC57"
3.16161307858106e-17,1.74862419362747,0.285,0.018,6.54485523397065e-13,"PCSK1N"
3.23313426037195e-17,1.84894043697341,0.335,0.049,6.69291123239598e-13,"KANSL1-AS1"
3.25061470087353e-17,1.88777909470538,0.348,0.058,6.72909749227830e-13,"HS1BP3"
3.34597107573384e-17,1.33424896905545,0.37,0.066,6.92649472387663e-13,"KIAA0196"
3.42224552956812e-17,0.831652171934455,0.65,0.314,7.08439047075897e-13,"APEH"
3.45316203264111e-17,0.614934769983952,0.875,0.659,7.14839072377037e-13,"DRAP1"
3.50644987290544e-17,1.11167966035372,0.477,0.142,7.25870188190155e-13,"CCDC174"
3.5459871901806e-17,1.00922048161776,0.546,0.195,7.34054808239287e-13,"C1orf35"
3.58107124101301e-17,1.15997498385529,0.468,0.133,7.41317557602103e-13,"FHIT"
3.63014697651625e-17,-1.94374811795122,0.425,0.58,7.51476725608628e-13,"EZR"
3.68758737088994e-17,0.926376290556975,0.563,0.217,7.63367461647925e-13,"SAMM50"
3.70655960775991e-17,1.6950467842109,0.32,0.04,7.67294904402379e-13,"FAM3B"
3.87641141413819e-17,0.680491324944295,0.831,0.487,8.02455926840747e-13,"TCP1"
3.94591710698646e-17,1.52815471351464,0.328,0.044,8.16844300317268e-13,"GSDMB"
3.96358249727315e-17,1.09704489344443,0.544,0.199,8.20501212760515e-13,"PDXK"
3.99448748528259e-17,-0.847835907985179,1,0.996,8.2689885432835e-13,"SERPINA1"
4.09326219786685e-17,1.78479258572617,0.358,0.062,8.47346207580416e-13,"NEU4"
4.17968158233526e-17,0.776379466277234,0.818,0.566,8.65235884359222e-13,"POLR2E"
4.44313926600381e-17,0.887324804010614,0.477,0.15,9.19774259455448e-13,"C8orf76"
4.60882653085339e-17,1.60861823782887,0.433,0.119,9.5407318015196e-13,"CUTC"
4.67934409149913e-17,0.819467518929738,0.556,0.199,9.68671020381235e-13,"ZRANB2"
4.95048871474022e-17,1.42473546119661,0.481,0.155,1.02480066883837e-12,"CHRAC1"
4.98535520660669e-17,0.993367783687665,0.514,0.168,1.03201838131965e-12,"GLB1"
4.99945189070751e-17,0.990572830278571,0.587,0.243,1.03493653589536e-12,"HACL1"
5.07064068469926e-17,0.853189121043525,0.66,0.305,1.04967332813959e-12,"ZBTB8OS"
5.1613205923e-17,-2.1457630183076,0.367,0.522,1.06844497581202e-12,"GPT2"
5.20808174423327e-17,0.574717265299376,0.477,0.137,1.07812500187373e-12,"EXOC7"
5.44327090683825e-17,1.2480188439286,0.448,0.124,1.12681151042459e-12,"DDX42"
5.50240894696414e-17,0.884988990443994,0.493,0.155,1.13905367611105e-12,"DCAF7"
5.5815611987948e-17,1.21068094564659,0.545,0.204,1.15543898376251e-12,"FAM207A"
5.64960204696631e-17,1.9575060609804,0.338,0.053,1.16952411974249e-12,"SNUPN"
5.68922307553679e-17,0.93964081324009,0.618,0.274,1.17772606886687e-12,"SLC50A1"
5.71522812175916e-17,0.910658778269766,0.544,0.204,1.18310937348536e-12,"BAIAP2"
5.80445937511397e-17,1.30092091848092,0.347,0.058,1.20158113524234e-12,"HAUS1"
5.83528263974155e-17,1.02798165324822,0.587,0.235,1.2079618592529e-12,"AKT1S1"
6.0957237344545e-17,0.688926281601921,0.776,0.429,1.26187577026943e-12,"NDUFV3"
6.13636377829179e-17,1.66252613347271,0.371,0.075,1.27028866574418e-12,"WDR41"
6.3124385450768e-17,1.63327959193122,0.441,0.124,1.30673790321635e-12,"FBXO31"
6.47949771826107e-17,0.593974400264422,0.756,0.442,1.34132082265723e-12,"SRRM1"
6.48848197239003e-17,0.710902429382891,0.822,0.54,1.34318065310446e-12,"PIN4"
6.67764189363869e-17,1.30567525488912,0.442,0.119,1.38233864840215e-12,"CSTF3"
6.94115002527586e-17,1.24344188009003,0.473,0.15,1.43688746673236e-12,"DNAJA3"
6.94776527556679e-17,-0.997065547046555,0.766,0.783,1.43825688969508e-12,"APOC4-APOC2"
6.97257184382527e-17,0.753410719282428,0.7,0.389,1.44339209739027e-12,"TRIB1"
7.22293546626367e-17,3.23152154530587,0.27,0.013,1.49521987087124e-12,"NUDT6"
7.25426547792473e-17,0.785338212222731,0.759,0.438,1.5017054965852e-12,"MAGOH"
7.54627310738957e-17,0.743903633283402,0.687,0.345,1.56215399596071e-12,"DPM1"
7.71149656059921e-17,-1.51732528235757,0.616,0.659,1.59635690300964e-12,"KHK"
7.71311510969378e-17,1.8701847246232,0.374,0.08,1.59669195885771e-12,"APEX2"
7.87719004204712e-17,3.58581166811926,0.261,0.009,1.63065711060417e-12,"HHIPL2"
7.959486126247e-17,0.772817997091865,0.778,0.429,1.64769322299439e-12,"ACOT13"
8.03067836501643e-17,3.20260995416724,0.262,0.009,1.66243072834205e-12,"FADS6"
8.28754219554634e-17,0.879684904440792,0.436,0.115,1.71560410990005e-12,"RNF145"
8.40060325713534e-17,1.36817543880156,0.477,0.155,1.73900888025959e-12,"NRBP2"
8.48011391300754e-17,2.72576535893092,0.292,0.027,1.75546838113169e-12,"HIST1H2AE"
8.71478147584872e-17,-2.14241587958076,0.302,0.491,1.80404691331544e-12,"ID1"
8.72421246732688e-17,1.92995984939064,0.376,0.084,1.80599922286134e-12,"RP11-238F2.1"
8.77416866660921e-17,2.31570534884435,0.337,0.058,1.81634065567477e-12,"GATB"
8.92511449285346e-17,0.88742878624441,0.593,0.248,1.8475879511656e-12,"DUSP3"
9.009746246812e-17,-3.14053067538246,0.123,0.296,1.86510757055255e-12,"NFKB1"
9.2089391050587e-17,0.724756640374246,0.595,0.239,1.9063424841382e-12,"SLC39A5"
1.05037605106628e-16,1.36062845908779,0.432,0.119,2.1743834633123e-12,"ABCF3"
1.07071206260996e-16,-1.91727675662593,0.413,0.566,2.21648104080889e-12,"ASAH1"
1.07552966694586e-16,2.93897908502336,0.295,0.031,2.22645396354462e-12,"RP5-827C21.4"
1.10333166737443e-16,1.44591680722593,0.333,0.049,2.28400688463182e-12,"MPP6"
1.11182872334983e-16,1.38228605494893,0.399,0.097,2.30159664020648e-12,"NOC4L"
1.12918105556647e-16,1.15226538459776,0.381,0.08,2.33751770312816e-12,"UBLCP1"
1.18092050703907e-16,0.765710558593856,0.57,0.221,2.44462354162159e-12,"TSSC4"
1.18878061177616e-16,0.933231197096137,0.608,0.279,2.46089474443782e-12,"RNF213"
1.21438611646667e-16,0.282448883195904,1,0.991,2.51390069969766e-12,"EEF1A1"
1.24487202874711e-16,0.767504910014315,0.555,0.204,2.57700958670938e-12,"FAM192A"
1.25879508129906e-16,0.614011322216133,0.86,0.619,2.60583169779719e-12,"RER1"
1.25941995729098e-16,-3.15747820343619,0.181,0.363,2.60712525358805e-12,"BTG2"
1.30876108276142e-16,0.784624514445692,0.761,0.434,2.70926631742442e-12,"ARHGDIA"
1.32699967796908e-16,1.34811045810572,0.501,0.168,2.74702203336378e-12,"UBE2S"
1.32938416128584e-16,-2.56738951631821,0.207,0.389,2.75195815227782e-12,"PER1"
1.34071961326021e-16,0.944273113457162,0.614,0.257,2.77542367140997e-12,"PRELID3B"
1.39707962811928e-16,1.03321496081367,0.451,0.133,2.89209453816973e-12,"MCCC1"
1.40367277009183e-16,1.12153051322666,0.466,0.142,2.9057430013671e-12,"CHD1L"
1.40939750403637e-16,0.884547540488538,0.709,0.385,2.91759377310568e-12,"THOC7"
1.41142723117541e-16,0.934728301454678,0.535,0.199,2.92179551125622e-12,"NBR1"
1.41171531148748e-16,0.799100074527908,0.591,0.248,2.92239186631023e-12,"RABEPK"
1.42250520045102e-16,0.763700903596756,0.61,0.252,2.94472801545366e-12,"USP16"
1.48107383773282e-16,1.29994152885034,0.487,0.159,3.06597095149072e-12,"ARL3"
1.54366361154006e-16,0.878369731995697,0.729,0.403,3.19553804224908e-12,"PEPD"
1.59155851888814e-16,0.928979306229114,0.647,0.314,3.29468528995033e-12,"MRPL4"
1.60105672897725e-16,0.645782702480449,0.492,0.159,3.3143475346558e-12,"FAM104B"
1.61644690805528e-16,0.818518019157419,0.661,0.301,3.34620674436524e-12,"UPB1"
1.66745489635441e-16,-2.1901433429811,0.346,0.513,3.45179838094327e-12,"IGFBP7"
1.74313866100812e-16,-0.826593290772239,0.848,0.854,3.60847134215291e-12,"NUCKS1"
1.83733318364244e-16,1.18856606626365,0.484,0.159,3.80346342345821e-12,"B4GALT7"
1.93444587686674e-16,-1.97184130247264,0.591,0.65,4.00449640970184e-12,"ZFAND2A"
1.94193131998177e-16,1.12343829885123,0.345,0.058,4.01999202549426e-12,"PRMT5"
1.9613061564761e-16,1.43713724677875,0.32,0.044,4.06009987452118e-12,"MAPKAPK3"
1.97911193869815e-16,1.65720726022667,0.34,0.058,4.09695962429904e-12,"MAPKAPK5-AS1"
2.00140866752705e-16,1.71571229426922,0.351,0.066,4.14311608264774e-12,"JMJD4"
2.02613837754407e-16,2.02756575913107,0.273,0.018,4.19430905535398e-12,"NNT-AS1"
2.02691720510571e-16,2.37404342147302,0.316,0.044,4.19592130628933e-12,"INTS8"
2.05260804946178e-16,1.59091911488913,0.372,0.08,4.24910392319083e-12,"TRMT2A"
2.10736676335489e-16,-1.80867469511919,0.365,0.518,4.36245993682096e-12,"SMCO4"
2.11091752130253e-16,0.61406808634824,0.925,0.721,4.36981036084837e-12,"GPX3"
2.25167403309832e-16,2.89953805918482,0.285,0.027,4.66119041591682e-12,"ZC2HC1A"
2.26548866358101e-16,1.34656878896011,0.402,0.097,4.68978808247905e-12,"C16orf91"
2.26835990313687e-16,0.847319647287816,0.761,0.42,4.69573183548364e-12,"CKS1B"
2.28128965209765e-16,-2.19399081436517,0.437,0.571,4.72249770880735e-12,"VIM"
2.28161369997495e-16,0.938432782989702,0.46,0.137,4.72316852031814e-12,"AKAP8L"
2.31517809844882e-16,0.70612477507287,0.714,0.372,4.79265018159891e-12,"GRPEL1"
2.40617958431968e-16,0.875673167238971,0.405,0.097,4.98103235750016e-12,"BCL2L13"
2.4333546948546e-16,1.38802389939594,0.339,0.058,5.0372875538185e-12,"RFT1"
2.45431296502263e-16,0.833838305143725,0.552,0.204,5.08067326889335e-12,"CIAO1"
2.5070812167474e-16,0.64911018787264,0.819,0.58,5.18990882678879e-12,"C19orf24"
2.5134189957622e-16,1.88827713983361,0.339,0.058,5.20302866312733e-12,"HGH1"
2.52191723266509e-16,1.39747734262288,0.489,0.168,5.22062086334001e-12,"NOLC1"
2.53090666719167e-16,1.61266085134748,0.347,0.062,5.23922989175348e-12,"TBCE"
2.55231179471915e-16,0.756906795732963,0.652,0.305,5.28354064624812e-12,"NME3"
2.55318241677972e-16,-3.39154819273422,0.117,0.288,5.28534292097569e-12,"RASD1"
2.56747322035785e-16,0.626813840033569,0.44,0.119,5.31492631346278e-12,"TNFAIP1"
2.58124223686286e-16,0.546902865954303,0.897,0.69,5.3434295545298e-12,"LAMTOR4"
2.61699911530054e-16,0.649241172605097,0.626,0.283,5.41744986858365e-12,"SLC3A2"
2.66648800761965e-16,2.05141673531498,0.328,0.053,5.51989682457344e-12,"KRT23"
2.73704971262803e-16,2.96597004146567,0.268,0.018,5.66596661011129e-12,"CDK1"
2.81854067851965e-16,0.920823932003539,0.646,0.341,5.83466105860353e-12,"RALBP1"
2.82739984672881e-16,1.4965532428569,0.355,0.066,5.85300042271332e-12,"ASUN"
2.87480703145665e-16,1.26083502312309,0.411,0.102,5.95113803581841e-12,"TRAF7"
2.93159438733314e-16,1.32034866258946,0.438,0.124,6.06869354121833e-12,"LTV1"
3.01376829210409e-16,1.01274517820048,0.573,0.235,6.23880174148468e-12,"POP4"
3.03948635531969e-16,0.754202258908858,0.547,0.199,6.29204070414729e-12,"PRKAG1"
3.0671934213859e-16,1.81372098883049,0.367,0.08,6.34939710161096e-12,"TSSC1"
3.24306783536023e-16,1.34071152923927,0.342,0.058,6.71347472597922e-12,"ADCK5"
3.39538336236552e-16,1.36823289671341,0.417,0.106,7.02878309843285e-12,"CCDC130"
3.48125770297066e-16,1.62898216537996,0.293,0.031,7.20655157091956e-12,"HPS4"
3.50164217630996e-16,-2.96734537913906,0.104,0.27,7.24874946917925e-12,"DUSP6"
3.5038194304972e-16,1.72326545170074,0.385,0.093,7.25325660307226e-12,"NUDT1"
3.57451035264878e-16,0.612657249771911,0.783,0.478,7.39959388101823e-12,"NUDT5"
3.60588092216047e-16,-2.2962693991136,0.359,0.5,7.46453409696438e-12,"RHOU"
3.64168388134446e-16,1.86226520133882,0.309,0.04,7.53864980277117e-12,"TAF6"
4.03283554365369e-16,-1.39965202583454,0.657,0.695,8.34837285891751e-12,"TAPBP"
4.03693549379487e-16,0.994898207805304,0.536,0.199,8.35686016570476e-12,"SNRPA1"
4.07339466458079e-16,0.834803585913941,0.775,0.478,8.43233429514869e-12,"HSPB11"
4.07972035453442e-16,1.32242209749811,0.366,0.075,8.4454291059217e-12,"FAM58A"
4.21414673005868e-16,1.30175822655154,0.385,0.088,8.72370514589446e-12,"ZFYVE19"
4.22408199588859e-16,2.82099275913621,0.274,0.022,8.74427213968898e-12,"GALNS"
4.37059727642527e-16,0.782583701767984,0.73,0.425,9.04757342192794e-12,"TGFBI"
4.45104490510006e-16,1.08941091401627,0.488,0.159,9.21410805804763e-12,"TMED1"
4.67577833241291e-16,-1.31568595507602,0.559,0.677,9.67932872592796e-12,"EIF5A"
4.89743573818148e-16,2.01545101966055,0.351,0.071,1.01381817216095e-11,"RP5-940J5.9"
5.00562507348105e-16,1.64692515065088,0.375,0.084,1.03621444646131e-11,"ELP6"
5.0107382215748e-16,0.663757560012197,0.811,0.509,1.0372729192482e-11,"APOA1BP"
5.04332963221375e-16,2.4063791320557,0.283,0.027,1.04401966716457e-11,"PXN-AS1"
5.09110959212348e-16,-0.641031740904975,0.941,0.876,1.05391059666548e-11,"DYNLL1"
5.28962831059726e-16,0.602814782133133,0.889,0.69,1.09500595657674e-11,"TIMM8B"
5.32905126633201e-16,-0.837876452141396,0.902,0.867,1.10316690264339e-11,"ITIH1"
5.37315130700219e-16,0.981296738367444,0.336,0.058,1.11229605206252e-11,"CHD7"
5.42279322418257e-16,1.48047276616191,0.36,0.075,1.12257242533803e-11,"NCAPH2"
5.5841273162808e-16,4.08708793760945,0.263,0.018,1.15597019574329e-11,"AURKA"
5.73493895011053e-16,1.74464540585811,0.316,0.044,1.18718971206238e-11,"CCBL1"
5.75198742715287e-16,0.73667627740607,0.659,0.319,1.19071891729492e-11,"PCCB"
5.85838644291542e-16,0.727677533285981,0.671,0.332,1.21274457754792e-11,"MESDC2"
5.97192770878846e-16,0.870221802504626,0.473,0.155,1.2362487549963e-11,"GTPBP4"
6.24287226745356e-16,0.806329223055497,0.54,0.195,1.29233698808556e-11,"SF3A3"
6.56531494352058e-16,1.32469531058542,0.475,0.159,1.3590858464582e-11,"DCUN1D5"
6.57907732493573e-16,0.929424405625593,0.525,0.186,1.36193479703494e-11,"LARP7"
6.71368329527406e-16,1.14953840787105,0.43,0.124,1.38979957895468e-11,"GAR1"
6.84578480835858e-16,1.47321208884305,0.291,0.031,1.41714591317831e-11,"CCDC71"
7.24463371837274e-16,0.66994862185835,0.664,0.332,1.49971162604034e-11,"DARS"
7.81488377398071e-16,0.856920970563329,0.511,0.181,1.61775909005175e-11,"SCNM1"
7.83889954680699e-16,1.62084301958246,0.328,0.053,1.62273059518452e-11,"AC091729.9"
7.889920434119e-16,0.939689056297513,0.482,0.159,1.63329242906697e-11,"CHCHD3"
8.04442151069314e-16,1.67728888728076,0.33,0.053,1.66527569692859e-11,"RP11-49I11.1"
8.18192360076389e-16,1.67464885600428,0.335,0.058,1.69374000459413e-11,"LSS"
8.2977384345573e-16,0.840604121112596,0.494,0.164,1.71771483333771e-11,"EMC8"
8.91623200179291e-16,-3.21610131874215,0.1,0.261,1.84574918669115e-11,"LINC00844"
8.92971369865012e-16,0.696678881256105,0.475,0.155,1.84854003275756e-11,"TYW3"
9.08561036449722e-16,0.691440061138575,0.849,0.562,1.88081220155457e-11,"SDHB"
9.08850631741028e-16,-0.86206658843392,0.917,0.889,1.8814116927671e-11,"MYL12A"
9.38050117876246e-16,0.532007858932449,0.92,0.761,1.94185754901562e-11,"POLR2F"
9.44752655239311e-16,1.08586876957532,0.513,0.181,1.9557324716109e-11,"MAN1B1"
9.68249398234841e-16,0.946410925148279,0.541,0.199,2.00437307928594e-11,"SLC38A10"
9.72085014997302e-16,0.532116085525761,0.816,0.549,2.01231318954592e-11,"C19orf70"
9.81347107270444e-16,2.52403756424054,0.31,0.049,2.03148664676055e-11,"MCM5"
9.88437331682781e-16,-1.30272191426212,0.663,0.717,2.04616412031652e-11,"FAM177A1"
1.00350906052848e-15,0.926564031378307,0.357,0.075,2.07736410620002e-11,"NIPA2"
1.01035177632923e-15,0.808801943480697,0.545,0.208,2.09152921217913e-11,"MLST8"
1.02194129023992e-15,0.686125432777435,0.426,0.115,2.11552066492565e-11,"FLOT2"
1.02781080119678e-15,0.754296403869832,0.618,0.279,2.12767113955745e-11,"ZCCHC10"
1.03549278221482e-15,0.663675702531055,0.796,0.535,2.14357360846289e-11,"UQCRFS1"
1.05368629109595e-15,0.825267114645531,0.511,0.181,2.18123599119773e-11,"SLC25A26"
1.0558298270549e-15,1.53130870521549,0.391,0.097,2.18567332498634e-11,"TRIB3"
1.09055706353633e-15,0.827739768929666,0.703,0.376,2.25756217722656e-11,"PPP2R1A"
1.09341391010783e-15,0.431961131073841,0.865,0.593,2.26347613531422e-11,"SEC11C"
1.15976043799859e-15,0.674627440023948,0.604,0.261,2.40082008270089e-11,"ERGIC2"
1.20567899503573e-15,-0.733687840557038,0.853,0.863,2.49587608762346e-11,"ARL6IP1"
1.21924398517739e-15,2.36525280220821,0.279,0.027,2.52395697371571e-11,"ZNRF3"
1.2303034574261e-15,1.45774351799303,0.361,0.08,2.54685118721777e-11,"AC098973.2"
1.2415599471887e-15,-1.44647222416918,0.638,0.664,2.57015324667533e-11,"FDX1"
1.25763651133496e-15,3.00093736350416,0.261,0.018,2.6034333421145e-11,"XYLT2"
1.26147695312627e-15,0.58780554889707,0.78,0.478,2.61138344066669e-11,"NDUFA10"
1.30334111831734e-15,0.595596727194103,0.438,0.124,2.69804644902872e-11,"MAP7D1"
1.30487733956117e-15,1.49312368367411,0.332,0.058,2.70122658062557e-11,"CPSF3"
1.30883271408562e-15,0.748686627673577,0.591,0.252,2.70941460142864e-11,"BAG6"
1.31764558666173e-15,0.840279981571255,0.708,0.381,2.72765812894845e-11,"TCEAL4"
1.32216529488153e-15,3.76841889452897,0.25,0.013,2.73701437693425e-11,"CTD-3065J16.9"
1.32510608359018e-15,0.923759749979959,0.43,0.119,2.74310210364003e-11,"DYNC1LI1"
1.33816445793718e-15,2.63213930935896,0.27,0.022,2.77013424437575e-11,"TMEM44-AS1"
1.35658992251354e-15,-2.72578381679563,0.134,0.305,2.80827679859527e-11,"N4BP2L1"
1.3797295185973e-15,0.949486751327946,0.517,0.195,2.85617807644828e-11,"FBXO2"
1.40992777695637e-15,2.12717533614917,0.284,0.031,2.91869149107738e-11,"TBC1D16"
1.45253888132766e-15,1.5198105726124,0.396,0.106,3.00690073823638e-11,"PKLR"
1.45790269406399e-15,1.23052088409804,0.406,0.106,3.01800436698187e-11,"RP11-660L16.2"
1.46721374815452e-15,1.21694859054186,0.368,0.08,3.03727918005466e-11,"LINC01184"
1.51587099197218e-15,2.17776824672138,0.312,0.049,3.13800454048161e-11,"METTL1"
1.57465661789209e-15,0.817308246165995,0.491,0.168,3.25969666469842e-11,"RBM22"
1.57797916575783e-15,0.6720214284166,0.781,0.451,3.26657467103528e-11,"TPD52"
1.59084391481239e-15,-2.33204111098637,0.232,0.407,3.29320598805312e-11,"MAP1LC3A"
1.67935481204388e-15,1.62737723377533,0.373,0.088,3.47643239641204e-11,"THG1L"
1.71313012809902e-15,0.834731103286575,0.585,0.257,3.54635067817777e-11,"VMA21"
1.76275647092013e-15,1.64383106041121,0.349,0.071,3.64908217045177e-11,"AC009403.2"
1.83065518933644e-15,1.49792428541691,0.4,0.106,3.78963930744537e-11,"TP53RK"
1.84507444042631e-15,1.0753161555409,0.448,0.137,3.8194885991265e-11,"EIF2D"
1.88581985700894e-15,0.807624392937559,0.59,0.248,3.9038356859942e-11,"GNPNAT1"
1.89632585769822e-15,0.457534094187406,0.956,0.819,3.92558415802108e-11,"POMP"
1.89827994638999e-15,1.69084175036056,0.327,0.058,3.92962931702191e-11,"C3orf17"
1.91619424869267e-15,0.888412408773375,0.611,0.288,3.96671371421869e-11,"PPA2"
1.94939815785658e-15,0.932675671429486,0.481,0.164,4.03544912657891e-11,"BCL2L12"
2.12775162608974e-15,0.783007728281043,0.663,0.319,4.40465864116836e-11,"ESF1"
2.15938331887321e-15,1.43209184538473,0.329,0.058,4.47013940839944e-11,"IL1R2"
2.27659822906464e-15,-1.58928984312155,0.609,0.664,4.71278599398671e-11,"ASL"
2.28456079966435e-15,-0.610366476362748,0.901,0.881,4.72926931138516e-11,"ATP5D"
2.33032127421436e-15,0.954320631189977,0.535,0.204,4.82399806975114e-11,"DAG1"
2.33403834455772e-15,0.943625754677133,0.599,0.279,4.83169277706894e-11,"FASTK"
2.3859825158508e-15,0.454657449257209,0.973,0.836,4.93922240606275e-11,"PCBD1"
2.40157733311414e-15,0.902267507671639,0.371,0.084,4.97150523727959e-11,"GPATCH8"
2.454255412201e-15,0.693720834551231,0.537,0.199,5.0805541287973e-11,"DDX27"
2.47596546637413e-15,0.626144514581625,0.746,0.416,5.12549611194109e-11,"TIMM17B"
2.51153613013687e-15,1.63615999228957,0.289,0.035,5.19913094299634e-11,"SPATA20"
2.53410066136683e-15,0.953837740780605,0.525,0.204,5.24584177909548e-11,"SAE1"
2.54695634391636e-15,0.62582684845786,0.777,0.5,5.27245432754125e-11,"PHB2"
2.67234809330649e-15,0.463015932680586,0.464,0.146,5.53202778795377e-11,"NUFIP2"
2.80779573654669e-15,1.42122426410664,0.382,0.093,5.8124179542253e-11,"RRAGD"
2.84729727689588e-15,2.93615946825494,0.263,0.022,5.89419009290217e-11,"COG1"
2.92017448188984e-15,0.793428198554765,0.585,0.252,6.04505319496016e-11,"USP14"
2.9524066740883e-15,0.893449074207541,0.542,0.217,6.11177705603019e-11,"SMARCB1"
3.00779588798159e-15,0.707927654702792,0.475,0.155,6.22643826771069e-11,"SNRNP40"
3.02713004563916e-15,0.61110048460053,0.829,0.544,6.26646190747763e-11,"PSMB9"
3.04678575273627e-15,0.890288655796041,0.522,0.199,6.30715118673936e-11,"HLA-DMB"
3.04713590642747e-15,0.937163024636,0.629,0.31,6.3078760398955e-11,"FIBP"
3.06491074139232e-15,1.44441716107271,0.324,0.058,6.34467172575625e-11,"CDC23"
3.15503694874019e-15,1.59035633826772,0.414,0.124,6.53124198758706e-11,"PNPLA4"
3.21552728349735e-15,-2.83860205099494,0.123,0.288,6.65646302956786e-11,"IL7R"
3.24847896077368e-15,1.47002002281626,0.333,0.062,6.72467629669759e-11,"CTU2"
3.32366996192134e-15,0.953207694324951,0.486,0.168,6.88032918817337e-11,"PPIL3"
3.3406932054631e-15,0.762589177945745,0.334,0.062,6.91556900462917e-11,"LEO1"
3.41263731969618e-15,1.30819402222942,0.384,0.097,7.06450051550307e-11,"SRXN1"
3.47600425727389e-15,-2.66515819882278,0.243,0.412,7.19567641298268e-11,"TACC1"
3.50475731082304e-15,2.45333412672703,0.271,0.027,7.25519810913477e-11,"CTD-3138B18.5"
3.64293851450323e-15,0.842330191587648,0.587,0.261,7.54124701887313e-11,"PIH1D1"
3.66843893299952e-15,1.15614925931597,0.483,0.173,7.59403543520231e-11,"C12orf45"
3.75923978390027e-15,2.18146802634483,0.305,0.049,7.78200227665194e-11,"ACTA2"
3.79901008054042e-15,0.630697270780804,0.425,0.119,7.86433076772672e-11,"CCDC58"
3.8223219886961e-15,0.873075309811814,0.592,0.257,7.91258874879981e-11,"PFDN1"
3.88114034098072e-15,2.3270850605293,0.279,0.031,8.0343486198642e-11,"TRMT61A"
3.92097273240312e-15,0.963501655106383,0.606,0.274,8.1168056533477e-11,"C5orf15"
3.9500579217597e-15,1.58843023390979,0.376,0.093,8.17701490383475e-11,"PUM3"
4.03537025320432e-15,-0.992090592216419,0.845,0.81,8.35361996115826e-11,"CD59"
4.15458339371417e-15,1.24763931929155,0.43,0.128,8.6004030833277e-11,"COA1"
4.39941746947345e-15,1.31931741807921,0.378,0.093,9.107234103557e-11,"BRD9"
4.4599861090403e-15,1.29958295328823,0.355,0.075,9.23261724432432e-11,"CDK5"
4.47576648131272e-15,1.33536904490741,0.371,0.088,9.26528419296547e-11,"USP22"
4.5448023421066e-15,2.7109585735273,0.27,0.027,9.40819532839488e-11,"SRD5A2"
4.58095596791651e-15,2.74421220901017,0.281,0.035,9.48303694918397e-11,"LMNB1"
4.63215439216232e-15,-1.34014413170645,0.646,0.695,9.58902280721522e-11,"ARF6"
4.65368562275312e-15,-0.456844047416253,1,0.996,9.63359460766123e-11,"MT-ND4"
4.76635822491184e-15,-2.68618682342328,0.392,0.513,9.86683816139001e-11,"NEDD9"
4.78200648397337e-15,1.08188986848707,0.506,0.19,9.89923162247327e-11,"ZNF622"
4.81581464419837e-15,1.32567291269493,0.346,0.071,9.96921789495504e-11,"RPS6KB1"
4.88651908690347e-15,2.27542856865616,0.316,0.058,1.01155831617989e-10,"SLC13A3"
4.98626052782157e-15,1.36609051656695,0.365,0.088,1.03220579186434e-10,"PITPNC1"
4.99779857543537e-15,0.860899384580627,0.455,0.142,1.03459428310088e-10,"SDHAF1"
5.03116733809084e-15,0.764260620006038,0.502,0.177,1.04150195065819e-10,"SNW1"
5.17375347000209e-15,1.10832824404728,0.433,0.133,1.07101870582513e-10,"PET117"
5.30759844885785e-15,0.506784961302267,0.431,0.124,1.09872595489806e-10,"CA2"
5.43329111257077e-15,0.54142248827049,0.847,0.597,1.12474559321328e-10,"CNPY2"
5.63032130719303e-15,2.24998069367731,0.27,0.027,1.16553281380203e-10,"ACACA"
5.69353968142328e-15,1.44752629587532,0.34,0.071,1.17861964945143e-10,"MAP1S"
5.75729703618972e-15,0.833635160556689,0.692,0.385,1.19181805946163e-10,"ZNF428"
5.86137088561422e-15,-2.38825374702404,0.271,0.442,1.213362387031e-10,"DUSP2"
5.88353814993254e-15,0.553064685511437,0.58,0.243,1.21795123241754e-10,"VAMP3"
5.91829819090297e-15,1.29348662637627,0.339,0.071,1.22514690849882e-10,"UTP4"
5.9469387183662e-15,-2.49504645217174,0.186,0.358,1.23107578408899e-10,"GNAQ"
6.00344062623986e-15,1.6091823592232,0.33,0.062,1.24277224403791e-10,"FOXK2"
6.09316507386847e-15,2.73845762889944,0.252,0.018,1.26134610194151e-10,"MALL"
6.11233064702625e-15,1.54672058171673,0.313,0.053,1.2653135672409e-10,"PUS1"
6.15094292510935e-15,0.531537886556614,0.603,0.252,1.27330669492689e-10,"AP1M1"
6.21672851341931e-15,0.654170413224104,0.722,0.442,1.28692496956293e-10,"PLPP1"
6.54327855656153e-15,1.05923405584765,0.495,0.181,1.3545240939938e-10,"DNTTIP1"
6.68633638744893e-15,0.890763151456637,0.451,0.146,1.3841384955658e-10,"MVD"
6.68936486949669e-15,-2.01682622540345,0.454,0.562,1.38476542163451e-10,"APP"
6.80975868089002e-15,1.09211303386099,0.547,0.226,1.40968814453104e-10,"NCOA2"
6.81901435181638e-15,0.981920302721565,0.465,0.15,1.41160416096951e-10,"BPTF"
7.16700240315632e-15,0.658842919012936,0.558,0.221,1.48364116747739e-10,"GBA"
7.20222156388941e-15,-2.84605162330423,0.107,0.265,1.49093188594075e-10,"GCH1"
7.32676123886225e-15,0.573464293211322,0.649,0.305,1.51671284405687e-10,"LYRM4"
7.36420727671287e-15,0.541476642243331,0.541,0.221,1.52446454835233e-10,"ODC1"
7.97740542498726e-15,-1.68772270469599,0.573,0.65,1.65140269702661e-10,"DNAJB6"
8.03425194161789e-15,0.512785184263973,0.9,0.699,1.66317049443432e-10,"CNBP"
8.04333116160781e-15,0.970738958945676,0.486,0.173,1.66504998376443e-10,"PRPF38A"
8.16837443253643e-15,1.02547197750279,0.45,0.142,1.69093519127937e-10,"PBDC1"
8.17632052536647e-15,0.778556666077867,0.703,0.372,1.69258011195611e-10,"CHCHD1"
8.35481279669505e-15,-2.453823979085,0.273,0.434,1.72952979704384e-10,"NFKBIZ"
8.51688490032461e-15,0.570301237592271,0.885,0.668,1.7630803432162e-10,"ERGIC3"
8.80626400001345e-15,1.75159892769704,0.319,0.058,1.82298471064279e-10,"UTP15"
8.99795493869388e-15,0.964144753196514,0.623,0.31,1.86266665185902e-10,"NTPCR"
9.06683233739725e-15,1.542993799522,0.312,0.053,1.8769249621646e-10,"FN3K"
9.31107309499258e-15,1.00358909435943,0.394,0.106,1.92748524139441e-10,"ACBD4"
9.39732891740769e-15,0.937073947046358,0.463,0.159,1.94534105919257e-10,"TPGS2"
9.50671160220382e-15,1.33893444247094,0.421,0.128,1.96798436877221e-10,"ABCC2"
9.51300273137177e-15,0.480475183626959,0.906,0.704,1.96928669542127e-10,"LAMTOR2"
9.53172133474896e-15,1.3315163087683,0.372,0.093,1.97316163350638e-10,"EHMT2"
9.94087450546162e-15,-2.61454469785597,0.114,0.274,2.05786043137561e-10,"UBXN8"
1.00219483229074e-14,1.62340450356874,0.326,0.062,2.07464352232507e-10,"TMEM177"
1.0186515680863e-14,2.36669827756078,0.266,0.027,2.10871061109544e-10,"POLG2"
1.02152830955087e-14,0.803649354538637,0.488,0.173,2.11466575360125e-10,"MAP4"
1.02388122590119e-14,1.51815891439273,0.299,0.044,2.11953652573805e-10,"PIGV"
1.04691878551796e-14,1.52986939580571,0.326,0.062,2.16722657790073e-10,"WDR5"
1.05081965982751e-14,-0.626900543614462,0.857,0.827,2.17530177780894e-10,"SRP9"
1.06470796528415e-14,0.364980003834029,0.999,0.942,2.20405195893471e-10,"EPHX1"
1.06598689586083e-14,0.768650030205931,0.787,0.496,2.20669947312151e-10,"FBL"
1.07921807815292e-14,0.636668536674524,0.397,0.111,2.23408934358436e-10,"NAA15"
1.08232585288316e-14,1.69659293717217,0.31,0.053,2.24052274805343e-10,"RIOK1"
1.11283954295487e-14,1.01155555581215,0.499,0.181,2.30368913787087e-10,"ZNF277"
1.16502339541572e-14,1.62639928177663,0.309,0.053,2.41171493085009e-10,"CCDC127"
1.18935703509472e-14,0.773390358566737,0.476,0.159,2.46208799834959e-10,"MED13"
1.26472501499515e-14,1.1246717094725,0.475,0.168,2.61810725354146e-10,"PXMP4"
1.27620910485443e-14,-0.854242224584038,0.845,0.783,2.64188046795916e-10,"PET100"
1.32603827832176e-14,1.20493501048337,0.478,0.173,2.74503183995387e-10,"FARSA"
1.35936831429595e-14,0.675061179748784,0.573,0.248,2.81402834742404e-10,"ACO2"
1.36687661816004e-14,0.710313703400749,0.725,0.398,2.8295712872531e-10,"MRPL43"
1.3814782399774e-14,-2.41998991221075,0.162,0.332,2.85979810457721e-10,"CNKSR3"
1.39080579922768e-14,0.444867358949451,0.949,0.801,2.87910708498122e-10,"SLC25A3"
1.45250941958185e-14,1.03317642633263,0.389,0.102,3.00683974947638e-10,"CEP63"
1.5246370463584e-14,0.770836963066229,0.677,0.367,3.15615114966652e-10,"HADH"
1.52688422921925e-14,0.741600871227945,0.574,0.261,3.16080304290677e-10,"SMIM12"
1.53425445209857e-14,1.13515258758353,0.429,0.137,3.17606014128925e-10,"SURF6"
1.57554700757495e-14,1.43280983544284,0.367,0.088,3.26153986038091e-10,"MRGBP"
1.60001234935456e-14,-2.83250766204099,0.199,0.367,3.31218556439887e-10,"COTL1"
1.69666633876693e-14,0.652660630154202,0.836,0.619,3.51226898788142e-10,"NONO"
1.70623943849877e-14,1.12652546275484,0.391,0.106,3.53208626163631e-10,"MRRF"
1.70889575695087e-14,0.870124360935259,0.515,0.199,3.53758510646399e-10,"AARS"
1.86082912718821e-14,1.65424529234023,0.288,0.04,3.85210237619231e-10,"TRIM37"
1.93461127022314e-14,0.854354920489532,0.46,0.15,4.00483879048893e-10,"TMEM115"
1.99196643630813e-14,1.52159673272052,0.316,0.058,4.12356971980146e-10,"ICMT"
2.0056065611257e-14,1.05551033263926,0.504,0.19,4.15180614218631e-10,"PLA2G12A"
2.02198383381657e-14,0.963634414029201,0.459,0.155,4.18570873438369e-10,"NPLOC4"
2.03946603578615e-14,0.606015632556351,0.825,0.54,4.22189864068092e-10,"MEAF6"
2.04412195885352e-14,0.78350227891394,0.727,0.412,4.23153686702267e-10,"RNF114"
2.0602670526617e-14,0.976486557548158,0.514,0.199,4.26495882571498e-10,"CPPED1"
2.07345291370993e-14,0.990730150919396,0.414,0.124,4.29225487667093e-10,"ACAD9"
2.08278342045035e-14,1.0672980182645,0.4,0.115,4.31156995867427e-10,"GRWD1"
2.09469969941304e-14,1.32183377238882,0.292,0.044,4.33623784775493e-10,"GS1-124K5.4"
2.11368069127971e-14,1.37785695579191,0.286,0.04,4.37553039901813e-10,"EXOSC2"
2.29307434527057e-14,0.698737924257219,0.703,0.385,4.7468932021446e-10,"KHDRBS1"
2.3071128668479e-14,0.667744336141848,0.571,0.239,4.77595434566183e-10,"RPF1"
2.31107141564831e-14,-0.486690543573443,1,0.996,4.78414893753357e-10,"RPS29"
2.36199648009356e-14,1.71487744227525,0.325,0.066,4.88956891344168e-10,"NACC1"
2.4148889087093e-14,2.31134731244433,0.259,0.027,4.99906152991913e-10,"TMPRSS3"
2.59404331829369e-14,0.972788560766772,0.448,0.15,5.36992907319978e-10,"UBXN2B"
2.68143518505208e-14,1.04376260501631,0.38,0.097,5.55083897657631e-10,"NPRL2"
2.68675255938751e-14,1.30179658152561,0.426,0.137,5.56184647318809e-10,"SLC12A7"
2.74339327251523e-14,0.778690815705803,0.563,0.23,5.67909841343377e-10,"SZRD1"
2.79635097480933e-14,0.66635380906641,0.503,0.186,5.78872615295279e-10,"SDHAF3"
2.82008595614934e-14,0.765931686141341,0.679,0.358,5.83785993782474e-10,"GGCT"
2.82555214068127e-14,2.13031432902026,0.258,0.027,5.84917548642429e-10,"NDC1"
2.84745760113498e-14,1.10383611802909,0.397,0.111,5.89452198010952e-10,"PNMA6A"
2.86045831517422e-14,-2.20409032345267,0.265,0.429,5.92143475824215e-10,"GOLGA7"
2.86692367136835e-14,0.679332729212562,0.46,0.159,5.93481869209963e-10,"HDDC2"
2.97830742940678e-14,0.773626682909544,0.597,0.274,6.16539420961499e-10,"DENR"
3.01145497978893e-14,1.77091105673217,0.282,0.04,6.23401295366107e-10,"ADAL"
3.02766768785185e-14,0.52961793051622,0.902,0.699,6.26757488062212e-10,"PSMB7"
3.0483306835387e-14,1.01814342905656,0.4,0.115,6.31034934799347e-10,"ZNF581"
3.10985702716148e-14,-1.34234020111937,0.625,0.668,6.43771503192699e-10,"SBDS"
3.13399642010511e-14,0.979370815441138,0.417,0.124,6.48768598925959e-10,"FAM134C"
3.19339301851148e-14,-0.490292942190328,0.99,0.947,6.61064288762062e-10,"KNG1"
3.22478183411398e-14,0.966857166452643,0.526,0.208,6.67562087479935e-10,"RP11-295G20.2"
3.26248958470438e-14,0.68400892589076,0.51,0.199,6.75367968929654e-10,"TMA16"
3.27210552444791e-14,-1.60676618637755,0.508,0.597,6.77358564615961e-10,"SLC38A3"
3.29918814499892e-14,0.992856605978614,0.481,0.173,6.82964937896227e-10,"IFT27"
3.38937171695252e-14,1.31515653916304,0.339,0.075,7.01633839126341e-10,"SEC22C"
3.413245419384e-14,0.95312138099401,0.403,0.115,7.06575934266682e-10,"ZNF652"
3.42717936774201e-14,-0.967343132447161,0.751,0.765,7.09460400916274e-10,"ACAA2"
3.50571124374499e-14,1.15935912235354,0.463,0.164,7.25717284567651e-10,"CYB561D2"
3.52410821336001e-14,0.768800117330703,0.538,0.212,7.29525641247656e-10,"COMMD2"
3.54861750032475e-14,2.61160849737923,0.262,0.031,7.34599308742226e-10,"LDLRAD1"
3.56340338792094e-14,0.823475062483719,0.521,0.195,7.37660135333514e-10,"SYS1"
3.58559412769751e-14,0.847674391184003,0.439,0.146,7.42253840374662e-10,"MTFP1"
3.60544967038528e-14,1.01464824366517,0.431,0.137,7.46364136266457e-10,"PACSIN2"
3.61460086459235e-14,0.687296095734288,0.663,0.327,7.48258524979263e-10,"MID1IP1"
3.62119646204966e-14,2.00797962140894,0.296,0.049,7.496238796089e-10,"LINC00649"
3.63212251521998e-14,0.635767182861827,0.775,0.482,7.51885681875688e-10,"MRPS36"
3.68668379977178e-14,0.560023345331979,0.842,0.593,7.63180413390755e-10,"TMEM208"
3.69851331182289e-14,0.643799684076245,0.716,0.416,7.65629240680457e-10,"DDX21"
3.73474610872482e-14,0.974054548636289,0.394,0.111,7.73129791967126e-10,"HIST1H2BD"
3.75907418650595e-14,-1.83960779187924,0.555,0.611,7.78165947348598e-10,"TOR1AIP2"
3.90618291857026e-14,0.77043593941514,0.54,0.212,8.08618925973229e-10,"TWF2"
4.03266953024764e-14,1.26898240025376,0.394,0.111,8.34802919456563e-10,"TBC1D7"
4.21974004181875e-14,0.964364571132439,0.4,0.111,8.735283860569e-10,"TUBGCP2"
4.36502273714358e-14,1.16412094980606,0.44,0.142,9.03603356816093e-10,"ACOT8"
4.38586315577091e-14,1.2237116242049,0.398,0.115,9.07917531876137e-10,"NGLY1"
4.54676086986804e-14,0.806037463338412,0.497,0.186,9.41224967671382e-10,"EIF2B5"
4.58665689708469e-14,-1.87816647570944,0.43,0.54,9.49483844265503e-10,"CLDN7"
4.64880929807452e-14,0.776418289218615,0.604,0.279,9.62350012794406e-10,"NOP58"
4.7117597562011e-14,-0.961548711202654,0.725,0.743,9.75381387131189e-10,"EIF4G2"
4.84854538677211e-14,1.58543046076052,0.295,0.049,1.00369738051569e-09,"FOLR2"
4.86087293567378e-14,1.35154460594021,0.324,0.066,1.00624930641383e-09,"MTSS1L"
4.87928626053877e-14,1.0944157318254,0.323,0.066,1.01006104879413e-09,"SHISA4"
5.30674072160997e-14,1.95535065603447,0.271,0.035,1.09854839678048e-09,"LIG3"
5.34214869809022e-14,1.23965844044152,0.386,0.106,1.10587820199166e-09,"ARFGEF1"
5.55168532690754e-14,-1.66144900923097,0.449,0.562,1.14925437952313e-09,"NFIA"
5.66002196864772e-14,1.42034904505098,0.394,0.119,1.17168114772976e-09,"RRP36"
5.95444660436643e-14,1.88053959711477,0.293,0.049,1.23262999156989e-09,"TYSND1"
6.01854920558541e-14,1.58648019047917,0.258,0.027,1.24589987104824e-09,"ZNF579"
6.07019283313969e-14,0.515828611326996,0.869,0.659,1.25659061838825e-09,"HINT2"
6.16291457961242e-14,1.17119388271769,0.33,0.071,1.27578494712557e-09,"FARS2"
6.37187881726699e-14,1.73055542214666,0.32,0.066,1.31904263396244e-09,"TFB1M"
6.42140133997461e-14,0.612114399410421,0.508,0.195,1.32929429138814e-09,"CFAP20"
6.63437430531499e-14,-1.22916274484327,0.641,0.673,1.37338182494326e-09,"ESPN"
6.80453209271204e-14,0.547446208518234,0.889,0.677,1.40860618851232e-09,"TRAM1"
6.92551831162014e-14,0.801957652079874,0.7,0.394,1.43365154568849e-09,"METTL7B"
7.1682822639406e-14,1.60834316140231,0.299,0.053,1.48390611145834e-09,"NOP2"
7.25759020508212e-14,0.512233245812579,0.848,0.593,1.50239374835405e-09,"COX14"
7.47230046762966e-14,0.860209963610482,0.505,0.195,1.54684091980402e-09,"PPID"
7.51043396440585e-14,0.608936618373066,0.318,0.062,1.55473493497165e-09,"MSTO1"
7.51142708605153e-14,1.23056272739121,0.653,0.336,1.55494052108353e-09,"CKS2"
7.62441426539687e-14,1.03395605485266,0.518,0.226,1.57832999707981e-09,"ACOX2"
8.08995725514034e-14,0.661765073650044,0.412,0.119,1.6747020513866e-09,"ROGDI"
8.13128183418722e-14,0.870613440399226,0.483,0.181,1.6832566524951e-09,"LRRC47"
8.72712191153167e-14,-0.500516867084034,0.977,0.947,1.80660150690617e-09,"TMEM176B"
8.83953488200004e-14,0.989106724248399,0.342,0.08,1.82987211592283e-09,"APPBP2"
8.94562055797477e-14,0.795051633168271,0.611,0.292,1.85183291170636e-09,"DPH3"
8.96480710440079e-14,1.19815221562542,0.336,0.075,1.85580471868201e-09,"UNC45A"
8.98284909961325e-14,2.57617856820779,0.258,0.031,1.85953959211094e-09,"CTD-2020K17.4"
9.0733517072815e-14,1.4937160067379,0.34,0.08,1.87827453692434e-09,"SRRD"
9.17386965467063e-14,1.32032319417829,0.385,0.111,1.89908275721337e-09,"RFNG"
9.50162175284024e-14,0.931535685178571,0.356,0.088,1.96693071905546e-09,"GTF3C5"
9.53432502190381e-14,-2.92299410625319,0.26,0.438,1.97370062278431e-09,"CYP3A4"
9.68407729530916e-14,0.633346827771151,0.84,0.602,2.00470084090195e-09,"NDUFA12"
9.95506604327226e-14,0.496110230079178,0.513,0.195,2.06079822161779e-09,"IP6K2"
1.00130708759763e-13,1.34523275968901,0.387,0.111,2.07280580203585e-09,"RPP38"
1.00206729478961e-13,1.26877666363099,0.32,0.066,2.07437950694398e-09,"FTSJ2"
1.06233977632471e-13,0.411362668393236,0.934,0.788,2.19914957096977e-09,"ZFAND5"
1.07525504609434e-13,1.33500051766961,0.253,0.027,2.22588547091988e-09,"ZBTB17"
1.07630868860351e-13,0.718938710260604,0.75,0.451,2.22806661627813e-09,"PSMD14"
1.08707101439185e-13,0.644187728251207,0.704,0.42,2.25034570689257e-09,"UROD"
1.09081413098906e-13,0.730291127172122,0.431,0.137,2.25809433256045e-09,"DMAP1"
1.12035436699149e-13,0.651051198540897,0.702,0.403,2.31924557510908e-09,"C8orf82"
1.12568441773124e-13,0.917754776061447,0.372,0.097,2.33027931314545e-09,"BDH2"
1.14150675228584e-13,0.822167812730056,0.36,0.088,2.36303312790691e-09,"AAAS"
1.16765915250109e-13,-2.44340038342872,0.153,0.314,2.41717121159252e-09,"GPLD1"
1.1699195493018e-13,-0.926676088754793,0.836,0.823,2.42185045900966e-09,"RTN4"
1.20296056973116e-13,3.15096825865895,0.258,0.035,2.49024867540048e-09,"GINS2"
1.21856063047654e-13,2.11945888182892,0.286,0.049,2.52254236114948e-09,"PRIM1"
1.25746282773361e-13,1.8461936919605,0.267,0.035,2.60307379969134e-09,"FEN1"
1.29986719214188e-13,-2.27804148930225,0.306,0.451,2.6908550744529e-09,"DCAF11"
1.30707043723239e-13,1.07645715478342,0.399,0.119,2.70576651211477e-09,"RMND1"
1.33094496618317e-13,0.833594666729107,0.498,0.195,2.75518917449578e-09,"SIKE1"
1.33379787212715e-13,2.24351666259164,0.266,0.035,2.76109497509042e-09,"SYNRG"
1.36805687885945e-13,0.838386993970639,0.592,0.27,2.83201454492695e-09,"DRAM2"
1.37409356844517e-13,0.555791684855094,0.91,0.735,2.84451109603835e-09,"SF3B6"
1.45189138435698e-13,0.925050582543842,0.462,0.168,3.00556035475738e-09,"TMEM203"
1.46991008159653e-13,1.02548040482899,0.4,0.119,3.04286085991297e-09,"HRAS"
1.48111905296334e-13,0.486147854941718,0.924,0.748,3.06606455153942e-09,"ARPC3"
1.53523051252656e-13,0.854242108675134,0.57,0.261,3.17808068398122e-09,"RPL7L1"
1.53777822526396e-13,0.683319252934682,0.619,0.296,3.18335470411891e-09,"NUDT16L1"
1.54311737109843e-13,1.7320894455625,0.274,0.04,3.19440726991087e-09,"OBFC1"
1.56402654782697e-13,1.35494971555359,0.347,0.084,3.23769135665661e-09,"RIOK2"
1.57118274452137e-13,-1.52549833483089,0.625,0.659,3.25250539943368e-09,"A2M"
1.58724182683008e-13,0.399450754711338,0.972,0.845,3.28574930572094e-09,"TMEM258"
1.63224489561195e-13,0.959387716961431,0.436,0.146,3.3789101584063e-09,"C1orf50"
1.6497827439055e-13,2.08457556876772,0.25,0.027,3.41521525815877e-09,"MLLT6"
1.65751829896043e-13,-2.00532017094545,0.314,0.46,3.43122863067798e-09,"CCDC25"
1.66397195849637e-13,1.14070155567335,0.354,0.093,3.44458835128334e-09,"DNMT1"
1.68326307097868e-13,1.20357707080407,0.305,0.058,3.48452288323297e-09,"PIGBOS1"
1.69932438143956e-13,1.6875209505003,0.301,0.058,3.51777140201803e-09,"AFP"
1.80276117176428e-13,1.46704771947139,0.288,0.049,3.73189590166923e-09,"ARL17A"
1.80478851936587e-13,0.61071153988764,0.802,0.558,3.73609271393929e-09,"TFG"
1.80648276839285e-13,0.767495643832736,0.676,0.363,3.73959997885004e-09,"TMEM126A"
1.86626994560974e-13,1.32253988795937,0.334,0.08,3.86336541440672e-09,"DALRD3"
1.89416504635807e-13,0.775734189812419,0.548,0.235,3.92111106246584e-09,"CDC26"
1.91903133206774e-13,0.713833630381299,0.709,0.412,3.97258676051342e-09,"MRPS5"
2.00050155365782e-13,-1.70566875771294,0.478,0.575,4.14123826622706e-09,"SLC40A1"
2.00974364376101e-13,0.513429921403872,0.831,0.549,4.16037031694966e-09,"CCNG1"
2.03311726456392e-13,0.418206222071203,0.983,0.907,4.20875604937377e-09,"HSPA8"
2.0528497434751e-13,0.893475576685241,0.433,0.15,4.2496042539678e-09,"SMARCA4"
2.08951145766361e-13,0.731286260226782,0.666,0.35,4.32549766850944e-09,"TOMM5"
2.09224737476103e-13,0.480191600101594,0.929,0.721,4.33116129049281e-09,"CSTB"
2.11675689360708e-13,0.910473839026504,0.393,0.115,4.38189844545601e-09,"MPV17"
2.15293534987079e-13,0.922997291632383,0.465,0.168,4.45679146776752e-09,"BRE"
2.20737469357617e-13,0.931470582905918,0.355,0.088,4.56948635317202e-09,"MSL1"
2.21079480077285e-13,0.749999121367581,0.568,0.257,4.57656631707987e-09,"CYP4F2"
2.24153109126861e-13,0.888337649714629,0.538,0.235,4.64019351203516e-09,"PHGDH"
2.32408486503795e-13,0.795920158175385,0.62,0.31,4.81108807911506e-09,"TPRKB"
2.33453021032968e-13,1.1192977656551,0.433,0.15,4.83271098840348e-09,"NSDHL"
2.46082082778087e-13,0.419795521600527,0.559,0.252,5.09414519558918e-09,"CCND1"
2.50523700875232e-13,-1.62776620718989,0.429,0.54,5.18609113181819e-09,"GUSB"
2.56973770589569e-13,1.13257341237193,0.326,0.075,5.31961402497467e-09,"BAP1"
2.59258605212419e-13,0.83075976068178,0.504,0.199,5.36691238650229e-09,"LETMD1"
2.60184506638408e-13,0.55646567251474,0.826,0.562,5.38607947192168e-09,"UBXN1"
2.62082419572057e-13,1.61275393354422,0.318,0.071,5.42536816756115e-09,"ABCF2"
2.63085913900107e-13,-0.753543343779383,0.885,0.823,5.44614150364612e-09,"KDELR2"
2.64619271523731e-13,1.1233727712592,0.345,0.084,5.47788353981276e-09,"WDYHV1"
2.67094131192307e-13,0.634096243242689,0.668,0.372,5.52911560981196e-09,"EWSR1"
2.72426599717581e-13,0.923688409743852,0.398,0.119,5.63950304075364e-09,"ACBD6"
2.72587584460784e-13,0.605884789257114,0.384,0.106,5.64283558592268e-09,"FDX1L"
2.75392563427962e-13,0.661959099258992,0.523,0.217,5.70090145552225e-09,"URM1"
2.77508114565526e-13,0.804799455111849,0.459,0.164,5.74469547962095e-09,"LINC00667"
2.77756317986056e-13,1.67755136196127,0.278,0.044,5.74983353862934e-09,"PDCD2L"
2.84345845325871e-13,2.12961978747922,0.268,0.04,5.88624334409085e-09,"MKRN2"
2.86209273199791e-13,0.725271572140435,0.442,0.146,5.92481816450888e-09,"PRMT2"
2.86939096321902e-13,0.630548072222873,0.708,0.412,5.93992623295969e-09,"STIP1"
2.88146305776826e-13,1.05353952788612,0.372,0.106,5.96491667588607e-09,"ANXA9"
2.89243341971753e-13,1.20132069149171,0.264,0.035,5.98762642215725e-09,"EXOSC9"
3.00867365123425e-13,-2.22903912482533,0.295,0.438,6.22825532542001e-09,"F11R"
3.0283724707524e-13,0.647628388317274,0.575,0.248,6.26903385170454e-09,"FRG1"
3.03281621204941e-13,0.497944384180839,0.709,0.376,6.27823284056349e-09,"MCTS1"
3.04098876175072e-13,0.742039865825758,0.506,0.199,6.29515083570016e-09,"STAMBP"
3.06829809309762e-13,1.03353971163209,0.39,0.119,6.35168388252138e-09,"PYCR2"
3.09629904487309e-13,0.661704183831077,0.595,0.274,6.40964865279179e-09,"HSBP1L1"
3.20338324160085e-13,0.928478134806731,0.563,0.252,6.63132364843792e-09,"PSMG3"
3.2314665459266e-13,-1.26215937375706,0.666,0.664,6.68945889672265e-09,"C8B"
3.31220903758922e-13,0.489556894926723,0.727,0.42,6.85660392871345e-09,"HMGCL"
3.41936464997576e-13,0.474057336316368,0.681,0.372,7.07842676191482e-09,"CCDC85B"
3.50872497639455e-13,0.497297165750077,0.868,0.668,7.26341157363437e-09,"MRFAP1"
3.56104001863417e-13,1.48913404881019,0.298,0.058,7.3717089425746e-09,"SLC7A6OS"
3.60841236902987e-13,1.36493069473621,0.298,0.058,7.46977444512873e-09,"RPUSD4"
3.74697155146456e-13,1.21858518805391,0.326,0.075,7.75660580868678e-09,"NOA1"
3.79399701396216e-13,0.579219455901549,0.607,0.288,7.85395321860307e-09,"MRPL16"
3.86753509974632e-13,0.847587064387339,0.514,0.212,8.00618440998485e-09,"FGFR4"
3.9939023093487e-13,0.797651363194984,0.58,0.265,8.26777717058274e-09,"C1orf123"
4.0001233407931e-13,0.696080677524954,0.536,0.226,8.2806553277758e-09,"GSTM4"
4.00120934550633e-13,1.14425859779338,0.306,0.062,8.28290346613265e-09,"TEX2"
4.10358666649332e-13,-2.61115979169618,0.215,0.376,8.49483475830782e-09,"CCL5"
4.16950571389724e-13,-2.24188146500675,0.287,0.434,8.63129377833868e-09,"SLC39A14"
4.22129673322278e-13,1.04275569435103,0.483,0.195,8.73850636744448e-09,"RTCA"
4.3341233869962e-13,2.22813208850106,0.265,0.04,8.97206882342084e-09,"OTUD6B"
4.40364415202961e-13,1.35202659180133,0.318,0.071,9.11598375911649e-09,"ZNF626"
4.42739463332486e-13,0.660739533416957,0.619,0.301,9.16514963044579e-09,"SS18L2"
4.42894773426572e-13,1.294232873,0.371,0.106,9.16836470470347e-09,"RAB24"
4.48513023642098e-13,0.644174320750445,0.675,0.385,9.28466810241506e-09,"FAM173A"
4.49979159285759e-13,0.848564419310406,0.564,0.257,9.3150185763745e-09,"HCFC1R1"
4.60304382447324e-13,0.747861023205218,0.53,0.221,9.52876102104206e-09,"SNAPIN"
4.69272206687251e-13,-1.82151120311464,0.406,0.518,9.71440395063279e-09,"ENTPD5"
4.71164330809078e-13,0.781686241531191,0.506,0.208,9.75357281207872e-09,"COMMD10"
4.86256550756579e-13,1.91584571353113,0.251,0.031,1.00659968572119e-08,"TTF1"
5.12216064611015e-13,1.445771007348,0.286,0.053,1.06033847535126e-08,"UNK"
5.20217640969757e-13,0.625741777588039,0.662,0.372,1.07690253857149e-08,"PSMD6"
5.31457885528157e-13,0.96197929338819,0.356,0.097,1.10017096883184e-08,"MED7"
5.3347100926314e-13,-2.39111314441569,0.206,0.363,1.10433833627563e-08,"TMEM45A"
5.3713798653793e-13,1.54574431412274,0.308,0.066,1.11192934593217e-08,"CDK5RAP1"
5.37608751455004e-13,0.689568281818757,0.524,0.212,1.112903876387e-08,"SMUG1"
5.57286029575225e-13,0.673504674237163,0.765,0.478,1.15363780982367e-08,"ZC3H15"
5.63955213252785e-13,1.40822083710481,0.329,0.08,1.16744368695459e-08,"ZNF639"
5.6845314447225e-13,1.03850237927168,0.338,0.084,1.176754854372e-08,"FADD"
5.71408958635535e-13,-1.34269514865973,0.731,0.717,1.18287368527142e-08,"PPDPF"
5.84800496756229e-13,0.806455675252468,0.533,0.23,1.21059550833507e-08,"DYNLL2"
5.92955015061909e-13,1.0430142066011,0.514,0.23,1.22747617667966e-08,"DIAPH1"
6.04646593937449e-13,0.981482287217284,0.541,0.252,1.25167891410991e-08,"ABCC3"
6.17639113615916e-13,0.872756846946939,0.359,0.097,1.27857472909631e-08,"CLN6"
6.21611271984869e-13,0.697020047394887,0.579,0.261,1.28679749413588e-08,"MTHFD1"
6.31354465595186e-13,-1.93821871941006,0.416,0.531,1.30696687922859e-08,"B4GALT1"
6.3458346363368e-13,0.528534053992593,0.75,0.425,1.31365122806808e-08,"ANAPC13"
6.43676005713767e-13,0.529286924737155,0.766,0.496,1.33247369942807e-08,"VIMP"
6.55568444005132e-13,0.446146670311367,0.924,0.743,1.35709223593502e-08,"HNRNPC"
6.78090979016068e-13,1.18480618209265,0.369,0.106,1.40371613566116e-08,"ABCA8"
7.06325096776357e-13,1.36421297170027,0.33,0.08,1.46216358283674e-08,"DHDDS"
7.16800959022714e-13,1.34952757030174,0.337,0.084,1.48384966527292e-08,"TTC9C"
7.31036503954768e-13,0.937639989244343,0.429,0.146,1.51331866683676e-08,"MTIF2"
7.37752344928569e-13,-0.669072762161113,0.921,0.854,1.52722112923663e-08,"PTP4A1"
7.4937948271525e-13,0.934369143234261,0.455,0.168,1.55129046716884e-08,"PPARA"
7.74500712204095e-13,0.737872942129173,0.493,0.195,1.6032939243337e-08,"SRPK1"
7.8013221435669e-13,0.772414696079127,0.569,0.252,1.61495169693978e-08,"OGFR"
7.9306308087609e-13,2.03592543808776,0.261,0.04,1.64171988372159e-08,"KNSTRN"
8.13329610243367e-13,0.734833935707511,0.379,0.111,1.68367362616479e-08,"MAFG"
8.17291539134212e-13,0.749592282808512,0.378,0.111,1.69187521516173e-08,"RMND5B"
8.26155632015233e-13,0.545673566636179,0.915,0.743,1.71022477383473e-08,"CYP27A1"
8.5897024469384e-13,1.00268542259879,0.479,0.186,1.77815430354072e-08,"COMTD1"
8.62256718194583e-13,-2.51528195941004,0.132,0.283,1.78495763233461e-08,"CLEC2B"
9.26483855394427e-13,1.05628215201123,0.348,0.093,1.917914229052e-08,"PGAP2"
9.31189630897619e-13,0.884805796810552,0.355,0.097,1.92765565492116e-08,"FAF2"
9.61246740931754e-13,1.0619051976957,0.328,0.08,1.98987687840282e-08,"APOO"
9.74664145949008e-13,1.18747060017339,0.395,0.124,2.01765224852904e-08,"FOXRED1"
9.78112086727071e-13,0.482291229319917,0.679,0.389,2.02478983073371e-08,"SIGIRR"
9.94689435484779e-13,1.19014035853137,0.322,0.08,2.05910660039704e-08,"BRD8"
1.01540305431888e-12,0.70508269256271,0.438,0.15,2.10198586274551e-08,"CFAP97"
1.03438585027679e-12,0.972508978202742,0.348,0.093,2.14128214865799e-08,"SRFBP1"
1.04731123156065e-12,-2.22108786297573,0.303,0.434,2.16803898045369e-08,"APOL6"
1.05421289158801e-12,0.688585111307638,0.376,0.111,2.18232610687634e-08,"DEF8"
1.07283415556468e-12,1.44114164856523,0.35,0.097,2.22087398543444e-08,"ZNF576"
1.08458905444959e-12,1.61671579734213,0.281,0.053,2.24520780161609e-08,"NARS2"
1.09041115421215e-12,0.73850941237247,0.511,0.212,2.25726013033458e-08,"RING1"
1.1203129773905e-12,0.777491462381298,0.522,0.226,2.31915989449608e-08,"PHF14"
1.1302029852156e-12,-2.40771447521675,0.178,0.336,2.33963319969482e-08,"SKIL"
1.22288981646514e-12,0.50140705857519,0.676,0.372,2.53150420906449e-08,"ZNF207"
1.24465394128077e-12,-2.19667530860557,0.348,0.478,2.57655812384532e-08,"SERPINH1"
1.24827560351743e-12,0.894609691368861,0.355,0.097,2.58405532684143e-08,"ZNF771"
1.27183570846356e-12,0.945377894970595,0.398,0.124,2.63282710009042e-08,"UBTF"
1.28777228185455e-12,0.508543323478764,0.704,0.416,2.66581740066711e-08,"PRKAR1A"
1.29245012839461e-12,1.47067195837633,0.283,0.053,2.67550101078969e-08,"UTP14A"
1.30724154240857e-12,1.46060015590926,0.342,0.093,2.70612071693998e-08,"WDR70"
1.31066745324862e-12,0.772996703452738,0.65,0.372,2.71321269496996e-08,"SERINC5"
1.32665578461069e-12,-0.70715454003347,0.971,0.912,2.74631013972259e-08,"CALR"
1.38137858355043e-12,0.783809880833121,0.704,0.407,2.85959180580774e-08,"SSNA1"
1.38546831259364e-12,0.646044088531233,0.449,0.168,2.8680579539001e-08,"CPSF6"
1.43295516534393e-12,0.842649052647334,0.423,0.142,2.96636048777847e-08,"NSUN2"
1.45502948580933e-12,-1.6038766384403,0.456,0.549,3.0120565385739e-08,"GGCX"
1.50558199868982e-12,0.80457170154239,0.513,0.217,3.1167052954878e-08,"TSPAN4"
1.51377789960809e-12,0.590627081417702,0.563,0.257,3.1336716299787e-08,"DESI1"
1.58528083892181e-12,1.15643278881632,0.301,0.066,3.28168986465205e-08,"TGS1"
1.62479580845131e-12,0.534452960338309,0.746,0.434,3.36348980307505e-08,"MKKS"
1.64408521886787e-12,1.26308794575061,0.354,0.102,3.40342081157837e-08,"WBSCR16"
1.68812893644488e-12,0.745266026108948,0.591,0.292,3.49459571133455e-08,"FAM103A1"
1.70387455798652e-12,1.05979487038886,0.335,0.084,3.5271907224879e-08,"RRP8"
1.70980696120256e-12,-0.820459535002582,0.821,0.805,3.53947139038542e-08,"VAMP8"
1.71772655544524e-12,1.46040887739132,0.339,0.093,3.55586574242719e-08,"PUSL1"
1.71843036384667e-12,1.48627280352496,0.303,0.066,3.55732269619899e-08,"DDX19B"
1.7239458034906e-12,0.474807488481161,0.861,0.65,3.56874020780589e-08,"UXT"
1.76859164745553e-12,1.25649768770929,0.307,0.071,3.66116156939769e-08,"ADA"
1.77160342010915e-12,0.32237112147442,0.902,0.708,3.66739623996795e-08,"HMGN1"
1.8083987131075e-12,0.556401353175758,0.608,0.301,3.74356617600384e-08,"RNPS1"
1.82174380723263e-12,1.19206794056361,0.275,0.049,3.77119185535227e-08,"CSPP1"
1.85767782892565e-12,1.16477843158916,0.314,0.075,3.84557887365898e-08,"CDC25B"
1.8919951648396e-12,0.901280231941502,0.477,0.19,3.91661919073446e-08,"DHRSX"
1.91815562279798e-12,0.941261303170338,0.421,0.146,3.9707739547541e-08,"BRD7"
1.92428538182137e-12,0.810110447610981,0.452,0.168,3.98346316890842e-08,"ZCCHC17"
1.9362179715373e-12,0.446086363051081,0.9,0.726,4.00816482287936e-08,"CD99"
1.95448395168232e-12,0.954542957830657,0.346,0.097,4.04597722837757e-08,"SLC35E1"
1.96405813021202e-12,0.934145248857696,0.386,0.119,4.0657967353519e-08,"ANAPC10"
1.99227416241118e-12,0.576142715051278,0.5,0.204,4.12420674360738e-08,"C11orf1"
2.00178982346603e-12,0.483128045299682,0.893,0.717,4.14390511355704e-08,"FAM96B"
2.03954656045775e-12,0.708716601299638,0.37,0.106,4.22206533480359e-08,"CASP3"
2.05249029322218e-12,1.31683090911787,0.252,0.035,4.24886015599924e-08,"PPOX"
2.05499208869889e-12,0.793887662082238,0.436,0.155,4.25403912281558e-08,"ZNF330"
2.13945056801154e-12,-2.97431870127115,0.15,0.296,4.42887662084069e-08,"WHSC1L1"
2.14718203523037e-12,0.317516668152907,0.767,0.473,4.44488153113038e-08,"HLA-DQB1"
2.14869150225532e-12,0.545929326517749,0.922,0.743,4.44800627881874e-08,"NUDC"
2.18617986830621e-12,1.00337097767094,0.384,0.119,4.52561094538068e-08,"STYXL1"
2.21006276931157e-12,1.6841319377911,0.257,0.04,4.57505093875188e-08,"ANO10"
2.29275264276719e-12,1.3213881057355,0.317,0.08,4.74622724579236e-08,"MPV17L2"
2.30070561261217e-12,0.272074633584837,0.999,0.969,4.76269068866846e-08,"PEBP1"
2.42023046674377e-12,0.519922370575518,0.483,0.195,5.01011908920628e-08,"WASF2"
2.42170219314848e-12,0.406455595446939,0.472,0.181,5.01316571003666e-08,"HTATSF1"
2.5152666291856e-12,0.589750347658745,0.486,0.186,5.20685344907711e-08,"GSTZ1"
2.51760067518817e-12,0.815261779292627,0.463,0.177,5.21168515770704e-08,"PLGRKT"
2.57362562522081e-12,2.01114867297461,0.267,0.049,5.32766240676961e-08,"PITPNA-AS1"
2.61118517815167e-12,0.989776083611791,0.368,0.106,5.40541443729176e-08,"RNF26"
2.62975084126283e-12,1.21628879081656,0.348,0.097,5.44384721649819e-08,"ATG10"
2.65140873461275e-12,1.11468920922455,0.324,0.084,5.48868122152185e-08,"ZC3H3"
2.66106025189961e-12,0.712679373528044,0.604,0.301,5.50866082745739e-08,"SCAMP3"
2.70394850194867e-12,-2.50771477617159,0.139,0.288,5.59744379388394e-08,"TSPYL2"
2.72261841295026e-12,0.930416199744715,0.435,0.159,5.63609237664832e-08,"GGPS1"
2.7350340355795e-12,-0.584807476213917,0.938,0.894,5.66179395705312e-08,"TMEM59"
2.74380060315403e-12,1.09863869121423,0.312,0.075,5.67994162858917e-08,"SNAPC2"
2.77616464032802e-12,0.755301986957709,0.578,0.265,5.74693842194303e-08,"TSN"
2.78953453910193e-12,0.704170202986706,0.404,0.133,5.7746154493949e-08,"SMARCD2"
2.79439853518121e-12,0.682715865233523,0.65,0.354,5.78468440767863e-08,"BTF3L4"
2.83608759728558e-12,0.705203099491377,0.654,0.376,5.87098493514088e-08,"YTHDF2"
2.84970939498929e-12,0.560215959780283,0.64,0.327,5.89918341856733e-08,"TUSC2"
2.8648088097805e-12,0.591452185199891,0.479,0.186,5.93044071712661e-08,"CHD4"
2.90756512430199e-12,1.20502809705672,0.331,0.084,6.01895056381756e-08,"TXLNG"
2.98642293926425e-12,0.696855783704408,0.677,0.376,6.18219412657093e-08,"DPYS"
3.01686805698271e-12,0.54937447777713,0.835,0.593,6.2452185647599e-08,"PDCD5"
3.14776867425318e-12,1.87421068066098,0.262,0.044,6.51619593257151e-08,"FAAP100"
3.17743074050338e-12,-1.68114544675881,0.461,0.544,6.57759937591604e-08,"TM9SF2"
3.3222196433995e-12,-1.03250165177765,0.653,0.686,6.8773268838013e-08,"ITGB1"
3.35668929855199e-12,1.48543583651426,0.313,0.075,6.94868251693248e-08,"HDAC5"
3.38947663904684e-12,-0.64195434670764,0.822,0.801,7.01655559049087e-08,"WDR83OS"
3.39765546002331e-12,0.661557462310584,0.582,0.274,7.03348656779425e-08,"FAM136A"
3.4010319778813e-12,0.467685671711556,0.851,0.668,7.04047629741208e-08,"YWHAB"
3.45026700403327e-12,0.630791823398763,0.685,0.389,7.14239772504928e-08,"ATP6AP1"
3.45970138969744e-12,0.506869094557325,0.847,0.619,7.16192784681267e-08,"AP3S1"
3.49456624208639e-12,0.918891271205204,0.298,0.066,7.23410157774305e-08,"DONSON"
3.53336067608005e-12,0.796201993405307,0.616,0.31,7.3144099355533e-08,"PFKL"
3.61334734066415e-12,1.59851024673934,0.265,0.049,7.47999032990885e-08,"HEATR1"
3.6749939240193e-12,1.77151096306379,0.275,0.053,7.60760492211236e-08,"FAM169A"
3.8039934837941e-12,0.903771361457657,0.342,0.093,7.87464691080217e-08,"TBC1D1"
3.80776013286231e-12,1.50956470542668,0.251,0.04,7.88244425103826e-08,"TMEM186"
3.82507701042489e-12,0.556737170784355,0.725,0.456,7.91829191928056e-08,"XRCC5"
4.11841471488444e-12,0.908058577646952,0.384,0.124,8.52553030128229e-08,"USP3"
4.42699883294091e-12,0.875572911003693,0.444,0.168,9.16433028407098e-08,"ABCE1"
4.4375068789873e-12,0.577504261625767,0.657,0.363,9.18608299019161e-08,"LSM8"
4.45511520577221e-12,0.559594191077959,0.643,0.345,9.22253398746905e-08,"SEC61A1"
4.53429861292031e-12,0.667532508117702,0.656,0.363,9.38645155860633e-08,"GALE"
4.58978378494356e-12,0.659226802085496,0.42,0.142,9.50131141321166e-08,"SOWAHC"
4.63973280557704e-12,0.702499997930785,0.564,0.261,9.60471088082503e-08,"GCLC"
4.69368444924399e-12,0.53322283675998,0.839,0.571,9.71639617837998e-08,"ESD"
4.75241277115275e-12,1.25026776667515,0.315,0.08,9.8379696775633e-08,"EFNA4"
4.83208964610078e-12,-0.857784502478771,0.742,0.743,1.00029087763932e-07,"PCBP1"
4.84429386594186e-12,0.714859471036695,0.451,0.173,1.00281727318863e-07,"M6PR"
4.86242515895523e-12,1.32564527487683,0.267,0.049,1.00657063215532e-07,"SLC35G2"
4.93751976132905e-12,1.10974960748147,0.269,0.049,1.02211596579273e-07,"KDM1A"
5.09381743412117e-12,0.541669582916408,0.449,0.159,1.05447114703742e-07,"PDCL3"
5.11246524648202e-12,0.56415576698356,0.449,0.164,1.05833143067424e-07,"ENTPD3-AS1"
5.13265036997703e-12,0.729199440852529,0.454,0.177,1.06250995308894e-07,"CAMK1"
5.17268435662547e-12,0.518609476141237,0.474,0.19,1.07079738866504e-07,"TOM1"
5.18574190215418e-12,1.44731169446665,0.315,0.08,1.07350043116494e-07,"TCTA"
5.18620227151822e-12,0.592164675822036,0.446,0.164,1.07359573222699e-07,"PELO"
5.21593110739065e-12,0.533258355159578,0.703,0.403,1.07974989854094e-07,"PQBP1"
5.26266503463059e-12,1.18577357546296,0.362,0.111,1.08942428881888e-07,"EDEM2"
5.44490802057043e-12,0.430227082965519,0.787,0.575,1.12715040933828e-07,"TOB1"
5.64359243134009e-12,-1.9816405408583,0.339,0.469,1.16828006921171e-07,"THOP1"
5.74034146291689e-12,-1.06864272893124,0.659,0.704,1.18830808623842e-07,"CTSZ"
5.78022858338878e-12,0.862103163794455,0.437,0.159,1.19656511904731e-07,"COPS7A"
5.87830193911584e-12,0.605464166921521,0.493,0.19,1.21686728441637e-07,"FAM127B"
5.98728935746003e-12,0.982418059030084,0.374,0.119,1.2394287698878e-07,"GPN1"
6.08849922277993e-12,1.29435290475145,0.28,0.058,1.26038022410767e-07,"CAMK2G"
6.14722697546165e-12,0.629688816737306,0.41,0.142,1.27253745619032e-07,"TCERG1"
6.21007878059343e-12,-2.33888496946463,0.173,0.323,1.28554840837065e-07,"MBNL3"
6.22362722882597e-12,0.408358272570893,0.562,0.257,1.28835307263926e-07,"UBE2J2"
6.26379152514559e-12,1.10322655350196,0.356,0.111,1.29666748362039e-07,"PRPS2"
6.34112946224073e-12,0.676080567018442,0.595,0.305,1.31267720997845e-07,"TPD52L1"
6.38078310817033e-12,1.16024611269327,0.342,0.097,1.32088591122234e-07,"WBSCR27"
6.48185377246036e-12,1.35297367496679,0.287,0.062,1.34180854943702e-07,"CYP7B1"
6.62393573193318e-12,1.68648657161886,0.264,0.049,1.37122093586749e-07,"TMEM150C"
6.68472410643716e-12,1.11610570264734,0.322,0.084,1.38380473727356e-07,"MZT1"
6.71856385848414e-12,0.846283093874606,0.338,0.093,1.3908099043448e-07,"UBL4A"
6.91735555193052e-12,1.16970595233921,0.347,0.102,1.43196177280514e-07,"TAF2"
6.9435286489369e-12,0.583391757757137,0.421,0.15,1.43737986561643e-07,"RDH14"
6.97155993889188e-12,0.428140403675667,0.7,0.416,1.44318262295001e-07,"PPCS"
7.02008503884284e-12,1.35823361851665,0.354,0.106,1.45322780389086e-07,"PANK2"
7.11010764581434e-12,1.53879504052041,0.256,0.044,1.47186338376003e-07,"RP11-390F4.6"
7.13674149220142e-12,1.30297126731462,0.272,0.053,1.47737685630062e-07,"LMCD1"
7.18174614027808e-12,0.704570837407038,0.67,0.385,1.48669326849897e-07,"AAMP"
7.22231984309315e-12,0.838126390979011,0.5,0.221,1.49509243071871e-07,"FEZ2"
7.23181657618602e-12,0.513931026551926,0.831,0.593,1.49705834943627e-07,"TCEA3"
7.33374861515371e-12,0.258710103418692,0.719,0.451,1.51815930082297e-07,"ATP1B3"
7.41607655410989e-12,1.3739397695034,0.319,0.084,1.53520200746629e-07,"SEC22A"
7.4377467403392e-12,0.553870049079946,0.38,0.119,1.53968795271762e-07,"PCYT1A"
7.5517037349285e-12,0.279079493339918,0.378,0.115,1.56327819016755e-07,"MAGEA6"
7.57630887381418e-12,0.451238002940464,0.862,0.655,1.56837169996827e-07,"ANAPC16"
7.61840201241922e-12,-2.56791490722191,0.125,0.265,1.5770854005909e-07,"ERO1B"
7.63434818806115e-12,1.22447635100182,0.298,0.071,1.58038641841054e-07,"C5orf63"
7.67068078355673e-12,0.564974651805135,0.403,0.137,1.58790762900408e-07,"USP1"
7.89138271168227e-12,1.43685152560064,0.373,0.124,1.63359513514535e-07,"NUP37"
7.93521500915564e-12,1.03071206445163,0.433,0.164,1.64266885904531e-07,"UBA5"
7.97985726424422e-12,0.786703587668932,0.517,0.221,1.6519102522712e-07,"PWP1"
7.99697916892471e-12,0.777709675361595,0.427,0.164,1.6554546577591e-07,"TOPORS-AS1"
8.03559184902373e-12,-1.69940394521406,0.331,0.473,1.6634478686664e-07,"CFHR5"
8.08400023385361e-12,0.841847188329981,0.531,0.239,1.67346888841003e-07,"CTNNBIP1"
8.22262333570151e-12,0.816182762786253,0.41,0.142,1.70216525672357e-07,"VSIG10"
8.37429087090615e-12,1.47525565002356,0.297,0.071,1.73356195318628e-07,"ZNF672"
8.47153784635806e-12,0.742899657994716,0.364,0.111,1.75369304957458e-07,"PQLC2"
8.51382651050113e-12,1.26238229973341,0.348,0.102,1.76244722593884e-07,"TRAPPC13"
8.63473024517324e-12,0.833533797816524,0.472,0.186,1.78747550805331e-07,"TRABD"
8.74664432459744e-12,0.877013801271473,0.372,0.119,1.81064284163492e-07,"ELMO1"
8.84486167409531e-12,0.691235624037673,0.531,0.239,1.83097481515447e-07,"IMPAD1"
8.95479842029101e-12,0.658165165666135,0.438,0.164,1.85373282098444e-07,"PBRM1"
8.96188431947726e-12,-1.36526639883743,0.65,0.686,1.85519967297499e-07,"CTSL"
8.96725924959364e-12,0.804758213657272,0.529,0.243,1.85631233725838e-07,"SNX4"
8.98474887856024e-12,1.20397506086345,0.287,0.062,1.85993286535076e-07,"RNF44"
9.03091654323236e-12,-1.04524815929101,0.656,0.686,1.86949003361453e-07,"BRI3"
9.15020496180725e-12,0.725121048121881,0.446,0.168,1.89418392914372e-07,"GEMIN7"
9.71046327186869e-12,1.14193265041394,0.326,0.088,2.01016300190954e-07,"OXNAD1"
9.88169098706686e-12,0.710412483572028,0.438,0.168,2.04560885123271e-07,"TMOD3"
9.91616259788218e-12,0.462608614030029,0.253,0.044,2.05274481938759e-07,"GAS2L1"
9.95625220060563e-12,0.688135527115861,0.656,0.363,2.06104376804737e-07,"SNX17"
1.01465186736918e-11,-1.81546297518004,0.393,0.496,2.10043083064094e-07,"DDAH1"
1.06235636522466e-11,0.997907107252516,0.299,0.071,2.19918391165158e-07,"PDCD11"
1.07240234788869e-11,0.726931763641375,0.64,0.35,2.21998010036437e-07,"VBP1"
1.08465319641845e-11,1.39485420151238,0.265,0.049,2.24534058190584e-07,"SPHK2"
1.09016881060436e-11,1.29812908329812,0.306,0.075,2.25675845483209e-07,"TFIP11"
1.09519485465751e-11,0.510328833639868,0.845,0.553,2.26716286862652e-07,"CBX3"
1.14331841700419e-11,0.810215222333889,0.292,0.066,2.36678345504037e-07,"HMGXB3"
1.15362582872923e-11,0.564488021236737,0.768,0.491,2.38812082805238e-07,"TRAPPC2L"
1.16635304781951e-11,0.68724106882205,0.368,0.115,2.41446744429117e-07,"ARL2"
1.16835176232116e-11,0.843142616938242,0.468,0.19,2.41860498318104e-07,"SMIM10L1"
1.19476577220603e-11,-2.1314819211868,0.192,0.341,2.47328462504371e-07,"PDCD4"
1.20972670285976e-11,0.660014444979251,0.532,0.239,2.50425524758999e-07,"NUDT7"
1.21587875863814e-11,0.271649776968721,0.486,0.204,2.51699061825681e-07,"GLA"
1.21592225601402e-11,-1.58981272040482,0.764,0.805,2.51708066217462e-07,"KLF6"
1.2527234082882e-11,0.7430413069096,0.574,0.279,2.59326272749741e-07,"AIFM1"
1.27752540664916e-11,0.706341920486598,0.388,0.133,2.64460534430443e-07,"HTRA2"
1.28131904265635e-11,0.455786927025919,0.417,0.146,2.65245855020292e-07,"CDK11B"
1.28450361615973e-11,0.71839834578446,0.406,0.142,2.65905093581225e-07,"HHLA3"
1.29008377515671e-11,0.515190386296767,0.701,0.398,2.6706024229519e-07,"EBPL"
1.29034365519134e-11,0.952986735728147,0.255,0.044,2.6711404006116e-07,"FAM43A"
1.29428472072481e-11,-2.03342276456609,0.288,0.425,2.67929880037242e-07,"MAT2A"
1.31225449853477e-11,0.514048915904927,0.371,0.115,2.71649803741682e-07,"MSI2"
1.34285570142241e-11,-2.69682414816812,0.114,0.252,2.77984558751454e-07,"IL1RN"
1.35376789748917e-11,0.996735669588733,0.39,0.133,2.80243492459232e-07,"SUGCT"
1.3632340647462e-11,0.930999786391265,0.336,0.097,2.8220308374311e-07,"RFTN1"
1.38244272519595e-11,1.02655429274785,0.283,0.062,2.86179468542813e-07,"HES6"
1.44804324787695e-11,0.435534438764739,0.895,0.721,2.99759432743007e-07,"PSMA1"
1.45003335153301e-11,1.16120688516881,0.313,0.08,3.00171404100848e-07,"SCRIB"
1.46589051535661e-11,0.695107931635207,0.255,0.044,3.03453995583971e-07,"LYRM9"
1.46762476344043e-11,1.35456235125508,0.279,0.062,3.03813002279804e-07,"TBL1X"
1.49143273882926e-11,0.711168192222989,0.404,0.142,3.08741491265046e-07,"RIC8A"
1.49550876842444e-11,0.81547299152312,0.334,0.093,3.09585270151543e-07,"DOHH"
1.49940096566311e-11,-0.781145904284164,0.802,0.757,3.1039099390192e-07,"REEP6"
1.53347103340157e-11,0.753866618752727,0.543,0.257,3.17443838624458e-07,"TPR"
1.54059046351471e-11,0.339628291096913,0.969,0.872,3.1891763185218e-07,"PRDX5"
1.55002778722181e-11,1.24814123971727,0.251,0.044,3.20871252232786e-07,"GRPEL2"
1.55385406910894e-11,-2.35881290162906,0.294,0.425,3.21663330846241e-07,"DNAJB4"
1.56209943452284e-11,0.601082961923516,0.588,0.283,3.23370203940574e-07,"NELFCD"
1.57223879450146e-11,0.977839030627298,0.255,0.044,3.25469152849747e-07,"CA11"
1.59129813734744e-11,0.736799341120616,0.376,0.124,3.29414627412294e-07,"SNAP47"
1.59600949088938e-11,0.902435219660812,0.415,0.146,3.3038992470901e-07,"ANKRA2"
1.61080926697138e-11,0.749169573388306,0.435,0.164,3.33453626355746e-07,"LONP1"
1.62230733739532e-11,0.86245279677789,0.476,0.195,3.35833841914205e-07,"KEAP1"
1.63937067731221e-11,0.774134300266886,0.433,0.164,3.393661239104e-07,"NUBP1"
1.64497342553491e-11,0.8520535487031,0.49,0.208,3.40525948819982e-07,"FLAD1"
1.67298880628798e-11,0.821011968637454,0.481,0.204,3.46325412789676e-07,"ECSIT"
1.72638275976322e-11,1.12524287272648,0.301,0.075,3.57378495098584e-07,"RRNAD1"
1.73553430173548e-11,0.856482053666836,0.337,0.097,3.59272955802262e-07,"C1orf174"
1.75217584540735e-11,1.59791448428852,0.338,0.111,3.62717921757775e-07,"CDKN3"
1.76918973130358e-11,0.51474948460756,0.404,0.137,3.66239966277153e-07,"AP3B1"
1.77283597645827e-11,0.623385367003189,0.587,0.296,3.66994775486626e-07,"PSMD1"
1.78855791156326e-11,-0.690756824377791,0.897,0.836,3.7024937327271e-07,"DNAJA1"
1.80221315355026e-11,0.762108199809393,0.448,0.168,3.7307614491644e-07,"PLIN3"
1.86785784249172e-11,0.632200031170564,0.619,0.314,3.86665251974212e-07,"TSEN34"
1.87928772531051e-11,0.762939039241122,0.357,0.111,3.8903135201653e-07,"IQSEC1"
1.8815039752338e-11,0.51370685847534,0.37,0.119,3.89490137913149e-07,"GART"
1.91971469443966e-11,0.657572603523636,0.39,0.133,3.97400138895954e-07,"OSGIN2"
1.9347475995357e-11,0.892339222133292,0.433,0.168,4.00512100579886e-07,"SVBP"
1.96971038698731e-11,0.870254940987871,0.463,0.19,4.07749747210242e-07,"CD2BP2"
2.08016580987428e-11,0.575005052466231,0.458,0.177,4.30615124302075e-07,"NECAB3"
2.14751947085042e-11,-1.91240128610487,0.354,0.469,4.44558005660746e-07,"TSHZ2"
2.21973407607151e-11,0.474375434834008,0.854,0.65,4.59507151087563e-07,"MRPL52"
2.26818612635267e-11,1.28907288406135,0.271,0.058,4.69537210016266e-07,"FAM175A"
2.34414250340563e-11,0.897304051263261,0.346,0.106,4.8526093963e-07,"CTNNAL1"
2.40272597140576e-11,-2.64358763519375,0.114,0.252,4.97388303340707e-07,"GZMK"
2.41349595728387e-11,1.21101023388438,0.372,0.124,4.99617798117333e-07,"HN1L"
2.52884541543214e-11,0.789746974689329,0.324,0.088,5.23496289448608e-07,"TXLNA"
2.55543229667945e-11,0.541946362245419,0.599,0.301,5.29000039735614e-07,"C1orf122"
2.55840083325172e-11,1.28083530875251,0.332,0.097,5.29614556491438e-07,"C18orf21"
2.58113861854742e-11,0.420085195925747,0.387,0.128,5.34321505425502e-07,"MANBAL"
2.67084962881928e-11,-2.54635657092563,0.135,0.274,5.5289258166188e-07,"ATP6V1B2"
2.67742252312391e-11,0.648658567676452,0.434,0.164,5.5425323651188e-07,"SDR39U1"
2.7611763668527e-11,0.725050004101214,0.255,0.049,5.71591119702178e-07,"SMC2"
2.76658454859534e-11,1.33775623871163,0.27,0.058,5.72710667404722e-07,"COG2"
2.80417187655725e-11,0.774077903882402,0.516,0.226,5.80491620166116e-07,"RRP15"
2.81672614819371e-11,0.505299006940665,0.86,0.602,5.83090479937579e-07,"NDUFB3"
2.93441517059772e-11,0.770399531275214,0.518,0.239,6.07453284465434e-07,"ALCAM"
2.94356231033909e-11,1.01234356468566,0.36,0.115,6.09346833863295e-07,"MYO9B"
2.97874566253206e-11,0.525580712801139,0.461,0.181,6.16630139600762e-07,"CSNK2A1"
3.13205874875668e-11,1.15226268904628,0.317,0.088,6.48367481580121e-07,"DDX50"
3.15424981485858e-11,1.39530970503785,0.262,0.053,6.52961254173875e-07,"RPUSD1"
3.16372618494117e-11,0.780818227271906,0.465,0.195,6.54922957544672e-07,"FLNB"
3.22527216413708e-11,0.708026146006424,0.581,0.301,6.67663590698016e-07,"AHCYL1"
3.24751497220535e-11,0.531887753366244,0.355,0.111,6.72268074396229e-07,"DNAJC30"
3.24938791654114e-11,1.02459946697418,0.277,0.062,6.7265579260318e-07,"HEMK1"
3.29808432643721e-11,-0.37140749360618,0.991,0.965,6.82736436415766e-07,"MT-ND1"
3.40122496925904e-11,0.403774762375738,0.51,0.23,7.04087580886314e-07,"NR1H2"
3.47342559995687e-11,0.44426553617909,0.38,0.124,7.19033833447071e-07,"USP36"
3.47674488123577e-11,0.557934436714175,0.821,0.544,7.19720957864616e-07,"LSM5"
3.48197519522256e-11,1.35513207882631,0.253,0.049,7.20803685163022e-07,"GRK6"
3.58508688727807e-11,0.626222625905742,0.502,0.226,7.42148836535433e-07,"TRUB2"
3.59189905818996e-11,-0.996805262118464,0.716,0.712,7.43559024035903e-07,"CD151"
3.66051347957334e-11,0.604867238803073,0.651,0.367,7.57762895406476e-07,"SRP19"
3.71641904844849e-11,1.20729452404672,0.354,0.115,7.69335907219323e-07,"C12orf65"
3.71813791674985e-11,0.89552099575946,0.361,0.115,7.69691730146386e-07,"USP5"
3.75266461915461e-11,0.622361727310507,0.516,0.23,7.76839102811195e-07,"HYAL1"
3.76776075241235e-11,0.531291677006068,0.496,0.212,7.79964153356881e-07,"EIF2B4"
3.79372962003019e-11,0.745796678134271,0.382,0.128,7.85339968642449e-07,"ILKAP"
3.87001432079783e-11,0.673978546281476,0.433,0.168,8.01131664548359e-07,"ITGA6"
3.90157167231464e-11,1.74860464907577,0.253,0.049,8.07664351885854e-07,"DYRK4"
3.93355246400857e-11,-1.27520765015167,0.635,0.646,8.14284695574414e-07,"LSR"
3.95212582301504e-11,0.371741189193757,0.393,0.133,8.18129566622344e-07,"LYSMD2"
3.95921942459541e-11,0.855930385986422,0.392,0.142,8.19598013085495e-07,"IKBKG"
3.98876328058232e-11,0.631768951080287,0.578,0.288,8.25713886713346e-07,"MAT2B"
4.0288995410042e-11,0.497034070336123,0.609,0.31,8.34022493983279e-07,"MRPL1"
4.06065342235073e-11,0.352941781701895,0.791,0.54,8.40595864960825e-07,"ATF4"
4.1062054954837e-11,0.84404044299645,0.424,0.164,8.50025599620081e-07,"MRPS9"
4.23773739701091e-11,0.428541631059444,0.687,0.389,8.77254018555229e-07,"ARPC1A"
4.34491130476298e-11,1.01204347490727,0.469,0.204,8.99440089198984e-07,"HPS1"
4.37742489025331e-11,0.813502566283062,0.362,0.115,9.06170726531337e-07,"INO80E"
4.5368726077289e-11,0.585540175925632,0.375,0.124,9.39177998525959e-07,"VGLL4"
4.54029439617533e-11,0.438887855543346,0.48,0.195,9.39886342952255e-07,"NAP1L4"
4.56823014032209e-11,0.526200845661488,0.314,0.084,9.45669321348076e-07,"POMGNT1"
4.58940858502333e-11,0.574739519081423,0.37,0.119,9.50053471185679e-07,"SIRT5"
4.8219479000699e-11,0.253830235788606,0.326,0.093,9.9819143479347e-07,"TBC1D9B"
4.82599251528025e-11,1.20621724378783,0.29,0.071,9.99028710588164e-07,"WRAP73"
4.83006860127551e-11,0.901350238162584,0.321,0.088,9.99872501150043e-07,"QRSL1"
4.85341782669132e-11,0.814154992621265,0.502,0.221,1.00470602430337e-06,"GTPBP6"
5.05443271128757e-11,0.469682308204786,0.386,0.133,1.04631811556364e-06,"BDP1"
5.19856203644508e-11,0.484257739420288,0.86,0.664,1.0761543271645e-06,"TOMM20"
5.23642421023808e-11,-2.04933430649071,0.207,0.35,1.08399217576139e-06,"SLC13A5"
5.31818149622188e-11,0.480667648833069,0.506,0.221,1.10091675153289e-06,"LLPH"
5.33420396116305e-11,1.37487836268961,0.285,0.071,1.10423356200036e-06,"MUL1"
5.58205110651851e-11,1.36609604323711,0.258,0.053,1.1555403995604e-06,"DDX28"
5.58559457160725e-11,1.44892682440052,0.257,0.053,1.15627393226842e-06,"ASRGL1"
5.63113616380962e-11,0.396152673185338,0.693,0.407,1.16570149727023e-06,"MRPL2"
5.67259023366876e-11,0.453804475266662,0.751,0.496,1.17428290427177e-06,"CRLS1"
5.72763476181261e-11,0.8085653860883,0.316,0.088,1.18567767204283e-06,"SLC25A17"
5.810419737758e-11,1.12722221366259,0.394,0.15,1.20281498991328e-06,"ORC4"
5.85457442059727e-11,0.695711387171787,0.535,0.252,1.21195545080784e-06,"NAE1"
5.87918308646921e-11,1.01196454455792,0.279,0.066,1.21704969072999e-06,"FAM83D"
5.90312639367591e-11,1.01292857557952,0.343,0.106,1.22200619475485e-06,"CRNKL1"
6.05154332545138e-11,0.732269802982223,0.387,0.133,1.25272998380169e-06,"LLGL2"
6.13995042468949e-11,0.5961237234681,0.401,0.142,1.27103113741497e-06,"TNIP2"
6.16921377525403e-11,1.33397619938621,0.28,0.066,1.27708894361534e-06,"CIZ1"
6.18441742092411e-11,0.618383852113097,0.69,0.403,1.2802362503055e-06,"PPIC"
6.33996107759607e-11,1.05788989012173,0.337,0.102,1.31243534267316e-06,"ABCB7"
6.4273314749272e-11,-0.344580240762351,1,1,1.33052188862468e-06,"MALAT1"
6.49942325987109e-11,0.364974323387591,0.85,0.686,1.34544560902591e-06,"PSMB5"
6.69361188655725e-11,0.815229885285882,0.459,0.19,1.38564459663622e-06,"PRCC"
6.69455571017751e-11,0.506063464134772,0.6,0.31,1.38583997756385e-06,"MVP"
7.01529273681518e-11,1.0404736896178,0.281,0.066,1.45223574944811e-06,"ADORA2A-AS1"
7.04238865791662e-11,0.727043224726258,0.539,0.257,1.45784487607532e-06,"BTD"
7.09835212027261e-11,0.720558053621866,0.545,0.265,1.46942987241763e-06,"TTPA"
7.19174973907693e-11,0.73035809199555,0.539,0.252,1.48876411348632e-06,"FAHD1"
7.36081655844732e-11,0.591228832463805,0.49,0.221,1.52376263576418e-06,"PLEC"
7.36771259254183e-11,0.701719367285048,0.439,0.177,1.52519018378208e-06,"THAP7"
7.38435295128509e-11,1.18289307618616,0.383,0.142,1.52863490444553e-06,"MRPL49"
7.43833023188077e-11,0.467866271655494,0.501,0.221,1.53980874130164e-06,"TSR2"
7.5322481448486e-11,0.873545072728562,0.338,0.102,1.55925068846511e-06,"MAVS"
7.64477724250412e-11,0.639326971688683,0.611,0.332,1.58254533697078e-06,"TMX2"
7.65942293065055e-11,0.408018634721051,0.38,0.128,1.58557714087397e-06,"TP53BP2"
7.74520187844835e-11,0.727181441913749,0.531,0.252,1.60333424085759e-06,"MRPL48"
7.80132386114021e-11,1.45441314754443,0.256,0.053,1.61495205249463e-06,"AGAP3"
8.01049229581106e-11,0.796825804099768,0.455,0.199,1.65825201015585e-06,"LARP1"
8.12180491020614e-11,0.906051793250223,0.28,0.066,1.68129483446177e-06,"RAP1GDS1"
8.25370460035808e-11,1.13187226414284,0.286,0.071,1.70859938932013e-06,"DPH6"
8.26672819295223e-11,1.03692388740831,0.468,0.204,1.71129540322304e-06,"COPS2"
8.45704327158183e-11,0.867198320979328,0.272,0.062,1.75069252765015e-06,"WDR3"
8.46512361988865e-11,0.709948895569982,0.278,0.066,1.75236524055315e-06,"MGME1"
8.58546170946238e-11,0.357692377948772,0.568,0.27,1.77727642847581e-06,"HNRNPH3"
8.86001241902143e-11,0.600826170388941,0.537,0.248,1.83411117086163e-06,"DHX29"
8.89100333349543e-11,0.452500063823628,0.852,0.606,1.84052660006689e-06,"EBP"
9.08331429826001e-11,0.510524409350744,0.315,0.088,1.8803368928828e-06,"DTNBP1"
9.10537673648459e-11,-2.50983987812751,0.146,0.283,1.88490403821967e-06,"TRBC2"
9.20026483425619e-11,-1.79149137321761,0.215,0.358,1.90454682333937e-06,"MSRA"
9.33796219268422e-11,0.355011219673153,0.809,0.549,1.93305155350756e-06,"MAP3K13"
9.41423447366163e-11,0.896360012985381,0.279,0.066,1.94884067839269e-06,"TRAF2"
9.56610743828499e-11,0.842044021021823,0.364,0.124,1.98027990079937e-06,"RAD1"
9.63113717886643e-11,0.701444927917,0.49,0.217,1.99374170739714e-06,"TRIP6"
9.71687168676725e-11,0.511975102267134,0.617,0.323,2.01148960787769e-06,"TSG101"
9.81133485610837e-11,0.473016243622234,0.624,0.323,2.03104442856299e-06,"C7orf50"
9.81931411495593e-11,0.673270946033571,0.494,0.217,2.03269621493703e-06,"TCEB3"
9.87718436713258e-11,0.487808667615416,0.353,0.111,2.04467593584012e-06,"NF1"
9.91205998656391e-11,0.320650758508921,0.983,0.898,2.05189553781859e-06,"ATP5J2"
9.93713901645658e-11,0.572451499645018,0.576,0.296,2.05708714779668e-06,"MCUR1"
9.98555544526035e-11,0.63115085194233,0.356,0.115,2.06710983272335e-06,"TRNAU1AP"
1.01002367899009e-10,0.783476928302744,0.328,0.097,2.09085001787738e-06,"EXOSC10"
1.01154704703836e-10,1.06538147848402,0.26,0.058,2.09400354207411e-06,"NSMCE3"
1.02348568117613e-10,0.638474141574345,0.321,0.093,2.1187177086027e-06,"VPS16"
1.0549123032442e-10,0.690179244084792,0.36,0.119,2.18377395894581e-06,"GALK2"
1.05919965041684e-10,0.42035776609387,0.439,0.168,2.1926491963279e-06,"P4HA2"
1.06351516892747e-10,0.551990849971403,0.577,0.283,2.20158275119675e-06,"EMC6"
1.07147890866792e-10,0.588718100135316,0.403,0.15,2.21806848883345e-06,"ARFRP1"
1.07542771612253e-10,0.886192715220606,0.44,0.181,2.22624291514524e-06,"PPP1R35"
1.10990007236026e-10,0.977866889199231,0.256,0.053,2.29760413979297e-06,"PRAF2"
1.13656196855197e-10,0.389908411979579,0.514,0.23,2.35279693109943e-06,"NSMCE4A"
1.15489062296194e-10,0.392860869056539,0.91,0.708,2.39073907859352e-06,"ERP29"
1.16726729341736e-10,-1.58178910588809,0.561,0.588,2.41636002410328e-06,"GOT1"
1.16927456161617e-10,0.606212199785608,0.332,0.102,2.42051527000164e-06,"DTWD1"
1.22229371500566e-10,0.507120560495092,0.425,0.164,2.53027021943321e-06,"PAF1"
1.23157074194166e-10,0.5930001614459,0.358,0.115,2.54947459289342e-06,"C2orf74"
1.2371133562785e-10,0.590169027511156,0.538,0.261,2.56094835883212e-06,"PKIG"
1.24643080682203e-10,1.21020553692657,0.283,0.071,2.58023641320229e-06,"AAR2"
1.25129481456814e-10,1.39718087177971,0.271,0.066,2.5903053956375e-06,"MUTYH"
1.28013719839408e-10,-1.5156046476594,0.539,0.593,2.65001201439558e-06,"H1F0"
1.3029050171814e-10,0.377264167186365,0.388,0.137,2.69714367606722e-06,"GTF2F2"
1.32793482924352e-10,0.521939361542081,0.844,0.58,2.74895789001701e-06,"GDI2"
1.33903419822819e-10,0.846809636871548,0.425,0.168,2.77193469375217e-06,"COPS4"
1.34483332592097e-10,0.570434183985636,0.403,0.15,2.78393946798899e-06,"CHERP"
1.3630033890896e-10,0.708253714140718,0.518,0.239,2.82155331575438e-06,"STAU2"
1.38931040969261e-10,0.711393190319141,0.392,0.142,2.87601147910468e-06,"RITA1"
1.40312966015229e-10,-2.23386808335404,0.249,0.381,2.90461870948125e-06,"TMPRSS6"
1.42694615487888e-10,0.461020457554392,0.558,0.27,2.95392123521477e-06,"WDR74"
1.45283407990246e-10,-0.261545537896152,1,0.991,3.00751182880608e-06,"APOE"
1.45497747956279e-10,-0.32828184319944,0.955,0.956,3.01194888044294e-06,"NEAT1"
1.48426315435413e-10,0.896337301267804,0.255,0.053,3.07257315582848e-06,"SLC25A43"
1.50111457428734e-10,0.885882453675559,0.364,0.128,3.10745728023221e-06,"INO80C"
1.50411965370327e-10,0.388157621632721,0.536,0.248,3.11367809513113e-06,"PIGR"
1.51035534303324e-10,1.39863251203838,0.324,0.102,3.1265865956131e-06,"RFC2"
1.52414577161481e-10,0.616318371823203,0.414,0.155,3.15513416181983e-06,"CDS2"
1.58242309559466e-10,-1.73961734569208,0.495,0.562,3.2757740501905e-06,"CLK1"
1.60886022179963e-10,0.709580747182549,0.552,0.283,3.33050154514741e-06,"SEC14L2"
1.60977130343756e-10,0.68784806206578,0.461,0.199,3.33238757524609e-06,"FOXA2"
1.66949419795346e-10,0.890681248477033,0.289,0.075,3.45601993918345e-06,"SLC25A53"
1.68812627832891e-10,0.869795905392541,0.262,0.058,3.49459020876867e-06,"SAP30L"
1.69930636454871e-10,0.715623212391896,0.356,0.119,3.51773410525229e-06,"DNAJC12"
1.7044794871387e-10,0.462130792912274,0.381,0.133,3.52844298632581e-06,"AIFM2"
1.71529813448832e-10,-2.67455203766717,0.149,0.283,3.55083866820427e-06,"F9"
1.71900072404454e-10,-1.45596328247406,0.522,0.58,3.55850339884461e-06,"TMEM56"
1.72607026966305e-10,0.786791623222026,0.415,0.168,3.57313806522948e-06,"FBXO22"
1.75413221469437e-10,-4.18173638639535,0.212,0.35,3.63122909763882e-06,"CTGF"
1.76700916846459e-10,0.524193089784805,0.543,0.265,3.65788567963854e-06,"PMPCA"
1.77620665747439e-10,0.957100498525052,0.368,0.128,3.67692540163773e-06,"ZNF33A"
1.78731058676931e-10,0.521232351038956,0.301,0.084,3.69991164567115e-06,"TAZ"
1.80543114752485e-10,0.35313211055175,0.315,0.093,3.73742301849119e-06,"MED1"
1.80958453744964e-10,0.975293057136298,0.257,0.058,3.7460209509745e-06,"NUP155"
1.85893986123692e-10,0.481463012210472,0.404,0.15,3.84819140674656e-06,"CHTF8"
1.88611124067292e-10,0.434229638401406,0.922,0.757,3.90443887931701e-06,"PDIA3"
1.8976779921988e-10,-1.71456173628391,0.355,0.465,3.92838321165073e-06,"GPT"
1.89887980683864e-10,1.06068742817922,0.293,0.08,3.93087108813667e-06,"ICE1"
1.96892223650504e-10,0.472583961277308,0.663,0.381,4.07586592178909e-06,"SNHG7"
1.99216418242514e-10,0.276370421548032,0.325,0.097,4.12397907403828e-06,"PIGX"
2.00712782551455e-10,0.774584832396692,0.312,0.088,4.15495531159767e-06,"KAT7"
2.01026769729848e-10,0.616791857558293,0.26,0.058,4.16145516017759e-06,"TNFRSF21"
2.02849574647068e-10,0.523049123707612,0.403,0.155,4.19918904476896e-06,"WIPF2"
2.03313028988903e-10,0.586645897042521,0.439,0.177,4.20878301309929e-06,"JUP"
2.05981861575492e-10,0.403066979280866,0.873,0.752,4.26403051647426e-06,"KTN1"
2.07485891369085e-10,0.393005653397881,0.796,0.584,4.29516543723143e-06,"HNRNPA0"
2.07541545930667e-10,0.70222890001755,0.572,0.292,4.29631754231075e-06,"RRAGA"
2.09449966722553e-10,0.695693138038289,0.41,0.159,4.33582376112356e-06,"PGPEP1"
2.13443465002847e-10,-0.765011791308697,0.841,0.792,4.41849316902393e-06,"SULT2A1"
2.14667081977714e-10,0.408637328402061,0.595,0.31,4.44382326402066e-06,"SMIM15"
2.14821875574308e-10,0.886239882781876,0.385,0.146,4.44702764626376e-06,"SCLY"
2.17358149775884e-10,0.448349434177985,0.365,0.124,4.49953105851058e-06,"PTCD3"
2.18454149841178e-10,0.638459523811229,0.548,0.274,4.52221935586222e-06,"ALDH1B1"
2.23878379188884e-10,-1.95534605916183,0.26,0.389,4.6345063275891e-06,"ACMSD"
2.24922970091124e-10,0.82058168272247,0.272,0.066,4.65613040385636e-06,"FBXO45"
2.32150726462419e-10,0.594918333355026,0.386,0.137,4.80575218849853e-06,"RUFY1"
2.32637834331446e-10,0.517838117972007,0.634,0.358,4.81583580849526e-06,"NTMT1"
2.33857826623528e-10,-1.6797156614037,0.414,0.504,4.84109086893366e-06,"ZNF281"
2.3665822511745e-10,1.05652065267904,0.281,0.071,4.89906191815632e-06,"SPSB2"
2.37205045169874e-10,0.395697964634544,0.949,0.81,4.91038164006156e-06,"NDUFA11"
2.38146104795839e-10,0.548984122480879,0.309,0.088,4.92986251537867e-06,"MAD2L1BP"
2.43915044237317e-10,0.682775722652826,0.322,0.097,5.04928533075669e-06,"ACD"
2.4417937747421e-10,0.569243414455779,0.455,0.19,5.05475729309363e-06,"RALA"
2.45117639858044e-10,0.426561205754507,0.463,0.199,5.07418026270138e-06,"AFG3L2"
2.51252010647565e-10,0.330816185330349,0.974,0.836,5.20116787241524e-06,"MRPL41"
2.52565823261411e-10,0.455583524600684,0.795,0.575,5.22836510733447e-06,"MTCH1"
2.60616692032388e-10,1.25141766721268,0.291,0.08,5.39502614176246e-06,"USP4"
2.62672560921415e-10,0.813407424460983,0.293,0.08,5.43758468363421e-06,"CCDC22"
2.63740737519636e-10,0.776217995917722,0.301,0.084,5.45969700739398e-06,"XPC"
2.6713373422471e-10,0.891293574880134,0.308,0.088,5.52993543218571e-06,"MCAT"
2.68426834791705e-10,-2.30244903505283,0.175,0.31,5.55670390702308e-06,"RND1"
2.77389623604085e-10,0.657662088250567,0.336,0.106,5.74224259822817e-06,"ZZZ3"
2.80125768627982e-10,-2.18221499110642,0.21,0.345,5.79888353636786e-06,"GK"
2.94447155356433e-10,0.436537132768338,0.501,0.217,6.09535056303352e-06,"PLEKHJ1"
3.0285626822757e-10,0.481525980504126,0.683,0.403,6.26942760857894e-06,"POLE4"
3.04693432498018e-10,-1.81663395830429,0.376,0.469,6.30745874614147e-06,"NDRG2"
3.10357609304367e-10,0.797960562606306,0.331,0.106,6.42471287020969e-06,"ANKRD29"
3.16405873327507e-10,1.14222698317079,0.264,0.062,6.54991798375272e-06,"TARS2"
3.20714607735013e-10,0.529313624397242,0.388,0.137,6.63911309472251e-06,"KPNA3"
3.22035785475863e-10,-1.51142066177599,0.576,0.606,6.66646279513584e-06,"CCNL1"
3.25270266534928e-10,0.421381155939964,0.301,0.084,6.73341978753954e-06,"AKAP8"
3.26183877622296e-10,0.593770041642133,0.264,0.062,6.75233245065915e-06,"C5orf51"
3.26857879689916e-10,0.489656625113557,0.39,0.146,6.76628496746096e-06,"RPP30"
3.30050145585104e-10,0.697510956488041,0.265,0.062,6.83236806375724e-06,"STX18"
3.38904996619613e-10,0.980978681360305,0.297,0.084,7.01567233502262e-06,"XPNPEP2"
3.46817097300705e-10,1.17084099208742,0.269,0.066,7.17946073122189e-06,"TMEM55A"
3.51578414377591e-10,-1.9721512365305,0.339,0.438,7.2780247560305e-06,"SEC23A"
3.54738425819587e-10,0.426754910540126,0.804,0.531,7.34344015289127e-06,"IER3IP1"
3.57517821635999e-10,1.07766279932641,0.3,0.088,7.40097642568681e-06,"TMEM55B"
3.60456091647809e-10,0.512177164447546,0.278,0.071,7.46180155320129e-06,"TOPBP1"
3.70964683002533e-10,0.414375446864299,0.472,0.199,7.67933990283544e-06,"OXR1"
3.72443067230935e-10,0.538848596642097,0.45,0.186,7.70994393474758e-06,"MYL6B"
3.72551554012242e-10,0.940099902797375,0.308,0.093,7.71218971960743e-06,"GPATCH3"
3.77378775965772e-10,-2.91621109496689,0.491,0.549,7.81211804126746e-06,"ATF3"
3.80301457797392e-10,0.80734092055248,0.407,0.155,7.87262047786382e-06,"PDHX"
3.81698108464153e-10,0.680093307678633,0.372,0.133,7.90153254331642e-06,"KIAA0141"
3.83547980533028e-10,-1.1404537291113,0.638,0.655,7.9398267450142e-06,"HAAO"
3.83638228702448e-10,0.725027853857077,0.434,0.181,7.94169497236938e-06,"HDAC3"
3.920152699619e-10,-1.89690585599821,0.454,0.522,8.1151081034813e-06,"CITED2"
3.93334101368454e-10,0.655364669223595,0.317,0.097,8.14240923242837e-06,"DUSP22"
3.93764808336169e-10,0.484517336985816,0.475,0.204,8.15132529736704e-06,"MED29"
4.01847040271088e-10,0.990561212015909,0.26,0.062,8.31863558065179e-06,"HIRIP3"
4.12302730980125e-10,1.38455538288196,0.26,0.062,8.53507883401958e-06,"METTL2B"
4.14279352724613e-10,0.54970961285349,0.36,0.124,8.57599688075221e-06,"UBR5"
4.18994483975458e-10,0.742530270519107,0.399,0.155,8.67360481277596e-06,"WDR6"
4.40786592103216e-10,0.951637056751746,0.252,0.058,9.12472324312868e-06,"PRR5"
4.4205339437177e-10,0.964145595207968,0.26,0.062,9.15094731689001e-06,"FUNDC1"
4.48568452570029e-10,0.661512698868271,0.5,0.235,9.28581553665218e-06,"PMM1"
4.52000340185608e-10,0.414926947625236,0.362,0.124,9.35685904218227e-06,"ISY1"
4.5455531451828e-10,0.579207595481674,0.424,0.173,9.40974956584292e-06,"ACTR1A"
4.69651339602584e-10,0.938933449034463,0.302,0.088,9.7222523811131e-06,"CSTF1"
4.72480275753089e-10,1.05772677687682,0.251,0.058,9.7808141883647e-06,"FEZ1"
4.75701602670897e-10,0.69696243259411,0.368,0.133,9.84749887689024e-06,"THOC6"
4.77381656488075e-10,0.491392649531012,0.752,0.518,9.88227767095963e-06,"NDUFS3"
4.78216042837904e-10,0.579065652377844,0.562,0.279,9.89955030278745e-06,"BRMS1"
4.80890867546078e-10,0.280600883340704,0.714,0.447,9.95492184907136e-06,"AZIN1"
4.81404705519318e-10,0.740958245074411,0.461,0.199,9.96555880895541e-06,"NFYC"
4.87544205550167e-10,1.12716049048676,0.267,0.066,1.0092652599094e-05,"ZDHHC16"
4.88148769504481e-10,1.01862978203538,0.32,0.102,1.01051676775123e-05,"NAGPA"
4.98330091440257e-10,0.815083521791236,0.404,0.159,1.03159312229048e-05,"MITD1"
5.0911324615856e-10,0.365586192241328,0.471,0.204,1.05391533087284e-05,"TNPO1"
5.11664105203403e-10,1.12378730986352,0.315,0.097,1.05919586418156e-05,"PCBD2"
5.13329059883958e-10,0.47250800481065,0.354,0.119,1.06264248686578e-05,"SLC35A4"
5.13928557999830e-10,0.487405870455923,0.511,0.235,1.06388350791545e-05,"CMAS"
5.21624860897662e-10,-2.27193521601269,0.189,0.319,1.07981562454425e-05,"ARHGAP5"
5.32673582660873e-10,0.673288681766491,0.657,0.381,1.10268758346627e-05,"FKBP3"
5.57779413447148e-10,0.782159902703018,0.507,0.243,1.15465916377694e-05,"COQ5"
5.65390507737445e-10,0.283169682635673,0.64,0.35,1.17041489006729e-05,"CD47"
5.74750423688236e-10,0.565181658500445,0.265,0.066,1.18979085207702e-05,"SUGP1"
5.80924441118819e-10,0.499499598175005,0.761,0.527,1.20257168556007e-05,"LRPAP1"
5.81068876670758e-10,0.505599255473054,0.321,0.102,1.20287068159614e-05,"CLK3"
5.84505352324952e-10,0.87748994451492,0.458,0.204,1.20998452984788e-05,"TTC37"
5.92243896404581e-10,0.656919639788135,0.485,0.221,1.22600408994712e-05,"APOPT1"
5.9736688002078e-10,0.738512937249484,0.319,0.102,1.23660917833102e-05,"EMC1"
6.01568911311349e-10,-1.10122725663995,0.62,0.642,1.24530780330562e-05,"FKBP5"
6.08338653254462e-10,0.491873403944187,0.54,0.265,1.25932184610206e-05,"SMIM1"
6.14211015990827e-10,0.303288977327164,0.737,0.456,1.27147822420261e-05,"PAICS"
6.1589836798754e-10,1.07196883199435,0.274,0.071,1.27497121157101e-05,"E4F1"
6.21267620720333e-10,0.329402611608668,0.361,0.124,1.28608610165316e-05,"RNF8"
6.3424694264837e-10,0.508991887271147,0.703,0.447,1.31295459597639e-05,"DCTN3"
6.42921861312341e-10,0.451585920822085,0.714,0.438,1.33091254510268e-05,"STRAP"
6.51180790839565e-10,0.529633245054078,0.399,0.15,1.34800935511698e-05,"SHKBP1"
6.57282040300223e-10,0.500185002088824,0.426,0.173,1.36063955162549e-05,"PEA15"
6.58955830432525e-10,0.445778585262478,0.737,0.482,1.36410446457837e-05,"RPS19BP1"
6.59876366152779e-10,0.598594298026634,0.594,0.314,1.36601006557287e-05,"PSMD9"
6.61117511914238e-10,0.621562435594045,0.554,0.279,1.36857936141366e-05,"C5orf24"
6.65875593979212e-10,0.527554762702071,0.378,0.137,1.37842906709637e-05,"ZYG11B"
6.66726568368176e-10,0.873710694985172,0.352,0.124,1.38019066917896e-05,"USP30-AS1"
7.06701199670583e-10,0.373682835854097,0.435,0.181,1.46294215343807e-05,"NXT1"
7.50286453547931e-10,0.457985929827555,0.564,0.279,1.55316798748957e-05,"PPP1R7"
7.61104050077556e-10,-2.07940145696011,0.26,0.381,1.57556149406555e-05,"C16orf72"
7.77237912279625e-10,1.06149974465831,0.278,0.075,1.60896020221005e-05,"SOX12"
7.91536862219557e-10,0.35862931693291,0.481,0.217,1.63856045848071e-05,"WRB"
7.98996549412121e-10,0.384027201039409,0.566,0.279,1.65400275693803e-05,"SRSF4"
8.16637027098999e-10,0.397477982569524,0.736,0.46,1.69052030979764e-05,"KIF22"
8.19329189660206e-10,0.673308214899279,0.268,0.071,1.69609335551559e-05,"GTPBP8"
8.37012474205398e-10,0.595391296923172,0.416,0.173,1.7326995228526e-05,"CBX5"
8.46151883282052e-10,0.393048526454323,0.461,0.199,1.75161901358218e-05,"ZFPL1"
8.47950215913225e-10,0.795156502321396,0.332,0.111,1.75534174196197e-05,"NDUFAF1"
8.55416420674597e-10,0.448750456628379,0.513,0.252,1.77079753243848e-05,"TMEM223"
8.59523496387716e-10,0.444618105777967,0.792,0.549,1.77929958987221e-05,"UFC1"
8.67956098729176e-10,0.443224374749792,0.436,0.186,1.79675591997927e-05,"CCDC90B"
8.6820687967314e-10,0.521408567368337,0.471,0.208,1.79727506161137e-05,"ST3GAL6"
8.7605381538913e-10,0.421204292384131,0.748,0.5,1.81351900323704e-05,"RBMX"
8.97085248682033e-10,0.602760877242001,0.302,0.093,1.85705617329668e-05,"IDH3A"
9.33027868633936e-10,0.564760930509728,0.271,0.071,1.93146099085911e-05,"YTHDC2"
9.36950683878037e-10,1.24397438373683,0.267,0.071,1.93958161069592e-05,"LEMD2"
9.37079553044369e-10,-2.13428161114406,0.265,0.385,1.93984838275715e-05,"DEXI"
9.3911051021071e-10,0.650900191652858,0.265,0.066,1.94405266718719e-05,"ZNF580"
9.4360211764021e-10,0.530227765249874,0.48,0.221,1.953350743727e-05,"WDR43"
9.49894516701219e-10,0.503580863168103,0.51,0.243,1.96637663902319e-05,"TARS"
9.55123082969281e-10,0.4999880482414,0.656,0.394,1.97720029405471e-05,"HNRNPD"
9.63431269567935e-10,-1.63335138925691,0.395,0.491,1.99439907113258e-05,"TSPYL1"
9.70212530058689e-10,0.701987762720738,0.296,0.084,2.00843695847449e-05,"NSD1"
1.01570900897703e-09,0.380829132875944,0.375,0.137,2.10261921948334e-05,"KPNA6"
1.02139425385599e-09,0.545184829804149,0.563,0.283,2.11438824490728e-05,"TRPM4"
1.02235090959183e-09,0.818012879001484,0.305,0.093,2.11636861794605e-05,"TSPAN17"
1.02398667819273e-09,0.396537231140778,0.525,0.265,2.11975482252677e-05,"MGAT4B"
1.06693331500036e-09,0.448616872397308,0.585,0.296,2.20865865538225e-05,"TM2D3"
1.09083691684174e-09,0.72178357625098,0.468,0.221,2.25814150155408e-05,"IMPA2"
1.09313306620715e-09,0.509922037346503,0.351,0.124,2.26289476035542e-05,"RNF113A"
1.09698011730124e-09,0.67263012091308,0.339,0.115,2.27085854082529e-05,"LENG1"
1.14398008434625e-09,0.494048013410023,0.645,0.354,2.36815317260518e-05,"MRPS10"
1.19095489056645e-09,0.413325015925083,0.727,0.46,2.46539571896161e-05,"CLPTM1"
1.19328544551638e-09,0.477405078727447,0.777,0.5,2.47022020076346e-05,"TCEA1"
1.20422793842653e-09,0.383787247608221,0.277,0.075,2.49287225533675e-05,"GOLGA8B"
1.20466724676933e-09,-1.63605829479595,0.442,0.518,2.49378166753718e-05,"HLA-F"
1.20647492917744e-09,0.39468263659617,0.625,0.354,2.49752375089022e-05,"SLC39A1"
1.20901296022424e-09,0.329791149205806,0.855,0.686,2.5027777289602e-05,"TMCO1"
1.2162711742948e-09,-2.14875775262981,0.257,0.381,2.51780295790766e-05,"BHLHE40"
1.21631112431193e-09,0.552049970393728,0.693,0.46,2.51788565843813e-05,"SURF1"
1.22055971146037e-09,1.10388183299294,0.307,0.097,2.52668065869411e-05,"EXOSC8"
1.24306186842312e-09,0.782667981225338,0.312,0.102,2.57326237382271e-05,"TRIM47"
1.24475539361394e-09,1.37115300951586,0.287,0.088,2.57676814032021e-05,"NEK4"
1.25074398969365e-09,0.44005451342802,0.258,0.062,2.58916513306482e-05,"CTB-50L17.10"
1.25249182764819e-09,0.436937964620928,0.823,0.588,2.59278333241453e-05,"DPY30"
1.25922545341925e-09,0.550102892049475,0.834,0.624,2.6067226111232e-05,"CCT4"
1.26009271500858e-09,-1.20363085971599,0.525,0.566,2.60851792933926e-05,"MAOB"
1.27844045577756e-09,0.510164012150113,0.683,0.429,2.64649958750512e-05,"HNRNPAB"
1.28245825693187e-09,0.412666300493384,0.26,0.066,2.65481683767466e-05,"ZNF408"
1.30178953609211e-09,0.425799375974398,0.913,0.712,2.69483451866429e-05,"ATP5C1"
1.30766232456466e-09,1.12572283955059,0.267,0.071,2.70699177808131e-05,"METTL13"
1.32272310626617e-09,0.473244026086798,0.566,0.296,2.7381691022816e-05,"BRD4"
1.36704646841029e-09,0.633143596198391,0.587,0.327,2.82992289425614e-05,"IGSF8"
1.36912015074025e-09,0.856187531339448,0.362,0.133,2.8342156240474e-05,"ASF1A"
1.37173187759259e-09,0.781723577645536,0.289,0.084,2.83962215980441e-05,"PRPF3"
1.37956173003367e-09,-0.875545636445437,0.692,0.765,2.85583073734271e-05,"ZFP36L1"
1.45069615278542e-09,-1.86827003327822,0.413,0.5,3.0030861058811e-05,"IFRD1"
1.47003984040956e-09,0.400397841386986,0.646,0.372,3.04312947363183e-05,"NOSIP"
1.48256346779752e-09,0.585404137165706,0.645,0.363,3.06905463468764e-05,"MRPS18A"
1.49464120501496e-09,0.745934866821847,0.469,0.226,3.09405675850147e-05,"GRAMD1A"
1.50291384621374e-09,0.476200570221838,0.687,0.394,3.11118195304706e-05,"PCMT1"
1.57110994800001e-09,0.434029901869492,0.459,0.199,3.25235470335482e-05,"TMEM57"
1.58270711450119e-09,1.06125414544601,0.297,0.093,3.27636199772891e-05,"RPIA"
1.59292182570004e-09,-1.07033845548665,0.646,0.637,3.29750747138164e-05,"HIGD1A"
1.59774358343803e-09,1.55036720440418,0.28,0.084,3.30748899207506e-05,"CAPN12"
1.60870120827525e-09,0.731709624487591,0.272,0.075,3.33017237125059e-05,"RP11-386G11.10"
1.63805318803461e-09,0.444912689244859,0.398,0.155,3.39093390455045e-05,"LMO4"
1.70061274381344e-09,0.287101385761365,0.369,0.137,3.52043844096819e-05,"ZDHHC3"
1.70313163774414e-09,0.301691485279871,0.732,0.451,3.52565280329414e-05,"ZSCAN16-AS1"
1.71057524767779e-09,0.255102771271092,0.34,0.115,3.54106182021779e-05,"GPN2"
1.79309236196677e-09,0.337313937567055,0.8,0.504,3.71188049850742e-05,"SLC22A18"
1.81413407677285e-09,0.640613550480021,0.267,0.071,3.75543895232748e-05,"TIMM21"
1.83144700960808e-09,0.406475061365902,0.429,0.181,3.7912784545897e-05,"SRPK2"
1.83877577713002e-09,1.02090049765849,0.276,0.08,3.80644973623685e-05,"NUPL2"
1.85770122727876e-09,0.443709639395453,0.638,0.403,3.84562731058975e-05,"SIAH2"
1.86114798904243e-09,0.598076437200067,0.326,0.106,3.85276245211673e-05,"FAM120AOS"
1.86157313452882e-09,0.580359314305198,0.27,0.075,3.85364254578811e-05,"RCAN3"
1.86880475432664e-09,0.411118628535439,0.925,0.735,3.86861272193158e-05,"CTSA"
1.87531495194843e-09,0.411384628226115,0.331,0.111,3.88208948202845e-05,"RTN4RL2"
1.88170707686047e-09,0.624268134840437,0.497,0.23,3.89532181980886e-05,"NAA60"
1.90677801612898e-09,0.346050208583795,0.826,0.593,3.9472211711886e-05,"MRPL18"
1.91839806691959e-09,0.69518883413296,0.432,0.19,3.97127583833024e-05,"PIGF"
1.95811665161391e-09,0.578395983435654,0.269,0.071,4.05349728050595e-05,"CEP104"
1.96884648380694e-09,0.806522776120821,0.43,0.186,4.07570910612874e-05,"FAM50B"
1.99794942999649e-09,0.467694149768034,0.329,0.111,4.13595511503573e-05,"TMEM218"
2.00325025377433e-09,-1.9896203087228,0.206,0.336,4.14692835033823e-05,"CHIC2"
2.00840844078728e-09,0.58356580969826,0.419,0.168,4.15760631327375e-05,"CINP"
2.02260348465898e-09,0.986979041208997,0.256,0.066,4.18699147359254e-05,"RP11-620J15.3"
2.03040619260503e-09,-1.60010651459379,0.382,0.473,4.20314385931167e-05,"RAB6A"
2.08611590896641e-09,0.919696655686932,0.25,0.062,4.31846854315136e-05,"DENND2D"
2.15122097520458e-09,0.665417141318563,0.329,0.111,4.45324254077099e-05,"AGO2"
2.16883146681634e-09,0.742029655839251,0.398,0.159,4.4896980194565e-05,"TP53I3"
2.18656311843344e-09,1.2794095153568,0.293,0.093,4.52640431146906e-05,"USP39"
2.21631818156628e-09,0.493332028486327,0.442,0.19,4.58800026766035e-05,"RPA2"
2.22710134484646e-09,-1.68287556239459,0.334,0.442,4.61032249396666e-05,"PSAT1"
2.28765815425289e-09,0.677994245409421,0.518,0.257,4.73568114511891e-05,"TBL1XR1"
2.30125426361508e-09,-0.475409879446646,0.951,0.916,4.76382645110959e-05,"RPL36AL"
2.32029730940067e-09,0.253662297409708,0.728,0.442,4.80324746019033e-05,"PYURF"
2.36067603872177e-09,0.608731229343084,0.494,0.23,4.88683546775793e-05,"TIPRL"
2.40447721141792e-09,-0.488074023714696,0.921,0.885,4.97750827535624e-05,"GUK1"
2.41223258327041e-09,0.54458453621476,0.533,0.261,4.99356267062807e-05,"RP11-345J4.5"
2.4189862308917e-09,0.50715506921184,0.344,0.119,5.0075433965689e-05,"SSH2"
2.42221729901439e-09,0.553286059988041,0.437,0.19,5.0142320306897e-05,"GPD1"
2.43025919366472e-09,0.322442859257994,0.343,0.119,5.03087955680534e-05,"IFNAR2"
2.46312519023453e-09,0.427821532323071,0.503,0.23,5.09891545630449e-05,"PYM1"
2.4726517881445e-09,-1.17172928349559,0.596,0.611,5.11863646663793e-05,"ACADM"
2.48675047514312e-09,0.469687557380597,0.416,0.173,5.14782215859377e-05,"GNL1"
2.54055586501531e-09,-2.06120407391519,0.275,0.389,5.2592046961682e-05,"FOSL2"
2.54594243393669e-09,0.543142787840611,0.398,0.164,5.27035543249234e-05,"RNF220"
2.60345305339318e-09,0.44945935750045,0.342,0.124,5.38940816582922e-05,"NOL12"
2.60865313195206e-09,0.569353722500108,0.605,0.336,5.40017284845397e-05,"MPG"
2.65527740815017e-09,0.530104573959931,0.361,0.133,5.49668976261166e-05,"TBL3"
2.66898404779717e-09,0.402523159097263,0.511,0.239,5.52506387734492e-05,"PPHLN1"
2.68386307162697e-09,0.474605220741162,0.591,0.323,5.555864944575e-05,"WIPI2"
2.69313793585657e-09,0.492046636035712,0.409,0.164,5.57506484101669e-05,"PREB"
2.70515550228618e-09,0.425959241475961,0.746,0.469,5.59994240528262e-05,"RAB11A"
2.76804932744967e-09,0.535373777126923,0.27,0.075,5.73013891275355e-05,"TRMT10A"
2.99774917051268e-09,0.773389173521974,0.349,0.128,6.2056405578783e-05,"PEX14"
3.1199237546445e-09,0.378116521742942,0.581,0.323,6.45855416448958e-05,"SNRNP25"
3.15852555053446e-09,0.521739489030336,0.726,0.518,6.53846374216139e-05,"FBXW5"
3.1785321190456e-09,0.369831380322727,0.9,0.717,6.5798793396363e-05,"TIMM13"
3.20785555539790e-09,0.457613014986201,0.331,0.115,6.64058178522918e-05,"POLR3E"
3.24660879899509e-09,-2.23586051676491,0.192,0.319,6.72080487479973e-05,"ALDH8A1"
3.24711626002569e-09,0.991643576976866,0.27,0.075,6.72185536987918e-05,"MFN1"
3.27376429171793e-09,0.532691997209356,0.649,0.372,6.77701946028528e-05,"WDR1"
3.28088943488052e-09,0.437282454671455,0.624,0.345,6.79176921914616e-05,"ORMDL3"
3.29371724573424e-09,0.455097414155806,0.339,0.124,6.81832407039446e-05,"PKIB"
3.30624812407193e-09,0.317453262519709,0.287,0.084,6.84426424164131e-05,"GSK3A"
3.31562312219802e-09,0.383941394047505,0.673,0.385,6.86367142526212e-05,"AHSA1"
3.33244911095093e-09,0.427099061098206,0.725,0.451,6.89850290457952e-05,"PMF1"
3.3440435047929e-09,0.298666195110832,0.838,0.602,6.92250445927179e-05,"AKR1A1"
3.36274220408938e-09,-1.7291525259674,0.315,0.429,6.96121263668543e-05,"ITIH4"
3.39232343170997e-09,0.575202256479418,0.271,0.075,7.02244873598281e-05,"RBM28"
3.46586436592895e-09,0.636724804703754,0.58,0.319,7.17468582390952e-05,"UROS"
3.49571931465901e-09,0.39476656735981,0.481,0.226,7.23648855327561e-05,"TMEM69"
3.4974998713592e-09,0.3846885675991,0.634,0.376,7.24017448370069e-05,"PRPF40A"
3.5404813838212e-09,0.574132063273975,0.667,0.398,7.32915051264827e-05,"NUTF2"
3.54187163050894e-09,0.460467942565889,0.705,0.456,7.33202846231656e-05,"SRP72"
3.58039596308074e-09,0.739758532132371,0.302,0.097,7.41177768317345e-05,"SGF29"
3.61429816952164e-09,0.550048177902121,0.343,0.124,7.48195864072674e-05,"GFM2"
3.61639963826387e-09,0.532388748880373,0.683,0.465,7.48630889117003e-05,"EIF3A"
3.62291050494481e-09,0.505986047090027,0.699,0.447,7.49978703628624e-05,"MRPS35"
3.66791658869284e-09,0.350875167026711,0.333,0.115,7.59295413025305e-05,"IFI27L1"
3.69543115106549e-09,0.513313622260676,0.364,0.137,7.64991202582067e-05,"NAGK"
3.72254168025951e-09,0.359618689918281,0.518,0.252,7.70603353230521e-05,"UBA2"
3.74338161894849e-09,0.490491030363055,0.303,0.097,7.74917428938526e-05,"CPSF1"
3.77598479617005e-09,0.531067740912376,0.634,0.376,7.81666612655163e-05,"CHST13"
3.8258438328691e-09,1.12006207524846,0.279,0.084,7.91987931842233e-05,"PRKCZ"
3.8346363426757e-09,0.843299425079304,0.325,0.115,7.93808069297296e-05,"APTX"
3.85931786934401e-09,0.643675464693759,0.347,0.128,7.98917392132904e-05,"IMPACT"
3.87349254870459e-09,0.314500669080277,0.403,0.164,8.01851692507338e-05,"BZW2"
3.88026355891143e-09,0.371187874694624,0.729,0.456,8.03253359330255e-05,"BAX"
3.8809927367202e-09,0.962509306562615,0.275,0.08,8.03404306428449e-05,"FANCF"
3.88627912885277e-09,0.512255865581848,0.472,0.217,8.04498642463811e-05,"KLF15"
3.90294884574837e-09,1.04869316453019,0.311,0.106,8.07949440558369e-05,"ZCCHC7"
3.96637694408074e-09,0.693162307088541,0.288,0.088,8.21079691194154e-05,"NR1D1"
4.04678076375273e-09,-1.7550850471216,0.361,0.451,8.37724085904452e-05,"MUT"
4.04756733949912e-09,0.257775990982728,0.394,0.155,8.37886914949713e-05,"PPP1R8"
4.11284446703978e-09,0.731798067979414,0.33,0.115,8.51399933121905e-05,"THAP11"
4.13630048513674e-09,-0.923743341294347,0.703,0.673,8.56255563428157e-05,"YWHAE"
4.15766839815874e-09,-1.45491081209207,0.485,0.544,8.60678935102841e-05,"KLF10"
4.24023446489323e-09,0.424424575087778,0.573,0.301,8.77770936577547e-05,"VPS35"
4.26011755932718e-09,0.62857277824305,0.329,0.115,8.81886935956319e-05,"SGK2"
4.26530077308695e-09,-1.1488904254171,0.603,0.624,8.82959913036729e-05,"ATP1A1"
4.34732053218089e-09,0.698256064733981,0.272,0.08,8.99938823366766e-05,"SLC23A2"
4.51518412726664e-09,0.764575114495997,0.382,0.155,9.34688266185467e-05,"RWDD4"
4.5371643731614e-09,0.469554026512974,0.369,0.142,9.39238396888142e-05,"RTP3"
4.5852332270868e-09,0.340881086891082,0.603,0.323,9.49189130339238e-05,"ARPP19"
4.69312324300576e-09,0.344496550358239,0.523,0.261,9.71523442534622e-05,"MED28"
4.7335559135438e-09,0.382110784376378,0.608,0.323,9.79893409662702e-05,"SERPINB6"
4.74584780668884e-09,-1.96154359603832,0.258,0.376,9.82437954462657e-05,"PLSCR1"
4.84379302207072e-09,0.835356959683353,0.308,0.102,0.000100271359349886,"C19orf52"
4.90015667455735e-09,0.398734677634559,0.276,0.08,0.000101438143320012,"VEZF1"
5.03792543587293e-09,0.607026937108801,0.364,0.142,0.000104290094448006,"KCNJ8"
5.20567960151846e-09,0.406727984622543,0.622,0.35,0.000107762773431034,"PHLDA1"
5.30705757158793e-09,0.453766884094275,0.779,0.478,0.000109861398789442,"PCNP"
5.3100817531514e-09,-0.622170883159143,0.917,0.885,0.000109924002371987,"PSAP"
5.36238293312499e-09,0.475267699854495,0.588,0.323,0.00011100668909862,"ACSL3"
5.38172065782376e-09,0.551344276462168,0.655,0.376,0.00011140699933761,"MRPL42"
5.40499592598913e-09,-2.52622930128329,0.166,0.288,0.000111888820663901,"CSRNP1"
5.66120756004239e-09,0.424142464316182,0.802,0.549,0.000117192657700437,"POLR2J"
5.77232952235102e-09,0.495992938898791,0.537,0.27,0.000119492993442188,"RNF139"
5.79827704514433e-09,0.412494412434639,0.495,0.23,0.000120030133111533,"SUGT1"
5.81301592733917e-09,0.271752542451148,0.831,0.619,0.000120335242711848,"YWHAZ"
5.83870929289553e-09,0.377593332396738,0.798,0.562,0.00012086712107223,"NDUFV1"
5.87444347689064e-09,-0.541925243911833,0.808,0.792,0.000121606854415113,"CP"
6.04812113774181e-09,0.448440031570227,0.807,0.571,0.000125202155672393,"UBE2L3"
6.2634889503801e-09,0.722684469879253,0.265,0.075,0.000129660484761818,"PRKAB1"
6.41462050707744e-09,0.473815357322591,0.321,0.111,0.00013278905911701,"SRRT"
6.45584185530032e-09,0.426130095571869,0.547,0.283,0.000133642382246572,"DHX36"
6.46427268296593e-09,0.653194324582079,0.255,0.071,0.000133816908810078,"SPG11"
6.48511986788362e-09,0.363576190585848,0.349,0.128,0.000134248466385059,"VARS"
6.87313986582288e-09,-1.773493877705,0.295,0.407,0.0001422808683624,"ATP5EP2"
6.88149295297691e-09,0.491469741059727,0.382,0.155,0.000142453785619575,"EIF2B2"
7.16342589757391e-09,0.298739008031536,0.25,0.066,0.000148290079505678,"FHL1"
7.28076715412459e-09,0.817193243969476,0.299,0.097,0.000150719160857533,"MARS"
7.31270881627405e-09,0.670176471826935,0.309,0.102,0.000151380385205689,"OGFOD2"
7.36183073485716e-09,0.555935214754804,0.321,0.111,0.000152397258042278,"AGXT2"
7.41044635011017e-09,0.450041218721938,0.35,0.133,0.000153403649893631,"POLRMT"
7.4490105586573e-09,0.586511795258529,0.591,0.327,0.000154201967574765,"CCDC59"
7.49525482663237e-09,0.842988144559692,0.262,0.075,0.000155159270166117,"TBC1D22A"
7.55083807036213e-09,0.702157546419002,0.516,0.27,0.000156309898894567,"COPS8"
7.55413106446584e-09,0.317532010183697,0.345,0.124,0.000156378067165507,"GMPR2"
7.69518946012014e-09,0.424534286953991,0.695,0.425,0.000159298117013947,"AP1S1"
7.70547148740461e-09,0.525248005848471,0.371,0.146,0.000159510965260763,"CNOT8"
7.84698764910103e-09,0.461092856907203,0.701,0.442,0.00016244049132404,"SIL1"
7.89985915407105e-09,0.403971287128688,0.457,0.208,0.000163534984348425,"ATP6V1H"
7.92925228984532e-09,0.527119110581136,0.382,0.155,0.000164143451652088,"SART1"
7.96149920986228e-09,0.709184716780491,0.404,0.177,0.000164810995143359,"TRIM28"
8.08776341332212e-09,-0.511312955831729,0.419,0.181,0.000167424790419181,"GPNMB"
8.16263987896205e-09,0.410897518779295,0.584,0.301,0.000168974808134393,"CLPP"
8.27465144023837e-09,0.374777036068223,0.666,0.385,0.000171293559464375,"SHISA5"
8.33975674416914e-09,1.03835640798617,0.267,0.08,0.000172641304361045,"DTD1"
8.36118684614382e-09,0.308598337081211,0.4,0.164,0.000173084928902023,"CLPTM1L"
8.5354629415759e-09,0.618681088490755,0.288,0.093,0.000176692618353563,"CLDND2"
8.68405988880628e-09,0.273640883292786,0.344,0.128,0.000179768723758179,"FEM1B"
8.75975666352739e-09,-1.23079401304203,0.662,0.655,0.00018133572269168,"FTCD"
8.94922894790418e-09,-2.38640001908301,0.137,0.257,0.000185257988450564,"LCP1"
9.07477039829632e-09,0.664507442423436,0.278,0.084,0.000187856822015132,"POGK"
9.09836014427332e-09,0.780429571690171,0.307,0.106,0.000188345153346602,"BRAT1"
9.25395062537272e-09,0.482330693529818,0.299,0.097,0.000191566031895841,"SF3B3"
9.28655126278202e-09,-2.02940128000432,0.232,0.35,0.000192240897690851,"OPN3"
9.48188561188637e-09,0.492209595315577,0.673,0.412,0.00019628451405166,"UFD1L"
9.5073344604609e-09,0.52270175601861,0.27,0.08,0.000196811330666001,"WDR36"
9.61452621798541e-09,0.361313738134164,0.864,0.637,0.000199030307238516,"CNN3"
9.68952555639548e-09,0.639056784894094,0.353,0.137,0.000200582868542943,"MRPS31"
9.74738384961571e-09,-1.97251251693913,0.364,0.46,0.000201780593070895,"SGK1"
9.93436758466115e-09,0.998550187429276,0.287,0.093,0.00020565134337007,"DPP3"
1.01156512669619e-08,0.381834693779321,0.641,0.358,0.000209404096877379,"ERGIC1"
1.04310881225753e-08,0.512457193289563,0.645,0.381,0.00021593395522543,"ABCF1"
1.05319235459916e-08,0.433506388558075,0.651,0.381,0.000218021349325572,"GID8"
1.05438637240816e-08,0.479432876072085,0.292,0.093,0.000218268522952212,"SLC1A2"
1.05554229007228e-08,0.465070503478296,0.391,0.164,0.000218507809467862,"CA5A"
1.06969126446182e-08,0.690702258473695,0.413,0.181,0.000221436788656242,"ENOSF1"
1.076741311782e-08,0.590080610742357,0.396,0.164,0.000222896218951991,"CS"
1.07848957745553e-08,-1.50064181518646,0.517,0.558,0.000223258127429069,"RBP5"
1.08665423331753e-08,0.890771298018762,0.298,0.102,0.000224948292839061,"MNAT1"
1.13339838816364e-08,0.51446752262023,0.57,0.314,0.000234624800333754,"HMOX2"
1.20430519810428e-08,0.27453874034435,0.526,0.265,0.000249303219059567,"MIR4435-2HG"
1.22233469262121e-08,0.632596867191043,0.404,0.173,0.000253035504719517,"BFAR"
1.25624004592712e-08,0.451374172028472,0.752,0.487,0.000260054251907374,"CWC15"
1.27653220067027e-08,0.313498005424716,0.528,0.27,0.000264254930860753,"ATG101"
1.28240426570521e-08,0.432186600701584,0.527,0.261,0.000265470507043635,"RPP21"
1.29231238952029e-08,0.432001344102321,0.282,0.088,0.000267521587754596,"CARS"
1.29465430192471e-08,0.462455046830271,0.256,0.071,0.000268006387041434,"EXOC3"
1.29625836437991e-08,0.508499973499094,0.357,0.142,0.000268338444010285,"SF3A2"
1.30531906163512e-08,0.376683673761335,0.446,0.208,0.000270214098949086,"FUBP1"
1.3290084052291e-08,0.334484410265995,0.428,0.19,0.000275118029966475,"CCAR1"
1.34488505154252e-08,-1.66955728762963,0.274,0.385,0.000278404654519817,"HECTD1"
1.38668352922739e-08,-0.90884184759739,0.842,0.774,0.000287057357385363,"IFITM2"
1.41518049380609e-08,0.467898706937827,0.614,0.363,0.0002929565140228,"SNTB1"
1.41608703318222e-08,0.632167179720271,0.313,0.111,0.000293144176739052,"BCS1L"
1.41991566210993e-08,0.52901774792778,0.368,0.146,0.000293936741213377,"SMU1"
1.44398048495056e-08,0.82626381051963,0.265,0.08,0.000298918400189616,"XPNPEP1"
1.48397415674096e-08,0.345147250381413,0.327,0.119,0.000307197490186945,"NUP62"
1.4852543524887e-08,0.649446242599519,0.398,0.168,0.000307462503508685,"CC2D1A"
1.48670653640071e-08,-0.598429669511254,0.883,0.823,0.00030776312010031,"BLOC1S1"
1.50941584317818e-08,0.437600807421441,0.625,0.367,0.000312464173696315,"SMAP1"
1.51334604865996e-08,0.99205987695495,0.264,0.08,0.000313277765533098,"KANSL1"
1.51643420773907e-08,-0.456328693507571,0.899,0.823,0.000313917045344065,"PRDX3"
1.54902531122684e-08,1.09260832121119,0.269,0.084,0.000320663729677068,"RALGAPB"
1.55565001583613e-08,0.579196749765521,0.402,0.168,0.000322035109778238,"TIMM10B"
1.56976543528503e-08,-1.16596086950628,0.52,0.566,0.000324957142758353,"GTF2I"
1.59287914749481e-08,0.541428537022076,0.307,0.106,0.000329741912322901,"CNOT10"
1.61180113061684e-08,0.579636134982553,0.306,0.106,0.000333658952048993,"IARS"
1.67955714994385e-08,0.485647011672457,0.448,0.212,0.000347685125609876,"TIMM44"
1.70825720867345e-08,0.461051028990679,0.699,0.425,0.000353626324767491,"BUB3"
1.77398065739356e-08,0.401578837047058,0.581,0.323,0.000367231735887041,"MRPS14"
1.78911751173605e-08,0.309190378058134,0.527,0.261,0.00037036521610448,"SHTN1"
1.79094034047739e-08,0.601826197899382,0.279,0.088,0.000370742559882225,"CHST15"
1.7991766009797e-08,0.436104018868338,0.557,0.288,0.000372447548168808,"ELAVL1"
1.80023166376003e-08,0.518818447411719,0.517,0.257,0.000372665956714964,"MPHOSPH6"
1.83333580715165e-08,0.581551409279341,0.345,0.133,0.000379518845438463,"CDC73"
1.85947175728455e-08,0.294287058699557,0.735,0.5,0.000384929248475474,"TAX1BP1"
1.88487136770125e-08,0.42348136255324,0.664,0.398,0.000390187221827837,"PIGT"
1.89151021594804e-08,0.697083674283441,0.294,0.102,0.000391561529803404,"EEFSEC"
1.89728635175426e-08,0.398903988545832,0.675,0.434,0.000392757247676649,"HACD3"
1.90927481257763e-08,0.479970299186187,0.255,0.075,0.000395238978951695,"ST20"
1.98559764312836e-08,0.723843052649661,0.253,0.075,0.000411038568104002,"ZNF780A"
1.99290858785695e-08,1.02646561993352,0.262,0.08,0.000412552006772267,"BNIP1"
2.02628511586513e-08,0.629474247520459,0.355,0.142,0.000419461281835241,"GM2A"
2.03842046212945e-08,-1.12834665109569,0.535,0.588,0.000421973419865417,"PROX1"
2.04983243587809e-08,0.417140338209555,0.399,0.168,0.000424335812551124,"SPAG16"
2.11291858244228e-08,0.275253708155421,0.369,0.146,0.000437395275751377,"GPR89A"
2.14763114289638e-08,-2.25252061538795,0.27,0.372,0.000444581122890981,"SLC20A1"
2.17929681636454e-08,0.767104763270016,0.327,0.124,0.000451136233955622,"POLR1C"
2.22095247151797e-08,0.97165085882079,0.382,0.168,0.000459759371128935,"AGA"
2.23989232698843e-08,0.640428596676029,0.257,0.075,0.000463680110609874,"RFX5"
2.29380629256725e-08,0.742340092715913,0.361,0.146,0.000474840840624347,"WASH1"
2.29740915826501e-08,0.423581839813245,0.311,0.111,0.000475586669852441,"SLC22A18AS"
2.3194709783156e-08,0.296383838837347,0.997,0.929,0.000480153687221113,"USMG5"
2.33784275330053e-08,0.60450950810454,0.292,0.097,0.000483956828360743,"GMPPB"
2.34349863411309e-08,-2.80023657446152,0.186,0.301,0.00048512765224775,"MAFF"
2.35033153578819e-08,0.476745212104258,0.601,0.341,0.000486542131223514,"SYNCRIP"
2.36279681439893e-08,0.345591670421549,0.648,0.385,0.000489122568548723,"RNF13"
2.38509803382341e-08,0.959801042654124,0.254,0.075,0.000493739143981785,"DOLK"
2.49051632244515e-08,0.363561896548347,0.473,0.23,0.000515561783909371,"COQ9"
2.52098655429856e-08,0.251682067760965,0.485,0.235,0.000521869426605346,"ELOVL1"
2.55579312145965e-08,0.452659704333998,0.465,0.221,0.000529074734073363,"LRRC58"
2.58348492681888e-08,0.399541596895066,0.301,0.102,0.000534807214700776,"TMEM68"
2.59325504133167e-08,0.476550659479425,0.333,0.124,0.000536829726106068,"BAIAP2L1"
2.59469545629689e-08,0.430961752716025,0.343,0.133,0.00053712790640802,"RPE"
2.62814884756312e-08,0.352179747072813,0.574,0.314,0.000544053092934042,"DHPS"
2.70085287001272e-08,0.369854717295195,0.423,0.186,0.000559103552621333,"RNF14"
2.82708793172664e-08,0.511875321758209,0.256,0.075,0.000585235472746732,"C12orf43"
2.85111722242849e-08,0.985329550678104,0.267,0.084,0.000590209776214922,"DEAF1"
2.95509872875916e-08,0.352942012714097,0.862,0.646,0.000611734987840434,"MTCH2"
2.98880388525676e-08,0.760072005020247,0.264,0.084,0.000618712292287001,"LRWD1"
3.01739466604527e-08,0.490725820223559,0.419,0.186,0.000624630869818031,"USP8"
3.0350261656305e-08,0.719245100801465,0.33,0.128,0.00062828076654717,"RNF217"
3.09280388682751e-08,0.342693531492948,0.871,0.681,0.000640241332612163,"COX7A2L"
3.18296528010497e-08,0.462903757566761,0.274,0.088,0.000658905642634529,"PRKRIP1"
3.20024224717075e-08,-2.10655018347322,0.225,0.336,0.000662482147586817,"AES"
3.22648895728337e-08,-2.18324619308756,0.159,0.279,0.000667915479047231,"LST1"
3.2841659458657e-08,-1.93400547193547,0.214,0.327,0.000679855192453659,"ODF3B"
3.29163712286994e-08,0.367622632708978,0.614,0.35,0.000681401800805307,"BCKDK"
3.350599466809e-08,-0.269658693683747,0.285,0.093,0.000693607595624132,"LINC01419"
3.36478372161101e-08,0.624484756446272,0.417,0.19,0.000696543878210695,"TBPL1"
3.40927775557644e-08,0.578329587901222,0.452,0.217,0.000705754588181879,"LRRC28"
3.41155642626677e-08,0.506167955831396,0.421,0.186,0.000706226295801485,"AMDHD2"
3.51292618955385e-08,0.506864178373165,0.3,0.106,0.000727210850499542,"ZNF721"
3.54018039275974e-08,0.399557830654365,0.637,0.372,0.000732852743105193,"HNRNPH2"
3.58526779739211e-08,0.36189095297278,0.388,0.164,0.000742186286738141,"AZI2"
3.61022956852868e-08,0.517044206046236,0.469,0.23,0.000747353622981122,"FBXL15"
3.71003732633217e-08,0.474306337687568,0.397,0.173,0.000768014826924022,"TMEM167B"
3.71250477570485e-08,0.48607048905987,0.32,0.119,0.000768525613618661,"MRS2"
3.71953386390095e-08,0.462649117504951,0.391,0.168,0.000769980705166135,"NIP7"
3.76593583625822e-08,0.905766877726379,0.282,0.097,0.000779586377463813,"DYNC2LI1"
3.80803655222317e-08,0.441950961086532,0.387,0.168,0.000788301646675718,"DLGAP4"
3.97035523221616e-08,0.710397867487031,0.315,0.119,0.000821903236621067,"UBQLN2"
4.00496011257623e-08,0.584389160278805,0.304,0.111,0.000829066792904406,"SLC39A8"
4.01250831136179e-08,-0.489439722562408,0.941,0.898,0.000830629345535005,"LAPTM4A"
4.17670480952314e-08,-2.79523423036641,0.216,0.327,0.000864619662619386,"GSTP1"
4.25930327520356e-08,-1.19785569877267,0.498,0.549,0.000881718370999888,"TGOLN2"
4.28000775422193e-08,0.332784358651932,0.453,0.208,0.000886004405201481,"TPRA1"
4.35252162569022e-08,0.382215275578412,0.617,0.35,0.000901015501734132,"FUCA2"
4.39159834410233e-08,0.746173925859714,0.343,0.137,0.000909104773212622,"THNSL2"
4.42638045121185e-08,0.498963384669604,0.349,0.142,0.000916305017205364,"GTF2F1"
4.45114218798007e-08,-0.548738925764845,0.833,0.792,0.000921430944333754,"NENF"
4.45294943442863e-08,0.379262963986915,0.624,0.354,0.00092180506242107,"NMRAL1"
4.46046507617807e-08,0.295120021540928,0.492,0.248,0.000923360875419622,"TRIM27"
4.48141840370324e-08,-2.21414886996526,0.163,0.279,0.000927698423750607,"CST7"
4.51577772391786e-08,0.257144692239955,1,0.938,0.000934811146628235,"CYB5A"
4.55796247968043e-08,-0.483691444934174,0.866,0.814,0.000943543812918645,"DSTN"
4.60655799700311e-08,0.408253043131471,0.298,0.106,0.000953603570959615,"SUPT7L"
4.62294306691221e-08,0.333175638253639,0.404,0.177,0.000956995444281497,"FAM234A"
4.67445097460001e-08,0.455288314206512,0.598,0.35,0.000967658096251949,"ETF1"
4.6981289346236e-08,0.366128223901192,0.875,0.668,0.000972559670756431,"PFDN2"
4.70909392903042e-08,1.00655170117135,0.266,0.088,0.000974829534248587,"POLR2D"
4.74111776091417e-08,0.38251114223544,0.564,0.314,0.000981458787686841,"MAGED2"
4.75104551980263e-08,0.270556160953892,0.961,0.788,0.000983513933054342,"PSMB1"
4.97386505229723e-08,0.865470259216779,0.283,0.102,0.00102963980447605,"FAM98A"
5.11210083521436e-08,0.7522920242943,0.357,0.15,0.00105825599389772,"GMDS"
5.12091603020723e-08,0.779003046705215,0.286,0.102,0.0010600808274132,"TOMM34"
5.1232293391423e-08,0.311274925807146,0.482,0.235,0.00106055970549585,"COA5"
5.19969892294439e-08,0.261079439666887,0.744,0.5,0.00107638967403872,"ATP6AP2"
5.20936231572104e-08,0.333321172077845,0.449,0.217,0.00107839009297741,"IFT43"
5.42474818345012e-08,0.740811822976625,0.307,0.115,0.00112297712145601,"ING2"
5.48368762396569e-08,0.667923834141027,0.36,0.15,0.00113517817503714,"SNX7"
5.54372048027083e-08,0.646934309880274,0.533,0.283,0.00114760557662086,"BCCIP"
5.5715110137434e-08,0.452982919533424,0.321,0.119,0.00115335849495502,"TAP2"
5.57277787501971e-08,0.261426920702991,0.502,0.248,0.00115362074790783,"FAM3A"
5.61604851054624e-08,-2.02587756451895,0.218,0.327,0.00116257820216818,"MBL2"
5.66678703685116e-08,0.283992667870881,0.899,0.73,0.00117308158449856,"VAPA"
5.72166140602644e-08,-1.17527240413668,0.536,0.571,0.00118444112766153,"UGT3A1"
5.80826963843248e-08,-0.689504566679795,0.695,0.686,0.00120236989785191,"A1CF"
5.94744844683848e-08,0.35585491677985,0.388,0.168,0.00123118130298003,"CTD-2350C19.2"
6.00832638399629e-08,0.584623292059632,0.323,0.124,0.00124378364475107,"OMA1"
6.01439202322917e-08,0.345015033015304,0.389,0.164,0.00124503929272867,"NGDN"
6.09228181622937e-08,0.63796379478913,0.385,0.168,0.00126116325877764,"ABHD14A"
6.09732660230678e-08,0.405435889063084,0.28,0.093,0.00126220757994353,"SLC35E2B"
6.13370427592911e-08,0.398835069656796,0.421,0.19,0.00126973812216009,"EBLN3"
6.21995743543077e-08,0.361021460886293,0.337,0.133,0.00128759338870852,"SKIV2L2"
6.37457127760624e-08,-1.54471455410896,0.386,0.46,0.00131960000017727,"MARC2"
6.43619984103721e-08,0.406945739973358,0.386,0.168,0.00133235772909311,"TBCC"
6.62349964528083e-08,0.319146908856972,0.581,0.327,0.00137113066156958,"CORO1B"
6.73352255057465e-08,0.428849079358323,0.603,0.341,0.00139390650319446,"DNPEP"
6.98361566229764e-08,0.367236854819987,0.303,0.111,0.00144567827825223,"CUL1"
7.11628119843968e-08,0.41395038212323,0.655,0.385,0.001473141370889,"PGM1"
7.1645464396808e-08,0.605389522498762,0.266,0.088,0.00148313275847832,"NUDCD3"
7.18040215558134e-08,0.513262628541645,0.25,0.08,0.00148641505022689,"ACOT4"
7.2481499514515e-08,0.584031331726312,0.546,0.301,0.00150043952144998,"UBE2F"
7.34255441705508e-08,0.625944274455796,0.276,0.093,0.00151998218987457,"CGNL1"
7.46378604171451e-08,0.440079123806969,0.567,0.314,0.00154507834849532,"JOSD2"
7.50199009220101e-08,0.674409182020721,0.266,0.088,0.00155298696898653,"SS18L1"
7.51664013341781e-08,-1.90350146458813,0.291,0.385,0.00155601967401882,"VAMP2"
7.53382875225763e-08,0.771825212147786,0.32,0.124,0.00155957789000485,"GNAI1"
7.56746589643643e-08,0.452792058118666,0.69,0.456,0.00156654111522131,"PGRMC2"
7.58964671453357e-08,0.327122587192,0.779,0.553,0.00157113276637559,"FAH"
7.64825597734362e-08,0.318692772990964,0.838,0.681,0.0015832654698699,"OSTC"
7.80861216807003e-08,0.749883000961834,0.275,0.097,0.00161646080491218,"EIF4G3"
7.89064768075524e-08,0.601127377389063,0.274,0.093,0.00163344297639314,"RANBP3"
8.04600978855372e-08,0.529135936498384,0.318,0.124,0.00166560448632851,"ENTPD6"
8.1382329159003e-08,0.294710069479109,0.365,0.15,0.00168469559592052,"CENPB"
8.23679786520379e-08,0.395839431509235,0.335,0.133,0.00170509952607584,"THAP9-AS1"
8.41862301494048e-08,0.42469073855842,0.476,0.239,0.00174273915032283,"MRPL44"
8.4538714121561e-08,-1.42768214026156,0.355,0.442,0.00175003592103043,"ABCD3"
8.47596587670347e-08,0.45096528933625,0.365,0.159,0.00175460969613639,"SLC38A9"
8.57778693280647e-08,-1.11556091031511,0.56,0.588,0.00177568767296027,"SCARB2"
8.85627290949123e-08,0.344209273489368,0.579,0.336,0.00183333705499378,"KLHDC3"
8.87093209359229e-08,0.616550977850758,0.281,0.097,0.00183637165269454,"NARFL"
8.96637384662199e-08,0.358680758562999,0.284,0.097,0.00185612904998922,"TRMT11"
9.03567195128218e-08,-1.88776709961797,0.363,0.438,0.00187047445063492,"FAM133B"
9.18072293643308e-08,0.59154412387091,0.391,0.177,0.00190050145507101,"GABPB1"
9.45396179545097e-08,0.598430628067457,0.297,0.111,0.00195706463127631,"TMEM5"
9.51257812536904e-08,0.338331305134307,0.626,0.354,0.00196919879773264,"COMMD3"
9.63872151297581e-08,0.606482248885208,0.252,0.08,0.00199531174040112,"FAM199X"
9.69983163638924e-08,-0.34276877096443,0.303,0.111,0.00200796214704894,"SOX9"
9.8247233589533e-08,-1.27457103035903,0.752,0.748,0.00203381598253692,"INSIG1"
9.92412458946416e-08,0.317773686429531,0.322,0.124,0.00205439303126498,"DHRS7B"
9.9361006695995e-08,0.678751426419361,0.289,0.102,0.00205687219961379,"UTP3"
9.98032659907176e-08,-0.458511140521018,0.924,0.863,0.00206602740927384,"SCP2"
1.01609374406126e-07,0.429503033774608,0.363,0.155,0.00210341565958122,"MAPKAP1"
1.01752794684906e-07,-2.32192423366837,0.144,0.252,0.00210638460277224,"FBXO25"
1.02779071464334e-07,0.382761409936731,0.337,0.137,0.00212762955838318,"DBP"
1.03400640213032e-07,0.466001602349929,0.59,0.354,0.00214049665304997,"WWP1"
1.04678301664648e-07,0.384624815010758,0.573,0.31,0.00216694552275988,"PEX16"
1.05009714355089e-07,0.44519586792769,0.257,0.084,0.0021738060968647,"LUC7L"
1.05547534501259e-07,0.279793160984928,0.332,0.128,0.00218493951171057,"DVL3"
1.05656034871917e-07,0.278588218138989,0.961,0.823,0.00218718557788356,"ITIH3"
1.09465596455872e-07,0.29392829940473,0.63,0.381,0.002266047312233,"HMGB2"
1.12203540990817e-07,-0.984415978004624,0.708,0.69,0.00232272550205091,"H2AFJ"
1.13803766240517e-07,0.428995515771446,0.441,0.212,0.00235585176494494,"LAMA5-AS1"
1.14114116597845e-07,0.257202719486701,0.989,0.916,0.00236227632769199,"COX6A1"
1.14506786145309e-07,0.446356757829147,0.311,0.119,0.00237040497999404,"RXRB"
1.15799840789948e-07,0.787063824991364,0.261,0.088,0.00239717250419272,"WARS2"
1.15800018438624e-07,-0.957994228829478,0.685,0.69,0.00239717618169795,"SRSF5"
1.18244148217552e-07,0.35562509606388,0.954,0.863,0.00244777211225155,"HNRNPA2B1"
1.19245087076284e-07,0.357380956445732,0.723,0.491,0.00246849254756615,"GLMP"
1.2046204832153e-07,0.536336171951114,0.34,0.142,0.002493684862304,"GSK3B"
1.20877070383007e-07,-1.62773634538908,0.531,0.558,0.00250227623399863,"PPP1R15A"
1.22805168868138e-07,-2.14986013850328,0.299,0.394,0.00254218980073933,"IER3"
1.23313028875784e-07,0.819603162832113,0.256,0.084,0.00255270301075761,"NSF"
1.23536770184258e-07,0.845027538081223,0.268,0.093,0.00255733467958432,"CASP6"
1.24702746419747e-07,-2.16238188318556,0.17,0.279,0.00258147155363518,"FNIP2"
1.27518313455733e-07,-1.93232466838576,0.32,0.403,0.00263975660684712,"NFIB"
1.28521380245319e-07,0.566863262434916,0.311,0.119,0.00266052109245834,"LINC01006"
1.30827183295081e-07,-2.01526948023201,0.208,0.314,0.00270825352139148,"GFPT1"
1.33112932944878e-07,0.604777258294861,0.29,0.106,0.00275557082489191,"ABHD6"
1.33406490478214e-07,0.316744503624156,0.784,0.571,0.0027616477593895,"TMEM256"
1.33695923027078e-07,0.359636795812186,0.313,0.119,0.00276763930258355,"CCHCR1"
1.34477400041008e-07,0.557400832028248,0.493,0.257,0.00278381665824891,"ATRX"
1.3684981100876e-07,0.282891814763316,0.356,0.146,0.00283292793769234,"ATP6V0A1"
1.36888662060357e-07,0.41735798348185,0.47,0.23,0.00283373219331144,"ANAPC15"
1.38086416482504e-07,0.341322877271544,0.257,0.084,0.00285852690760431,"DSCR3"
1.41190995355285e-07,0.39975394625291,0.373,0.164,0.00292279479484975,"YEATS4"
1.49989629779258e-07,-2.67640473786403,0.179,0.283,0.00310493532606043,"SLC25A37"
1.50298327463298e-07,0.346207549845662,0.66,0.398,0.00311132567681773,"ARPC4"
1.50770853320073e-07,0.545339385314094,0.458,0.226,0.00312110743457883,"THYN1"
1.52805311819108e-07,-1.75266942790158,0.31,0.398,0.00316322275996736,"SLC29A1"
1.52914431685696e-07,0.37930133921117,0.708,0.465,0.0031654816503256,"PPP2CA"
1.54599310741106e-07,0.368373902576479,0.549,0.296,0.00320036033165164,"ERLEC1"
1.56726758975164e-07,0.41876191257158,0.446,0.217,0.00324440063754487,"MAN1A2"
1.58936058581393e-07,0.524024777960208,0.351,0.146,0.00329013534869342,"MTAP"
1.60321095668701e-07,0.369610608082282,0.379,0.164,0.00331880700143778,"USP48"
1.6626405816249e-07,0.349271030946458,0.35,0.146,0.00344183226802171,"SPG7"
1.67038608238908e-07,0.283411674109883,0.335,0.137,0.00345786622915363,"BCAR1"
1.68015289585649e-07,0.603949667088404,0.321,0.128,0.00347808450971252,"NPL"
1.68885835500228e-07,0.57127872627481,0.255,0.084,0.00349610568069023,"KIAA1109"
1.69991001747916e-07,0.303361593577222,0.389,0.173,0.0035189837271836,"CAP2"
1.73332770318847e-07,-1.67254392253266,0.356,0.434,0.00358816167837044,"ARL4A"
1.85189692882182e-07,-1.74018245988668,0.279,0.372,0.00383361183235406,"GALNT2"
1.87314804229649e-07,-1.32253883759062,0.451,0.509,0.00387760376235797,"AAMDC"
1.87639934366877e-07,0.43586592928182,0.275,0.097,0.00388433428132873,"NAPG"
1.87905654609145e-07,0.26244237657579,0.29,0.111,0.0038898349560639,"PPP1R3C"
1.94190330315959e-07,-2.3222836993571,0.171,0.279,0.00401993402787067,"KISS1"
2.02820401229949e-07,0.521378508115789,0.358,0.155,0.00419858512586118,"NFS1"
2.04282177034169e-07,0.709429409088294,0.283,0.106,0.00422884534678432,"ALPK2"
2.04418607860778e-07,0.281768841918285,0.394,0.177,0.00423166960132597,"PRRC2A"
2.10661831211107e-07,0.424022113812817,0.392,0.177,0.00436091056790113,"ACOT12"
2.11281500373102e-07,0.421822648537099,0.352,0.15,0.00437373833922358,"MDM2"
2.11563741617757e-07,-1.84198244405996,0.229,0.336,0.00437958101522919,"PPP2R1B"
2.14183903782159e-07,0.400339931795332,0.601,0.35,0.00443382099219447,"TAF11"
2.17122926556042e-07,0.418527424033365,0.476,0.248,0.00449466170263662,"NCLN"
2.18624527847002e-07,0.483358871272208,0.272,0.097,0.0045257463509608,"RRP1B"
2.19803596488143e-07,0.344897011045918,0.315,0.124,0.00455015425090106,"NEDD4"
2.20902636604262e-07,0.319206947804148,0.875,0.677,0.00457290548034483,"GADD45GIP1"
2.2345909671266e-07,-1.43258939020347,0.465,0.509,0.00462582676104878,"CFI"
2.30279819238447e-07,-2.32130452814823,0.147,0.252,0.00476702253805509,"TRIOBP"
2.30767569919627e-07,0.377412702626567,0.509,0.274,0.0047771194649062,"TRAPPC4"
2.33583017326988e-07,0.375047244012114,0.557,0.314,0.00483540204168598,"ADK"
2.34425666474174e-07,0.547638294273854,0.369,0.164,0.00485284572168188,"CCBL2"
2.38219509898719e-07,-1.57952789397003,0.306,0.398,0.00493138207441338,"PPM1A"
2.41240640746685e-07,0.67699803641734,0.271,0.097,0.00499392250409713,"SMG5"
2.44937765189089e-07,0.253720401662133,0.505,0.261,0.00507045667717933,"MAGOHB"
2.46349442295797e-07,0.390552380710378,0.504,0.274,0.00509967980496528,"AGMAT"
2.47706513877063e-07,0.359639787784039,0.821,0.664,0.00512777254376909,"SRSF2"
2.52005064898374e-07,-0.703086208574667,0.472,0.226,0.00521675684846125,"CD36"
2.54151107634911e-07,0.279527464467727,0.357,0.155,0.00526118207915029,"UBAP2L"
2.55177815583847e-07,0.416147347221414,0.512,0.279,0.00528243596040122,"WDR18"
2.59023353490856e-07,0.406679996432261,0.387,0.177,0.00536204244061421,"FOPNL"
2.61011294807697e-07,0.450454985264203,0.308,0.119,0.00540319481381413,"NELFB"
2.62048721339037e-07,-1.61187658644739,0.263,0.363,0.00542467058043941,"RNF103"
2.64173427116596e-07,-1.26598855805014,0.526,0.562,0.00546865411474066,"TNFAIP3"
2.67241326682882e-07,0.293287936579146,0.429,0.208,0.00553216270366235,"MICU1"
2.69168271800619e-07,0.294750164205372,0.804,0.588,0.00557205239454461,"TMEM50A"
2.70434818208652e-07,-2.09598172579725,0.237,0.336,0.00559827117173731,"HYOU1"
2.75984154297771e-07,0.291174412839517,0.374,0.164,0.00571314797811817,"PPP5C"
2.78326607015759e-07,0.318186074057142,0.793,0.588,0.00576163909183323,"CIB1"
3.01859171969862e-07,0.465937897844667,0.265,0.093,0.00624878671894811,"MAN2C1"
3.04405215893716e-07,0.344570529629979,0.392,0.181,0.00630149237421582,"SMC1A"
3.09148745560852e-07,0.30542930839536,0.598,0.35,0.0063996881818552,"SPPL2A"
3.2290012716463e-07,-1.0607298216056,0.579,0.606,0.006684355532435,"ALDH6A1"
3.27967305075493e-07,0.292105130254153,0.304,0.119,0.00678925118236779,"SPATS2"
3.28519936783009e-07,0.36148324383146,0.324,0.133,0.00680069121134508,"DHRS12"
3.3114421738975e-07,-1.99779866434404,0.224,0.323,0.00685501644418521,"SLC30A10"
3.31525136361549e-07,0.261173311086527,0.598,0.341,0.00686290184782043,"CCDC12"
3.36625505445349e-07,-2.60879259191249,0.211,0.314,0.00696848458822417,"ICAM1"
3.37249584278268e-07,0.263563098078477,0.979,0.872,0.00698140364414443,"COX7B"
3.40895245545196e-07,0.260897214752594,0.56,0.301,0.00705687247803111,"RNPEP"
3.41622289090983e-07,-2.00491207796615,0.358,0.425,0.00707192300647244,"NTAN1"
3.48585738008285e-07,0.384460080217665,0.417,0.204,0.0072160733625095,"DNAAF2"
3.62854598379813e-07,0.410784598777814,0.713,0.473,0.00751145304106051,"ANP32B"
3.65297659535557e-07,0.476308323671671,0.261,0.093,0.00756202685004557,"PDLIM7"
3.76882708752354e-07,0.411333667115274,0.32,0.133,0.00780184895388248,"SLC35A2"
3.78167750184096e-07,0.387174003106589,0.308,0.124,0.00782845059656097,"SLC35E3"
3.78999728144452e-07,0.744391198532547,0.3,0.119,0.00784567337231831,"CHKA"
3.91412389047536e-07,0.316795837613061,0.293,0.111,0.00810262786567304,"ALDH16A1"
3.91549416359838e-07,-1.51954374134541,0.332,0.416,0.008105464468065,"F7"
4.05639696108926e-07,0.409468954735846,0.518,0.292,0.00839714734915088,"ILVBL"
4.10588740915161e-07,0.341992055799061,0.293,0.115,0.00849959752568476,"ACTR1B"
4.13192779697372e-07,-1.55014839694533,0.385,0.46,0.00855350373251531,"TRA2A"
4.1442413535185e-07,0.260119541794558,0.522,0.274,0.00857899402591865,"DLD"
4.19931302823165e-07,0.422436632194898,0.303,0.119,0.00869299789974235,"TSPAN3"
4.30214172646887e-07,0.457239510067875,0.347,0.15,0.0089058635879632,"AKTIP"
4.32036697269398e-07,0.428948613816373,0.284,0.111,0.0089435916701738,"MRPL39"
4.34520675732769e-07,-1.34405861302617,0.469,0.509,0.00899501250834406,"NTHL1"
4.38540171580546e-07,0.370487432583773,0.718,0.482,0.00907822009188888,"ATRAID"
4.48819964719594e-07,0.343311793192441,0.38,0.173,0.00929102208966031,"FIP1L1"
4.48999759558349e-07,0.437426395544928,0.462,0.239,0.00929474402261738,"SNRNP200"
4.50282901322054e-07,-2.22052050561198,0.201,0.301,0.00932130634026784,"CPT1A"
4.51079483509409e-07,0.367914023355877,0.355,0.155,0.00933779638812827,"ADRB2"
4.52976990581066e-07,0.352132210860852,0.854,0.673,0.00937707668201864,"ACAA1"
4.53940114674456e-07,0.303222317735471,0.476,0.248,0.00939701431387592,"CACUL1"
4.72174887996365e-07,0.258616306567376,0.326,0.137,0.00977449235641274,"MOB2"
4.79483737850835e-07,0.872520494762591,0.251,0.088,0.00992579285725014,"ICK"
4.84184240138858e-07,0.498933202487881,0.27,0.097,0.0100230979551145,"ANAPC7"
4.89147079613583e-07,0.719127113817992,0.273,0.102,0.0101258336950808,"QRICH1"
5.31492430103911e-07,-0.255899134379769,0.761,0.518,0.0110024247955811,"C1QB"
5.4126181901903e-07,0.303238524728232,0.301,0.124,0.0112046609155129,"IGFLR1"
5.5285549165326e-07,0.380632897978046,0.533,0.301,0.0114446615327141,"POLE3"
5.54690568353095e-07,0.337098883314022,0.52,0.283,0.0114826494554774,"VPS26A"
5.54778050008761e-07,-1.81831726890112,0.357,0.425,0.0114844604132314,"GNAS"
5.66659099452324e-07,-0.707427285503784,0.751,0.717,0.0117304100177626,"HNRNPU"
5.70050861250533e-07,0.718503124728337,0.254,0.088,0.0118006228787473,"TMCO6"
5.72547095996731e-07,0.343232892886462,0.254,0.088,0.0118522974342283,"RP9"
6.00620310661947e-07,-0.444326551716522,0.872,0.819,0.012433441051013,"C19orf43"
6.22840308045405e-07,0.363747945052636,0.462,0.243,0.0128934172168479,"PRKAR2A"
6.41478409251232e-07,0.334849504901848,0.511,0.274,0.0132792445499098,"THOC2"
6.68380189018407e-07,0.50284740838324,0.276,0.106,0.01383613829287,"KIN"
6.74353201062483e-07,0.609706551399644,0.553,0.327,0.0139597856151945,"APIP"
6.9566277066483e-07,0.274164411714304,0.472,0.252,0.0144009150155326,"IMMT"
7.27460525743378e-07,0.27579050357771,0.815,0.606,0.0150591603434137,"C14orf166"
7.32542165524753e-07,-0.289695963220661,0.282,0.106,0.0151643553685279,"GDE1"
7.38399026769341e-07,-1.35853380003801,0.422,0.478,0.0152855982531521,"RNF11"
7.466321205568e-07,-1.88703596470478,0.221,0.319,0.0154560315276463,"STAT2"
7.5331544631568e-07,0.393926158312278,0.373,0.173,0.0155943830541809,"FBXO6"
7.63060600630308e-07,-2.16169614137761,0.16,0.261,0.015796117493648,"SERTAD2"
7.69950529248292e-07,0.379679208320262,0.273,0.102,0.0159387459059689,"UBAC1"
7.72666262407824e-07,0.428892143792005,0.333,0.146,0.0159949642981044,"MCRS1"
7.8182440265594e-07,0.353432092443577,0.796,0.566,0.0161845469593806,"TMEM141"
8.00100180491969e-07,-1.83106515014154,0.278,0.367,0.0165628738363642,"DCTN6"
8.18482045515711e-07,0.272676812492809,0.399,0.19,0.0169433968242207,"SNAP23"
8.48143469890052e-07,-0.601794984792782,0.816,0.765,0.017557417970194,"GLTSCR2"
8.73748766055508e-07,0.274645842864583,0.858,0.65,0.0180874732061151,"NDUFC1"
8.88026885831825e-07,0.792421772801697,0.267,0.102,0.0183830445636046,"DRG2"
8.94946874511317e-07,0.473222512008246,0.266,0.102,0.0185262952492588,"PHKG2"
9.30073477961223e-07,-0.670086315991581,0.915,0.863,0.0192534510672753,"C1S"
9.31943150424193e-07,0.46245242348488,0.253,0.093,0.0192921551569312,"RP11-452F19.3"
9.38453097671671e-07,-0.259796363246505,0.303,0.119,0.0194269175749013,"XAB2"
9.47872959409824e-07,0.348840270761844,0.59,0.367,0.0196219181327428,"EIF4H"
9.65310585141077e-07,-1.04928698529833,0.663,0.628,0.0199828944230054,"FGGY"
9.66650343868513e-07,0.348715455504691,0.71,0.482,0.0200106287684221,"DEK"
1.04448299107112e-06,0.299322138804314,0.352,0.159,0.0216218423981633,"UNC119"
1.0501806809635e-06,0.317166654303964,0.295,0.119,0.0217397902766254,"IRF2"
1.05570270442175e-06,0.372073353931216,0.346,0.164,0.0218541016842347,"SMC4"
1.05574352563957e-06,0.258680700999729,0.302,0.124,0.0218549467242647,"GBP3"
1.13441734169216e-06,-0.807992064885435,0.733,0.69,0.0234835733903695,"TXNDC17"
1.13675570338947e-06,0.331864094441912,0.459,0.243,0.0235319798158653,"WBP11"
1.13853345214051e-06,0.519183218564113,0.266,0.102,0.0235687809927606,"FAM20C"
1.17247206817312e-06,0.370877722976551,0.844,0.642,0.0242713442832518,"SNRPF"
1.17704974234507e-06,0.435991231976514,0.545,0.314,0.0243661067162853,"ELOF1"
1.20336163611602e-06,0.252432845330143,0.325,0.142,0.0249107892292378,"S100A9"
1.21186447869598e-06,-1.58525849717199,0.355,0.416,0.0250868065734855,"PDXDC1"
1.23942881417335e-06,0.277127339161915,0.44,0.226,0.0256574158822025,"GOLGB1"
1.25236620911211e-06,0.407984017366421,0.824,0.664,0.0259252328948297,"DHRS3"
1.34296231949716e-06,0.320095214859872,0.335,0.15,0.0278006629759108,"C2orf68"
1.44397790686577e-06,0.272024552217302,0.425,0.212,0.0298917866500284,"GMPPA"
1.47132305063503e-06,0.304414421770605,0.873,0.69,0.0304578584711958,"SRSF3"
1.48581743704048e-06,-1.16428044081017,0.507,0.531,0.030757906764175,"MYO1B"
1.50464009691493e-06,-0.669322805318584,0.712,0.686,0.031147554646236,"RAB1A"
1.50838425509486e-06,0.333325579591562,0.253,0.093,0.0312250624647187,"SGSM3"
1.5500057800032e-06,0.272015441540632,0.276,0.106,0.0320866696518462,"REST"
1.56584312945628e-06,0.289269237148873,0.318,0.137,0.0324145186228745,"SLC25A42"
1.56969542617182e-06,0.258958622389043,0.54,0.31,0.0324942650171829,"THRAP3"
1.57243158457909e-06,0.368336574271812,0.363,0.168,0.0325509062323716,"ANKH"
1.60273271832086e-06,0.283240586688182,0.493,0.265,0.0331781700019602,"ORMDL1"
1.62073731104171e-06,0.297239384122648,0.855,0.681,0.0335508830758744,"POLR2I"
1.66001131953693e-06,0.441210318734654,0.385,0.186,0.034363894325734,"SULT1A2"
1.6776289141657e-06,0.301974279803314,0.826,0.624,0.0347285961521441,"RBX1"
1.6800714613596e-06,0.522883142093489,0.252,0.093,0.0347791593216051,"IFT57"
1.79166094401163e-06,0.297700622212707,0.686,0.456,0.0370891732019847,"PSMC1"
1.80776423309341e-06,0.331450195748684,0.37,0.173,0.0374225273892667,"CCDC91"
1.8205179748764e-06,0.33644504338382,0.473,0.252,0.0376865425979163,"PRPS1"
1.8404174896114e-06,0.267455237933832,0.318,0.137,0.0380984824524455,"EXT1"
1.84557710250976e-06,-1.2105336149778,0.523,0.544,0.0382052915990544,"AHNAK"
1.87853710634838e-06,0.298732926252775,0.97,0.872,0.0388875966385178,"PTGES3"
1.91907040524317e-06,-2.09970730130553,0.243,0.327,0.0397266764589388,"KLF11"
1.92586441527196e-06,-0.429329162538992,0.926,0.854,0.0398673192605448,"RPS27L"
1.94185632203961e-06,0.595349005146923,0.306,0.133,0.040198367722542,"ELMOD2"
1.94227223381852e-06,0.304637008425438,0.544,0.319,0.0402069775122773,"CETN2"
1.95265779882421e-06,0.345487919833788,0.502,0.274,0.04042196909346,"NUDT21"
1.98199188645849e-06,-1.46106784611033,0.401,0.456,0.0410292140415771,"MLLT4"
2.06468002723649e-06,-0.759550458894143,0.563,0.606,0.0427409412438226,"TP53INP1"
2.0787351639919e-06,0.389708770514462,0.53,0.301,0.0430318966297964,"C11orf73"
2.11466607744887e-06,0.265350738238371,0.712,0.487,0.043775702469269,"SPG21"
2.1438115460863e-06,0.294490703463437,0.537,0.319,0.0443790428155324,"RHOBTB3"
2.17257920703455e-06,-1.30721245257344,0.49,0.509,0.0449745621648223,"BPHL"
2.17292414986413e-06,0.348843541161128,0.705,0.487,0.0449817028263373,"TIMM10"
2.17425200110363e-06,0.470161849293828,0.288,0.119,0.0450091906748463,"ZDHHC24"
2.20598896315351e-06,-2.50386447737313,0.175,0.265,0.0456661775262408,"OLFM2"
2.24718274523589e-06,0.389943128710829,0.4,0.195,0.0465189300091281,"TPD52L2"
2.27396055013845e-06,0.277535542916294,0.715,0.478,0.0470732573484161,"TCF25"
2.31231291170058e-06,0.250594273547618,0.303,0.128,0.0478671895851137,"ZNF280D"
2.42986764679475e-06,0.276841268787039,0.69,0.456,0.0503006901562981,"GNAI3"
2.45256393275498e-06,0.459796962855179,0.259,0.102,0.0507705259719609,"JAZF1"
2.50299572311683e-06,0.330453847141879,0.327,0.146,0.0518145144642414,"SENP5"
2.54874946033391e-06,-0.25663757039923,0.261,0.102,0.0527616625783723,"LRIF1"
2.55796664357385e-06,-1.46244429936643,0.36,0.425,0.0529524674886222,"C11orf54"
2.66328521912687e-06,-1.08547804581492,0.609,0.606,0.0551326673211454,"PPP1CB"
2.69494864483673e-06,0.404934241952217,0.253,0.097,0.0557881318967652,"COPS7B"
2.74029901444617e-06,0.272992345962691,0.502,0.274,0.0567269298980502,"YIPF5"
2.74060012508201e-06,-2.07369886259016,0.265,0.354,0.0567331631893226,"RP11-138A9.2"
2.75249059276789e-06,-0.516913997723826,0.272,0.106,0.056979307760888,"RRM2B"
2.82128795753823e-06,0.507306561300614,0.508,0.301,0.0584034820089989,"SLBP"
2.8657424454957e-06,0.57265830450009,0.349,0.164,0.0593237343642064,"SCAP"
2.88340673873543e-06,0.438766450046922,0.334,0.15,0.0596894028985622,"PDPK1"
2.88434396477425e-06,0.263265738392131,0.808,0.58,0.0597088044147918,"LSM7"
2.93585841968818e-06,0.391696436395477,0.51,0.288,0.060775205145965,"EIF3B"
3.00818790750134e-06,-1.46118258179431,0.478,0.509,0.0622724978731853,"UGT2B10"
3.04558131531112e-06,0.488558561067613,0.278,0.115,0.0630465788082555,"HDAC6"
3.09329855030899e-06,0.489258522579511,0.351,0.168,0.0640343732899463,"MAEA"
3.11702206555018e-06,0.354904736649471,0.521,0.288,0.0645254737789542,"NUDT14"
3.12736746980841e-06,0.441479111413625,0.438,0.235,0.0647396339925039,"MGAT2"
3.14753735351172e-06,0.356830369539232,0.251,0.097,0.065157170755046,"NELFA"
3.18812200039549e-06,0.26114479083961,0.279,0.115,0.0659973135301871,"ARL14EP"
3.3592533452135e-06,-0.716887599441073,0.664,0.642,0.0695399034992647,"SDHD"
3.36291341047937e-06,0.386009507668194,0.253,0.097,0.0696156705103335,"IREB2"
3.55272467945991e-06,0.434707131701001,0.27,0.111,0.0735449535894995,"PLPPR1"
3.66169323447529e-06,0.320183356600325,0.657,0.442,0.0758007116468731,"HNRNPR"
3.66936608970393e-06,0.342556798728572,0.355,0.168,0.075959547422961,"PPP6R2"
3.71784192764225e-06,0.254168944949244,0.808,0.566,0.0769630457441221,"PPP4C"
3.80852612086185e-06,0.348955581428342,0.35,0.164,0.0788402992279612,"GRB14"
3.8300707328967e-06,0.464645414180327,0.25,0.097,0.0792862942416945,"SDCCAG3"
3.85493509066407e-06,0.338036631960955,0.891,0.735,0.079801011311837,"MORF4L2"
3.98063770721816e-06,-1.98152060303441,0.437,0.469,0.0824031811771232,"S100A11"
4.21709549385323e-06,-1.18649274743986,0.504,0.527,0.0872980938182558,"MYH9"
4.35309860256468e-06,-2.19764598761608,0.212,0.301,0.0901134941716915,"AQP3"
4.36232693634823e-06,0.734568092517351,0.259,0.106,0.0903045299093447,"RPAP3"
4.37448821505784e-06,0.301864085284473,0.276,0.115,0.0905562805399123,"P3H1"
4.53258825143385e-06,-1.00967235931939,0.75,0.677,0.0938291093929321,"FAM213A"
4.53288869950011e-06,0.426953431617259,0.285,0.119,0.0938353289683518,"C11orf57"
4.54631378357294e-06,-1.83771561280808,0.233,0.319,0.0941132416337435,"COBLL1"
4.57469797194768e-06,0.368744629231769,0.761,0.535,0.0947008227172889,"CNIH4"
4.62824615246389e-06,0.262094822751816,0.289,0.124,0.095809323602155,"UFSP2"
4.6728601517893e-06,-0.387542395644372,0.909,0.845,0.0967328780021903,"ECH1"
4.75951406712584e-06,0.296741699775938,0.255,0.102,0.098526700703572,"TRNT1"
4.79323831678983e-06,0.289295419860188,0.635,0.412,0.0992248263958663,"TXNDC12"
4.8574277107002e-06,-1.92249093814151,0.244,0.327,0.100553611039205,"CNOT6L"
4.95202201111573e-06,0.466903752276222,0.281,0.119,0.102511807652107,"HUWE1"
4.95503246012187e-06,-0.6002151676306,0.851,0.774,0.102574126956983,"RNF181"
4.99151293819417e-06,-1.65331233348174,0.341,0.407,0.103329309333557,"MST1"
5.08226215381416e-06,-0.991498103143223,0.589,0.593,0.105207908846107,"HAO1"
5.19961000925768e-06,0.439097758295109,0.352,0.173,0.107637126801643,"HELZ"
5.22386416957208e-06,0.261103187673798,0.499,0.274,0.108139212174312,"ABT1"
5.2515649456005e-06,-0.725944869956214,0.89,0.845,0.108712645938876,"ERRFI1"
5.37257126774053e-06,0.28053902911671,0.394,0.195,0.111217597813497,"CLMN"
5.38800183480026e-06,-1.19193970203651,0.565,0.553,0.1115370259822,"CMTM6"
5.45126125684487e-06,0.710553594210346,0.265,0.111,0.112846559277946,"ZNF768"
5.93768915268602e-06,-2.08962285208037,0.28,0.35,0.122916103149753,"ABCB4"
5.99849027002758e-06,0.301473313166703,0.391,0.199,0.124174747079841,"TIMM23"
6.00167859262581e-06,0.577804328467185,0.295,0.133,0.124240748545947,"CPVL"
6.085813808346e-06,0.357433243864348,0.254,0.102,0.12598243164657,"RNF34"
6.20500715314453e-06,-0.784666957439552,0.643,0.628,0.128449853077245,"HEBP2"
6.22551238270435e-06,0.276819971912354,0.467,0.261,0.128874331834363,"TSFM"
6.25731919054326e-06,-1.72830996663675,0.414,0.451,0.129532764563436,"IRS2"
6.27880966755147e-06,0.257577847211765,0.792,0.602,0.129977638927983,"DNAJB11"
6.71571089766702e-06,-0.354818536980101,0.998,0.987,0.139021931292605,"RPL26"
6.85196263296417e-06,-1.85422843811047,0.237,0.319,0.141842478464991,"MTUS1"
6.96046144689544e-06,-0.374133663087902,0.946,0.872,0.144088512412183,"ECHS1"
7.00657333396246e-06,0.39404677624381,0.392,0.199,0.145043074586357,"TFB2M"
7.08791194625023e-06,0.312486786343168,0.347,0.168,0.146726865199326,"KAT5"
7.13096151538428e-06,0.31765410000938,0.69,0.469,0.14761803432997,"IFNGR1"
7.19697600498814e-06,-1.65755048054471,0.285,0.358,0.148984600279259,"PTPRK"
7.38816453911728e-06,-3.01071401791846,0.175,0.265,0.152942394124267,"MT1F"
7.63211937666669e-06,0.26558608693934,0.738,0.562,0.157992503216377,"EMP2"
8.23835234721552e-06,0.285379342920221,0.372,0.186,0.170542131939708,"ARV1"
8.37073263259041e-06,-0.259789079522314,0.296,0.133,0.173282536227254,"SEPT1"
8.7268415480819e-06,0.493951678561008,0.739,0.584,0.180654346886844,"CYP4F3"
8.91416100782103e-06,0.282008250811342,0.371,0.186,0.184532047022903,"DNALI1"
9.36266405388023e-06,-0.897397285241681,0.629,0.606,0.193816508579375,"TTC39C"
9.66191753116585e-06,-2.08413451410288,0.241,0.323,0.200011354812664,"SERTAD1"
9.67565810557296e-06,-0.609541449653324,0.789,0.748,0.200295798443466,"UBE2B"
9.99365820047363e-06,0.327610041057487,0.599,0.376,0.206878718408005,"ARPC5L"
1.02534268985243e-05,-1.79072778363631,0.269,0.341,0.212256190226351,"NT5E"
1.05218104964617e-05,-2.3040125050407,0.263,0.341,0.217811999087254,"IER5"
1.07538188723754e-05,0.377507716896146,0.25,0.106,0.222614804477044,"SKA2"
1.0772611440119e-05,0.280194160906377,0.263,0.111,0.223003829421904,"PPIP5K2"
1.1054769140563e-05,0.355741966623137,0.266,0.115,0.228844775978796,"IPO9"
1.1258649354406e-05,0.303455767155834,0.254,0.106,0.233065300285559,"MYNN"
1.13532886601033e-05,0.378049717088518,0.44,0.239,0.235024428552799,"ZDHHC9"
1.14527369352748e-05,-1.36065722123292,0.42,0.465,0.237083107297124,"PNPLA2"
1.15119780110492e-05,0.272806811763318,0.423,0.226,0.238309456806729,"RBKS"
1.15203178089027e-05,0.561537987631988,0.42,0.23,0.238482098962095,"NDRG1"
1.18167266718554e-05,-0.750408885893014,0.686,0.673,0.244618058834079,"TMBIM4"
1.19384059992282e-05,-0.440872350949383,0.888,0.845,0.247136942590022,"NDUFV2"
1.21439745137751e-05,-1.79560302735852,0.309,0.376,0.251392416409659,"PPP2R5C"
1.22114181457849e-05,-0.302735377609683,0.417,0.217,0.252788567035893,"SH3BGRL"
1.25839736942252e-05,0.514319649992914,0.36,0.181,0.260500839444155,"ATAD1"
1.27769285019581e-05,-1.0117434804253,0.561,0.549,0.264495196919035,"CYB5R3"
1.30415090733146e-05,0.498226133456354,0.27,0.119,0.269972279326686,"C2orf49"
1.37388723363915e-05,0.39741959971099,0.255,0.106,0.28440839623564,"STXBP3"
1.37850592386476e-05,-1.01062927790815,0.576,0.58,0.285364511299245,"BRD2"
1.3927807812778e-05,-1.44052411000764,0.383,0.425,0.288319549532318,"CDH2"
1.40227511373618e-05,-1.18310229040077,0.496,0.513,0.290284971294527,"C8A"
1.45309225095213e-05,-1.94183501970593,0.173,0.257,0.3008046268696,"TAB2"
1.45826167579393e-05,0.30287360804515,0.261,0.111,0.301874749506101,"AVL9"
1.48961022886323e-05,0.358615158085384,0.295,0.137,0.308364213476977,"VAPB"
1.50043104274275e-05,0.255994387508128,0.676,0.491,0.310604230158176,"EIF4G1"
1.5335465087936e-05,0.426350415681436,0.34,0.168,0.317459462785363,"TMEM87A"
1.55540977605055e-05,0.350943768250895,0.4,0.212,0.321985377740224,"CCNDBP1"
1.58800603719254e-05,0.484773174104836,0.308,0.15,0.328733129759229,"ACSS2"
1.62326324606925e-05,-1.8071362751044,0.288,0.35,0.336031724568796,"NNT"
1.63559858212257e-05,-1.70976675619089,0.24,0.323,0.338585262485193,"PPP2R2A"
1.66752479784866e-05,-0.708915773894774,0.69,0.668,0.345194308402652,"MSRB2"
1.6846941231157e-05,0.297530059981627,0.655,0.429,0.348748530426181,"DYNC1I2"
1.6922676514873e-05,-0.443282637268406,0.991,0.982,0.350316326534386,"RPL17"
1.69568182539148e-05,-1.95812375842088,0.266,0.336,0.351023094674289,"BAZ1A"
1.69590480448048e-05,-1.60441332503644,0.36,0.407,0.351069253575505,"AMDHD1"
1.69719008701704e-05,0.42511009857214,0.331,0.164,0.351335319913398,"USB1"
1.70582869548156e-05,0.448199563801218,0.269,0.119,0.353123598251638,"CDK9"
1.72009400951354e-05,-0.318337393462189,0.992,0.973,0.356076660909398,"CST3"
1.81323400014592e-05,-2.00090412642246,0.168,0.252,0.375357570370207,"CD82"
1.82814340817232e-05,0.357174041622546,0.283,0.128,0.378443966925753,"DPF2"
1.84645863303961e-05,-1.53249226511557,0.382,0.429,0.382235401625531,"GABARAPL1"
1.8828535614112e-05,0.535562174364007,0.263,0.115,0.389769515747733,"ATP13A1"
1.94034038043741e-05,-1.32095643082599,0.417,0.456,0.401669862154348,"FOXO3"
2.00559761472519e-05,-1.43699270264328,0.315,0.385,0.415178762224261,"VEGFA"
2.09942957329805e-05,-2.19198966705341,0.197,0.279,0.43460291596843,"ELF1"
2.21091271037665e-05,0.286690818106932,0.842,0.646,0.457681040175071,"HSD17B11"
2.29798218713821e-05,-1.11168965438104,0.514,0.509,0.475705292559482,"ARF5"
2.40027897410572e-05,-0.589012102344496,0.865,0.819,0.496881750429624,"ALDH2"
2.45436442252328e-05,-1.69953422255402,0.28,0.35,0.508077979106544,"RAB21"
2.51665851558312e-05,0.269923278657052,0.764,0.531,0.520973479310862,"C7orf73"
2.517824510816e-05,-0.318897786422993,0.396,0.204,0.521214851984021,"GBAS"
2.54533175201087e-05,-0.626854903160298,0.764,0.704,0.526909125983769,"BZW1"
2.55691372488671e-05,-2.00687386130576,0.169,0.252,0.529306710188799,"MMP15"
2.62594024913986e-05,-1.45687063549194,0.297,0.372,0.543595890974442,"TEX30"
2.66290859990031e-05,0.266210258308811,0.698,0.46,0.551248709265363,"C1QBP"
2.87265914501504e-05,-2.20801206885563,0.237,0.31,0.594669169609564,"ZC3HAV1"
2.88913042780897e-05,-0.626715458226848,0.863,0.801,0.598078889860734,"ASS1"
3.12275934793736e-05,-1.07412080319251,0.507,0.513,0.646442412616512,"MCFD2"
3.13517992237984e-05,-2.19678794743832,0.216,0.292,0.649013595731851,"RBM23"
3.16127092743905e-05,-0.270640990177913,0.274,0.124,0.654414694689158,"ACOT9"
3.20681116787856e-05,-0.308320137832818,0.373,0.186,0.663841979862541,"TTC14"
3.21854850950125e-05,-1.71968528207846,0.328,0.381,0.666271726951853,"SEL1L"
3.22286876254462e-05,-1.11632758275032,0.547,0.549,0.667166062534362,"TM7SF2"
3.29031347294753e-05,-0.612229131824956,0.793,0.743,0.681127792034869,"CALM1"
3.44173886034734e-05,0.255583721266158,0.271,0.124,0.712474361480503,"SFSWAP"
3.50684973941139e-05,-1.63405454392718,0.618,0.584,0.725952964555552,"ANXA4"
3.5448494562622e-05,-0.97131699133867,0.762,0.668,0.733819285940837,"SDF2L1"
3.59876774115975e-05,-2.22443321737619,0.202,0.279,0.744980910097479,"VEZT"
3.63191405937404e-05,-1.64732091781166,0.235,0.314,0.751842529431021,"NT5C3A"
3.80757070212481e-05,0.287457800300644,0.817,0.611,0.788205211046856,"NDUFB6"
3.81340628555289e-05,-1.8489253235555,0.237,0.31,0.789413235172303,"TMEM263"
3.83601166446037e-05,0.320007523667397,0.366,0.195,0.794092774659941,"RQCD1"
3.86058223263663e-05,0.274365987490775,0.792,0.58,0.799179127978109,"RBM3"
4.03863058901356e-05,-1.83716260275303,0.229,0.305,0.836036918231696,"C1orf53"
4.06414011326415e-05,0.281399230699382,0.361,0.195,0.841317644846811,"WDR34"
4.47151016669276e-05,0.272253053996344,0.267,0.124,0.925647319607068,"ACTR6"
4.57586599087091e-05,-0.269580803875513,0.292,0.137,0.947250018770186,"FAM98C"
4.57721311185018e-05,-1.64043743364044,0.312,0.363,0.947528886284106,"MKNK2"
4.71288201283062e-05,-1.71326676561832,0.329,0.381,0.975613705476067,"TANK"
4.75531905128765e-05,-2.03663255960245,0.183,0.261,0.984398596807055,"TGM2"
9.4058727224669e-05,-3.30747607030394,0.301,0.358,1,"S100A6"
0.870560816242681,-3.16082940606918,0.365,0.283,1,"CLDN4"
0.92352013998288,-2.37042708587947,0.424,0.354,1,"SAA1"
0.0402826395169603,-2.22535317899559,0.669,0.562,1,"MT1G"
0.000257933407735875,-2.02881830449252,0.2,0.265,1,"PPARGC1A"
0.000859911679857799,-2.00655216004442,0.206,0.265,1,"UPP1"
0.317010239353562,-1.99480153645554,0.311,0.226,1,"RP1-313I6.12"
6.21645987601019e-05,-1.97633592074908,0.191,0.265,1,"SLC39A9"
0.000505723148276401,-1.97491126135184,0.193,0.257,1,"C1RL"
0.520600805466381,-1.95290251987712,0.258,0.235,1,"HES4"
0.0255439371948222,-1.94042639365162,0.301,0.314,1,"ZC3H12A"
0.000107073458853166,-1.94005531109715,0.243,0.31,1,"PCM1"
0.000305437729476611,-1.93427462229371,0.207,0.27,1,"HIF1A"
0.00790064217131747,-1.9149353800552,0.213,0.252,1,"ITGA1"
0.000325508433936008,-1.89520002344075,0.334,0.376,1,"RP11-138A9.1"
0.000431800168625903,-1.88170068599554,0.5,0.522,1,"HSPA6"
0.000662217676171518,-1.88034991113623,0.194,0.252,1,"LMO7"
0.00145103989668689,-1.86654626855181,0.268,0.305,1,"SSBP3"
0.00302094882589375,-1.85742805177252,0.227,0.27,1,"HIPK2"
0.00137795603162932,-1.84127550302198,0.207,0.261,1,"AFTPH"
5.09769539957529e-05,-1.83288155533517,0.285,0.345,1,"OCLN"
0.000414406266133351,-1.82004692715746,0.276,0.327,1,"ADGRG6"
0.00215544487148439,-1.79113751961968,0.294,0.336,1,"HLA-DQA1"
0.000286944488264375,-1.78886900643766,0.287,0.332,1,"GNG12"
0.000815734651259305,-1.78530424513384,0.303,0.345,1,"CDC42SE1"
0.00167202417555711,-1.78090999542683,0.199,0.252,1,"SLC17A4"
0.00142820796214337,-1.77573948391052,0.288,0.332,1,"ARRDC2"
0.010264105140841,-1.77417101068844,0.253,0.279,1,"SPARC"
0.135015221567081,-1.76777368727929,0.266,0.261,1,"SENP6"
8.28460788708616e-05,-1.75633119212064,0.278,0.336,1,"C2orf72"
0.000412181034663515,-1.75268107143989,0.202,0.274,1,"MT1M"
0.00409194456379277,-1.73986317342534,0.205,0.252,1,"RAB3IP"
0.00827409985906765,-1.73830598951925,0.305,0.319,1,"EPC1"
0.000521186174324391,-1.72934512862174,0.188,0.252,1,"STAT6"
0.000413240004339995,-1.72099865971265,0.212,0.274,1,"FEM1C"
0.000119225553833073,-1.71870156474758,0.245,0.31,1,"UGCG"
0.0241012102895954,-1.70972255573213,0.241,0.265,1,"EDEM3"
0.0196375724056999,-1.69390649609002,0.291,0.31,1,"CD55"
6.79591015697332e-05,-1.69121614686621,0.293,0.354,1,"PICALM"
7.50837216132487e-05,-1.69003135477082,0.276,0.128,1,"SAA2"
0.00367991038192923,-1.68550977893588,0.204,0.252,1,"NUMB"
0.00173410648819359,-1.68040612651773,0.33,0.367,1,"ID3"
0.00975970616640802,-1.6696661623855,0.251,0.279,1,"ARL8A"
0.000922669428865364,-1.64951149784947,0.247,0.296,1,"SMOC1"
0.0506991834420187,-1.64656571612728,0.272,0.279,1,"RYBP"
0.103360451654741,-1.64481179344032,0.242,0.252,1,"SMCHD1"
0.00627305614990651,-1.64005074111886,0.235,0.274,1,"SMG7"
0.0108813148988321,-1.63528450100617,0.238,0.27,1,"TMEM63A"
0.0189077998257199,-1.63225105862257,0.279,0.292,1,"NCOR1"
0.000122894456271751,-1.63182489954338,0.335,0.385,1,"CD52"
6.44150618234359e-05,-1.63096267128453,0.212,0.288,1,"ATRN"
6.79926062516168e-05,-1.63073940421763,0.306,0.358,1,"WDR26"
0.0189694778209064,-1.61044677865739,0.295,0.305,1,"AKAP13"
0.000147173445908353,-1.59975879420603,0.309,0.358,1,"RMND5A"
0.000987698193824618,-1.58932432966971,0.216,0.274,1,"SUN2"
0.0435698855148061,-1.58355671717848,0.293,0.301,1,"ARID5A"
0.000624795355089267,-1.58296983355251,0.281,0.327,1,"APOL1"
0.000103463005867473,-1.58219673603162,0.33,0.376,1,"PDLIM5"
0.00098266552590162,-1.57709352544801,0.273,0.319,1,"LRP10"
0.000173625652328382,-1.56807654538199,0.314,0.363,1,"ELOVL2"
0.130946777918675,-1.56793264409676,0.26,0.257,1,"MAGI1"
0.0033675897434568,-1.55731210222145,0.269,0.301,1,"EFHD2"
0.0213873222822894,-1.55547079324183,0.294,0.305,1,"PLEKHA1"
0.00126699386526864,-1.55338722570758,0.26,0.305,1,"PAPD5"
0.782365191651109,-1.55115579261504,0.951,0.796,1,"MT1X"
0.00664232214625163,-1.55067172271622,0.291,0.314,1,"HOOK2"
0.0267406364558581,-1.54404707749639,0.293,0.301,1,"AAK1"
0.0063690550072425,-1.5422496956457,0.269,0.296,1,"GALNT1"
0.0015408392558529,-1.54112977966724,0.23,0.279,1,"CYP4V2"
0.0073748435657956,-1.5358224831667,0.226,0.265,1,"PRKACA"
0.0319098935964057,-1.5292912712453,0.306,0.314,1,"G3BP2"
0.00297954097292586,-1.52529352261052,0.219,0.27,1,"GPR183"
0.0163124817640783,-1.51393332140253,0.225,0.257,1,"CKAP4"
0.0294661529898313,-1.51252077109679,0.286,0.292,1,"TNRC6A"
0.00168420714030577,-1.50849101824575,0.336,0.363,1,"QKI"
5.31778406658885e-05,-1.50316133379633,0.4,0.429,1,"EGLN1"
0.00640465177720802,-1.49968836211187,0.226,0.265,1,"ESYT1"
0.205509606061018,-1.49306600736174,0.266,0.261,1,"MAP2K1"
0.0478938228313961,-1.49167650086772,0.279,0.288,1,"JMJD1C"
0.000557342833672128,-1.49086259338043,0.273,0.323,1,"IGF2R"
0.000167968169669673,-1.49013396425821,0.257,0.319,1,"CRY2"
0.00428319075759198,-1.48506227814319,0.284,0.319,1,"TMEM63B"
0.0048752285820466,-1.48302428933686,0.268,0.301,1,"MXI1"
0.0162225373954547,-1.47716838620346,0.228,0.261,1,"SMAD4"
0.000165171713318305,-1.46421213286234,0.303,0.354,1,"CEACAM1"
0.0286735300986128,-1.44846738142221,0.308,0.314,1,"GMFB"
0.0231551076580035,-1.44691521130389,0.254,0.279,1,"IVNS1ABP"
0.000902129872858892,-1.44213866157802,0.302,0.341,1,"RAB5B"
0.0603266050992475,-1.44183891357049,0.289,0.292,1,"CH17-189H20.1"
0.00724082027761781,-1.44080716022423,0.222,0.261,1,"RILP"
7.01846506089248e-05,-1.43504235792611,0.387,0.425,1,"PRCP"
0.000659299495319062,-1.43268802079762,0.328,0.363,1,"PPP1R15B"
0.208446438110941,-1.43206794518683,0.261,0.257,1,"ING1"
0.0119117540739898,-1.42830663080731,0.255,0.283,1,"CRK"
0.29091761989204,-1.42358433722955,0.342,0.248,1,"PDZK1IP1"
0.0215965596300338,-1.42321566954105,0.286,0.31,1,"EMP3"
0.0105342073567995,-1.42239995304375,0.258,0.288,1,"ARCN1"
0.246284949321247,-1.42192978209112,0.289,0.274,1,"ZYX"
0.000496716791780159,-1.41970542236912,0.274,0.327,1,"BNIP3L"
0.0771498230590096,-1.41874544438891,0.31,0.31,1,"MBD4"
0.00130149759775614,-1.41251803408291,0.327,0.358,1,"PANK1"
0.00799684164773884,-1.40996690664503,0.311,0.327,1,"CTR9"
0.048374086629139,-1.40640217243184,0.238,0.257,1,"FNTA"
0.012904094022165,-1.4047450642308,0.406,0.398,1,"AMFR"
0.0151381401742695,-1.40271379984156,0.258,0.288,1,"PPP4R3A"
0.103994358803478,-1.40061875112936,0.331,0.319,1,"LDLR"
0.0246776190437297,-1.39419405377424,0.262,0.283,1,"FMR1"
0.0269514095179174,-1.39351604338071,0.375,0.367,1,"ANKRD12"
0.00315709769173021,-1.39156609416307,0.413,0.42,1,"NUCB2"
0.0231852964796463,-1.38390568694543,0.286,0.296,1,"SH3BGRL2"
0.00128090234067279,-1.38321333430898,0.28,0.327,1,"LIN7C"
0.00470838305137283,-1.38129119865039,0.378,0.389,1,"LAPTM5"
0.167796183555897,-1.37894553308619,0.38,0.354,1,"CYP2A6"
0.00794792809751904,-1.37808143789994,0.568,0.54,1,"ELF3"
0.111798892546561,-1.37791651875688,0.297,0.292,1,"BCAM"
0.292876895126304,-1.37764832012871,0.253,0.243,1,"RELB"
0.000178363463288234,-1.37328688885091,0.319,0.372,1,"IMMP2L"
0.000183633084472123,-1.37310109052602,0.402,0.425,1,"FAM3C"
0.0106834442400873,-1.37280845003997,0.27,0.296,1,"MAPKAPK2"
0.0424482373430666,-1.37187468719789,0.355,0.345,1,"KLF3"
0.0430024386751811,-1.36997446369518,0.226,0.252,1,"CCL4L2"
0.00635726926212198,-1.36962103317945,0.229,0.274,1,"USP15"
0.000816666799901135,-1.35932099739617,0.4,0.407,1,"C1orf115"
0.000444721142941355,-1.35815909479281,0.373,0.407,1,"ZHX1"
0.0356439634452489,-1.35653714193638,0.247,0.265,1,"STBD1"
0.0425555250459229,-1.35620210404587,0.393,0.376,1,"IRF1"
0.000358344431799482,-1.35552624060978,0.43,0.434,1,"CAMK2N1"
0.000624519826102037,-1.35368442783331,0.347,0.381,1,"TMBIM1"
0.000196903083773287,-1.34996665403777,0.437,0.46,1,"STAT1"
0.00253476743772722,-1.33987051474543,0.249,0.292,1,"CDC42BPA"
0.0122508021362097,-1.33440414810357,0.297,0.319,1,"POLR2B"
0.0554288772423799,-1.32797627251208,0.275,0.283,1,"SLC27A3"
9.16384128505737e-05,-1.32515105190057,0.465,0.469,1,"ESRRA"
0.0792725096552848,-1.32458674204763,0.241,0.252,1,"SLC35D1"
0.125220005289898,-1.32449575560504,0.355,0.332,1,"DDX6"
0.0063114666337473,-1.32100759942053,0.54,0.487,1,"ATF7IP2"
0.0113292870919843,-1.31919860967623,0.285,0.31,1,"NID1"
0.0561166495762641,-1.31786967888164,0.249,0.265,1,"TM2D2"
0.142404541887784,-1.31597345892805,0.27,0.265,1,"CHD9"
0.00071942501699659,-1.31395700261566,0.36,0.385,1,"EPHX2"
0.0466598592219749,-1.31349339066726,0.247,0.265,1,"FBXO8"
0.0530166567335605,-1.30873465024691,0.33,0.323,1,"HBP1"
0.0010482154235964,-1.30740847441446,0.287,0.336,1,"EPS8L2"
0.0180584136526033,-1.30640016597824,0.306,0.323,1,"PRNP"
0.0962659599285484,-1.30437323179858,0.258,0.261,1,"DNAJC22"
0.0107229124022492,-1.302099261741,0.225,0.261,1,"SFT2D2"
0.0289900253893343,-1.30079505702754,0.242,0.265,1,"CTDSP1"
0.0308685600271697,-1.29381142764042,0.355,0.345,1,"ARHGEF12"
0.0203484116884152,-1.29323162313322,0.286,0.305,1,"SLC43A3"
0.00294191676625195,-1.28662927697089,0.267,0.305,1,"ETFDH"
0.993500108691468,-1.2813546877768,0.335,0.279,1,"NCOA7"
0.0855839415102171,-1.27748082491802,0.253,0.265,1,"RRAS2"
0.0066393477327125,-1.27670807261453,0.217,0.261,1,"CREBL2"
0.000130181023563924,-1.27390052528092,0.436,0.465,1,"SRSF6"
0.00174357579164035,-1.27344947664754,0.377,0.394,1,"PTOV1"
0.542064585470504,-1.26452582391666,0.299,0.265,1,"SLC17A5"
0.366714919682441,-1.26244276319357,0.389,0.336,1,"GBP1"
0.0974125124018526,-1.25712507822142,0.296,0.292,1,"TXNDC11"
0.543682961549879,-1.25293094451832,0.258,0.235,1,"MAP4K4"
0.00342605439874063,-1.25283820440462,0.362,0.376,1,"KMT2E"
0.000281293347847513,-1.25177447650962,0.426,0.429,1,"PTEN"
0.168886116704145,-1.25147969350383,0.498,0.412,1,"ACSL4"
0.0241239443113028,-1.24855547879494,0.241,0.27,1,"MPDU1"
0.000245972751462375,-1.24779166059782,0.323,0.376,1,"F13B"
0.0275313032268552,-1.24777573191319,0.344,0.336,1,"CTNND1"
0.0176051499263346,-1.24662441041448,0.322,0.336,1,"AGMO"
0.316830494389577,-1.24638615500788,0.281,0.261,1,"SLC27A2"
0.000132480188790693,-1.24207247245137,0.448,0.469,1,"DGAT2"
0.175372062353148,-1.23959218686248,0.301,0.292,1,"ARMT1"
0.0138514748340951,-1.23544542680054,0.462,0.456,1,"CYP2A7"
0.00739319309952301,-1.23364850272255,0.359,0.367,1,"IBTK"
0.00785681967528868,-1.229912741514,0.461,0.429,1,"RAB14"
0.0324574275602121,-1.22947112503646,0.355,0.35,1,"LRP1"
0.0167681390559667,-1.22799873723477,0.38,0.252,1,"ADM"
0.029194307461444,-1.22545181371014,0.348,0.345,1,"PEMT"
0.782954561788174,-1.21992008501259,0.332,0.279,1,"RBBP6"
0.45912582789683,-1.219513954751,0.258,0.235,1,"MPND"
0.0107814662649804,-1.2191625567126,0.316,0.332,1,"DNAJC4"
0.00926330737508265,-1.21886812628614,0.371,0.376,1,"FAM8A1"
0.591473896462352,-1.21863468702598,0.252,0.23,1,"TBC1D15"
0.00216622606840227,-1.21714930001657,0.459,0.447,1,"ACTN4"
0.00225214439699364,-1.21612464235322,0.373,0.389,1,"PJA2"
0.487597691777827,-1.21541282135534,0.319,0.283,1,"TSC22D2"
0.0154791119928467,-1.21438695674607,0.26,0.292,1,"GSKIP"
0.128521670883842,-1.21315561556981,0.321,0.31,1,"DEDD2"
0.0324344405234012,-1.2104997212784,0.286,0.301,1,"STRADB"
0.0204253447015414,-1.20963861404482,0.36,0.354,1,"WASL"
0.349872679297756,-1.20932009999532,0.339,0.31,1,"STK4"
0.00226115073666454,-1.20599099630197,0.437,0.434,1,"LYRM5"
0.0330077132135568,-1.20584549920594,0.267,0.283,1,"HINT3"
0.345668264386299,-1.20428497475546,0.296,0.27,1,"HOOK1"
0.173329417139535,-1.20068600984067,0.289,0.279,1,"TGFBR2"
0.0670140562346417,-1.19859747041029,0.382,0.363,1,"UBE2J1"
0.0882516498372824,-1.19647296775549,0.294,0.292,1,"PRKAA1"
0.0196465341789362,-1.19502920757725,0.325,0.336,1,"CCDC117"
0.0393542586380068,-1.19270050814792,0.266,0.288,1,"CYP2B6"
0.246226462019956,-1.19226638948413,0.358,0.319,1,"PDE4DIP"
0.0887544072548738,-1.18945410649803,0.334,0.323,1,"PPM1B"
0.613892191571893,-1.18766412649749,0.264,0.208,1,"SMYD3"
0.00252813709942263,-1.18616250763084,0.403,0.412,1,"HYI"
0.0426493671724963,-1.18493463729994,0.247,0.265,1,"MYLK"
0.42425492954066,-1.18248591530238,0.301,0.27,1,"RNF187"
0.00212574874485662,-1.17471276062418,0.395,0.407,1,"TNFRSF14"
0.949501404128115,-1.1715619452416,0.339,0.279,1,"CPM"
0.0183780715578821,-1.16879436642742,0.417,0.398,1,"PNN"
0.00786665642584806,-1.167620794638,0.388,0.389,1,"BDH1"
0.99762263624962,-1.16423488550056,0.323,0.27,1,"ANKRD37"
0.148895670648612,-1.15867594949969,0.446,0.385,1,"HNRNPL"
0.00213706454276857,-1.1581136431849,0.359,0.381,1,"MUM1"
0.0202752070250178,-1.15117118660016,0.328,0.336,1,"ACP2"
0.530574300589085,-1.14921546609715,0.255,0.235,1,"LYST"
0.658641826610705,-1.14900941776834,0.256,0.204,1,"ARIH1"
0.166496546552363,-1.14811514525782,0.352,0.323,1,"MAZ"
0.0156324802209017,-1.14801189529111,0.425,0.403,1,"LPGAT1"
0.0335589729754719,-1.14606332014362,0.349,0.35,1,"SPRYD4"
0.00870540228173263,-1.1454799113842,0.455,0.434,1,"DSP"
0.996381889466301,-1.14429421748707,0.256,0.217,1,"HIPK1"
0.000293185175130109,-1.14353350509252,0.491,0.491,1,"TNFSF10"
0.000318637071967725,-1.14341335254949,0.588,0.553,1,"CDK2AP2"
0.262228672134464,-1.14238294437308,0.358,0.265,1,"TTC36"
0.535541159823291,-1.14234854403948,0.323,0.283,1,"COLEC11"
0.299408195760271,-1.14071352921431,0.294,0.279,1,"CDC42EP1"
0.569248099203865,-1.13785531157628,0.33,0.257,1,"BRD3"
0.00113847566009778,-1.13785000596388,0.537,0.527,1,"CAPNS1"
0.656176703313355,-1.13748809306029,0.253,0.204,1,"CACFD1"
0.578952571555701,-1.13623471062274,0.268,0.212,1,"ATL2"
0.0281355498240891,-1.13475434730485,0.398,0.381,1,"TMEM30A"
0.000845320007774865,-1.13399965644407,0.499,0.491,1,"N4BP2L2"
0.0172898778831104,-1.13360452649297,0.36,0.358,1,"PSMA6"
0.829013275464138,-1.13256241365163,0.305,0.261,1,"PXDC1"
0.548166770722221,-1.13159981250949,0.283,0.257,1,"IRF6"
0.0468381931572418,-1.12953712574506,0.459,0.416,1,"PABPN1"
0.626303030543876,-1.12493863875325,0.28,0.248,1,"ENHO"
0.638725136168816,-1.12339333028166,0.258,0.23,1,"ANO6"
0.102240262829231,-1.12241323158313,0.429,0.389,1,"DNAJC3"
0.82324787465958,-1.12040420761447,0.27,0.235,1,"CTDSP2"
0.000772096482671331,-1.11732117677077,0.459,0.46,1,"WDR13"
0.109261734511293,-1.11722055706563,0.323,0.31,1,"TPGS1"
0.574570693142295,-1.11296470779448,0.318,0.279,1,"MARC1"
0.000160048507285837,-1.11262947503514,0.485,0.482,1,"RNF149"
0.0408846968307359,-1.109815062374,0.371,0.363,1,"ATP13A3"
0.00156322798559115,-1.10456049150535,0.369,0.394,1,"LHPP"
0.879798853004486,-1.10413200734731,0.281,0.23,1,"DLST"
0.472471410652216,-1.10386065455758,0.308,0.279,1,"KPNA4"
0.40033667073874,-1.10272018105721,0.308,0.235,1,"RAB9A"
0.732442936920206,-1.1021627868702,0.255,0.226,1,"SIAH1"
0.0983904456416215,-1.0992180409533,0.304,0.301,1,"FGFR1OP2"
0.0010570469661551,-1.09724324741888,0.414,0.429,1,"LYPLAL1"
0.00480832117832797,-1.09657259175038,0.414,0.412,1,"ALDH5A1"
0.634175872269706,-1.09604093013087,0.361,0.31,1,"FAM102A"
0.0558396438510672,-1.09495623348683,0.311,0.314,1,"KLHL24"
0.0113094518422699,-1.09449856525719,0.423,0.407,1,"MIA3"
0.499738778516178,-1.09233945127011,0.367,0.314,1,"MAPK1"
0.00429196349320541,-1.09229087064451,0.397,0.398,1,"YPEL3"
0.105818452968786,-1.09142653773845,0.363,0.35,1,"ALG13"
0.892792042386026,-1.09052973333568,0.256,0.221,1,"EVI5"
5.31987554964526e-05,-1.09009305129981,0.495,0.5,1,"TMEM106B"
0.552921237583374,-1.08915187836361,0.267,0.243,1,"DERL2"
0.0146650232864569,-1.08876520505813,0.497,0.46,1,"SCAF11"
0.0277611309466954,-1.0885594753581,0.45,0.425,1,"SEC22B"
0.304078786903303,-1.08839961575806,0.32,0.292,1,"PPP4R3B"
0.0239511398668732,-1.0799970827028,0.432,0.412,1,"AKAP9"
0.1882027181703,-1.07801067139987,0.595,0.5,1,"GADD45G"
0.519974481030598,-1.07760945246425,0.288,0.261,1,"PNPLA8"
0.256441249276451,-1.07760512794137,0.32,0.296,1,"SFT2D1"
0.740267801515241,-1.07556994969395,0.329,0.279,1,"TAOK3"
0.312892567204628,-1.07521209984198,0.297,0.274,1,"ERO1A"
0.858216098374124,-1.07305292972383,0.344,0.283,1,"NREP"
0.2267974510303,-1.07256649507729,0.33,0.305,1,"TMEM41B"
0.273915597126794,-1.071065767295,0.329,0.301,1,"LSM1"
0.61942895673082,-1.06985658257042,0.3,0.239,1,"PTPN2"
0.693877676528523,-1.06923024691179,0.315,0.252,1,"ZBTB44"
0.00101700402248921,-1.06429477856905,0.541,0.509,1,"GOLPH3"
0.0776607545733573,-1.06420822862358,0.324,0.319,1,"ALAD"
0.00306505823619866,-1.06388735651175,0.465,0.46,1,"CCL3"
0.232050171481639,-1.06298955100795,0.318,0.301,1,"ABI1"
0.509945581630429,-1.06268412515944,0.359,0.314,1,"PIK3AP1"
0.573833092137966,-1.06119593471524,0.349,0.301,1,"YES1"
0.0803440942718957,-1.06071541012357,0.348,0.341,1,"ABCA5"
0.00111548283802796,-1.05738662849413,0.528,0.504,1,"MAN1A1"
0.626943587814336,-1.05671297784349,0.259,0.208,1,"TRIM56"
0.353520423932251,-1.05398390740542,0.288,0.27,1,"RANBP2"
0.0016821955622569,-1.05277957744025,0.498,0.473,1,"BAG3"
0.201392495013406,-1.04807147314486,0.318,0.301,1,"RIOK3"
0.0435212942819754,-1.04630465515562,0.505,0.447,1,"ACTR2"
0.000915181040586455,-1.0461774209417,0.498,0.496,1,"TAF7"
0.136625039642349,-1.04380460341895,0.28,0.195,1,"MED6"
0.118371186063549,-1.04352811178668,0.386,0.363,1,"ABAT"
0.583593150319876,-1.04240547071648,0.263,0.208,1,"AKT2"
0.415804316410035,-1.04098937940461,0.297,0.274,1,"COX16"
0.964027022489455,-1.03994335036778,0.316,0.261,1,"TLN1"
0.089890915751504,-1.03961603511587,0.275,0.19,1,"IFI27L2"
0.522897514451297,-1.03684368228983,0.303,0.27,1,"SHMT1"
0.000467102074920964,-1.03680036578429,0.524,0.522,1,"DDX3X"
0.0553094957454915,-1.03313761339732,0.425,0.394,1,"AIDA"
0.142066801295294,-1.0313546734423,0.414,0.376,1,"SLC51A"
0.165496854623623,-1.02857193552283,0.379,0.341,1,"GCDH"
0.687406343968753,-1.02824377739489,0.332,0.292,1,"CARD16"
0.00500826841379855,-1.02625456391923,0.494,0.496,1,"SORBS2"
0.53755415050059,-1.02522904023323,0.273,0.248,1,"R3HDM2"
0.0602106169348294,-1.02501453063758,0.438,0.412,1,"WAC"
0.29454327376085,-1.02368508632522,0.419,0.367,1,"HHEX"
0.320512879577831,-1.02071857075622,0.315,0.292,1,"PLOD3"
0.262699753306902,-1.02002601120787,0.27,0.261,1,"SLC17A9"
0.18202982135215,-1.01438638671355,0.546,0.478,1,"SUMF2"
0.0276848252713392,-1.01419346296338,0.365,0.367,1,"TMEM2"
0.0132587136238707,-1.0136802642076,0.35,0.363,1,"TMX4"
0.245994238280191,-1.00842312086171,0.28,0.274,1,"RP1-60O19.1"
0.0911417521711945,-1.00707334883075,0.472,0.425,1,"ALDH4A1"
0.686266054546086,-1.00626990074966,0.264,0.217,1,"PPIL4"
0.000696398292686654,-1.00506885980243,0.428,0.447,1,"CEP57"
0.330649060022841,-1.00489707736331,0.406,0.358,1,"RAB5A"
0.564804095847405,-1.0044211986046,0.272,0.212,1,"DNAJC25"
0.0108685580401892,-1.00152824062701,0.449,0.429,1,"PCGF5"
0.0355853267354822,-0.999908986608397,0.348,0.35,1,"SLC35A3"
0.0844625727960179,-0.999406170638246,0.418,0.385,1,"TMEM248"
0.65508246208421,-0.997042588042328,0.354,0.305,1,"USF2"
0.663437587401223,-0.994861829507,0.293,0.261,1,"CLIC4"
0.5888326748859,-0.994256576910425,0.399,0.336,1,"PYGL"
0.732935007618144,-0.992076501585705,0.26,0.212,1,"MAX"
0.305271376578995,-0.990981361734381,0.301,0.221,1,"SNX9"
0.361558781075966,-0.990523019789167,0.296,0.221,1,"KHSRP"
0.672105770247377,-0.988791001638845,0.517,0.412,1,"CFLAR"
0.847475443906927,-0.98436766532701,0.263,0.221,1,"TOR1A"
0.232207507323366,-0.980228000375543,0.37,0.27,1,"ARL2BP"
0.854901803259253,-0.97955519831192,0.363,0.305,1,"KCTD20"
0.680925097632591,-0.977536719294005,0.367,0.31,1,"SLC31A1"
0.0137016011847308,-0.976271801524802,0.314,0.195,1,"HEXIM1"
0.555063983439734,-0.975103350445055,0.306,0.27,1,"GCC2"
0.461702201440725,-0.974696638489981,0.324,0.292,1,"PITPNB"
0.188159589185326,-0.974382695278263,0.423,0.305,1,"LURAP1L"
0.170190579430032,-0.974264784253712,0.501,0.469,1,"BIRC3"
0.847947763827973,-0.974151229462215,0.358,0.296,1,"ASMTL"
0.667123034329864,-0.973600279417835,0.312,0.27,1,"UBE2H"
0.897541681131849,-0.971999319325462,0.314,0.265,1,"MARCH2"
0.454440604507406,-0.971669554512296,0.295,0.27,1,"SYNJ2BP"
0.01938786894706,-0.971035076080166,0.553,0.478,1,"CDIPT"
0.511192354677318,-0.970752170406733,0.328,0.292,1,"C1GALT1C1"
0.0673836846189869,-0.969129937749256,0.622,0.562,1,"HES1"
0.530630949197291,-0.967601007535466,0.481,0.345,1,"LEPR"
0.0217706504291444,-0.96208949977926,0.422,0.407,1,"CDC34"
0.03916069826539,-0.96185898236482,0.442,0.412,1,"FAM210B"
0.644931987491927,-0.960079676383506,0.304,0.27,1,"RAB1B"
0.308074256793561,-0.959957896327008,0.267,0.199,1,"CHD2"
0.431667326450211,-0.959946774450166,0.389,0.332,1,"RDH11"
0.9437785165924,-0.959874340545241,0.264,0.23,1,"METTL9"
7.44018200801274e-05,-0.959308064664784,0.662,0.611,1,"RGN"
0.032550968308151,-0.958615064898363,0.498,0.465,1,"CEBPA"
0.550881218075732,-0.954158147940647,0.391,0.332,1,"LPCAT3"
8.58057057796196e-05,-0.952520882389566,0.518,0.527,1,"CADM1"
0.0683083032904969,-0.949504758426415,0.554,0.482,1,"CTSH"
0.11253117448388,-0.949471440295813,0.411,0.376,1,"LARP4"
0.92487981792423,-0.949261255465675,0.273,0.239,1,"FBXL5"
0.275505326084431,-0.948300380446767,0.45,0.385,1,"MAGT1"
0.915094240482071,-0.947765440481389,0.296,0.252,1,"MKLN1"
0.000548489179780946,-0.947463927896662,0.517,0.509,1,"SUMO3"
0.42484665688985,-0.944925506053169,0.337,0.252,1,"CAND1"
0.203776506322411,-0.943351127784506,0.318,0.301,1,"ENPP1"
0.000224079373604865,-0.94118353484347,0.539,0.522,1,"ERP44"
0.951774192171863,-0.94022107824117,0.283,0.239,1,"CWF19L2"
0.124198804543756,-0.939914234761574,0.433,0.385,1,"SLC2A4RG"
0.402227124323539,-0.939276409696319,0.259,0.199,1,"CAPG"
0.286642099629273,-0.93903071164003,0.258,0.252,1,"ACYP2"
0.812485920789991,-0.936023802319887,0.364,0.305,1,"STT3A"
0.139876362682596,-0.93540963304843,0.278,0.195,1,"CPT2"
0.197905442609957,-0.934986803084372,0.365,0.261,1,"SHC1"
0.000132342083814659,-0.934090612959805,0.626,0.597,1,"TRA2B"
0.455707683730198,-0.93395190890207,0.354,0.27,1,"DAXX"
0.012760761369208,-0.931681550713163,0.521,0.473,1,"KLHDC2"
0.00261719978166037,-0.930248055377861,0.478,0.469,1,"SC5D"
0.537086393320774,-0.928234515726579,0.504,0.425,1,"FCER1G"
0.184951321433265,-0.92773305733603,0.327,0.235,1,"CCPG1"
0.717065192741803,-0.9260065787093,0.259,0.212,1,"RBL2"
0.464021520054819,-0.924973150285441,0.482,0.403,1,"TERF2IP"
0.965535597897194,-0.923924883452377,0.35,0.288,1,"BCL7C"
0.171398423848117,-0.922021972620733,0.288,0.283,1,"TTC17"
0.558526001741574,-0.920418008641884,0.276,0.217,1,"ZNF451"
0.461345847379066,-0.920163209230472,0.289,0.221,1,"MAPK14"
0.495282812243006,-0.919277983428579,0.414,0.31,1,"POLR2J3"
0.00747826906193109,-0.9190806069046,0.567,0.531,1,"DDX17"
0.477453960407648,-0.918106477409284,0.461,0.381,1,"CXXC5"
0.294842430157299,-0.917351270041115,0.495,0.416,1,"SHMT2"
0.00603349052213779,-0.916187338760693,0.529,0.5,1,"CCS"
0.584552125569394,-0.91613490132224,0.36,0.31,1,"KRAS"
0.00608437674422205,-0.914590117161601,0.321,0.19,1,"CCNY"
0.0453755212067872,-0.912050689942166,0.428,0.412,1,"CDC42SE2"
0.356315839200607,-0.910298087188844,0.416,0.358,1,"HIBCH"
0.121948045573883,-0.910243147158609,0.402,0.372,1,"CNOT7"
0.812559598943184,-0.909948342556067,0.281,0.243,1,"MAPRE2"
0.132554749263583,-0.909832034632988,0.471,0.416,1,"YIPF4"
0.177795434385725,-0.909726445404567,0.335,0.239,1,"H1FX"
0.000119103739272958,-0.909249401901331,0.48,0.518,1,"DDIT4"
0.420690679690104,-0.909102403902887,0.279,0.217,1,"GLYR1"
0.95502802366197,-0.909094656463153,0.365,0.292,1,"KIAA2013"
0.215905142871079,-0.908858157764636,0.392,0.354,1,"SLC30A1"
0.0501632370850832,-0.908736102382995,0.533,0.478,1,"MGAT1"
0.177415925361738,-0.908094229786292,0.492,0.429,1,"TMED4"
0.383369478552666,-0.904957459670813,0.368,0.323,1,"USP47"
0.318151420455752,-0.904186522304951,0.326,0.301,1,"SEPT6"
0.551196977628548,-0.903919485241737,0.353,0.27,1,"ZNF644"
0.408961847675804,-0.903006263490235,0.505,0.425,1,"RBM25"
0.0324817724365606,-0.902833096141787,0.452,0.425,1,"PINK1"
0.043288028521827,-0.901383306946183,0.346,0.35,1,"COQ10B"
0.843704643828596,-0.901274827172363,0.263,0.235,1,"NUP50"
0.174876186201267,-0.899903266576108,0.451,0.403,1,"RXRA"
0.0767417307080871,-0.899711880379139,0.434,0.398,1,"PCYOX1"
0.610301942607833,-0.899464116897863,0.355,0.279,1,"MYH14"
0.193188214590224,-0.898741431465188,0.349,0.327,1,"OSBPL9"
0.0898565050581241,-0.89856335302705,0.326,0.323,1,"RETSAT"
0.810633548657022,-0.898518947585391,0.299,0.257,1,"ALG2"
0.968647167428614,-0.898375356323833,0.371,0.305,1,"CREBRF"
0.25123830211467,-0.898061438513184,0.277,0.204,1,"ZNF518A"
0.00727709651541365,-0.895337145676859,0.494,0.465,1,"ATP2A2"
0.768992886478293,-0.894203776220016,0.48,0.394,1,"AFF4"
0.6691027045421,-0.892992890784669,0.316,0.252,1,"RNF115"
0.0257927542031413,-0.889586315192879,0.488,0.442,1,"SLC43A1"
0.208200829789266,-0.888502806778379,0.397,0.358,1,"LINC00869"
0.680363658967011,-0.88770931930738,0.349,0.274,1,"SMPD1"
0.0182486937346766,-0.88557672885469,0.542,0.496,1,"CRIPT"
0.0217165449622673,-0.88323106434476,0.526,0.473,1,"UAP1"
0.224079336736619,-0.8800700401655,0.471,0.412,1,"CNPY3"
0.0161975047555934,-0.878159611958311,0.551,0.5,1,"CRYL1"
0.929195337210457,-0.87622725633682,0.293,0.248,1,"GCA"
0.000693026352138366,-0.876059873157727,0.551,0.535,1,"EIF4EBP1"
0.446773110395853,-0.875725046088028,0.472,0.394,1,"RHBDD2"
0.988386139289292,-0.875552003331755,0.32,0.27,1,"PID1"
0.0621391357346604,-0.873866259833306,0.267,0.177,1,"SMG1"
0.255633825567445,-0.872867059977532,0.475,0.403,1,"LGMN"
0.810042980088472,-0.869260328873363,0.315,0.27,1,"LENG8"
0.888491264380844,-0.8675152796891,0.361,0.292,1,"SARDH"
0.0368533508794833,-0.865784045771972,0.314,0.199,1,"LARP1B"
0.105351946189847,-0.864428418873166,0.287,0.199,1,"ATL3"
0.606048959210899,-0.863917705208233,0.503,0.425,1,"ETS2"
0.164206474557429,-0.862212402524115,0.259,0.186,1,"MLLT10"
0.000832497929287556,-0.862104375823252,0.602,0.571,1,"SF1"
0.607574343409803,-0.860779881040332,0.51,0.403,1,"G6PC"
0.664154282649265,-0.860751278273495,0.274,0.221,1,"WAPL"
0.0900313017241815,-0.859145218377054,0.56,0.487,1,"CHMP1B"
0.608660626423026,-0.859093671402734,0.274,0.221,1,"ZC3H13"
0.000738686237892528,-0.858451595427593,0.536,0.518,1,"HDGF"
0.418583469950304,-0.852229543091578,0.374,0.292,1,"CD44"
0.262548018973364,-0.850428883811876,0.252,0.19,1,"S100A14"
0.0457362028052792,-0.850424609104309,0.556,0.509,1,"DECR2"
0.54376977363424,-0.847382124917017,0.535,0.456,1,"GMNN"
0.445930824779299,-0.846341665513627,0.36,0.323,1,"MOSPD3"
0.0901104609170113,-0.843487810961935,0.341,0.235,1,"CHD1"
0.109093836368636,-0.843020385336012,0.473,0.42,1,"C6orf62"
0.00203711707557526,-0.840068039896219,0.489,0.482,1,"GANAB"
0.00219400303072317,-0.839882100580922,0.587,0.544,1,"NAPA"
0.307783682436792,-0.839548576639568,0.316,0.235,1,"EFCAB14"
0.264092638097093,-0.838022783074981,0.361,0.265,1,"TOB2"
0.11924932966151,-0.837885266590961,0.275,0.19,1,"MTF2"
0.072110347841496,-0.834672195977647,0.292,0.195,1,"ABHD16A"
0.675399630255005,-0.833732730857969,0.416,0.354,1,"WEE1"
0.0382888343609342,-0.832598686762025,0.305,0.204,1,"SRSF8"
0.47483182054976,-0.831940789531297,0.288,0.221,1,"API5"
0.63666696303475,-0.830624663386749,0.389,0.332,1,"ZC3H11A"
0.362950793839676,-0.830547016476636,0.27,0.204,1,"ZNF638"
0.935039839533914,-0.830519426966962,0.409,0.332,1,"UBE2D1"
0.320728417565329,-0.826087996632244,0.407,0.35,1,"ACBD3"
0.0016107194637864,-0.826081383610618,0.638,0.602,1,"FUS"
0.523378970744629,-0.826067182376024,0.26,0.208,1,"PPP1R14B"
0.00426849712881699,0.825971550663361,0.499,0.336,1,"HIST1H4C"
0.426208210976633,-0.825953786961417,0.279,0.212,1,"TOPORS"
0.00141941769576556,-0.825748044932561,0.567,0.544,1,"LIPA"
0.0989004924298798,-0.824430568862546,0.451,0.42,1,"TP53TG1"
0.0295421388065576,-0.823681658637397,0.616,0.558,1,"EFNA1"
0.0050112885997981,-0.818358590493485,0.603,0.549,1,"RAP1A"
0.950983325561898,-0.818267159693433,0.493,0.381,1,"BCLAF1"
0.0125024309062068,-0.818017756415059,0.643,0.584,1,"CTNNB1"
0.135798779560668,-0.817975036746117,0.26,0.181,1,"U2AF1"
0.621843858009389,-0.815477728230289,0.449,0.372,1,"RNF167"
0.298442548691936,-0.813440819634971,0.441,0.332,1,"NR3C1"
0.463654591565014,-0.809256644749327,0.281,0.217,1,"FERMT2"
0.402788431439287,-0.809158856513173,0.43,0.319,1,"MAPK1IP1L"
0.896287046965707,-0.809021369918566,0.373,0.301,1,"KCTD3"
0.501952835519021,-0.807172841741853,0.487,0.358,1,"STK16"
0.0626192803525023,-0.80653163806115,0.443,0.412,1,"CYB5R1"
0.405502466483001,-0.803815447049981,0.312,0.239,1,"IRS1"
0.462094787161903,-0.803447438976673,0.543,0.456,1,"NFE2L2"
0.449732641797124,-0.799434873915942,0.372,0.327,1,"CERS4"
0.499635508405862,-0.798027983622049,0.337,0.265,1,"CD68"
0.110004034116926,-0.795202055815086,0.458,0.319,1,"DUSP10"
0.513985626065088,-0.794455331789523,0.292,0.226,1,"RSF1"
0.565957952622255,-0.791956966435461,0.455,0.354,1,"AMD1"
0.632154915072611,-0.788014062590828,0.442,0.336,1,"ARID4B"
0.867656887540429,-0.786746209057713,0.309,0.27,1,"HIST1H4J"
0.232565086813368,-0.786061603475127,0.3,0.217,1,"CD2AP"
0.760905971157257,-0.784953988155183,0.392,0.305,1,"KDSR"
0.811851410316562,-0.784609746979041,0.312,0.257,1,"CCDC28A"
0.282241824621113,-0.783866842789183,0.366,0.274,1,"CTH"
0.268765647261326,-0.783763686238164,0.297,0.221,1,"SCFD1"
0.0010457311241206,-0.783080197330822,0.652,0.593,1,"CRYZ"
0.0513645875460065,-0.782479019071559,0.567,0.522,1,"LRRFIP1"
0.239407349443673,-0.782406001487406,0.393,0.288,1,"UBXN6"
0.00955335770800416,-0.78215739735469,0.641,0.571,1,"PCK2"
0.0107355830924991,-0.781640275411542,0.539,0.5,1,"TRAPPC1"
0.0286718013280734,-0.781107576083642,0.25,0.155,1,"JMY"
0.653111622044383,-0.780852637625675,0.434,0.336,1,"MAP3K11"
0.315739129251002,-0.78048850928731,0.541,0.46,1,"DDX24"
0.14602145394732,-0.779790079102729,0.449,0.314,1,"PSMB10"
0.240030365245721,-0.779430282996151,0.309,0.226,1,"KIAA0319L"
0.116545508154677,-0.779022500311186,0.257,0.181,1,"PPP3CB"
0.61462494104605,-0.778042001873617,0.346,0.279,1,"STX7"
0.97109213525195,-0.777299434344507,0.301,0.261,1,"C10orf11"
0.0940628448738006,-0.777111392915361,0.329,0.226,1,"DHODH"
0.181814769540836,-0.776049279438734,0.321,0.23,1,"NUTM2B-AS1"
0.695441576742138,-0.773623604016035,0.428,0.336,1,"BAG1"
0.249536041701933,-0.77342319221157,0.47,0.412,1,"ITFG1"
0.219536550411999,-0.770310648451452,0.333,0.239,1,"RALGPS2"
0.0438110246669008,-0.768858068139016,0.29,0.19,1,"BNIP2"
0.433691553263882,-0.768694522047903,0.29,0.226,1,"OGT"
0.238598046993186,-0.768546039315336,0.289,0.212,1,"MED31"
0.54854842357932,-0.768361716825517,0.467,0.394,1,"PC"
0.0660265783730044,-0.765653436106878,0.584,0.513,1,"MLEC"
0.879086974948882,-0.765239720098288,0.284,0.239,1,"TMEM150A"
0.0881560586402723,-0.76506957515821,0.297,0.204,1,"BAZ2A"
0.387967226221628,-0.764025849389588,0.307,0.235,1,"SUDS3"
0.203276150931898,-0.76397911740299,0.291,0.212,1,"ZNF664"
0.409275579300385,-0.763953276280241,0.263,0.204,1,"ZFP91"
0.0740314555887959,-0.763903147227953,0.461,0.323,1,"MBNL1"
4.84358810221527e-05,-0.763175856623213,0.961,0.867,1,"SERPINC1"
0.105490009898715,-0.762271573126384,0.497,0.447,1,"FAM114A1"
0.814794838211672,-0.760237370393395,0.423,0.354,1,"GPBP1L1"
0.678447679952537,-0.75599111152727,0.378,0.319,1,"NUDT4"
0.497340903457667,-0.755523347864315,0.366,0.283,1,"CLDND1"
0.19067857038966,-0.753631023689004,0.648,0.562,1,"SEPW1"
0.820247035648416,-0.753434258360668,0.532,0.425,1,"TGIF1"
0.334584001870249,-0.7523280743209,0.347,0.257,1,"TRPT1"
0.0761255508317286,-0.751406104147128,0.632,0.558,1,"PABPC4"
0.0613622387387101,-0.750302962026321,0.254,0.168,1,"STX17"
0.118545921009995,-0.749002286359076,0.578,0.5,1,"CD81"
0.00943770697157261,-0.748305892902513,0.571,0.535,1,"TMED5"
0.0264583712699406,-0.747462035272791,0.255,0.159,1,"OAS1"
0.397738056907084,-0.747295049661896,0.457,0.394,1,"STARD7"
0.686651136451822,-0.746799764795343,0.531,0.434,1,"EML4"
0.263387130228337,-0.746471232946815,0.315,0.235,1,"SIRT2"
0.0729834107834221,-0.746085391412546,0.289,0.195,1,"MTHFD2L"
0.115776885132495,-0.743516343905125,0.462,0.42,1,"GOLIM4"
0.753779849517705,-0.742546738620109,0.4,0.314,1,"PRKAB2"
0.956872620415262,-0.741751771472256,0.342,0.288,1,"PHIP"
0.449420806624161,-0.741524078059351,0.432,0.376,1,"COPB1"
0.000389856635099379,-0.741470779277907,0.669,0.611,1,"MRPL54"
0.631033526984976,-0.740560423911117,0.416,0.354,1,"NUDT22"
0.210139112389795,-0.740039237173174,0.301,0.305,1,"ATAD2"
0.242934911759725,-0.739467281957001,0.651,0.535,1,"LINC01485"
0.0271135425377947,-0.739440235279708,0.281,0.177,1,"SMC5"
0.000612174688720049,-0.738589415713505,0.648,0.593,1,"NME4"
0.123294584144633,-0.735539183384915,0.316,0.221,1,"AHR"
0.285480922874822,-0.73545773003492,0.417,0.372,1,"RREB1"
0.78294261351814,-0.734403044088516,0.362,0.292,1,"DPP4"
0.161696210935546,-0.733312643630531,0.482,0.429,1,"IL13RA1"
0.424844111121452,-0.733185615985004,0.395,0.345,1,"DNASE2"
0.474426089573491,-0.732967329516079,0.344,0.261,1,"MRFAP1L1"
0.116521454273188,-0.732452658080273,0.435,0.305,1,"RAB20"
0.003912680290433,-0.732066296876201,0.605,0.571,1,"GLRX5"
0.0022939613710503,-0.731640777271528,0.737,0.69,1,"NAMPT"
0.479518718944643,-0.730964979668487,0.395,0.345,1,"RFK"
0.389888490325951,-0.730580787385705,0.531,0.469,1,"FAM107B"
0.226584710721963,-0.730551875359933,0.32,0.235,1,"ANKRD11"
0.549059370833072,-0.730266039755968,0.371,0.292,1,"C6orf106"
0.406163969917682,-0.729397665339915,0.364,0.327,1,"CDK10"
0.145917714531535,-0.728836972262814,0.486,0.447,1,"FKBP11"
0.0580220802277505,-0.728819164328029,0.254,0.168,1,"ZFHX3"
0.000100839971405986,-0.726417655911666,0.719,0.673,1,"SPTSSA"
0.0439307331020404,-0.7260591366391,0.397,0.27,1,"PSIP1"
0.893306951824209,-0.725967145799189,0.434,0.345,1,"SDSL"
0.133366111708103,-0.725187527381276,0.264,0.186,1,"AUH"
0.607843666723612,-0.724583209609489,0.456,0.385,1,"GNS"
0.558404919052456,-0.724162753863745,0.294,0.23,1,"TJP1"
0.336977926634354,-0.723751598809522,0.525,0.46,1,"DHTKD1"
0.00109297390148671,-0.721646336611128,0.793,0.704,1,"C1R"
0.214451732495664,-0.71943564875505,0.267,0.195,1,"YY1AP1"
0.460501023072765,-0.71795385524913,0.302,0.235,1,"NFYB"
0.523194673261089,-0.717469123315371,0.301,0.235,1,"EPS8"
0.194565673590215,-0.717289996861367,0.416,0.296,1,"ZFAND3"
0.150964688506287,-0.716666189531628,0.32,0.226,1,"TIPARP"
0.189846652506161,-0.715818551194628,0.513,0.451,1,"LPP"
0.409081758745759,-0.71526417509938,0.417,0.314,1,"SPTAN1"
0.990010238288934,-0.712779671798502,0.363,0.314,1,"FST"
0.598615706015742,-0.712327962763483,0.491,0.412,1,"UPF2"
0.350258220491142,-0.711324962431671,0.329,0.252,1,"NMRK1"
0.745213018796617,-0.711198302547247,0.378,0.305,1,"MAP3K2"
0.285421405127323,-0.710225411770643,0.274,0.208,1,"SEC16A"
0.63226406311445,-0.709707101531698,0.53,0.442,1,"CHORDC1"
0.0838184644092219,-0.709418426374173,0.334,0.23,1,"MAP2K3"
0.420962718926418,-0.709242420813901,0.281,0.217,1,"SLC44A1"
0.210186563929511,-0.70878123242571,0.43,0.305,1,"RBM47"
0.0937763015029635,-0.707376233561187,0.493,0.451,1,"ANGPTL4"
0.884454985091959,-0.706586015398813,0.378,0.301,1,"TMEM9B"
0.0199147035951701,-0.706501400708634,0.255,0.159,1,"NDST1"
0.147499585567328,-0.70588407557097,0.496,0.438,1,"HIBADH"
0.277006075496989,-0.703149603758134,0.552,0.46,1,"TMED7"
0.486802297889645,-0.702953961003852,0.383,0.292,1,"DTX3L"
0.159091209755345,-0.700467578576541,0.549,0.482,1,"EIF1AY"
0.00962638892832024,-0.698609018019231,0.416,0.261,1,"GDI1"
0.0252338008553824,-0.697592097104509,0.269,0.168,1,"SEC14L1"
0.486326931522493,-0.69707378875765,0.517,0.429,1,"EAPP"
0.90916806111728,-0.696328751233811,0.371,0.31,1,"AR"
0.767605712407029,-0.69617520571441,0.297,0.243,1,"FZD5"
0.239275957814471,-0.696028367508804,0.327,0.239,1,"ETNK1"
0.000972867799372239,-0.694355332052225,0.602,0.584,1,"SPTBN1"
0.046856483162712,-0.694274115314784,0.385,0.257,1,"TNRC6B"
0.225698221887116,-0.693575930125705,0.579,0.491,1,"SERPINB1"
0.00148242759382986,-0.693431971756705,0.668,0.624,1,"STAU1"
0.155552750039523,-0.69236406453091,0.27,0.19,1,"ITPK1"
0.591610113257865,-0.691450136415232,0.477,0.372,1,"UBA1"
0.00927362412180443,-0.691379490188383,0.461,0.288,1,"AIF1"
0.347156955773429,-0.691243204961996,0.64,0.54,1,"LECT2"
0.944746580656887,-0.689747392266183,0.506,0.398,1,"UBE2E3"
0.00190115225767446,-0.689634268087607,0.609,0.575,1,"TPP1"
0.00105702203122719,-0.689286131859483,0.671,0.619,1,"OS9"
0.0452167418704997,-0.687971593994046,0.575,0.509,1,"SERPINA10"
0.095648610582727,-0.687894304168774,0.371,0.257,1,"CTBS"
0.12427273207498,-0.687254837484533,0.283,0.199,1,"SUN1"
0.0765863766806172,-0.686955230496375,0.305,0.208,1,"DAPK3"
0.967714418164699,-0.686736714681428,0.275,0.235,1,"FBXO3"
0.670413538601916,-0.686024850644779,0.343,0.274,1,"MET"
0.295987136278913,-0.68469549453202,0.407,0.301,1,"SEPT2"
0.100632661731815,-0.684071364456002,0.334,0.239,1,"GYPC"
0.880254943559012,-0.68246274743153,0.508,0.398,1,"WDR33"
0.466565592722891,-0.681694572963907,0.447,0.389,1,"SLC25A25"
0.603503887471073,-0.680866038993441,0.338,0.301,1,"ASNSD1"
0.652146946402306,-0.679752650222085,0.466,0.394,1,"TPST2"
0.724410976847544,-0.678294168348784,0.479,0.394,1,"PLS3"
0.762662590411661,-0.678154866949328,0.326,0.265,1,"SYVN1"
0.117621269499244,-0.676463719232515,0.497,0.451,1,"MGEA5"
0.0243636488022036,-0.676350808235404,0.295,0.186,1,"OPA1"
0.593348904785375,-0.674334665548481,0.339,0.27,1,"BCKDHB"
0.144537883370904,-0.673607487509152,0.27,0.19,1,"FBXO9"
0.321787244452382,-0.67191845458793,0.304,0.235,1,"OSTF1"
0.00214182121814707,-0.669870413316704,0.695,0.619,1,"PRKCSH"
0.000321052878526925,-0.669673388203016,0.767,0.717,1,"CIRBP"
0.502586949935431,-0.669378406479235,0.278,0.221,1,"FAT1"
0.0445953232779439,-0.668769413109679,0.322,0.208,1,"KIAA0907"
0.0426136140460316,-0.668583615564949,0.346,0.23,1,"STXBP2"
0.444719941480611,-0.667251599420756,0.459,0.336,1,"MOB1A"
0.317565469059457,-0.666452551597724,0.438,0.323,1,"ACOT2"
0.670919109262539,-0.665835353631166,0.533,0.416,1,"ARL5A"
0.000116054082403199,-0.665289441820553,0.714,0.69,1,"NDUFA5"
0.878097128999549,-0.664672375117034,0.428,0.354,1,"FNDC3B"
0.993745349653555,-0.664622483764814,0.464,0.372,1,"ARRDC3"
0.146156265726004,-0.664473487166803,0.26,0.19,1,"TFDP1"
0.81578190220616,-0.66299996364488,0.382,0.31,1,"TMPO"
0.285510337062267,-0.661864526468056,0.318,0.239,1,"ARAF"
0.254752427734476,-0.661414804618886,0.547,0.473,1,"CEBPG"
0.292126668875127,-0.660935569535382,0.45,0.332,1,"FRA10AC1"
0.242572633864518,-0.66085088949011,0.307,0.226,1,"PBXIP1"
0.106595158230638,-0.659967875439156,0.497,0.447,1,"RHOD"
0.45136314566766,-0.659928018931872,0.583,0.487,1,"PTP4A2"
0.106469872718169,-0.65895716939781,0.421,0.296,1,"SMARCA1"
0.232698475700796,-0.657962264461095,0.368,0.265,1,"SORL1"
0.259065303231858,-0.657900428445788,0.566,0.478,1,"C9orf78"
0.0447808214721562,-0.657718781868267,0.619,0.562,1,"ECI1"
0.31323579863113,-0.655653175296277,0.28,0.212,1,"PPP2R4"
0.771684602158958,-0.655569260078851,0.425,0.332,1,"BOK"
0.0449059941221862,-0.65321204971896,0.311,0.204,1,"ENDOG"
0.220018458898542,-0.652195992181776,0.502,0.447,1,"GALM"
0.157246860342217,-0.651384337536516,0.716,0.615,1,"LITAF"
0.803639280313238,-0.651358883348372,0.482,0.376,1,"TTC38"
0.0301662042804821,-0.650400707516685,0.322,0.208,1,"XYLB"
0.447439985591458,-0.650034464392622,0.557,0.429,1,"FOXP1"
0.435706086553183,-0.648621094006827,0.465,0.35,1,"RASSF7"
0.106433536663273,-0.64599511984447,0.257,0.177,1,"THEM4"
0.302195141586202,-0.645777539094987,0.453,0.332,1,"GUCD1"
0.865319150488067,-0.645654759600035,0.441,0.354,1,"YTHDC1"
0.0134498505907692,-0.645209542199428,0.254,0.155,1,"NR2F2"
0.000972329350355276,-0.644389251670682,0.622,0.412,1,"DDIT3"
0.162998744645332,-0.644231314620016,0.341,0.243,1,"GFOD2"
0.357660584737277,-0.640081953648762,0.45,0.341,1,"MARCH5"
0.0949281617583902,-0.639633419142845,0.57,0.513,1,"LPIN2"
0.779739904248338,-0.638789421652547,0.427,0.332,1,"REEP3"
0.0852121660034142,-0.637416127904844,0.341,0.235,1,"ATP2B1"
0.340885573648578,-0.635187199857369,0.395,0.296,1,"CCM2"
0.0318025014446073,-0.634549298402634,0.691,0.606,1,"COMT"
0.276160338536174,-0.632712021354048,0.294,0.221,1,"ERAP1"
0.0107470041234834,-0.632667122462818,0.614,0.558,1,"HSD17B4"
0.585448546693483,-0.632645483618264,0.534,0.416,1,"PQLC1"
0.0070307133400564,-0.632099306974418,0.252,0.146,1,"RNF168"
0.00117382480162626,-0.632072666490211,0.7,0.646,1,"SMDT1"
0.91242645844916,-0.629303056712576,0.508,0.403,1,"UBQLN1"
0.0679694977845806,-0.627781205047846,0.25,0.168,1,"IPO5"
0.0160289242502235,-0.626290262591026,0.269,0.164,1,"WDR59"
0.642695897340094,-0.625035527804542,0.505,0.394,1,"STAT3"
0.00560155699150564,-0.624921413439664,0.274,0.159,1,"BLOC1S6"
0.00779190915085553,-0.623182701997714,0.262,0.155,1,"SLC38A1"
0.34854063032685,-0.622640341073603,0.288,0.221,1,"ADIPOR2"
0.0217437419734868,-0.620586884409062,0.343,0.221,1,"BTN3A2"
0.691100396795052,-0.61781751957385,0.461,0.358,1,"STX4"
0.465211646362535,-0.617676402165692,0.551,0.465,1,"HEBP1"
0.183824785722433,-0.616360727901081,0.292,0.208,1,"PHC2"
0.335746303633882,-0.615603650207269,0.52,0.389,1,"FNIP1"
0.279503664806051,-0.614969742250133,0.42,0.314,1,"HNRNPUL1"
0.612082507998508,-0.614256578144691,0.284,0.261,1,"CBWD5"
0.703647013075839,-0.613088279035968,0.477,0.394,1,"SPSB3"
0.0598539393735892,-0.611884857281018,0.568,0.513,1,"RAB11B"
0.140137832337262,-0.611560907988959,0.544,0.473,1,"SF3B1"
0.312573806369333,-0.611134378477731,0.333,0.257,1,"LDHB"
0.000820316549427542,-0.611040425135504,0.257,0.133,1,"MTRF1L"
0.322953801055075,-0.610706527484281,0.455,0.336,1,"BET1"
0.388402939696583,-0.610661291985788,0.456,0.345,1,"PPP2R5A"
0.0382394252265846,-0.610367750508986,0.252,0.164,1,"ZNF326"
0.0787677372495403,-0.610315173802028,0.363,0.248,1,"PURA"
0.360220105404329,-0.608897357957183,0.353,0.274,1,"BLVRA"
0.394684852690761,-0.60803307380596,0.315,0.243,1,"EPS15"
0.569056834585477,-0.607411416787458,0.517,0.434,1,"ARGLU1"
0.239359873402074,-0.606626420778502,0.361,0.261,1,"POGZ"
0.185381883844672,-0.606211662533812,0.304,0.221,1,"NEMF"
0.379314792687163,-0.605876478552366,0.356,0.27,1,"C16orf87"
0.0125203017118838,-0.605760885103741,0.346,0.217,1,"THUMPD1"
0.164660985096071,-0.604527081753989,0.573,0.5,1,"GALT"
0.12832644854541,-0.604184321897312,0.267,0.186,1,"GPR137"
0.00143028971107458,-0.602808576407779,0.254,0.133,1,"TMF1"
0.559991155037034,-0.602294500035985,0.32,0.252,1,"RICTOR"
0.780542696592089,-0.601579359964523,0.436,0.341,1,"ERCC1"
0.0689956875840801,-0.601206784562566,0.386,0.265,1,"UFL1"
0.0307069288360448,-0.599804642855134,0.335,0.217,1,"NFIL3"
0.10146063664039,-0.598872206758208,0.505,0.46,1,"CPEB4"
0.117029646410401,-0.5982987966419,0.681,0.597,1,"CCNI"
0.46991520202556,-0.597300049068466,0.348,0.265,1,"CNOT2"
0.01310634116059,-0.596513539752013,0.612,0.58,1,"PNISR"
0.0443267330986301,-0.595375816334901,0.348,0.23,1,"SRPRA"
0.258873956913661,-0.594857371905611,0.274,0.204,1,"TCAF1"
0.929154662559454,-0.594455731705427,0.557,0.447,1,"RAP1B"
0.642974048552568,-0.592818070059131,0.5,0.385,1,"LSM14A"
0.131811731045535,-0.591451383940751,0.307,0.217,1,"FPGS"
0.106546034249515,-0.590650445749893,0.28,0.199,1,"ZDHHC6"
0.0680089938506625,-0.589821385016644,0.353,0.239,1,"SLC30A7"
0.129030897851966,-0.589451721434128,0.33,0.235,1,"PLCXD2"
0.811640795070722,-0.589226768536531,0.615,0.496,1,"RSRC2"
0.582748637922436,-0.588445861666488,0.389,0.341,1,"SRP54"
0.843184946604358,-0.587802571774371,0.5,0.398,1,"COPA"
0.0209437574040064,-0.587183807292698,0.266,0.168,1,"ATF2"
0.00610456247315942,-0.587172169244199,0.285,0.168,1,"RNF152"
0.25439548346838,-0.587081946767229,0.307,0.23,1,"PIGK"
0.132293666424975,-0.586526796481946,0.359,0.257,1,"NET1"
0.143841262990027,-0.585784661676612,0.348,0.248,1,"CSRP1"
0.0145004677321176,-0.585413242701663,0.681,0.611,1,"PAPOLA"
0.455653779374641,-0.585144269150991,0.628,0.535,1,"TSC22D1"
0.237772874937372,-0.583835496660418,0.332,0.243,1,"CTBP1"
0.709045684680834,-0.583671378102489,0.315,0.257,1,"BMI1"
0.086229305818573,-0.583618289515823,0.324,0.221,1,"AGPAT3"
0.534595643711278,-0.583079276559567,0.545,0.442,1,"PECR"
0.133781504038766,-0.581006324939792,0.373,0.265,1,"LGALS8"
0.0317301718781729,-0.580948463099869,0.365,0.239,1,"FYTTD1"
0.00606873406475267,-0.580844513558762,0.777,0.681,1,"CNIH1"
0.0341672606661238,-0.580154415220076,0.278,0.177,1,"CUL5"
0.340910694875996,-0.577038043860728,0.447,0.336,1,"TAP1"
0.778661174126154,-0.576515474104018,0.438,0.35,1,"VAMP7"
0.712623767531046,-0.57614043962437,0.448,0.354,1,"MAOA"
0.142568354137113,-0.575922180956832,0.292,0.208,1,"PEX13"
0.0588563829195955,-0.57548038228061,0.393,0.27,1,"SETD5"
0.0293900129485207,-0.574492876480452,0.594,0.403,1,"BCHE"
0.0126465064332777,-0.572277282738858,0.296,0.181,1,"P2RX4"
0.0750087311252398,-0.571410634328459,0.266,0.181,1,"NR1D2"
0.366824263863737,-0.570093673723382,0.292,0.226,1,"CCDC152"
0.783983265514767,-0.56940257569915,0.332,0.27,1,"SLC35D2"
0.982635474880365,-0.569142600809944,0.412,0.336,1,"YME1L1"
0.000269079040787185,-0.56894354333927,0.27,0.133,1,"NFKBIE"
0.998671682222856,-0.568152421411612,0.457,0.372,1,"ABCC6"
0.358632455311514,-0.568105763032489,0.298,0.23,1,"NDFIP2"
0.0313201892307141,-0.567723210173612,0.296,0.19,1,"TMEM214"
0.664534753443173,-0.566718564737761,0.373,0.301,1,"HMG20B"
0.00302731668782892,-0.566161177424121,0.277,0.155,1,"ZNF146"
0.00248804103181776,-0.565155321675798,0.731,0.712,1,"SLC38A2"
0.00123887787566556,-0.564599991415168,0.288,0.159,1,"PCSK7"
0.775818709139311,-0.564292794456772,0.589,0.465,1,"TMEM45B"
0.213448579214983,-0.563824072614321,0.294,0.217,1,"MED16"
0.579062605809558,-0.563822410866514,0.483,0.367,1,"TMEM126B"
0.932832105701025,-0.5630625670515,0.402,0.332,1,"YAF2"
0.000151223112206783,-0.561466906308676,0.285,0.142,1,"CYTH1"
0.833254296842076,-0.559947777141649,0.442,0.354,1,"COQ4"
0.145994504722735,-0.558964150623623,0.292,0.208,1,"RNF141"
0.0415053646877712,-0.558146579337407,0.402,0.274,1,"GLYAT"
0.371787319344088,-0.557301195379551,0.403,0.296,1,"EVA1A"
0.0651001711593568,-0.556867374250984,0.657,0.566,1,"TMEM179B"
0.61225769181261,-0.556135936610102,0.282,0.23,1,"TMEM254"
0.052685973710981,-0.555590661581685,0.816,0.695,1,"SCCPDH"
0.0314729726593675,-0.555148728833756,0.411,0.274,1,"LUC7L2"
0.346032961629073,-0.554478147861881,0.535,0.398,1,"ACTR3"
0.00364667310740024,-0.553810788589043,0.616,0.588,1,"SAR1A"
0.235090234867096,-0.55253443702735,0.487,0.363,1,"PIK3R1"
0.0411900701165574,-0.552025131714605,0.255,0.164,1,"GBA2"
0.103443788491257,-0.549817942325494,0.672,0.588,1,"GOT2"
9.22393807330567e-05,-0.549264515848065,0.837,0.765,1,"SERPIND1"
0.0817473956118344,-0.549186510419141,0.709,0.619,1,"SURF4"
0.489743981326685,-0.549048115741337,0.45,0.35,1,"MAL2"
0.0791739205293658,-0.54715986427556,0.423,0.296,1,"MAPRE1"
0.0200335928648695,-0.546743585240212,0.354,0.23,1,"NEDD4L"
0.973472080331102,-0.546197952190672,0.61,0.491,1,"ALDH9A1"
6.43618805281291e-05,0.545561876624844,0.303,0.155,1,"MRPL30"
0.355055217373595,-0.544467187699504,0.415,0.314,1,"SUPT5H"
0.0272586881103344,-0.543815207483083,0.36,0.235,1,"XIAP"
0.00489276426677477,-0.543332341482871,0.365,0.217,1,"ELK4"
0.234025094161255,-0.54314456283022,0.394,0.288,1,"RNF128"
0.147276095967069,-0.540586926884578,0.506,0.372,1,"WSB1"
0.0842232683594595,-0.540031143704657,0.305,0.212,1,"SLC35B3"
0.00369850807042117,-0.539587189459155,0.26,0.146,1,"VPS13C"
0.396654672217839,-0.539005396294382,0.38,0.292,1,"ATG5"
0.0265937384315087,-0.534911333502647,0.349,0.235,1,"PPT1"
0.40580172845161,-0.534228436640031,0.629,0.531,1,"ATP6V0D1"
0.165495791543841,-0.534215279716617,0.392,0.283,1,"CUL4A"
0.0397592688130769,-0.533462836762198,0.452,0.314,1,"CSRP2"
0.0910317725794724,-0.532920683310981,0.519,0.363,1,"COMMD1"
0.347985263113561,-0.53277169250511,0.618,0.522,1,"PSMC6"
0.0756328339141148,-0.532222819348529,0.313,0.217,1,"NFKBIB"
0.00592845580559583,-0.531758983030133,0.788,0.615,1,"C1QA"
0.0530584506838978,-0.531190543863335,0.349,0.235,1,"KIAA1191"
0.0287046609344108,-0.52991371010927,0.369,0.243,1,"CPTP"
0.0614528490675979,-0.529479876360336,0.406,0.283,1,"SMC3"
0.76230935467681,-0.529397868937092,0.883,0.841,1,"HLA-DPB1"
0.555351073531104,-0.529331363883369,0.48,0.372,1,"SEC31A"
0.813715054218616,-0.529154435000927,0.592,0.487,1,"EIF4A1"
0.0846537052690911,-0.527261857083056,0.562,0.504,1,"C1D"
0.378591774500899,-0.525034679283483,0.688,0.584,1,"SYPL1"
0.0328386939468296,-0.524389200333883,0.658,0.606,1,"ACSM2A"
0.186292743742273,-0.524254786763331,0.659,0.566,1,"SPATS2L"
0.930109226634845,-0.5218658850844,0.441,0.358,1,"S100A4"
0.0762149398423196,-0.521811357086981,0.592,0.518,1,"RNASET2"
0.0403045486265466,-0.521779124732057,0.335,0.221,1,"NIPBL"
0.0330869131665516,-0.521422275633755,0.251,0.164,1,"PIM1"
0.000916350296515514,-0.521411370270457,0.302,0.164,1,"UBA3"
0.0264559203143136,-0.520908223860431,0.251,0.159,1,"MAP2K7"
0.776418547340216,-0.520651788141642,0.471,0.372,1,"CBWD1"
0.0147634827880768,-0.518148004346757,0.32,0.195,1,"APOOL"
7.15418758220744e-05,-0.516120801558597,0.283,0.133,1,"TCTN3"
0.238445132009209,-0.515859197645168,0.271,0.204,1,"MPP1"
0.973217630299127,-0.515084117183658,0.446,0.358,1,"TPMT"
0.00900762918812374,-0.515080172908462,0.26,0.155,1,"LDLRAP1"
0.166981727359978,-0.514754828342091,0.539,0.482,1,"ERBB3"
0.297440300971376,-0.514616907800087,0.434,0.323,1,"HDAC1"
0.778421772981397,-0.514060362651557,0.327,0.27,1,"VPS4B"
0.00137039148568884,-0.512651363087766,0.287,0.155,1,"CDK16"
0.118069491819122,-0.512379029359409,0.615,0.549,1,"KLF9"
0.758599590431189,-0.512042880865172,0.586,0.447,1,"TNFRSF1A"
0.533237804529271,-0.510171783499376,0.491,0.385,1,"PTPRF"
0.0080357432741478,-0.509659598414331,0.263,0.155,1,"ABCB1"
0.00333489527055674,-0.508430284930965,0.299,0.173,1,"PPP1R12A"
0.0574736028194366,-0.507959553825803,0.273,0.181,1,"MARVELD2"
0.766298228810376,-0.5079081708436,0.335,0.279,1,"ORAI3"
0.794841019427832,-0.507645081201286,0.683,0.575,1,"CCDC107"
0.0501500441648233,-0.506903691148787,0.352,0.239,1,"PUM2"
0.0996437873466055,-0.505859417510596,0.406,0.283,1,"CNN2"
0.839867300491337,-0.504969657044747,0.397,0.341,1,"BROX"
0.357108132507436,-0.504418287418648,0.357,0.274,1,"RBM7"
0.0124727780427641,-0.503429317420028,0.272,0.164,1,"DESI2"
0.100707168836153,-0.502856396964385,0.723,0.65,1,"TST"
6.88783230852786e-05,-0.499571291920298,0.3,0.142,1,"TUSC3"
0.277424873929159,-0.498878611891484,0.542,0.403,1,"LTBR"
0.864645328770989,-0.498539467900932,0.49,0.398,1,"CASP4"
0.333993872156839,-0.498519139137699,0.491,0.367,1,"GNAI2"
0.0449857344188872,-0.498479109987644,0.467,0.314,1,"CYP8B1"
0.083786954192375,-0.497877429455859,0.479,0.336,1,"BSDC1"
0.679311540691102,-0.497401438548048,0.657,0.513,1,"TYROBP"
0.599231142020923,-0.496933340977298,0.581,0.473,1,"UBE2K"
0.201175261470925,-0.496782398884224,0.362,0.265,1,"PLEKHA3"
0.29862658079947,-0.495889089222901,0.446,0.327,1,"ARL8B"
0.95190052465017,-0.495347343001149,0.454,0.367,1,"ABHD2"
0.222421449945307,-0.494545501068679,0.37,0.274,1,"GBP2"
0.0426484148004555,-0.493951755849561,0.298,0.195,1,"ATXN2"
0.0548502834703428,-0.492789949666555,0.27,0.181,1,"COPS3"
0.0048824697588154,-0.49175452318749,0.783,0.726,1,"ACSM2B"
0.0875671072739723,-0.490800324700308,0.417,0.292,1,"C6orf89"
0.86757334530762,-0.490243668092922,0.555,0.434,1,"TMEM33"
0.000599405072129202,-0.489076823403526,0.321,0.173,1,"CSNK1E"
0.946018645219112,-0.489018748422896,0.488,0.398,1,"CHCHD7"
0.00176357554830908,-0.488650462017712,0.645,0.637,1,"F5"
0.00194166767832847,-0.486536560313507,0.787,0.735,1,"NGFRAP1"
0.0443446486660768,-0.485976929432637,0.299,0.199,1,"ITGB5"
0.831823394528323,-0.485861779973772,0.531,0.412,1,"TMEM134"
0.00672929151268279,-0.484861014437332,0.424,0.27,1,"RDH16"
0.0200891844101589,-0.484354452645635,0.589,0.412,1,"MARCKS"
0.769629423781705,-0.48376892830486,0.466,0.372,1,"ATP6V1D"
0.125091759612023,-0.48195230130021,0.435,0.31,1,"SCML1"
0.390981779968223,-0.481909648140472,0.566,0.429,1,"OTC"
0.29329484598669,-0.481664105398609,0.32,0.239,1,"ANKRD39"
0.00230482035363049,-0.481471053894779,0.269,0.15,1,"SBNO1"
0.0622527154396772,-0.480727509415419,0.348,0.239,1,"CORO1C"
0.000178586172637988,-0.480239620292057,0.254,0.119,1,"DNAJC5"
0.5674848582117,-0.480182060370536,0.642,0.535,1,"CAPZA1"
0.0574486951101864,-0.478461222926445,0.268,0.181,1,"CDKN1B"
0.0664889083536603,-0.478004890655622,0.399,0.283,1,"PHF3"
0.10675869748861,-0.477463178263734,0.403,0.283,1,"PARP9"
0.000128557526686113,-0.47724485657651,0.264,0.124,1,"ZMAT3"
0.641107984764105,-0.477170391092782,0.423,0.332,1,"VTI1B"
0.048739868836418,-0.475984651648713,0.407,0.274,1,"LINC00969"
0.148675027484028,-0.474442289365137,0.309,0.221,1,"PLEKHB2"
0.000176364619595539,-0.473924197487543,0.829,0.748,1,"ARF1"
0.659197301755412,-0.473922239243352,0.527,0.447,1,"NR1H4"
0.000230034062338957,-0.473417339412172,0.842,0.765,1,"IDH1"
0.0237701178927334,-0.472865054928415,0.37,0.239,1,"LRRC41"
0.929316860912353,-0.47256760412253,0.534,0.425,1,"NKTR"
0.224187929526232,-0.472521674195548,0.471,0.341,1,"BEST1"
0.473382983283225,-0.472427389964683,0.542,0.412,1,"YIPF6"
0.15025149036071,-0.472209130839343,0.365,0.261,1,"LIMS1"
0.0512652176823022,-0.471824945926732,0.256,0.168,1,"SLAIN2"
0.272423003907526,-0.471767007391171,0.492,0.358,1,"UFM1"
0.00892027829973879,-0.471165290098329,0.338,0.212,1,"NFKB2"
0.257456756437123,-0.47058472374448,0.74,0.597,1,"HNMT"
0.0129147257189998,-0.47033764213884,0.435,0.279,1,"DGAT1"
0.683415453649718,-0.46968400583229,0.584,0.451,1,"TLE1"
0.0237189554886112,-0.469635898157244,0.349,0.221,1,"CNOT11"
0.0361424458089064,-0.469055164795844,0.312,0.204,1,"GOPC"
0.843249491395744,-0.468869451560157,0.568,0.478,1,"STAP2"
0.00981997855663222,-0.468472485901173,0.267,0.159,1,"SLC7A9"
0.000806795667052788,-0.466785454236234,0.704,0.708,1,"ST6GAL1"
0.00322844754382183,-0.466000907549351,0.79,0.597,1,"LYZ"
0.30134323845198,-0.465922605433549,0.25,0.19,1,"SHD"
0.0781502962119984,-0.465882489374108,0.461,0.323,1,"TM7SF3"
0.000995082338351024,-0.465789769863889,0.287,0.155,1,"ISG20L2"
0.0244430629201565,-0.463953265619693,0.316,0.204,1,"CHPF"
0.00452089180613299,-0.463223179018501,0.289,0.168,1,"PEX6"
0.0974000091961504,-0.463178126908809,0.397,0.274,1,"SLC25A11"
0.0414664816516061,-0.462995555944788,0.288,0.19,1,"MCEE"
0.399989218896642,-0.462808808098451,0.767,0.708,1,"DHCR24"
0.323581000458501,-0.462719477590667,0.442,0.341,1,"MSN"
0.00120315894748045,-0.462158180742299,0.277,0.15,1,"CLCC1"
0.00351582249702029,-0.461859227417429,0.291,0.168,1,"OSTM1"
0.0895879251340763,-0.460573819678553,0.357,0.248,1,"TXNDC15"
0.140370555721626,-0.459672767340028,0.602,0.535,1,"SYAP1"
0.376883348990985,-0.459199344554068,0.499,0.389,1,"RNF19A"
0.354625709698648,-0.459015471708318,0.537,0.398,1,"KIF5B"
0.024366746606093,-0.458878702228544,0.314,0.204,1,"NR1H3"
0.597773662701394,-0.458734256904513,0.617,0.527,1,"MT-ND6"
0.116230285991394,-0.458046643493999,0.427,0.301,1,"HACD2"
0.974130034305544,-0.457510814035651,0.577,0.451,1,"HSDL2"
0.405786083256794,-0.456862132074081,0.418,0.319,1,"RAB17"
0.868318872967597,-0.456034176759668,0.456,0.367,1,"CRAT"
0.00348230379324193,-0.455952593116081,0.286,0.164,1,"TRIP12"
0.0510164562150572,-0.454879251375434,0.425,0.288,1,"UPF3A"
0.140649280288074,-0.454661123950852,0.644,0.597,1,"IL6ST"
0.561701597886396,-0.454474036956038,0.491,0.376,1,"ACADSB"
0.0332773575222039,-0.454251973581547,0.667,0.633,1,"IRF2BP2"
0.000205378208250277,-0.453727063508265,0.44,0.257,1,"HYAL2"
0.0368011635182674,-0.453062846821505,0.366,0.243,1,"SPAG7"
0.493399216457219,-0.453057573659241,0.39,0.305,1,"KLC4"
0.276818239488959,-0.453044759356565,0.671,0.558,1,"SUCLG2"
0.0414989101366778,-0.452526747361119,0.271,0.177,1,"TMEM189"
0.0552442280180193,-0.451708388169222,0.252,0.168,1,"CASP8"
0.323570134506115,-0.4516642540317,0.271,0.208,1,"CNOT4"
0.0357901799313131,-0.449558659217324,0.43,0.288,1,"GOLGA2"
0.0237865455803845,-0.449515204026666,0.262,0.168,1,"USP34"
0.0410853506825063,-0.446965559828853,0.323,0.217,1,"SFXN5"
0.012535488526615,-0.446113100636125,0.814,0.743,1,"CHPT1"
0.737778781423374,-0.445019692868795,0.394,0.314,1,"MAN2A1"
0.0544768777274325,-0.444521324860175,0.351,0.239,1,"AP2A2"
0.0517612902759358,-0.443468040159153,0.815,0.708,1,"ISG15"
0.0823213235792065,-0.443430759811533,0.359,0.243,1,"PDS5A"
0.43875444088491,-0.440386454147203,0.708,0.575,1,"MMADHC"
0.0149220765770786,-0.440355610788272,0.307,0.19,1,"RBM5"
0.122488756994554,-0.439189573814835,0.258,0.181,1,"ZC3H14"
0.269961471178752,-0.43889738564627,0.569,0.513,1,"IQGAP2"
0.0793200082945945,-0.438820391256865,0.284,0.195,1,"UBE2M"
0.487304059301802,-0.438792435469711,0.55,0.434,1,"PTS"
0.0848215182605302,-0.438339765927477,0.354,0.248,1,"STAG2"
0.00546763226110946,-0.436988897551679,0.259,0.15,1,"TCEAL1"
0.238691094321983,-0.43691720740899,0.372,0.274,1,"PUM1"
0.000452229463098831,-0.436737184546502,0.796,0.73,1,"ALKBH7"
0.000623282961082991,-0.435878865414704,0.257,0.133,1,"EIF2AK2"
0.0258866664481188,-0.434882519976122,0.265,0.168,1,"DHRS4-AS1"
0.063619496939275,-0.434036459454266,0.451,0.314,1,"MKRN1"
0.648902631326326,-0.433706090907662,0.611,0.509,1,"BORCS7"
0.0153792205179748,-0.432392708048588,0.259,0.159,1,"NUMA1"
0.00580287210873932,-0.432262874323371,0.384,0.235,1,"RSBN1L"
0.211121756250313,-0.430775517573987,0.335,0.248,1,"KRCC1"
0.00517755503008149,-0.430102446940158,0.344,0.208,1,"MBOAT7"
0.0413594492111395,-0.4298656926469,0.379,0.252,1,"UBALD1"
0.00630097071820253,-0.429503092555981,0.389,0.239,1,"NDUFS1"
0.847154816164819,-0.42890191286882,0.567,0.46,1,"CHID1"
0.0914559413147234,-0.427385935053393,0.522,0.367,1,"DHRS4L2"
0.0097239722326032,-0.425435793229921,0.738,0.535,1,"TNFRSF12A"
0.334937433341243,-0.424455575310016,0.394,0.296,1,"ATP6V1A"
0.0666083256125936,-0.423351711140235,0.509,0.372,1,"SMAP2"
0.11928924326099,-0.422908036966908,0.82,0.735,1,"NPC2"
0.142534026781487,-0.42252505368802,0.67,0.602,1,"ELL2"
0.746743426795688,-0.42065388243499,0.969,0.854,1,"KRT8"
0.0225086392606805,-0.420651185986427,0.271,0.173,1,"CCSER2"
0.486577273134959,-0.420071150092183,0.375,0.292,1,"TMEM245"
0.00571800615170417,-0.418853502740727,0.319,0.19,1,"MECP2"
0.166006991657536,-0.418797169120467,0.453,0.336,1,"SNX6"
0.166155826385831,-0.41818827941611,0.348,0.252,1,"AVPI1"
0.0451090204108417,-0.417055124820066,0.354,0.239,1,"SQRDL"
0.0191996644671559,-0.415495801780587,0.262,0.164,1,"LRRC8A"
0.107306487630891,-0.415154190631412,0.638,0.487,1,"TIMP3"
7.57424170719421e-05,0.414920092309026,0.282,0.137,1,"TMEM38A"
0.836165172920895,-0.414406109443837,0.631,0.535,1,"PPIG"
0.0332855977803658,-0.414284352156997,0.255,0.164,1,"UBE2Q1"
0.000374119563891137,-0.413489173925186,0.326,0.177,1,"VRK3"
0.057249029051047,-0.413089047890899,0.402,0.283,1,"TMX1"
0.00726939304827513,-0.413052829676547,0.296,0.177,1,"SEC23B"
0.000578531241473767,-0.41247126388791,0.266,0.137,1,"TSPAN31"
0.120191051278163,-0.412058235244383,0.388,0.274,1,"ATF6"
0.561740430164312,-0.41088657771241,0.54,0.473,1,"VDAC3"
0.00237144958282104,-0.410881189743305,0.428,0.252,1,"GOLM1"
0.00124921165928322,-0.4108084983823,0.319,0.177,1,"SH3BP5"
0.199335368112246,-0.409611732707601,0.812,0.681,1,"PXMP2"
0.180775585460875,-0.409072221595668,0.695,0.642,1,"RRBP1"
0.0264916120067898,-0.408130176647439,0.253,0.159,1,"GATAD1"
0.251129768161941,-0.408036860881337,0.406,0.296,1,"USP9X"
0.275877399127173,-0.407972995056316,0.576,0.434,1,"FLOT1"
0.00279150409857614,-0.406811743094558,0.322,0.19,1,"DIABLO"
0.0217851770991262,-0.406211233682572,0.254,0.159,1,"FNBP4"
0.0221452604931363,-0.406028982526261,0.993,0.978,1,"UBC"
0.0101048919290862,-0.40565244974628,0.355,0.221,1,"ZCCHC11"
0.0206069906883498,-0.405191721536179,0.264,0.168,1,"PGGT1B"
0.295991118547124,-0.404562530372787,0.375,0.288,1,"PLOD2"
0.00790035161575153,-0.402655707897623,0.269,0.159,1,"CYFIP1"
0.0387335132541871,-0.401589581467894,0.293,0.195,1,"DSG2"
0.0150346089677824,-0.39981751178008,0.294,0.181,1,"SNX27"
0.00782125041932774,-0.398636527961332,0.538,0.341,1,"PRODH2"
6.59057330644608e-05,0.398358545368917,0.26,0.119,1,"COQ3"
0.404039769072539,-0.397226675199792,0.625,0.465,1,"DNAJC15"
0.0718543090386691,-0.397137659175814,0.482,0.345,1,"TROVE2"
0.000601177329059035,-0.396765355856504,0.261,0.133,1,"FBXO21"
0.520382956018719,-0.395915229096013,0.437,0.341,1,"H6PD"
0.0216564940108685,-0.395045369068326,0.406,0.27,1,"DBNL"
0.00728548015062123,-0.394795638089608,0.371,0.23,1,"KLHL5"
0.00686989465495954,-0.394011373900576,0.292,0.173,1,"KDM5A"
0.856755769580643,-0.393541768834114,0.665,0.518,1,"PSENEN"
0.00153986277593996,-0.393422413702484,0.282,0.155,1,"LINC01018"
0.366448730953718,-0.392092642705612,0.512,0.389,1,"OARD1"
0.214235470948781,-0.391430570160405,0.447,0.327,1,"MOB4"
0.15185125545993,-0.390568848616582,0.373,0.27,1,"ALG14"
0.000611726131549886,-0.390266841898814,0.43,0.252,1,"PRPF4B"
0.00643942297379844,-0.390051475032183,0.291,0.173,1,"FAM229B"
0.024445883718216,-0.389937439057234,0.262,0.164,1,"CTCF"
0.00141695094533699,-0.389619849106502,0.838,0.761,1,"AIG1"
0.000608565307551281,-0.38954864495258,0.288,0.15,1,"CMTM7"
0.0685495925158897,-0.389408741477437,0.395,0.27,1,"PAWR"
0.00300233095047979,-0.388768058765531,0.852,0.743,1,"FUOM"
0.262234661360328,-0.388676193958373,0.567,0.412,1,"FAM45A"
0.00753843432094593,-0.388454731404899,0.381,0.235,1,"CLIP1"
0.263665135731715,-0.387345860769435,0.731,0.659,1,"EIF5"
0.0595290074714008,-0.386597527510486,0.495,0.35,1,"RORA"
0.0488784767418727,-0.384037463708986,0.3,0.199,1,"FBXO17"
0.000165297831486986,-0.383815008056226,0.269,0.133,1,"SNX8"
0.484191689437087,-0.383528485686355,0.527,0.398,1,"YY1"
0.00375165069484483,-0.382495446081903,0.295,0.173,1,"KIAA0232"
0.00695919198202137,-0.381989913930392,0.259,0.155,1,"RIF1"
0.897831236552726,-0.380782570753549,0.535,0.451,1,"CELF1"
0.0417524723044998,-0.380425461460764,0.47,0.323,1,"PDCD6IP"
0.0800190212665813,-0.37950704340504,0.525,0.372,1,"SH3GLB1"
0.00104675071332428,-0.37924959485882,0.33,0.186,1,"TRPC4AP"
0.00345796798806202,-0.379195549472676,0.306,0.177,1,"SHROOM3"
0.37956946194534,-0.378851283491299,0.755,0.677,1,"RBM39"
0.00444528671710095,-0.376869308605517,0.252,0.142,1,"EPT1"
0.0614990752050025,-0.375999675812431,0.315,0.212,1,"PDZD8"
0.0755003201977172,-0.375771275934492,0.258,0.177,1,"CRADD"
0.148585266848296,-0.375113325772742,0.44,0.323,1,"HSD17B12"
0.06223218000108,-0.373204322690236,0.393,0.265,1,"RAF1"
0.315284885081962,-0.373031916851152,0.646,0.504,1,"GPBP1"
0.425104442919145,-0.372511762634822,0.628,0.54,1,"SDHA"
0.113549264166906,-0.372404790877251,0.832,0.757,1,"PON2"
0.177919961334683,-0.372288902197653,0.594,0.438,1,"C14orf1"
0.0101279614431349,-0.371349714972886,0.419,0.265,1,"DR1"
0.416211363792739,-0.370115978638171,0.754,0.642,1,"S100A16"
0.0296174312838586,-0.3699659763292,0.453,0.31,1,"MCCC2"
0.965953554043329,-0.369605815422921,0.618,0.518,1,"HDLBP"
0.342783426470563,-0.368910579213163,0.393,0.296,1,"RNF10"
0.00864410455812258,-0.368624860291182,0.307,0.19,1,"CLYBL"
0.23896413940652,-0.368220621023368,0.339,0.257,1,"GLG1"
0.000791385733974028,-0.367962900426288,0.303,0.164,1,"HMGCR"
0.0713214993510328,-0.367671186407311,0.372,0.261,1,"MDM4"
0.0949788893803548,-0.366801306546563,0.473,0.341,1,"CDV3"
0.00616623435019138,-0.365956237583836,0.331,0.204,1,"BCL7B"
0.000375244510733831,-0.36359781642449,0.273,0.137,1,"KATNBL1"
0.0157002663396825,-0.363192541861233,0.361,0.235,1,"SPSB1"
0.0129945180684908,-0.361000866878046,0.357,0.226,1,"YIPF1"
0.0420211832497512,-0.360208054522252,0.285,0.19,1,"TOP2B"
0.0622886976026072,-0.359074176454036,0.766,0.704,1,"RPN1"
0.071407493477858,-0.358794099250886,1,0.991,1,"TMSB10"
0.016880793233479,-0.358610487682442,0.319,0.204,1,"MAP2K2"
0.00176041047275387,-0.357646699399759,0.949,0.916,1,"SSR4"
0.03550354823996,-0.35737419543278,0.274,0.177,1,"NGRN"
0.0151695361396952,-0.355514010167193,0.374,0.239,1,"XPO1"
0.00848674102728357,-0.355384264901808,0.364,0.23,1,"CRELD1"
0.306363810581371,-0.354804190787202,0.576,0.438,1,"PTBP1"
0.0988924313062078,-0.353477971626643,0.471,0.336,1,"DDB1"
0.172297562138892,-0.352578321145674,0.596,0.447,1,"SELENBP1"
0.0074154762131335,-0.352293620206316,0.298,0.181,1,"SMNDC1"
0.00811837022775268,-0.35210025528962,0.411,0.261,1,"C1orf56"
0.904428471477204,-0.351452295177352,0.668,0.544,1,"NCOA4"
0.63545716294028,-0.351285181319181,0.583,0.504,1,"LINC00657"
0.791249825839758,-0.350324483123946,0.621,0.522,1,"WTAP"
0.0017589557958394,-0.349330867912765,0.252,0.137,1,"KLHDC4"
0.948872076397752,-0.349107189789777,0.735,0.606,1,"GOLT1A"
0.0173329934755736,-0.348181126916673,0.609,0.416,1,"ANXA11"
0.0224048611636263,-0.348157943989759,0.371,0.239,1,"TMEM50B"
0.00849852369877413,-0.347525277235913,0.355,0.221,1,"SNX14"
0.0321185078446368,-0.346371175217979,0.405,0.27,1,"LYRM2"
0.358028799786075,-0.346311192218378,0.604,0.465,1,"LASP1"
0.0968592470562893,-0.346301454307938,0.689,0.513,1,"APH1A"
0.000463055530714709,-0.346003198713949,0.309,0.164,1,"AC007325.4"
0.139899788864939,-0.345615263055304,0.343,0.248,1,"PTPN11"
0.0364305738834113,-0.34535996382085,0.51,0.341,1,"ILK"
0.125636843023753,-0.345050711828006,0.765,0.69,1,"NUCB1"
0.000990919059276849,-0.345020773166453,0.426,0.257,1,"BCL2L1"
0.0209530433221867,-0.344188845801458,0.366,0.239,1,"AP2A1"
0.013906945100261,-0.343656173857867,0.412,0.27,1,"CETN3"
0.0211385416556244,-0.343102254815833,0.342,0.221,1,"PGM3"
0.00217619206588835,-0.34296727051998,0.878,0.801,1,"FIS1"
0.000328119524118994,-0.342840911812309,0.321,0.168,1,"TMEM109"
0.0313211806771337,-0.342302509882329,0.451,0.301,1,"CLDN15"
0.000101052744312929,-0.340647188004214,0.281,0.133,1,"DCP1A"
0.0100736104248651,-0.340492491893915,0.48,0.305,1,"GNPTG"
0.546921355774193,-0.340478431345769,0.556,0.442,1,"YWHAG"
0.00204929370211247,-0.340457445117805,0.363,0.212,1,"DDI2"
0.0322188692042664,-0.339749981936295,0.411,0.274,1,"ZNF24"
0.00755806765256029,-0.339096480121954,0.292,0.177,1,"ABCB8"
0.000153793182802235,-0.338490859961591,0.31,0.155,1,"CASC4"
0.0966634882553251,-0.33606055384326,0.376,0.265,1,"TMEM18"
0.12135894524721,-0.335840966900013,1,0.991,1,"ACTB"
0.0133747547154826,-0.335796954082499,0.441,0.288,1,"PAFAH1B2"
0.0396790637130931,-0.335738496103523,0.278,0.186,1,"RCHY1"
0.0339484906977988,-0.335389660948473,0.332,0.226,1,"STX8"
0.0453304318869011,-0.33487456320184,0.315,0.212,1,"PLEKHF2"
0.00542360070386055,-0.334576925370624,0.956,0.885,1,"MYL12B"
0.00953882842132882,-0.331845664018114,0.427,0.27,1,"USO1"
0.239869673218185,-0.331822865935006,0.481,0.358,1,"MRPL53"
0.126847873457696,-0.331788947051736,0.798,0.695,1,"GLUD1"
0.416970266301213,-0.329922729931964,0.735,0.562,1,"S100A13"
0.987923455143415,-0.329907763650484,0.74,0.606,1,"TSTD1"
0.0920383590407442,-0.329094943948917,0.577,0.407,1,"BIRC2"
0.588706403820101,-0.327526666782979,0.462,0.367,1,"ACSM5"
0.000270090245380816,-0.32633372112026,0.338,0.177,1,"TRIM33"
0.0906086986759829,-0.326233820765702,0.826,0.712,1,"SDHC"
0.00404802726419016,-0.325661732941,0.292,0.173,1,"USP10"
0.00275642953455472,-0.324955498103688,0.427,0.261,1,"TXNRD2"
0.275829944107637,-0.323752984488968,0.624,0.46,1,"CHP1"
0.00446782763559197,-0.322436150383518,0.371,0.221,1,"C16orf70"
0.00396271899416682,-0.3221557938231,0.352,0.212,1,"CRIP3"
0.135218871232802,-0.322144409053025,0.525,0.385,1,"DNAJC1"
0.000265120302091998,-0.322135142435797,0.918,0.881,1,"HMGB1"
0.0757977100864206,-0.321195518961007,0.491,0.35,1,"SIPA1"
0.0217100011272567,-0.320392310676196,0.354,0.23,1,"FAM35A"
0.0228566049545297,-0.319042764029312,0.365,0.239,1,"PDIA5"
0.00015164862113331,-0.317606191739462,0.994,0.951,1,"ATOX1"
0.0023036671771091,-0.317455671645519,0.324,0.186,1,"KCMF1"
0.0511443972438211,-0.317135453058034,0.815,0.708,1,"NDUFS7"
0.0130170432804283,-0.315609122022897,0.346,0.226,1,"STX12"
0.0868746997106334,-0.315580427308226,0.651,0.469,1,"TSTA3"
0.000137189449651028,-0.314735558733049,0.267,0.128,1,"MTO1"
0.817137894315813,-0.31472100617613,0.54,0.438,1,"C9orf142"
0.0250641976677901,-0.314479184762698,0.258,0.164,1,"AGPAT1"
0.000542381341912449,-0.314420690395673,0.275,0.142,1,"FAM73A"
0.652667972621006,-0.313106053552547,0.702,0.575,1,"COPZ1"
0.00449454600070143,-0.312115049698298,0.273,0.159,1,"PRKCI"
0.0802700351638083,-0.311985952854806,0.554,0.398,1,"SPCS3"
0.255841092909648,-0.309992927893853,0.721,0.655,1,"TMEM219"
0.00769102651486096,-0.308197304694726,0.337,0.208,1,"ITGAV"
0.00178029448401628,-0.307376693289732,0.321,0.181,1,"CENPV"
0.17907492977406,-0.306880579325377,0.313,0.235,1,"TSEN15"
0.000226523225450145,-0.305994122958573,0.964,0.916,1,"NDUFC2"
0.730707662815641,-0.305925499457422,0.675,0.531,1,"TPM1"
0.000178376968090604,-0.305869231650582,0.25,0.119,1,"GATAD2A"
0.00137392107106283,-0.305236100855157,0.427,0.257,1,"ARSA"
6.60630547403452e-05,0.304935101982408,0.303,0.15,1,"RP11-12G12.7"
0.0166337602805942,-0.304607712350114,0.261,0.164,1,"HSCB"
0.00398308764307509,-0.303923376768567,0.287,0.168,1,"IFNGR2"
0.00528897051264793,-0.303649704538902,0.312,0.186,1,"TUG1"
0.865579647434078,-0.303472137426756,0.589,0.491,1,"TM9SF3"
0.0420559470746716,-0.30151063853306,0.422,0.292,1,"PLXNB2"
0.176880439561539,-0.30014210822292,0.628,0.469,1,"AKR7A3"
0.00526221137703625,-0.299277740072128,0.943,0.863,1,"CHCHD10"
0.0687021075364159,-0.298823120509452,0.509,0.35,1,"CGGBP1"
0.930084240802214,-0.298716115597271,0.691,0.562,1,"COX20"
0.00019776279550797,-0.298663649169701,0.546,0.323,1,"CHTOP"
0.967459163093058,-0.298017566547779,0.819,0.695,1,"ARPC5"
0.428789865692397,-0.297409751009853,0.704,0.566,1,"MTHFS"
0.0131636000010743,-0.296779161433648,0.921,0.814,1,"PERP"
0.020492725210849,-0.296105430011329,0.511,0.341,1,"AK1"
0.399599378437183,-0.296096408874721,0.566,0.438,1,"HFE2"
0.035971433977583,-0.295394973841535,0.523,0.367,1,"CPD"
0.00181082017950059,-0.294653722541148,0.339,0.199,1,"ARRDC1"
0.00256483382820741,-0.294592189708231,1,0.987,1,"HSPB1"
0.0147939737744196,-0.294447302976554,0.61,0.425,1,"PLD3"
0.000507692728191158,0.293982084488897,0.362,0.208,1,"CPN1"
0.0237422946439268,-0.293484597600449,0.565,0.398,1,"ARL6IP5"
0.00247788358012419,-0.293284303613148,0.442,0.274,1,"NCSTN"
0.00069721582766243,-0.290533826705061,0.382,0.217,1,"BLCAP"
0.0408341737906044,-0.289595176566955,0.377,0.252,1,"NT5DC1"
0.25038783141012,-0.288783449226584,0.501,0.372,1,"C19orf66"
0.436542123881447,-0.288582387198531,0.725,0.571,1,"MAP1LC3B"
0.260860580363846,-0.286383295891251,0.873,0.779,1,"UBE2D3"
0.266540358816768,-0.283812635680312,0.807,0.699,1,"LMNA"
0.00146954995886556,-0.283794744635226,0.329,0.19,1,"MIER1"
0.00904509578238003,-0.283092637474957,0.519,0.341,1,"EMD"
0.000316314390119315,-0.282943349160667,0.352,0.19,1,"ADD1"
0.0102217665691316,-0.281884988466308,0.366,0.23,1,"RAB29"
0.0626293925175093,-0.281807214485798,0.606,0.465,1,"CHMP4B"
0.145403905012236,-0.281470006279562,0.576,0.434,1,"NFIC"
0.0501735342868237,-0.281188650397342,0.47,0.323,1,"TMEM38B"
0.000209275253041737,0.280788542401595,0.333,0.177,1,"UXS1"
0.947371927324521,-0.2807661346892,0.777,0.655,1,"HAGH"
0.00385650172847605,-0.280615547289823,0.256,0.146,1,"CAAP1"
0.0264531717593043,-0.280432844370887,0.293,0.19,1,"TBRG1"
0.0277558059202066,-0.279749603081104,0.472,0.31,1,"MTPN"
0.0102317754914342,-0.279351640609485,0.601,0.425,1,"PPP1R2"
0.0372639296952847,-0.279027364737362,0.512,0.354,1,"UHMK1"
0.0524999457189212,-0.276648763152112,0.317,0.217,1,"AGFG2"
0.133550462958082,-0.275287382565252,0.649,0.482,1,"LEPROT"
0.156967766629342,-0.275132222354329,0.517,0.372,1,"ICAM3"
0.000266126368607172,-0.273651731221008,0.263,0.128,1,"SPTY2D1"
0.000513991223138275,-0.273575541599648,0.906,0.841,1,"ZNHIT1"
0.977353174917729,-0.272461847959665,0.733,0.606,1,"HADHA"
0.406059386761501,-0.271488657712048,0.461,0.363,1,"ATPAF1"
0.10027118524665,-0.271293448808357,0.989,0.929,1,"KRT18"
0.0376224407265911,-0.270614519726698,0.374,0.257,1,"CEBPZOS"
7.47156276058711e-05,0.270389134014284,0.7,0.496,1,"CLNS1A"
0.089403718842737,-0.270060611934271,0.392,0.288,1,"PPIF"
0.00101237502773082,-0.268251007757506,0.324,0.181,1,"UGGT1"
0.208738397233997,-0.267223897361472,0.816,0.73,1,"SELK"
0.0102515307140012,-0.266614012320203,0.407,0.261,1,"ANKRD17"
0.00034048335269091,0.266550054568016,0.305,0.164,1,"PRPF18"
0.0772781704395821,-0.266047538073527,0.301,0.212,1,"CTPS1"
0.059895731977844,-0.265432743603276,0.472,0.336,1,"GINM1"
5.1108647433032e-05,-0.264836864983321,0.573,0.35,1,"HMGCS1"
0.568765996379315,-0.263565352660169,0.677,0.544,1,"NINJ1"
0.0326918374022934,-0.263425112841587,0.495,0.336,1,"DHRS4"
0.0217913799778991,-0.262136441925031,0.314,0.199,1,"BIRC6"
0.13061057196217,-0.26200848776306,0.297,0.217,1,"PRADC1"
0.0158312666432278,-0.261938740883271,0.273,0.168,1,"OPLAH"
0.422166688667949,-0.261183920162256,0.634,0.5,1,"FH"
0.0270100279001242,-0.259735692857915,0.265,0.173,1,"CEP70"
0.00142733776932492,-0.259439338571684,0.534,0.327,1,"ACTN1"
0.145422950341822,-0.259357446149024,0.378,0.283,1,"TMEM242"
0.00784435208348405,-0.258296775861232,0.359,0.221,1,"SNRNP35"
0.564241435680154,-0.257287571179888,0.506,0.394,1,"FUCA1"
0.00769984724118573,-0.257144659636401,0.462,0.296,1,"LMF2"
0.0110416755236547,-0.256050630966156,0.387,0.243,1,"SEPT11"
0.350774714016817,-0.255296753092569,0.652,0.504,1,"CCNC"
0.00461145042530174,-0.25528062592936,0.273,0.159,1,"CLDN14"
0.657633217086469,-0.253719467719924,0.721,0.633,1,"ANXA7"
0.000173592483880996,-0.252995432059909,0.498,0.292,1,"PNRC2"
0.0191352933505587,-0.252506636953017,0.308,0.199,1,"UCK1"
0.00321008990558634,-0.251812668870258,0.438,0.27,1,"SLCO2B1"
0.046561133998309,-0.251432686324066,0.519,0.363,1,"TMEM53"
0.000264613723499511,-0.251184368550557,0.357,0.19,1,"JKAMP"
