"ID","Description","GeneRatio","BgRatio","RichFactor","FoldEnrichment","zScore","pvalue","p.adjust","qvalue","geneID","Count"
"GO:0006956","complement activation","31/720","67/18986",0.462686567164179,12.2007877280265,18.2341994881456,1.54083944475456e-26,7.82592353990843e-23,5.91844540411516e-23,"FCN3/IGHG1/IGHA1/IGHG3/IGHG4/C3/C4BPA/RGCC/C5/CFHR3/CFH/CFHR2/C6/CFB/CLU/CFHR1/MBL2/C8G/C1RL/C2/CD46/C4BPB/CFHR5/MASP2/A2M/CFI/C8A/C8B/SERPING1/CD59/C1S",31
"GO:0006959","humoral immune response","55/720","310/18986",0.17741935483871,4.67844982078853,12.9644343428727,5.66461792588842e-22,1.43852972227936e-18,1.08790477955615e-18,"HAMP/FCN3/SLPI/IGHG1/IGHA1/IGHG3/IGHG4/CCL25/CXCL8/CCL2/CCL20/CXCL10/GNLY/C3/RNASE4/C4BPA/RGCC/LGALS3/ANG/C5/CFHR3/CXCL2/CCL5/CFH/HPX/CFHR2/PTPRC/C6/CFB/CLU/CFHR1/MBL2/C8G/C1RL/C2/CD46/CCL4/APP/F2/C4BPB/CFHR5/HRG/MASP2/A2M/HLA-E/RARRES2/CFI/C8A/C8B/SERPING1/HLA-A/CD59/B2M/C1S/KNG1",55
"GO:0006958","complement activation, classical pathway","21/720","42/18986",0.5,13.1847222222222,15.694744783112,2.7430142619012e-19,4.64392314539874e-16,3.51202071637807e-16,"IGHG1/IGHA1/IGHG3/IGHG4/C3/C4BPA/C5/C6/CLU/MBL2/C8G/C1RL/C2/CD46/C4BPB/MASP2/CFI/C8A/C8B/SERPING1/C1S",21
"GO:0002455","humoral immune response mediated by circulating immunoglobulin","23/720","56/18986",0.410714285714286,10.8303075396825,14.6263389560122,1.42275145429533e-18,1.8065386590915e-15,1.36621580440097e-15,"IGHG1/IGHA1/IGHG3/IGHG4/C3/C4BPA/C5/HPX/PTPRC/C6/CLU/MBL2/C8G/C1RL/C2/CD46/C4BPB/MASP2/CFI/C8A/C8B/SERPING1/C1S",23
"GO:0043086","negative regulation of catalytic activity","64/720","486/18986",0.131687242798354,3.47251943301326,10.9628079582313,2.37003531305395e-18,2.4074818710002e-15,1.82068607522818e-15,"SPINK1/SLPI/GPC3/SERPINA7/CDKN1A/SERPINA11/SERPINE1/SERPINB9/SERPINA3/FABP1/ZFP36/SERPINA5/NFKB1/RGS2/PLAUR/MIDN/PTPRC/GSTP1/APOC3/IFIT1/IFI16/IFI6/CST7/ADGRV1/SERPINA4/TIMP1/SERPINF2/GNAQ/ATP2B4/SERPINH1/PDCD4/LRP5/ITIH2/VTN/APP/PRKAG2/SERPINA6/ITIH4/IRS2/DNAJB6/TMBIM1/A2M/CEACAM1/TNFAIP3/VEGFA/AMBP/EGLN1/PTEN/DUSP1/TFPI/TAF7/APLP2/TMBIM6/AGT/SERPING1/SERPINA1/ITIH1/ERRFI1/ARL6IP1/SERPINC1/HNRNPU/DNAJA1/SERPIND1/KNG1",64
"GO:0001906","cell killing","42/720","264/18986",0.159090909090909,4.19513888888889,10.3792364666388,2.65780151951482e-15,2.2498289862693e-12,1.70145925345782e-12,"HAMP/PLA2G2A/IGHG1/CCL25/CXCL8/CCL20/CXCL10/DNASE1L3/GNLY/C3/SERPINB9/GZMB/LGALS3/IL7R/C5/KLRB1/NKG7/CXCL2/CFH/CFHR2/PTPRC/C6/ICAM1/CFHR1/MBL2/C8G/HLA-B/F2/APOL1/HLA-C/CFHR5/HLA-F/HRG/HLA-E/CEACAM1/C8A/C8B/LAMP1/HLA-A/CD59/B2M/KNG1",42
"GO:0010466","negative regulation of peptidase activity","36/720","198/18986",0.181818181818182,4.79444444444444,10.6559050061108,3.8485983469738e-15,2.79243300061142e-12,2.11180982979058e-12,"SPINK1/SLPI/GPC3/SERPINA7/SERPINA11/SERPINE1/SERPINB9/SERPINA3/FABP1/SERPINA5/PLAUR/IFI16/IFI6/CST7/SERPINA4/TIMP1/SERPINF2/SERPINH1/ITIH2/VTN/APP/SERPINA6/ITIH4/DNAJB6/A2M/VEGFA/AMBP/TFPI/APLP2/SERPING1/SERPINA1/ITIH1/ARL6IP1/SERPINC1/SERPIND1/KNG1",36
"GO:0016054","organic acid catabolic process","40/720","249/18986",0.160642570281124,4.23605533244087,10.2050563313197,8.8633880438489e-15,5.00190531941207e-12,3.78274888561458e-12,"TDO2/HAL/HAO2/GLS/PON1/AGXT/FABP1/CYP4A11/SDS/ABHD3/CROT/PON3/PHYH/ACADS/ACAT1/ATP2B4/CPT1A/TAT/ALDH8A1/ECHDC2/GPT2/PCK1/ACMSD/ACADVL/LONP2/DDAH1/IRS2/AMDHD1/GPT/HADHB/ABCD3/GOT1/HAAO/ACADM/FTCD/HAO1/ACAA2/ALDH6A1/SULT2A1/SCP2",40
"GO:0046395","carboxylic acid catabolic process","40/720","249/18986",0.160642570281124,4.23605533244087,10.2050563313197,8.8633880438489e-15,5.00190531941207e-12,3.78274888561458e-12,"TDO2/HAL/HAO2/GLS/PON1/AGXT/FABP1/CYP4A11/SDS/ABHD3/CROT/PON3/PHYH/ACADS/ACAT1/ATP2B4/CPT1A/TAT/ALDH8A1/ECHDC2/GPT2/PCK1/ACMSD/ACADVL/LONP2/DDAH1/IRS2/AMDHD1/GPT/HADHB/ABCD3/GOT1/HAAO/ACADM/FTCD/HAO1/ACAA2/ALDH6A1/SULT2A1/SCP2",40
"GO:0051346","negative regulation of hydrolase activity","40/720","252/18986",0.158730158730159,4.18562610229277,10.1071715235505,1.33994613915336e-14,6.80558644075992e-12,5.14680364396907e-12,"SPINK1/SLPI/GPC3/SERPINA7/SERPINA11/SERPINE1/SERPINB9/SERPINA3/FABP1/SERPINA5/RGS2/PLAUR/APOC3/IFI16/IFI6/CST7/SERPINA4/TIMP1/SERPINF2/SERPINH1/ITIH2/VTN/APP/SERPINA6/ITIH4/DNAJB6/A2M/VEGFA/AMBP/EGLN1/TFPI/APLP2/TMBIM6/SERPING1/SERPINA1/ITIH1/ARL6IP1/SERPINC1/SERPIND1/KNG1",40
"GO:0042060","wound healing","53/720","444/18986",0.119369369369369,3.14770395395395,9.09153961967739,1.31081583373826e-13,6.05239419959693e-11,4.57719327972336e-11,"IGF1/CDKN1A/SERPINE1/ANXA1/LRG1/ANXA5/CXCR4/KLKB1/DST/VIL1/PLAUR/FGL1/PRRG4/F9/HPS5/TIMP1/SERPINF2/GNAQ/CPB2/F11R/SDC4/CLDN1/B4GALT1/VTN/PLSCR1/F2/GNAS/C4BPB/HRG/F7/GGCX/CEACAM1/TNFAIP3/VEGFA/SRSF6/PRCP/F13B/PROC/PTEN/TFPI/MYH9/AHNAK/F12/SERPING1/CD151/ITGB1/CD59/PLG/SERPINA1/MYL12A/SERPINC1/SERPIND1/KNG1",53
"GO:0044403","biological process involved in symbiotic interaction","44/720","322/18986",0.136645962732919,3.60327812284334,9.35396981164199,1.53961344466922e-13,6.51641390456249e-11,4.92811356105087e-11,"FCN3/CLEC4G/CXCL8/PGLYRP2/IFI27/CAV2/ANPEP/EGFR/FURIN/CXCR4/CCL5/CFHR2/VPS37B/IFIT1/SLC10A1/ICAM1/CFHR1/INSR/F11R/MBL2/CLDN1/CD46/CCL4/PLSCR1/F2/JUN/APOL1/HSPA1B/CFHR5/HRG/HPN/IGF2R/HSPA1A/BSG/CTSL/LAMP1/SCARB2/IFITM2/ITGB1/IFITM3/CTSB/PLG/VAMP8/NUCKS1",44
"GO:0002526","acute inflammatory response","25/720","110/18986",0.227272727272727,5.99305555555556,10.4269569107498,3.40940098118655e-13,1.33202673718819e-10,1.00736066237649e-10,"IGHG1/VNN1/CRP/DNASE1L3/C3/SERPINA3/KLKB1/CREB3L3/IL1RN/GSTP1/ORM1/SAA4/SERPINF2/MBL2/ORM2/B4GALT1/TFR2/PLSCR1/F2/ITIH4/A2M/HLA-E/PRCP/F12/SERPINA1",25
"GO:0008202","steroid metabolic process","44/720","334/18986",0.131736526946108,3.47381902860945,9.0558303533796,5.6274154697013e-13,2.04154594075807e-10,1.54394278563459e-10,"LCAT/CYP3A7/UGT2A3/CYP2C8/APOF/HSD11B1/EGR1/PON1/NR0B2/HSD17B2/NFKB1/CLN8/UGT2B15/CYP3A4/HMGCS2/HSD17B6/CYP2D6/IGFBP7/LRP5/ERLIN2/GC/ACADVL/APP/PRKAG2/SERPINA6/ASAH1/APOA1/APOL1/ABCD3/UGT2B10/UGT2B7/APOA5/FDX1/EPHX2/INSIG1/PROX1/TM7SF2/CYP3A5/ATP1A1/CYB5R3/ACAA2/SULT2A1/ERRFI1/SCP2",44
"GO:0045861","negative regulation of proteolysis","41/720","303/18986",0.135313531353135,3.56814264759809,8.94678441645989,1.46432504307501e-12,4.95820459585199e-10,3.74969970679348e-10,"SPINK1/SLPI/GPC3/SERPINA7/SERPINA11/SERPINE1/SERPINB9/SERPINA3/FABP1/SERPINA5/FURIN/CLN8/PLAUR/IFI16/IFI6/CST7/SERPINA4/TIMP1/SERPINF2/CPB2/SERPINH1/ITIH2/VTN/APP/SERPINA6/F2/ITIH4/DNAJB6/A2M/VEGFA/AMBP/TFPI/APLP2/SERPING1/CTSZ/SERPINA1/ITIH1/ARL6IP1/SERPINC1/SERPIND1/KNG1",41
"GO:0044282","small molecule catabolic process","46/720","375/18986",0.122666666666667,3.23465185185185,8.6774171000739,2.17477379460483e-12,6.9035475642487e-10,5.22088787928488e-10,"TDO2/HAL/HAO2/GLS/DPYD/PON1/AGXT/FABP1/CYP4A11/SDS/ABHD3/CROT/ALDOB/CYP3A4/PON3/PHYH/ACADS/ACAT1/ATP2B4/GK/CPT1A/HSD17B6/TAT/ALDH8A1/LRP5/ECHDC2/GPT2/PCK1/ACMSD/ACADVL/LONP2/DDAH1/IRS2/AMDHD1/GPT/HADHB/ABCD3/GOT1/HAAO/ACADM/FTCD/HAO1/ACAA2/ALDH6A1/SULT2A1/SCP2",46
"GO:0019058","viral life cycle","42/720","323/18986",0.130030959752322,3.42884416924665,8.74097760394938,2.96489336001964e-12,8.73123714175003e-10,6.60309931093892e-10,"FCN3/SLPI/CLEC4G/CXCL8/CCL2/IFI27/CAV2/ANPEP/EGFR/FURIN/CXCR4/CCL5/VPS37B/IFIT1/IFI16/SLC10A1/ICAM1/INSR/ZC3HAV1/ISG20/F11R/CLDN1/CD46/PLSCR1/HSPA1B/NFIA/HSPA1A/BSG/CTSL/IL32/PROX1/LAMP1/SCARB2/IFITM2/ITGB1/IFITM3/CTSB/VAMP8/PCBP1/NUCKS1/STAU1/RAB1A",42
"GO:0009410","response to xenobiotic stimulus","51/720","451/18986",0.113082039911308,2.98191056910569,8.45718540670213,3.0943545688423e-12,8.73123714175003e-10,6.60309931093892e-10,"SLC22A1/CRHBP/CYP3A7/FOSB/CYP2C8/SLC22A7/CDKN1A/FOS/TXNIP/PDE4B/FGF21/EGFR/CXCR4/CPS1/CES2/FBP1/CDH1/DUSP6/CD69/UGT2B15/GSTP1/CYP3A4/SLC10A1/PON3/AADAC/NFKBIZ/NNMT/GPLD1/AGPAT2/CPB2/HMGCS2/CPT1A/CYP2D6/FOSL2/COL18A1/SLC29A1/ABCD3/UGT2B7/FOXO3/STAT1/BPHL/MAOB/CYP3A5/ATP1A1/RNF149/HSP90AA1/SULT2A1/ERRFI1/UBE2B/CALR/GUK1",51
"GO:0016032","viral process","51/720","452/18986",0.11283185840708,2.97531342182891,8.43860143323551,3.36540739745123e-12,8.99626535350254e-10,6.80352996858701e-10,"FCN3/PEG10/SLPI/CLEC4G/CXCL8/CCL2/IFI27/CAV2/ANPEP/ZFP36/EGFR/FURIN/CXCR4/CCL5/VPS37B/IFIT1/IFI16/SLC10A1/ICAM1/INSR/ZC3HAV1/ISG20/F11R/MBL2/CLDN1/CD46/CCL4/PLSCR1/JUN/HSPA1B/NFIA/HPN/IGF2R/STAT1/HSPA1A/OAZ1/BSG/CTSL/IL32/PROX1/LAMP1/SCARB2/IFITM2/ITGB1/IFITM3/CTSB/VAMP8/PCBP1/NUCKS1/STAU1/RAB1A",51
"GO:0019216","regulation of lipid metabolic process","43/720","344/18986",0.125,3.29618055555556,8.53274617329466,6.17016041264195e-12,1.56691223679042e-09,1.18499554451213e-09,"AVPR1A/HPGD/C3/EGR1/SERPINA3/CIDEB/ANGPTL8/FABP1/FGF21/PDK4/NFKB1/ID2/APOC3/AADAC/RDH10/GPLD1/CPT1A/PDE3B/APOC2/IGFBP7/PCK1/ERLIN2/ACADVL/PPARGC1A/PRKAG2/LONP2/ASAH1/F2/APOA1/IRS2/APOA5/CEACAM1/RARRES2/EPHX2/INSIG1/CERS2/PNPLA2/PROX1/ATP1A1/SCARB2/RGN/PSAP/SCP2",43
"GO:0007596","blood coagulation","34/720","234/18986",0.145299145299145,3.83145773979107,8.6525484118284,1.68114393453665e-11,4.0659666873865e-09,3.0749344446738e-09,"SERPINE1/ANXA5/KLKB1/PLAUR/FGL1/PRRG4/F9/HPS5/SERPINF2/GNAQ/CPB2/F11R/VTN/PLSCR1/F2/GNAS/C4BPB/HRG/F7/GGCX/CEACAM1/F13B/PROC/TFPI/MYH9/F12/SERPING1/CD59/PLG/SERPINA1/MYL12A/SERPINC1/SERPIND1/KNG1",34
"GO:0097305","response to alcohol","37/720","275/18986",0.134545454545455,3.54788888888889,8.44983356327277,2.17928680621945e-11,5.03118076763117e-09,3.80488878272477e-09,"SPINK1/AVPR1A/CRHBP/GHR/HPGD/FOSB/KLF4/CDKN1A/KLF2/FOS/NR0B2/FBP1/RGS2/BTG2/CDH1/PTPRC/FYN/SLC10A1/GPLD1/GNAQ/HMGCS2/CD14/CPT1A/CLDN1/IGFBP7/PCK1/SGK1/GNAS/CLDN7/F7/A2M/FOXO3/FDX1/MAOB/FKBP5/GOLPH3/TP53INP1",37
"GO:0043434","response to peptide hormone","49/720","446/18986",0.109865470852018,2.89709142999502,8.04916164158395,2.37737592193288e-11,5.2498662206509e-09,3.97027219182291e-09,"SPINK1/CRHBP/GHR/CAV2/FOS/AREG/EGR1/SOCS3/NR4A2/NR4A1/FGF21/PDK4/NFKB1/CPS1/FBP1/BTG2/LEPROTL1/GPLD1/TIMP1/HMGCS2/INSR/PDE3B/SLC39A14/LRP5/SLC30A10/PCK1/STAT2/VAMP2/STAT6/GNAS/CTSD/IRS2/CRY2/GPT/F7/EIF4EBP2/KHK/GOT1/CEACAM1/RARRES2/SRSF6/STAT1/INSIG1/BSG/TNFSF10/AGT/ZFP36L1/NUCKS1/ERRFI1",49
"GO:0046394","carboxylic acid biosynthetic process","41/720","331/18986",0.123867069486405,3.26630580731789,8.25818683354313,2.58330401114507e-11,5.46691711358576e-09,4.13441944590718e-09,"AVPR1A/CYP2C8/GLS/DPYD/AGXT/CYP4A22/CYP4A11/PDK4/SDS/ABHD3/CPS1/GSTP1/CYP3A4/APOC3/RDH10/GNE/MGLL/ATP2B4/APOC2/CYP2D6/ALDH8A1/GAMT/ERLIN2/ACMSD/ACADVL/PRKAG2/PSAT1/UGP2/ASL/ELOVL2/ABCD3/GOT1/APOA5/CEACAM1/INSIG1/HAAO/PROX1/HAO1/RGN/ERRFI1/SCP2",41
"GO:0016053","organic acid biosynthetic process","41/720","334/18986",0.122754491017964,3.23696773120426,8.18879636929512,3.44053844521054e-11,6.81185201446159e-09,5.15154205671866e-09,"AVPR1A/CYP2C8/GLS/DPYD/AGXT/CYP4A22/CYP4A11/PDK4/SDS/ABHD3/CPS1/GSTP1/CYP3A4/APOC3/RDH10/GNE/MGLL/ATP2B4/APOC2/CYP2D6/ALDH8A1/GAMT/ERLIN2/ACMSD/ACADVL/PRKAG2/PSAT1/UGP2/ASL/ELOVL2/ABCD3/GOT1/APOA5/CEACAM1/INSIG1/HAAO/PROX1/HAO1/RGN/ERRFI1/SCP2",41
"GO:0007599","hemostasis","34/720","241/18986",0.141078838174274,3.72017058552328,8.43746066683898,3.84716182080058e-11,6.81185201446159e-09,5.15154205671866e-09,"SERPINE1/ANXA5/KLKB1/PLAUR/FGL1/PRRG4/F9/HPS5/SERPINF2/GNAQ/CPB2/F11R/VTN/PLSCR1/F2/GNAS/C4BPB/HRG/F7/GGCX/CEACAM1/F13B/PROC/TFPI/MYH9/F12/SERPING1/CD59/PLG/SERPINA1/MYL12A/SERPINC1/SERPIND1/KNG1",34
"GO:0050817","coagulation","34/720","241/18986",0.141078838174274,3.72017058552328,8.43746066683898,3.84716182080058e-11,6.81185201446159e-09,5.15154205671866e-09,"SERPINE1/ANXA5/KLKB1/PLAUR/FGL1/PRRG4/F9/HPS5/SERPINF2/GNAQ/CPB2/F11R/VTN/PLSCR1/F2/GNAS/C4BPB/HRG/F7/GGCX/CEACAM1/F13B/PROC/TFPI/MYH9/F12/SERPING1/CD59/PLG/SERPINA1/MYL12A/SERPINC1/SERPIND1/KNG1",34
"GO:0031640","killing of cells of another organism","24/720","124/18986",0.193548387096774,5.10376344086021,9.10225740328057,3.88942131166344e-11,6.81185201446159e-09,5.15154205671866e-09,"HAMP/PLA2G2A/CCL25/CXCL8/CCL20/CXCL10/GNLY/GZMB/LGALS3/C5/NKG7/CXCL2/CFHR2/C6/CFHR1/MBL2/C8G/F2/APOL1/CFHR5/HRG/C8A/C8B/KNG1",24
"GO:0141061","disruption of cell in another organism","24/720","124/18986",0.193548387096774,5.10376344086021,9.10225740328057,3.88942131166344e-11,6.81185201446159e-09,5.15154205671866e-09,"HAMP/PLA2G2A/CCL25/CXCL8/CCL20/CXCL10/GNLY/GZMB/LGALS3/C5/NKG7/CXCL2/CFHR2/C6/CFHR1/MBL2/C8G/F2/APOL1/CFHR5/HRG/C8A/C8B/KNG1",24
"GO:0141060","disruption of anatomical structure in another organism","24/720","127/18986",0.188976377952756,4.98320209973753,8.94179470626588,6.58499847802762e-11,1.11484024233008e-08,8.43110857765712e-09,"HAMP/PLA2G2A/CCL25/CXCL8/CCL20/CXCL10/GNLY/GZMB/LGALS3/C5/NKG7/CXCL2/CFHR2/C6/CFHR1/MBL2/C8G/F2/APOL1/CFHR5/HRG/C8A/C8B/KNG1",24
"GO:0002460","adaptive immune response based on somatic recombination of immune receptors built from immunoglobulin superfamily domains","45/720","400/18986",0.1125,2.9665625,7.89213680731912,7.24388113228947e-11,1.18682813777091e-08,8.97552538258889e-09,"IGLC3/IGHG1/IGHA1/IGHG3/IGHG4/CLEC4G/IGLC2/C3/SOCS3/ANXA1/C4BPA/IL7R/IGKC/C5/JUNB/CD69/HPX/PTPRC/C6/CLU/CD7/NFKBIZ/ICAM1/MBL2/C8G/C1RL/C2/CD46/HLA-B/STAT6/C4BPB/HLA-C/HLA-F/MASP2/HLA-E/CEACAM1/TNFAIP3/CFI/C8A/C8B/SERPING1/BRD2/HLA-A/B2M/C1S",45
"GO:0002449","lymphocyte mediated immunity","44/720","386/18986",0.113989637305699,3.00584340817501,7.90467517202655,7.70003292268896e-11,1.22213960044804e-08,9.24257241279342e-09,"IGLC3/IGHG1/IGHA1/IGHG3/IGHG4/CLEC4G/IGLC2/C3/SERPINB9/C4BPA/GZMB/IL7R/IGKC/C5/KLRB1/NKG7/HPX/PTPRC/C6/CLU/CD7/NFKBIZ/ICAM1/MBL2/C8G/C1RL/C2/CD46/HLA-B/STAT6/C4BPB/HLA-C/HLA-F/MASP2/HLA-E/CEACAM1/CFI/C8A/C8B/LAMP1/SERPING1/HLA-A/B2M/C1S",44
"GO:0050819","negative regulation of coagulation","16/720","54/18986",0.296296296296296,7.81316872427983,9.95399912981065,8.52259827175529e-11,1.31170535218925e-08,9.91992379382298e-09,"SERPINE1/ANXA5/KLKB1/PLAUR/SERPINF2/CPB2/VTN/F2/HRG/CEACAM1/PROC/TFPI/F12/SERPING1/PLG/KNG1",16
"GO:0061041","regulation of wound healing","25/720","140/18986",0.178571428571429,4.70882936507937,8.74462317707539,9.49743049066527e-11,1.3832619898755e-08,1.04610791619894e-08,"SERPINE1/ANXA1/CXCR4/KLKB1/VIL1/PLAUR/SERPINF2/CPB2/CLDN1/VTN/F2/HRG/F7/CEACAM1/TNFAIP3/SRSF6/PROC/PTEN/TFPI/F12/SERPING1/ITGB1/PLG/SERPINC1/KNG1",25
"GO:0010038","response to metal ion","41/720","345/18986",0.118840579710145,3.13376006441224,7.94091137708868,9.53222477764176e-11,1.3832619898755e-08,1.04610791619894e-08,"HAMP/CRHBP/CRIP1/FOSB/FOS/TXNIP/JUNB/EGFR/CPS1/FBP1/CDH1/PPP2CB/MT1F/ADGRV1/SLC6A1/GPLD1/HMGCS2/MAP1LC3A/ACO1/CD14/MT1E/TAT/CLDN1/AQP3/NEK7/SLC30A10/MT2A/SLC13A5/APP/TFR2/PLSCR1/KHK/BSG/HAAO/JUND/MAOB/HSP90B1/B2M/CALM2/CALR/CALM1",41
"GO:0052547","regulation of peptidase activity","41/720","346/18986",0.11849710982659,3.12470295439949,7.91886865127669,1.04325233656781e-10,1.47185517150776e-08,1.11310753688186e-08,"SPINK1/SLPI/GPC3/SERPINA7/SERPINA11/SERPINE1/SERPINB9/SERPINA3/FABP1/SERPINA5/FURIN/PLAUR/IFI16/IFI6/CST7/SERPINA4/TIMP1/SERPINF2/SERPINH1/ITIH2/VTN/APP/SERPINA6/ITIH4/CTSD/DNAJB6/TANK/A2M/VEGFA/AMBP/TFPI/APLP2/TNFSF10/SERPING1/SERPINA1/ITIH1/ARL6IP1/SERPINC1/PSME1/SERPIND1/KNG1",41
"GO:0010951","negative regulation of endopeptidase activity","22/720","109/18986",0.201834862385321,5.32227319062182,8.98480790814656,1.07781361913616e-10,1.47951766799798e-08,1.11890238868502e-08,"SERPINA7/SERPINA11/SERPINE1/SERPINB9/SERPINA3/FABP1/SERPINA5/PLAUR/IFI16/IFI6/SERPINA4/TIMP1/SERPINF2/SERPINH1/VTN/SERPINA6/DNAJB6/VEGFA/SERPING1/SERPINA1/ARL6IP1/SERPIND1",22
"GO:0050878","regulation of body fluid levels","43/720","381/18986",0.112860892388451,2.97607903178769,7.73573854389508,1.74630544411538e-10,2.33407509227948e-08,1.76517134780527e-08,"SPINK1/SERPINE1/ANXA5/CYP4A11/EGFR/KLKB1/PLAUR/FGL1/PRRG4/CYBA/F9/HPS5/SERPINF2/GNAQ/CPB2/F11R/AQP3/FOSL2/VTN/PLSCR1/F2/GNAS/C4BPB/HRG/SLC29A1/F7/GGCX/CEACAM1/VEGFA/F13B/PROC/TFPI/MYH9/F12/SERPING1/CD59/PLG/VAMP8/SERPINA1/MYL12A/SERPINC1/SERPIND1/KNG1",43
"GO:0051917","regulation of fibrinolysis","10/720","18/18986",0.555555555555556,14.6496913580247,11.5026561012771,1.92170032709802e-10,2.48902095441791e-08,1.88235095235717e-08,"SERPINE1/KLKB1/PLAUR/SERPINF2/CPB2/VTN/F2/HRG/F12/PLG",10
"GO:0031960","response to corticosteroid","26/720","156/18986",0.166666666666667,4.39490740740741,8.45307836795855,1.96024489420588e-10,2.48902095441791e-08,1.88235095235717e-08,"AVPR1A/GHR/FOSB/CDKN1A/FOS/AREG/ANXA1/ZFP36/EGFR/CPS1/PTPRC/IL1RN/HMGCS2/TAT/CLDN1/IGFBP7/FOSL2/PCK1/ZFP36L2/SGK1/GOT1/A2M/FOXO3/MAOB/ZFP36L1/HNRNPU",26
"GO:0051384","response to glucocorticoid","24/720","134/18986",0.17910447761194,4.7228855721393,8.5862433640945,2.11397515662814e-10,2.6187511757352e-08,1.98046093620952e-08,"AVPR1A/GHR/FOSB/CDKN1A/FOS/AREG/ANXA1/ZFP36/EGFR/CPS1/IL1RN/HMGCS2/TAT/CLDN1/IGFBP7/FOSL2/PCK1/ZFP36L2/GOT1/A2M/FOXO3/MAOB/ZFP36L1/HNRNPU",24
"GO:0048545","response to steroid hormone","40/720","340/18986",0.117647058823529,3.10228758169935,7.76584227603714,2.2021604185519e-10,2.66304113472026e-08,2.01395573115185e-08,"AVPR1A/GHR/FOSB/CDKN1A/FOS/AREG/ANXA1/TXNIP/JUNB/ZFP36/EGFR/CPS1/PTPRC/IL1RN/PER1/HMGCS2/TAT/CLDN1/IGFBP7/FOSL2/PCK1/ZFP36L2/SGK1/JUN/CRY2/HSPA1B/GOT1/A2M/FOXO3/HSPA1A/JUND/TFPI/TAF7/MAOB/ATP1A1/ZFP36L1/ERRFI1/HNRNPU/DNAJA1/CALR",40
"GO:0030195","negative regulation of blood coagulation","15/720","50/18986",0.3,7.91083333333333,9.71451495843198,2.73131222218042e-10,3.2261243666173e-08,2.43979395317904e-08,"SERPINE1/KLKB1/PLAUR/SERPINF2/CPB2/VTN/F2/HRG/CEACAM1/PROC/TFPI/F12/SERPING1/PLG/KNG1",15
"GO:0050818","regulation of coagulation","18/720","76/18986",0.236842105263158,6.24539473684211,9.09680803577919,3.39652249441343e-10,3.92066767025587e-08,2.96505037849632e-08,"SERPINE1/ANXA5/KLKB1/PLAUR/SERPINF2/CPB2/VTN/F2/HRG/F7/CEACAM1/PROC/TFPI/F12/SERPING1/PLG/SERPINC1/KNG1",18
"GO:1900047","negative regulation of hemostasis","15/720","51/18986",0.294117647058824,7.75571895424837,9.59121949072887,3.73503526349584e-10,4.21560980073231e-08,3.18810378397575e-08,"SERPINE1/KLKB1/PLAUR/SERPINF2/CPB2/VTN/F2/HRG/CEACAM1/PROC/TFPI/F12/SERPING1/PLG/KNG1",15
"GO:0032102","negative regulation of response to external stimulus","46/720","437/18986",0.105263157894737,2.77573099415205,7.45602688343398,4.10567986375592e-10,4.53320609304702e-08,3.42828966197834e-08,"HAMP/IGF1/CCL2/KLF4/SERPINE1/SOCS3/SERPINB9/FNDC4/C5/ZFP36/FURIN/NFKB1/KLKB1/PLAUR/TMSB4X/PTPRC/GSTP1/FYN/IFI16/CST7/SERPINF2/CPB2/IER3/VTN/STAT2/HLA-B/NT5E/F2/APOA1/GNAS/HLA-F/HRG/A2M/HLA-E/CEACAM1/TNFAIP3/CERS2/PROC/PTEN/DUSP1/TFPI/F12/SERPING1/HLA-A/PLG/KNG1",46
"GO:0002443","leukocyte mediated immunity","49/720","485/18986",0.101030927835052,2.66412943871707,7.37072475142121,4.49256786700029e-10,4.85463808594788e-08,3.67137633301703e-08,"IGLC3/IGHG1/IGHA1/IGHG3/IGHG4/CLEC4G/IGLC2/DNASE1L3/C3/SERPINB9/C4BPA/GZMB/IL7R/IGKC/C5/KLRB1/NKG7/HPX/PTPRC/C6/CLU/CD7/NFKBIZ/ICAM1/MBL2/C8G/C1RL/C2/CD46/HLA-B/VAMP2/STAT6/F2/C4BPB/HLA-C/HLA-F/MASP2/HLA-E/CEACAM1/KMT2E/CFI/C8A/C8B/LAMP1/SERPING1/HLA-A/VAMP8/B2M/C1S",49
"GO:1901654","response to ketone","31/720","224/18986",0.138392857142857,3.64934275793651,7.91903776922666,4.58796275104347e-10,4.85463808594788e-08,3.67137633301703e-08,"AVPR1A/GHR/FOSB/KLF4/CDKN1A/KLF2/FOS/TXNIP/EGFR/CPS1/FBP1/BTG2/PTPRC/GNAQ/HMGCS2/TAT/CLDN1/IGFBP7/ABCB4/PCK1/SGK1/SLC39A9/GNAS/F7/A2M/FOXO3/FDX1/MAOB/GOLPH3/ERRFI1/CALR",31
"GO:0030193","regulation of blood coagulation","17/720","69/18986",0.246376811594203,6.49681964573269,9.08154466955457,5.42198007589257e-10,5.62004832764457e-08,4.25022670181139e-08,"SERPINE1/KLKB1/PLAUR/SERPINF2/CPB2/VTN/F2/HRG/F7/CEACAM1/PROC/TFPI/F12/SERPING1/PLG/SERPINC1/KNG1",17
"GO:0016042","lipid catabolic process","40/720","351/18986",0.113960113960114,3.00506489395378,7.52778341127784,5.73265721078339e-10,5.82323319471376e-08,4.40388761308391e-08,"PLA2G2A/ASPG/HAO2/HPGD/HSD11B1/FABP1/CYP4A11/FGF21/ABHD3/CPS1/CROT/CYP3A4/APOC3/AADAC/GPLD1/PHYH/ACADS/ACAT1/MGLL/CPT1A/HSD17B6/PDE3B/APOC2/ECHDC2/PCK1/ACADVL/LONP2/ASAH1/IRS2/HADHB/ABCD3/APOA5/RARRES2/PNPLA2/ACADM/HAO1/SCARB2/ACAA2/SULT2A1/SCP2",40
"GO:0044409","symbiont entry into host","26/720","164/18986",0.158536585365854,4.1805216802168,8.12151820401785,6.05304578115645e-10,6.02812147499874e-08,4.55883675034879e-08,"FCN3/CLEC4G/CXCL8/CAV2/ANPEP/EGFR/FURIN/CXCR4/SLC10A1/ICAM1/INSR/F11R/CLDN1/CD46/PLSCR1/HSPA1B/HSPA1A/BSG/CTSL/LAMP1/SCARB2/IFITM2/ITGB1/IFITM3/CTSB/VAMP8",26
"GO:1900046","regulation of hemostasis","17/720","71/18986",0.23943661971831,6.31381064162754,8.90598374331314,8.7704153872798e-10,8.48261891628491e-08,6.41507889566401e-08,"SERPINE1/KLKB1/PLAUR/SERPINF2/CPB2/VTN/F2/HRG/F7/CEACAM1/PROC/TFPI/F12/SERPING1/PLG/SERPINC1/KNG1",17
"GO:0051701","biological process involved in interaction with host","29/720","204/18986",0.142156862745098,3.74859749455338,7.83619318699084,8.85171889275645e-10,8.48261891628491e-08,6.41507889566401e-08,"FCN3/CLEC4G/CXCL8/PGLYRP2/CAV2/ANPEP/EGFR/FURIN/CXCR4/VPS37B/IFIT1/SLC10A1/ICAM1/INSR/F11R/CLDN1/CD46/PLSCR1/HSPA1B/HSPA1A/BSG/CTSL/LAMP1/SCARB2/IFITM2/ITGB1/IFITM3/CTSB/VAMP8",29
"GO:1903034","regulation of response to wounding","27/720","181/18986",0.149171270718232,3.9335635359116,7.8731393736384,1.14358188638882e-09,1.0756022964757e-07,8.13436706322182e-08,"KLF4/SERPINE1/ANXA1/CXCR4/KLKB1/VIL1/PLAUR/SERPINF2/CPB2/CLDN1/VTN/F2/HRG/F7/CEACAM1/TNFAIP3/SRSF6/CERS2/PROC/PTEN/TFPI/F12/SERPING1/ITGB1/PLG/SERPINC1/KNG1",27
"GO:0062012","regulation of small molecule metabolic process","39/720","348/18986",0.112068965517241,2.95519636015326,7.30853229961497,1.53182102196178e-09,1.37802063895138e-07,1.04214408379884e-07,"AVPR1A/IGF1/GNMT/EGR1/FABP1/PPP1R3B/PDK4/NFKB1/FBP1/ALDOB/MIDN/TMSB4X/APOC3/RDH10/NNMT/GPLD1/INSR/IER3/ATP2B4/CPT1A/APOC2/ERLIN2/ACMSD/ACADVL/APP/PPARGC1A/PRKAG2/LONP2/APOA1/IRS2/GPT/MST1/APOA5/CEACAM1/EPHX2/INSIG1/ACADM/PROX1/RGN",39
"GO:0046718","symbiont entry into host cell","25/720","159/18986",0.157232704402516,4.14613906359189,7.90925792369521,1.54500725649142e-09,1.37802063895138e-07,1.04214408379884e-07,"FCN3/CLEC4G/CAV2/ANPEP/EGFR/FURIN/CXCR4/SLC10A1/ICAM1/INSR/F11R/CLDN1/CD46/PLSCR1/HSPA1B/HSPA1A/BSG/CTSL/LAMP1/SCARB2/IFITM2/ITGB1/IFITM3/CTSB/VAMP8",25
"GO:0006066","alcohol metabolic process","40/720","363/18986",0.110192837465565,2.90572390572391,7.27843981256198,1.54792015110658e-09,1.37802063895138e-07,1.04214408379884e-07,"LCAT/CYP3A7/IGF1/CYP2C8/APOF/PON1/NR0B2/NFKB1/CLN8/GCH1/CYP3A4/RDH10/DHRS7/HMGCS2/GK/HSD17B6/CYP2D6/LRP5/PCK1/ERLIN2/ACADVL/APP/ASAH1/APOA1/APOL1/GOT1/APOA5/FDX1/EPHX2/INSIG1/PNPLA2/DGAT2/TM7SF2/CYP3A5/HAO1/CYB5R3/ACAA2/SULT2A1/ERRFI1/SCP2",40
"GO:0016064","immunoglobulin mediated immune response","29/720","209/18986",0.138755980861244,3.65891812865497,7.67387688381208,1.57364042250798e-09,1.37802063895138e-07,1.04214408379884e-07,"IGLC3/IGHG1/IGHA1/IGHG3/IGHG4/IGLC2/C3/C4BPA/IGKC/C5/HPX/PTPRC/C6/CLU/NFKBIZ/MBL2/C8G/C1RL/C2/CD46/STAT6/C4BPB/MASP2/HLA-E/CFI/C8A/C8B/SERPING1/C1S",29
"GO:0042730","fibrinolysis","11/720","27/18986",0.407407407407407,10.7431069958848,10.0582276982744,1.61891262690811e-09,1.38505450229192e-07,1.04746352449471e-07,"SERPINE1/KLKB1/PLAUR/SERPINF2/CPB2/VTN/F2/HRG/F12/SERPING1/PLG",11
"GO:0006953","acute-phase response","14/720","48/18986",0.291666666666667,7.69108796296296,9.2151015217236,1.6362132336585e-09,1.38505450229192e-07,1.04746352449471e-07,"CRP/SERPINA3/IL1RN/ORM1/SAA4/SERPINF2/MBL2/ORM2/TFR2/PLSCR1/F2/ITIH4/A2M/SERPINA1",14
"GO:0044242","cellular lipid catabolic process","31/720","238/18986",0.130252100840336,3.43467553688142,7.50415715219975,2.07892422163626e-09,1.73096001994928e-07,1.3090585823556e-07,"HAO2/FABP1/CYP4A11/FGF21/ABHD3/CPS1/CROT/APOC3/AADAC/GPLD1/PHYH/ACADS/ACAT1/MGLL/CPT1A/APOC2/ECHDC2/PCK1/ACADVL/LONP2/ASAH1/IRS2/HADHB/ABCD3/APOA5/PNPLA2/ACADM/HAO1/SCARB2/ACAA2/SCP2",31
"GO:0019724","B cell mediated immunity","29/720","212/18986",0.136792452830189,3.60714098532495,7.57885962143417,2.20196110058024e-09,1.80383232739469e-07,1.36416910968036e-07,"IGLC3/IGHG1/IGHA1/IGHG3/IGHG4/IGLC2/C3/C4BPA/IGKC/C5/HPX/PTPRC/C6/CLU/NFKBIZ/MBL2/C8G/C1RL/C2/CD46/STAT6/C4BPB/MASP2/HLA-E/CFI/C8A/C8B/SERPING1/C1S",29
"GO:0009062","fatty acid catabolic process","20/720","106/18986",0.188679245283019,4.97536687631027,8.14852448187071,2.63886172003535e-09,2.12742518667611e-07,1.60888996097059e-07,"HAO2/FABP1/CYP4A11/ABHD3/CROT/PHYH/ACADS/ACAT1/CPT1A/ECHDC2/PCK1/ACADVL/LONP2/IRS2/HADHB/ABCD3/ACADM/HAO1/ACAA2/SCP2",20
"GO:0019395","fatty acid oxidation","20/720","107/18986",0.186915887850467,4.92886812045691,8.09132543753911,3.13186163564701e-09,2.48542581991425e-07,1.87963209020986e-07,"HAO2/FABP1/PDK4/CROT/PHYH/ACADS/ACAT1/CPT1A/ECHDC2/ACADVL/PPARGC1A/PRKAG2/LONP2/IRS2/HADHB/ABCD3/ACADM/HAO1/ACAA2/SCP2",20
"GO:0006631","fatty acid metabolic process","42/720","405/18986",0.103703703703704,2.73460905349794,7.00558490670008,3.76096341690881e-09,2.9387589529969e-07,2.22247052765996e-07,"AVPR1A/HAO2/HPGD/CYP2C8/C3/CYP4A22/FABP1/CYP4A11/PDK4/ABHD3/CES2/CROT/GSTP1/CYP3A4/APOC3/PHYH/ACADS/ACAT1/MGLL/CPT1A/APOC2/CYP2D6/ECHDC2/PCK1/ERLIN2/ACADVL/PPARGC1A/PRKAG2/LONP2/ASAH1/IRS2/HADHB/ELOVL2/ABCD3/APOA5/CEACAM1/INSIG1/ACADM/HAO1/RGN/ACAA2/SCP2",42
"GO:0030258","lipid modification","27/720","191/18986",0.141361256544503,3.72761780104712,7.52192254334656,3.81926303446182e-09,2.93909650788357e-07,2.22272580745633e-07,"CYP3A7/HAO2/CYP2C8/CYP4A22/FABP1/PDK4/CROT/CYP3A4/PHYH/ACADS/ACAT1/CPT1A/ECHDC2/ACADVL/PPARGC1A/PRKAG2/LONP2/IRS2/HADHB/ABCD3/EPHX2/PTEN/ACADM/CYP3A5/HAO1/ACAA2/SCP2",27
"GO:0072329","monocarboxylic acid catabolic process","22/720","131/18986",0.16793893129771,4.42845631891433,7.81755278546822,4.20594606094415e-09,3.18835821545304e-07,2.41123286353263e-07,"HAO2/AGXT/FABP1/CYP4A11/ABHD3/CROT/PHYH/ACADS/ACAT1/CPT1A/ECHDC2/PCK1/ACADVL/LONP2/IRS2/HADHB/ABCD3/ACADM/HAO1/ACAA2/SULT2A1/SCP2",22
"GO:0050777","negative regulation of immune response","28/720","207/18986",0.135265700483092,3.56688137412775,7.37232653436966,5.37002270467804e-09,4.01093313486173e-07,3.03331468256504e-07,"CLEC4G/PGLYRP2/SERPINB9/ANXA1/C4BPA/LGALS3/IL7R/FURIN/SAMSN1/CD69/PTPRC/FYN/IFI16/CD46/STAT2/HLA-B/STAT6/GNAS/C4BPB/HLA-F/A2M/HLA-E/CEACAM1/TNFAIP3/AMBP/SERPING1/HLA-A/CD59",28
"GO:0071375","cellular response to peptide hormone stimulus","36/720","321/18986",0.11214953271028,2.95732087227414,7.02183093429278,6.4480417673662e-09,4.74631944006564e-07,3.58945910131492e-07,"SPINK1/CRHBP/GHR/CAV2/FOS/SOCS3/NR4A2/NR4A1/FGF21/PDK4/NFKB1/CPS1/FBP1/LEPROTL1/GPLD1/HMGCS2/INSR/PDE3B/SLC39A14/SLC30A10/PCK1/VAMP2/STAT6/GNAS/CTSD/IRS2/GPT/EIF4EBP2/GOT1/CEACAM1/RARRES2/STAT1/INSIG1/AGT/ZFP36L1/NUCKS1",36
"GO:0016125","sterol metabolic process","24/720","159/18986",0.150943396226415,3.98029350104822,7.49232933181005,7.54220913299894e-09,5.39533523753544e-07,4.08028482228512e-07,"LCAT/APOF/PON1/NR0B2/CLN8/CYP3A4/HMGCS2/CYP2D6/LRP5/ERLIN2/ACADVL/APP/PRKAG2/APOA1/APOL1/APOA5/FDX1/EPHX2/INSIG1/TM7SF2/CYB5R3/ACAA2/SULT2A1/ERRFI1",24
"GO:0045807","positive regulation of endocytosis","24/720","159/18986",0.150943396226415,3.98029350104822,7.49232933181005,7.54220913299894e-09,5.39533523753544e-07,4.08028482228512e-07,"HAMP/FCN3/GPC3/CCL2/SERPINE1/C3/IL2RG/PTPRC/CYBA/CLU/INSR/CD14/MBL2/VTN/C2/APP/TFR2/APOA1/RAB21/APOA5/VEGFA/CD151/B2M/CALR",24
"GO:0001889","liver development","23/720","147/18986",0.156462585034014,4.12583144368859,7.55344588539199,7.66833622952978e-09,5.40937218191413e-07,4.09090042420382e-07,"EGFR/CPS1/FGL1/CPB2/HMGCS2/ACAT1/CPT1A/CLDN1/PCK1/VTN/CITED2/HPN/IGF2R/CEACAM1/TNFAIP3/ARF6/PPDPF/LSR/ACADM/PROX1/RGN/RTN4/ERRFI1",23
"GO:0019730","antimicrobial humoral response","26/720","185/18986",0.140540540540541,3.70597597597598,7.34292594612306,8.39882981517036e-09,5.79053618052691e-07,4.3791601170439e-07,"HAMP/SLPI/IGHG1/IGHA1/IGHG3/IGHG4/CCL25/CXCL8/CCL2/CCL20/CXCL10/GNLY/RNASE4/LGALS3/ANG/CXCL2/CCL5/CCL4/APP/F2/HRG/HLA-E/RARRES2/HLA-A/B2M/KNG1",26
"GO:0071466","cellular response to xenobiotic stimulus","27/720","198/18986",0.136363636363636,3.59583333333333,7.28985595037375,8.43669378537096e-09,5.79053618052691e-07,4.3791601170439e-07,"SLC22A1/CRHBP/CYP3A7/CYP2C8/SLC22A7/PDE4B/FGF21/EGFR/CXCR4/CES2/FBP1/CD69/UGT2B15/GSTP1/CYP3A4/SLC10A1/PON3/AADAC/GPLD1/CYP2D6/SLC29A1/UGT2B7/BPHL/CYP3A5/RNF149/SULT2A1/GUK1",27
"GO:0008203","cholesterol metabolic process","23/720","148/18986",0.155405405405405,4.0979542042042,7.51170073169712,8.76054426212226e-09,5.93264057430919e-07,4.48662821227847e-07,"LCAT/APOF/PON1/NR0B2/CLN8/CYP3A4/HMGCS2/CYP2D6/LRP5/ERLIN2/ACADVL/APP/APOA1/APOL1/APOA5/FDX1/EPHX2/INSIG1/TM7SF2/CYB5R3/ACAA2/SULT2A1/ERRFI1",23
"GO:0034440","lipid oxidation","20/720","114/18986",0.175438596491228,4.62621832358674,7.7098731399099,9.81051040742437e-09,6.5562608367511e-07,4.95824826546974e-07,"HAO2/FABP1/PDK4/CROT/PHYH/ACADS/ACAT1/CPT1A/ECHDC2/ACADVL/PPARGC1A/PRKAG2/LONP2/IRS2/HADHB/ABCD3/ACADM/HAO1/ACAA2/SCP2",20
"GO:0042445","hormone metabolic process","30/720","241/18986",0.12448132780083,3.28250345781466,7.07989905108483,1.10045170581637e-08,7.25869378420955e-07,5.48947132539158e-07,"CYP3A7/UGT2A3/GHR/CYP2C8/EGR1/HSD17B2/FURIN/NFKB1/CPE/UGT2B15/CYP3A4/RDH10/ERO1B/DHRS7/HSD17B6/CYP2D6/ALDH8A1/HPN/UGT2B10/UGT2B7/FDX1/PNPLA2/DGAT2/CTSL/CYP3A5/ATP1A1/CTSZ/CTSB/SULT2A1/SCP2",30
"GO:0061008","hepaticobiliary system development","23/720","150/18986",0.153333333333333,4.04331481481481,7.42930163008548,1.1391813265382e-08,7.41782302241988e-07,5.60981465659633e-07,"EGFR/CPS1/FGL1/CPB2/HMGCS2/ACAT1/CPT1A/CLDN1/PCK1/VTN/CITED2/HPN/IGF2R/CEACAM1/TNFAIP3/ARF6/PPDPF/LSR/ACADM/PROX1/RGN/RTN4/ERRFI1",23
"GO:0002698","negative regulation of immune effector process","21/720","128/18986",0.1640625,4.32623697916667,7.49652819768805,1.45104503604236e-08,9.32893384564449e-07,7.05511437244314e-07,"CLEC4G/PGLYRP2/SERPINB9/ANXA1/C4BPA/LGALS3/IL7R/CD69/PTPRC/CD46/HLA-B/APOA1/C4BPB/HLA-F/A2M/HLA-E/CEACAM1/TMBIM6/SERPING1/HLA-A/CD59",21
"GO:0002697","regulation of immune effector process","41/720","410/18986",0.1,2.63694444444444,6.65272527819704,1.64459525844393e-08,1.04411241470459e-06,7.89622118166041e-07,"FCN3/CLEC4G/PGLYRP2/DNASE1L3/C3/SERPINB9/ANXA1/C4BPA/LGALS3/IL7R/JUNB/KLRB1/CFH/CD69/HPX/PTPRC/CD7/NFKBIZ/ICAM1/MBL2/PCK1/CD46/HLA-B/DNAJB9/STAT6/APOA1/C4BPB/HLA-C/HLA-F/A2M/HLA-E/CEACAM1/TMBIM6/LAMP1/SERPING1/BRD2/HLA-A/CD59/VAMP8/B2M/RTN4",41
"GO:0006641","triglyceride metabolic process","19/720","108/18986",0.175925925925926,4.63906893004115,7.52963615918311,2.18726305082702e-08,1.37149494261117e-06,1.03720895028821e-06,"C3/CIDEB/FGF21/CPS1/APOC3/AADAC/GPLD1/AGPAT2/MGLL/GK/CPT1A/APOC2/PCK1/SEL1L/APOA5/INSIG1/PNPLA2/DGAT2/RGN",19
"GO:0050994","regulation of lipid catabolic process","15/720","67/18986",0.223880597014925,5.90360696517413,7.98277315716964,2.30263910649426e-08,1.4159664289818e-06,1.07084102742036e-06,"HPGD/FABP1/FGF21/APOC3/AADAC/GPLD1/CPT1A/PDE3B/APOC2/LONP2/IRS2/APOA5/RARRES2/PNPLA2/SCARB2",15
"GO:0170033","L-amino acid metabolic process","25/720","181/18986",0.138121546961326,3.64218845917741,7.09114281516945,2.31394395758003e-08,1.4159664289818e-06,1.07084102742036e-06,"ASPG/TDO2/HAL/GNMT/GLS/AGXT/GLYATL1/SDS/CPS1/ATP2B4/TAT/ALDH8A1/GPT2/ACMSD/GFPT1/MSRA/PSAT1/DDAH1/AMDHD1/GPT/ASL/GOT1/HAAO/FTCD/HAO1",25
"GO:1901606","alpha-amino acid catabolic process","18/720","98/18986",0.183673469387755,4.84336734693878,7.57324085653875,2.55235203545068e-08,1.54326142714929e-06,1.16710934553378e-06,"TDO2/HAL/GLS/AGXT/SDS/ACAT1/ATP2B4/TAT/ALDH8A1/GPT2/ACMSD/DDAH1/AMDHD1/GPT/GOT1/HAAO/FTCD/ALDH6A1",18
"GO:1901605","alpha-amino acid metabolic process","27/720","209/18986",0.129186602870813,3.40657894736842,6.94560330920056,2.71289453488133e-08,1.62103427560733e-06,1.22592596381201e-06,"ASPG/TDO2/HAL/GNMT/GLS/AGXT/GLYATL1/SDS/CPS1/ACAT1/ATP2B4/TAT/ALDH8A1/GPT2/ACMSD/GFPT1/MSRA/PSAT1/DDAH1/AMDHD1/GPT/ASL/GOT1/HAAO/FTCD/HAO1/ALDH6A1",27
"GO:0061045","negative regulation of wound healing","16/720","78/18986",0.205128205128205,5.40911680911681,7.74686399339885,2.97152178668658e-08,1.75492548309083e-06,1.32718274169147e-06,"SERPINE1/KLKB1/PLAUR/SERPINF2/CPB2/VTN/F2/HRG/CEACAM1/PROC/PTEN/TFPI/F12/SERPING1/PLG/KNG1",16
"GO:0006006","glucose metabolic process","26/720","197/18986",0.131979695431472,3.4802312464749,6.94741555522168,3.15023862149404e-08,1.83908758144463e-06,1.39083130427487e-06,"IGF1/GNMT/PPP1R3B/PDK4/SDS/FBP1/ALDOB/MIDN/ATF3/NNMT/GPLD1/INSR/CPT1A/SLC39A14/LRP5/PCK1/SLC37A4/PPARGC1A/PRKAG2/IRS2/GPT/MST1/GOT1/ACADM/RGN/ERRFI1",26
"GO:1902652","secondary alcohol metabolic process","23/720","159/18986",0.144654088050314,3.81444793850454,7.0754007399249,3.50724481125647e-08,2.02423822686041e-06,1.53085362634867e-06,"LCAT/APOF/PON1/NR0B2/CLN8/CYP3A4/HMGCS2/CYP2D6/LRP5/ERLIN2/ACADVL/APP/APOA1/APOL1/APOA5/FDX1/EPHX2/INSIG1/TM7SF2/CYB5R3/ACAA2/SULT2A1/ERRFI1",23
"GO:0035966","response to topologically incorrect protein","23/720","160/18986",0.14375,3.79060763888889,7.03768080024549,3.95232056060115e-08,2.25548720531385e-06,1.70573834720681e-06,"FGF21/CREB3L3/ATF3/CLU/HSPH1/DNAJB4/SERPINH1/DNAJB9/HERPUD1/HSPA6/PPP1R15B/PPP1R15A/HSPA1A/HSPA5/DNAJB1/BAG3/TMBIM6/F12/ERP44/SDF2L1/HSP90AA1/DNAJA1/TMBIM4",23
"GO:0170039","proteinogenic amino acid metabolic process","24/720","174/18986",0.137931034482759,3.63716475095785,6.93815860672035,4.52951109661081e-08,2.5561540955207e-06,1.93312116860033e-06,"ASPG/TDO2/HAL/GNMT/GLS/AGXT/GLYATL1/SDS/CPS1/ATP2B4/TAT/GPT2/ACMSD/GFPT1/MSRA/PSAT1/DDAH1/AMDHD1/GPT/ASL/GOT1/HAAO/FTCD/HAO1",24
"GO:0034612","response to tumor necrosis factor","29/720","243/18986",0.119341563786008,3.14697073616827,6.68743434700362,4.95252957661291e-08,2.7641645845733e-06,2.09043151244194e-06,"CRHBP/CXCL8/CCL2/KLF2/FOS/CXCL16/ZFP36/NFKB1/CCL5/GCH1/TMSB4X/PPP2CB/GSTP1/CD14/CLDN1/PCK1/ZFP36L2/ASAH1/APOA1/HSPA1B/NFKBIA/TANK/TNFAIP3/FOXO3/STAT1/HSPA1A/EIF5A/ZFP36L1/TXNDC17",29
"GO:0005996","monosaccharide metabolic process","30/720","262/18986",0.114503816793893,3.01940203562341,6.53467422482934,7.43432372680964e-08,4.1042315443985e-06,3.10387268639913e-06,"IGF1/GNMT/SLC2A3/PPP1R3B/PDK4/SDS/FBP1/ALDOB/MIDN/ATF3/NNMT/GPLD1/INSR/CPT1A/SLC39A14/LRP5/PCK1/B4GALT1/SLC37A4/PPARGC1A/PRKAG2/IRS2/GPT/MST1/KHK/GOT1/ACADM/RGN/FGGY/ERRFI1",30
"GO:0019318","hexose metabolic process","28/720","238/18986",0.117647058823529,3.10228758169935,6.47967096773693,1.14078252104975e-07,6.23014454237817e-06,4.71161903713701e-06,"IGF1/GNMT/PPP1R3B/PDK4/SDS/FBP1/ALDOB/MIDN/ATF3/NNMT/GPLD1/INSR/CPT1A/SLC39A14/LRP5/PCK1/B4GALT1/SLC37A4/PPARGC1A/PRKAG2/IRS2/GPT/MST1/KHK/GOT1/ACADM/RGN/ERRFI1",28
"GO:0072330","monocarboxylic acid biosynthetic process","27/720","224/18986",0.120535714285714,3.17845982142857,6.51154160893554,1.16441807807136e-07,6.29157384949408e-06,4.75807566280223e-06,"AVPR1A/CYP2C8/PDK4/SDS/ABHD3/GSTP1/CYP3A4/APOC3/RDH10/MGLL/APOC2/CYP2D6/ALDH8A1/GAMT/ERLIN2/ACMSD/ACADVL/PRKAG2/ELOVL2/ABCD3/APOA5/CEACAM1/INSIG1/PROX1/RGN/ERRFI1/SCP2",27
"GO:0006957","complement activation, alternative pathway","8/720","18/18986",0.444444444444444,11.7197530864198,9.03358398438793,1.28500386875556e-07,6.87003647306265e-06,5.19554472807652e-06,"C3/C5/CFH/CFB/C8G/CFHR5/C8A/C8B",8
"GO:0010896","regulation of triglyceride catabolic process","7/720","13/18986",0.538461538461538,14.1989316239316,9.45131578902221,1.54028062813287e-07,8.06503640235757e-06,6.0992772784122e-06,"FGF21/APOC3/AADAC/GPLD1/APOC2/APOA5/PNPLA2",7
"GO:0051918","negative regulation of fibrinolysis","7/720","13/18986",0.538461538461538,14.1989316239316,9.45131578902221,1.54028062813287e-07,8.06503640235757e-06,6.0992772784122e-06,"SERPINE1/SERPINF2/CPB2/VTN/F2/HRG/PLG",7
"GO:0006639","acylglycerol metabolic process","20/720","135/18986",0.148148148148148,3.90658436213992,6.7287197824577,1.82662202900288e-07,9.46674825031185e-06,7.15933811367508e-06,"C3/CIDEB/FGF21/AGPAT5/CPS1/APOC3/AADAC/GPLD1/AGPAT2/MGLL/GK/CPT1A/APOC2/PCK1/SEL1L/APOA5/INSIG1/PNPLA2/DGAT2/RGN",20
"GO:0009063","amino acid catabolic process","18/720","111/18986",0.162162162162162,4.27612612612613,6.8727167382935,1.86203875756117e-07,9.55282308045775e-06,7.22443320185083e-06,"TDO2/HAL/GLS/AGXT/SDS/ACAT1/ATP2B4/TAT/ALDH8A1/GPT2/ACMSD/DDAH1/AMDHD1/GPT/GOT1/HAAO/FTCD/ALDH6A1",18
"GO:0031638","zymogen activation","13/720","58/18986",0.224137931034483,5.91039272030651,7.43579970209668,1.96464708711012e-07,9.97844255543227e-06,7.54631286406822e-06,"SERPINE1/FURIN/KLKB1/PLAUR/IFI16/F9/SERPINF2/CPB2/C1RL/HPN/CTSL/F12/CTSZ",13
"GO:0006638","neutral lipid metabolic process","20/720","136/18986",0.147058823529412,3.87785947712418,6.68702863895007,2.06671886011472e-07,1.03929357331908e-05,7.85977813502722e-06,"C3/CIDEB/FGF21/AGPAT5/CPS1/APOC3/AADAC/GPLD1/AGPAT2/MGLL/GK/CPT1A/APOC2/PCK1/SEL1L/APOA5/INSIG1/PNPLA2/DGAT2/RGN",20
"GO:1903035","negative regulation of response to wounding","17/720","101/18986",0.168316831683168,4.43842134213421,6.87877506655676,2.33854410880133e-07,1.15856004582412e-05,8.76174466008065e-06,"SERPINE1/KLKB1/PLAUR/SERPINF2/CPB2/VTN/F2/HRG/CEACAM1/CERS2/PROC/PTEN/TFPI/F12/SERPING1/PLG/KNG1",17
"GO:0032868","response to insulin","30/720","276/18986",0.108695652173913,2.86624396135266,6.20063096915104,2.34951141405561e-07,1.15856004582412e-05,8.76174466008065e-06,"GHR/CAV2/FOS/EGR1/SOCS3/PDK4/FBP1/GPLD1/HMGCS2/INSR/PDE3B/SLC39A14/PCK1/VAMP2/CTSD/IRS2/CRY2/GPT/EIF4EBP2/KHK/GOT1/CEACAM1/RARRES2/SRSF6/STAT1/INSIG1/TNFSF10/ZFP36L1/NUCKS1/ERRFI1",30
"GO:0071356","cellular response to tumor necrosis factor","26/720","221/18986",0.117647058823529,3.10228758169935,6.24113820347724,3.22269367569213e-07,1.57385203642695e-05,1.19024384844135e-05,"CRHBP/CXCL8/CCL2/KLF2/FOS/ZFP36/NFKB1/CCL5/TMSB4X/PPP2CB/GSTP1/CLDN1/PCK1/ZFP36L2/ASAH1/APOA1/HSPA1B/NFKBIA/TANK/TNFAIP3/FOXO3/STAT1/HSPA1A/EIF5A/ZFP36L1/TXNDC17",26
"GO:0010565","regulation of cellular ketone metabolic process","21/720","153/18986",0.137254901960784,3.61933551198257,6.45842938538211,3.39753564479395e-07,1.64343652761033e-05,1.24286792660182e-05,"AVPR1A/EGR1/FABP1/PDK4/APOC3/RDH10/ATP2B4/CPT1A/APOC2/ERLIN2/ACMSD/ACADVL/PPARGC1A/PRKAG2/LONP2/IRS2/APOA5/CEACAM1/INSIG1/PROX1/RGN",21
"GO:0006869","lipid transport","41/720","459/18986",0.0893246187363834,2.35544057129024,5.83625279855038,3.63935885604811e-07,1.74380222923286e-05,1.3187706520079e-05,"PLA2G2A/SLC22A1/LCAT/SLC22A7/APOF/PON1/NR0B2/ANXA1/CIDEB/FABP1/CYP4A11/SERPINA5/FURIN/NFKB1/CLN8/CROT/GLTPD2/APOC3/CLU/SLC10A1/CPT1A/APOL6/APOC2/ABCB4/SEC24A/PLSCR1/APOA1/IRS2/CRY2/APOL1/NFKBIA/RBP5/ABCD3/PRAP1/APOA5/CEACAM1/SCARB2/AGT/NME4/PSAP/SCP2",41
"GO:0030194","positive regulation of blood coagulation","9/720","27/18986",0.333333333333333,8.78981481481481,8.04176030991881,3.91362581635149e-07,1.84049125196752e-05,1.39189284638076e-05,"SERPINE1/SERPINF2/CPB2/VTN/F2/HRG/F7/F12/PLG",9
"GO:1900048","positive regulation of hemostasis","9/720","27/18986",0.333333333333333,8.78981481481481,8.04176030991881,3.91362581635149e-07,1.84049125196752e-05,1.39189284638076e-05,"SERPINE1/SERPINF2/CPB2/VTN/F2/HRG/F7/F12/PLG",9
"GO:0006986","response to unfolded protein","20/720","143/18986",0.13986013986014,3.68803418803419,6.40586239058335,4.74150398562868e-07,2.2093668571567e-05,1.67085929923313e-05,"FGF21/CREB3L3/ATF3/HSPH1/DNAJB4/SERPINH1/DNAJB9/HERPUD1/HSPA6/PPP1R15B/PPP1R15A/HSPA1A/HSPA5/DNAJB1/BAG3/TMBIM6/ERP44/HSP90AA1/DNAJA1/TMBIM4",20
"GO:0019433","triglyceride catabolic process","9/720","28/18986",0.321428571428571,8.47589285714286,7.85951318842839,5.57409697625511e-07,2.57371259476361e-05,1.94639998721099e-05,"FGF21/CPS1/APOC3/AADAC/GPLD1/MGLL/APOC2/APOA5/PNPLA2",9
"GO:0046364","monosaccharide biosynthetic process","16/720","96/18986",0.166666666666667,4.39490740740741,6.62060067087184,6.05998925571898e-07,2.77285454322493e-05,2.09700339441618e-05,"GNMT/SDS/FBP1/ALDOB/ATF3/NNMT/SLC39A14/PCK1/SLC37A4/PPARGC1A/PRKAG2/GPT/MST1/GOT1/ACADM/RGN",16
"GO:0006635","fatty acid beta-oxidation","14/720","74/18986",0.189189189189189,4.98881381381381,6.82559817652688,6.2050237007822e-07,2.81386744431007e-05,2.12801987633029e-05,"FABP1/CROT/ACADS/ACAT1/CPT1A/ECHDC2/ACADVL/LONP2/IRS2/HADHB/ABCD3/ACADM/ACAA2/SCP2",14
"GO:0050792","regulation of viral process","22/720","173/18986",0.127167630057803,3.35333975594091,6.17345771362393,6.85745840416474e-07,3.08221515351794e-05,2.3309609424124e-05,"FCN3/SLPI/CLEC4G/CXCL8/ZFP36/FURIN/CXCR4/CCL5/VPS37B/IFIT1/IFI16/ZC3HAV1/ISG20/MBL2/PLSCR1/STAT1/BSG/IL32/PROX1/IFITM2/IFITM3/STAU1",22
"GO:0006898","receptor-mediated endocytosis","29/720","275/18986",0.105454545454545,2.78077777777778,5.90578180273746,7.01616948512722e-07,3.12588814166326e-05,2.36398914600454e-05,"HAMP/GHR/CXCL8/CAV2/SERPINE1/C3/CXCL16/APOC3/CLU/LMBRD1/INSR/CD14/APOC2/VTN/APP/TFR2/EZR/RAB21/ASGR1/IGF2R/APOA5/CEACAM1/VEGFA/ARF6/CTSL/SCARB2/ITGB1/B2M/ARF1",29
"GO:0050727","regulation of inflammatory response","39/720","438/18986",0.089041095890411,2.34796423135464,5.66652360379007,7.60754903981104e-07,3.34080825543221e-05,2.52652497364216e-05,"HAMP/PLA2G2A/IGF1/PGLYRP2/KLF4/DNASE1L3/SERPINE1/C3/SOCS3/ANXA1/FNDC4/ZFP36/FURIN/NFKB1/KLKB1/CREB3L3/NKG7/CCL5/TMSB4X/PTPRC/GSTP1/FYN/CST7/NFKBIZ/IER3/MGLL/PDCD4/APP/NT5E/APOA1/GNAS/NFKBIA/HLA-E/TNFAIP3/CAMK2N1/PROC/F12/AGT/VAMP8",39
"GO:0006457","protein folding","26/720","231/18986",0.112554112554113,2.96798941798942,5.97475411274908,7.6301192681657e-07,3.34080825543221e-05,2.52652497364216e-05,"CLU/ERO1B/HSPH1/DNAJB4/TXNDC5/HYOU1/PDIA4/ENTPD5/HSPA6/DNAJB6/HSPA1B/TAPBP/HSPA1A/HSPA5/DNAJB1/BAG3/FKBP5/HSP90B1/ERP44/SDF2L1/HSP90AA1/B2M/FKBP2/DNAJA1/CALR/WDR83OS",26
"GO:0090303","positive regulation of wound healing","13/720","66/18986",0.196969696969697,5.19398148148148,6.77622366633163,9.62645787774074e-07,4.17887004795258e-05,3.16031892000683e-05,"SERPINE1/ANXA1/CXCR4/SERPINF2/CPB2/CLDN1/VTN/F2/HRG/F7/F12/ITGB1/PLG",13
"GO:0051838","cytolysis by host of symbiont cells","6/720","11/18986",0.545454545454545,14.3833333333333,8.81494419994215,1.14348659611857e-06,4.90792563848779e-05,3.71167566239561e-05,"CFHR2/CFHR1/F2/APOL1/CFHR5/HRG",6
"GO:0097191","extrinsic apoptotic signaling pathway","26/720","236/18986",0.110169491525424,2.90510828625235,5.8468890628367,1.14991760381974e-06,4.90792563848779e-05,3.71167566239561e-05,"IGF1/KLF4/IFI27/G0S2/SERPINE1/LGALS3/ATF3/PTPRC/GSTP1/IFI6/SKIL/NFKBIZ/ICAM1/APP/PPP2R1B/MCL1/HSPA1B/MKNK2/GABARAP/TMBIM1/TNFAIP3/FOXO3/HSPA1A/BAG3/TNFSF10/AGT",26
"GO:0006094","gluconeogenesis","15/720","89/18986",0.168539325842697,4.44428838951311,6.46618166470668,1.17129040182104e-06,4.95748662570756e-05,3.74915673354823e-05,"GNMT/SDS/FBP1/ALDOB/ATF3/NNMT/SLC39A14/PCK1/SLC37A4/PPARGC1A/PRKAG2/GPT/MST1/GOT1/ACADM",15
"GO:0030449","regulation of complement activation","8/720","23/18986",0.347826086956522,9.1719806763285,7.7855186396007,1.21626611956229e-06,5.105302166328e-05,3.86094394978931e-05,"C3/C4BPA/CFH/CD46/C4BPB/A2M/SERPING1/CD59",8
"GO:0042180","cellular ketone metabolic process","26/720","237/18986",0.109704641350211,2.89285044538209,5.8217190412327,1.24625529147627e-06,5.188303791318e-05,3.92371489093779e-05,"AVPR1A/TDO2/EGR1/FABP1/PDK4/APOC3/RDH10/ATP2B4/CPT1A/HSD17B6/APOC2/ALDH8A1/ERLIN2/ACMSD/ACADVL/PPARGC1A/PRKAG2/LONP2/IRS2/GGCX/APOA5/CEACAM1/INSIG1/PROX1/RGN/SCP2",26
"GO:0050673","epithelial cell proliferation","41/720","482/18986",0.0850622406639004,2.24304402950669,5.4881635296229,1.29477630999573e-06,5.34647876298237e-05,4.04333654700421e-05,"SPINK1/GPC3/IGF1/CCL2/CDKN1A/CAV2/AREG/EGFL7/RGCC/LRG1/ANG/NR4A1/ZFP36/EGFR/LGR4/CCL5/ID2/FGL1/NFKBIZ/CPB2/CLDN1/B4GALT1/SLC39A9/STAT6/APOA1/NFIB/IRS2/PTPRK/HPN/CEACAM1/TNFAIP3/VEGFA/SRSF6/STAT1/POLD4/PROX1/RGN/B2M/RTN4/ZFP36L1/ERRFI1",41
"GO:0050820","positive regulation of coagulation","9/720","31/18986",0.290322580645161,7.65564516129032,7.36307009304952,1.46888225445851e-06,6.01649433096353e-05,4.550043587877e-05,"SERPINE1/SERPINF2/CPB2/VTN/F2/HRG/F7/F12/PLG",9
"GO:0048732","gland development","39/720","450/18986",0.0866666666666667,2.28535185185185,5.47860634809883,1.48836136525887e-06,6.04750989931986e-05,4.57349947101443e-05,"CRIP1/AREG/MAFB/EGFR/NFKB1/CPS1/CDH1/ID2/FGL1/CPB2/HMGCS2/ACAT1/INSR/ARHGAP5/CPT1A/CLDN1/LRP5/PCK1/VTN/CITED2/STAT6/APOA1/NFIB/IRS2/SLC29A1/HPN/IGF2R/CEACAM1/TNFAIP3/VEGFA/ARF6/PPDPF/LSR/ACADM/PROX1/RGN/RTN4/ERRFI1/PSAP",39
"GO:0009636","response to toxic substance","28/720","270/18986",0.103703703703704,2.73460905349794,5.69936925004522,1.51982936520385e-06,6.12635979830982e-05,4.63313062124383e-05,"SLC22A1/CDKN1A/FOS/PON1/KDM6B/FABP1/CPS1/CCL5/ALB/CDH1/GCH1/MT1F/GSTP1/PON3/SLC6A1/MT1E/CLDN1/SLC30A10/MT2A/CCL4/NNT/AMBP/EPHX2/BPHL/MAOB/TP53INP1/TXNDC17/CP",28
"GO:0051591","response to cAMP","15/720","91/18986",0.164835164835165,4.34661172161172,6.35334440171668,1.56871072069517e-06,6.27360767748878e-05,4.7444885369388e-05,"CRHBP/FOSB/FOS/AREG/CPS1/FBP1/PER1/HMGCS2/PCK1/EZR/FDX1/STAT1/BSG/RAP1A/ZFP36L1",15
"GO:0008210","estrogen metabolic process","10/720","40/18986",0.25,6.59236111111111,7.02936765150061,1.74513173417103e-06,6.92462818582395e-05,5.23683034374185e-05,"CYP3A7/UGT2A3/CYP2C8/HSD17B2/UGT2B15/CYP3A4/CYP2D6/UGT2B10/UGT2B7/CYP3A5",10
"GO:0019319","hexose biosynthetic process","15/720","92/18986",0.16304347826087,4.29936594202899,6.29813938022267,1.80958068215908e-06,7.12469789510539e-05,5.38813538082291e-05,"GNMT/SDS/FBP1/ALDOB/ATF3/NNMT/SLC39A14/PCK1/SLC37A4/PPARGC1A/PRKAG2/GPT/MST1/GOT1/ACADM",15
"GO:2001233","regulation of apoptotic signaling pathway","36/720","403/18986",0.0893300248138958,2.35558312655087,5.46098000367683,1.87758992355553e-06,7.33559940133734e-05,5.54763208992238e-05,"VNN1/IGF1/KLF4/G0S2/SERPINE1/LGALS3/NR4A2/PLAUR/ATF3/PTPRC/GSTP1/FYN/IFI6/CLU/SKIL/ICAM1/IER3/HYOU1/CTSS/APP/PPP2R1B/MCL1/HERPUD1/HSPA1B/TMBIM1/TNFAIP3/HSPA1A/EIF5A/CTSL/TMBIM6/TNFSF10/TPT1/AGT/ACAA2/UBB/DNAJA1",36
"GO:0006520","amino acid metabolic process","29/720","289/18986",0.100346020761246,2.64606881968474,5.59835930366172,1.93673564817037e-06,7.50891630309719e-05,5.67870500616608e-05,"ASPG/TDO2/HAL/GNMT/GLS/DPYD/AGXT/GLYATL1/SDS/CPS1/ACAT1/ATP2B4/TAT/ALDH8A1/GPT2/ACMSD/GFPT1/MSRA/PSAT1/DDAH1/AMDHD1/GPT/ASL/GOT1/BPHL/HAAO/FTCD/HAO1/ALDH6A1",29
"GO:0010906","regulation of glucose metabolic process","16/720","105/18986",0.152380952380952,4.01820105820106,6.15715579544532,2.08608634203845e-06,8.0266913115252e-05,6.07027835893005e-05,"IGF1/GNMT/PPP1R3B/PDK4/FBP1/MIDN/NNMT/GPLD1/INSR/PPARGC1A/PRKAG2/IRS2/GPT/MST1/ACADM/RGN",16
"GO:0006979","response to oxidative stress","36/720","405/18986",0.0888888888888889,2.34395061728395,5.42782832869947,2.10566565884163e-06,8.04110968515535e-05,6.08118242114214e-05,"VNN1/KLF4/KLF2/FOS/AREG/KDM6B/NR4A2/FABP1/TXNIP/EGFR/GCH1/PPP2CB/EPAS1/GSTP1/FYN/PLK3/MAP1LC3A/MBL2/TAT/APP/PPARGC1A/STAT6/MSRA/HSPA1B/PTPRK/PPP1R15B/RHOB/TNFAIP3/FOXO3/AMBP/STAT1/HSPA1A/HAO1/TP53INP1/STAU1/MSRB2",36
"GO:0002707","negative regulation of lymphocyte mediated immunity","12/720","60/18986",0.2,5.27388888888889,6.58293030205393,2.12158790068998e-06,8.04145145343614e-05,6.08144088736665e-05,"CLEC4G/SERPINB9/C4BPA/IL7R/PTPRC/CD46/HLA-B/C4BPB/HLA-F/HLA-E/CEACAM1/HLA-A",12
"GO:0030100","regulation of endocytosis","30/720","307/18986",0.0977198697068404,2.57681867535288,5.52998500824135,2.2366131095597e-06,8.41463554329904e-05,6.36366568170241e-05,"HAMP/FCN3/GPC3/CCL2/SERPINE1/C3/LGALS3/IL2RG/PTPRC/CYBA/APOC3/CLU/INSR/CD14/MBL2/APOC2/VTN/C2/APP/TFR2/PLSCR1/APOA1/RAB21/APOA5/VEGFA/ARF6/CD151/B2M/CALR/ARF1",30
"GO:0010755","regulation of plasminogen activation","7/720","18/18986",0.388888888888889,10.2547839506173,7.79904792594334,2.41855251547262e-06,9.03222663682751e-05,6.83072610600586e-05,"SERPINE1/PLAUR/SERPINF2/CPB2/HPN/F12/CTSZ",7
"GO:0052548","regulation of endopeptidase activity","26/720","248/18986",0.104838709677419,2.76453853046595,5.55322399395007,2.92135862987106e-06,0.000108303507161424,8.19057828689934e-05,"SERPINA7/SERPINA11/SERPINE1/SERPINB9/SERPINA3/FABP1/SERPINA5/FURIN/PLAUR/IFI16/IFI6/SERPINA4/TIMP1/SERPINF2/SERPINH1/VTN/SERPINA6/CTSD/DNAJB6/VEGFA/TNFSF10/SERPING1/SERPINA1/ARL6IP1/PSME1/SERPIND1",26
"GO:0019217","regulation of fatty acid metabolic process","16/720","108/18986",0.148148148148148,3.90658436213992,6.01404456294193,3.05126884425685e-06,0.000112299959854931,8.49281465499102e-05,"AVPR1A/FABP1/PDK4/APOC3/CPT1A/APOC2/ERLIN2/ACADVL/PPARGC1A/PRKAG2/LONP2/IRS2/APOA5/CEACAM1/INSIG1/RGN",16
"GO:0031348","negative regulation of defense response","29/720","297/18986",0.0976430976430976,2.57479423868313,5.43073776214835,3.34326135315667e-06,0.000122161326709948,9.23859195582635e-05,"HAMP/IGF1/KLF4/SOCS3/SERPINB9/FNDC4/ZFP36/FURIN/NFKB1/TMSB4X/PTPRC/GSTP1/FYN/IFI16/CST7/IER3/STAT2/HLA-B/NT5E/APOA1/GNAS/HLA-F/A2M/HLA-E/CEACAM1/TNFAIP3/PROC/SERPING1/HLA-A",29
"GO:0003158","endothelium development","19/720","148/18986",0.128378378378378,3.38526651651652,5.78362592096882,3.38557536645834e-06,0.000122823837758871,9.28869512195976e-05,"CXCL10/KDM6B/CXCR4/ARHGEF26/ICAM1/F11R/CLDN1/COL18A1/EZR/RAP2C/BTG1/SLC40A1/RHOB/CEACAM1/VEGFA/BSG/PROC/PROX1/RAP1A",19
"GO:0001911","negative regulation of leukocyte mediated cytotoxicity","8/720","26/18986",0.307692307692308,8.11367521367522,7.20628381711885,3.50276802114643e-06,0.000126174175740445,9.5420683159114e-05,"SERPINB9/IL7R/PTPRC/HLA-B/HLA-F/HLA-E/CEACAM1/HLA-A",8
"GO:0046683","response to organophosphorus","18/720","135/18986",0.133333333333333,3.51592592592593,5.82434859606565,3.53919914258528e-06,0.000126588679191483,9.57341561993602e-05,"CRHBP/FOSB/FOS/AREG/CPS1/FBP1/PER1/HMGCS2/PCK1/NT5E/EZR/FDX1/STAT1/BSG/HSP90B1/RAP1A/ZFP36L1/ERRFI1",18
"GO:0006694","steroid biosynthetic process","22/720","191/18986",0.115183246073298,3.03731820826062,5.61829071243153,3.65498879375616e-06,0.000129816000583829,9.81748554171234e-05,"CYP3A7/EGR1/HSD17B2/NFKB1/CYP3A4/HMGCS2/HSD17B6/IGFBP7/ERLIN2/PRKAG2/ASAH1/APOA1/ABCD3/FDX1/INSIG1/PROX1/TM7SF2/ATP1A1/CYB5R3/ACAA2/ERRFI1/SCP2",22
"GO:0002822","regulation of adaptive immune response based on somatic recombination of immune receptors built from immunoglobulin superfamily domains","23/720","206/18986",0.111650485436893,2.94416127292341,5.57016328530972,3.76498104232563e-06,0.000132794018847027,0.000100427016253262,"CLEC4G/C3/ANXA1/C4BPA/IL7R/JUNB/CD69/HPX/PTPRC/CD7/NFKBIZ/CD46/HLA-B/STAT6/C4BPB/HLA-C/HLA-F/HLA-E/CEACAM1/TNFAIP3/BRD2/HLA-A/B2M",23
"GO:0002819","regulation of adaptive immune response","24/720","221/18986",0.108597285067873,2.86365007541478,5.53268629127442,3.79218552676849e-06,0.000132831105451429,0.000100455063427791,"CLEC4G/C3/ANXA1/C4BPA/IL7R/JUNB/SAMSN1/CD69/HPX/PTPRC/CD7/NFKBIZ/CD46/HLA-B/STAT6/C4BPB/HLA-C/HLA-F/HLA-E/CEACAM1/TNFAIP3/BRD2/HLA-A/B2M",24
"GO:0036294","cellular response to decreased oxygen levels","20/720","163/18986",0.122699386503067,3.23551465576005,5.69084457763037,3.81855961836414e-06,0.000132838796586791,0.000100460879938073,"FOS/RGCC/FABP1/EPAS1/PLK3/MAP1LC3A/AQP3/HYOU1/PCK1/CITED2/DDAH1/SLC29A1/FOXO3/VEGFA/EGLN1/TMBIM6/ACAA2/RTN4/ZFP36L1/SDHD",20
"GO:0016051","carbohydrate biosynthetic process","23/720","207/18986",0.111111111111111,2.92993827160494,5.54296558962857,4.08735560499562e-06,0.000141222306923624,0.000106801006821547,"IGF1/GNMT/PPP1R3B/SDS/NFKB1/FBP1/ALDOB/ATF3/NNMT/INSR/SLC39A14/PCK1/B4GALT1/SLC37A4/PPARGC1A/PRKAG2/IRS2/GPT/MST1/UGP2/GOT1/ACADM/RGN",23
"GO:2001236","regulation of extrinsic apoptotic signaling pathway","20/720","164/18986",0.121951219512195,3.21578590785908,5.65804839464482,4.19727753256906e-06,0.000144040355323772,0.0001089321885942,"IGF1/KLF4/G0S2/SERPINE1/LGALS3/ATF3/PTPRC/GSTP1/IFI6/SKIL/ICAM1/APP/PPP2R1B/MCL1/HSPA1B/TMBIM1/TNFAIP3/HSPA1A/TNFSF10/AGT",20
"GO:0045088","regulation of innate immune response","39/720","470/18986",0.0829787234042553,2.18810283687943,5.17820450336566,4.26193085269969e-06,0.000145277495307797,0.000109867790049461,"FCN3/PELI1/SERPINB9/KLRB1/LGR4/CCL5/CFH/HPX/CYBA/FYN/IFI16/NFKBIZ/ZC3HAV1/CD14/CPT1A/MBL2/SMPDL3A/NEK7/CTSS/STAT2/APP/HLA-B/PLSCR1/HSPA1B/NFKBIA/HLA-F/LAMP2/A2M/HLA-E/CEACAM1/TNFAIP3/HSPA1A/LYPLAL1/LAMP1/SERPING1/HLA-A/HSP90AA1/YWHAE/RTN4",39
"GO:0006109","regulation of carbohydrate metabolic process","22/720","193/18986",0.113989637305699,3.00584340817501,5.56067413603985,4.33899511151231e-06,0.000146442544176718,0.000110748871763162,"IGF1/GNMT/PPP1R3B/PDK4/NFKB1/FBP1/ALDOB/MIDN/NNMT/GPLD1/INSR/IER3/APP/PPARGC1A/PRKAG2/IRS2/GPT/MST1/KHK/ACADM/SCARB2/RGN",22
"GO:0170035","L-amino acid catabolic process","13/720","75/18986",0.173333333333333,4.5707037037037,6.15144323451997,4.35377518619502e-06,0.000146442544176718,0.000110748871763162,"HAL/GLS/AGXT/SDS/ATP2B4/TAT/ALDH8A1/GPT2/DDAH1/AMDHD1/GPT/GOT1/FTCD",13
"GO:0048525","negative regulation of viral process","15/720","99/18986",0.151515151515152,3.99537037037037,5.9324824067258,4.65134594778643e-06,0.000155422276768469,0.000117539898639008,"FCN3/SLPI/ZFP36/CCL5/IFIT1/IFI16/ZC3HAV1/ISG20/MBL2/PLSCR1/STAT1/IL32/PROX1/IFITM2/IFITM3",15
"GO:0031639","plasminogen activation","8/720","27/18986",0.296296296296296,7.81316872427983,7.03352661574102,4.81283346936174e-06,0.000159767197326067,0.000120825795181981,"SERPINE1/KLKB1/PLAUR/SERPINF2/CPB2/HPN/F12/CTSZ",8
"GO:0031341","regulation of cell killing","16/720","112/18986",0.142857142857143,3.76706349206349,5.83103949084141,4.95533012124395e-06,0.000163429361596091,0.000123595349367185,"DNASE1L3/SERPINB9/IL7R/KLRB1/CFH/PTPRC/ICAM1/HLA-B/HLA-C/HLA-F/HLA-E/CEACAM1/LAMP1/HLA-A/CD59/B2M",16
"GO:0061077","chaperone-mediated protein folding","13/720","76/18986",0.171052631578947,4.51056286549708,6.08818174553392,5.07226630055316e-06,0.000166206713164577,0.00012569575368909,"CLU/HSPH1/DNAJB4/PDIA4/HSPA6/DNAJB6/HSPA1B/HSPA1A/HSPA5/DNAJB1/FKBP5/SDF2L1/FKBP2",13
"GO:0050900","leukocyte migration","35/720","404/18986",0.0866336633663366,2.28448157315732,5.18110215575332,5.16424075912617e-06,0.000168135761638473,0.000127154618961211,"CCL25/CXCL8/CCL2/CCL20/CXCL10/SERPINE1/ANXA1/LGALS3/C5/PDE4B/CXCL16/CXCR4/CXCL2/CCL5/CD69/FYN/NEDD9/ICAM1/F11R/B4GALT1/CCL4/APP/MTUS1/F7/VEGFA/RARRES2/BSG/SBDS/DUSP1/MYH9/GOLPH3/ITGB1/PLG/RTN4/CALR",35
"GO:0062013","positive regulation of small molecule metabolic process","19/720","153/18986",0.124183006535948,3.27463689179375,5.60851470757778,5.55574780463824e-06,0.000179730210826482,0.000135923055575762,"AVPR1A/IGF1/FABP1/PPP1R3B/TMSB4X/RDH10/NNMT/GPLD1/INSR/CPT1A/APOC2/APP/PPARGC1A/PRKAG2/APOA1/IRS2/GPT/APOA5/RGN",19
"GO:0046209","nitric oxide metabolic process","14/720","89/18986",0.157303370786517,4.1480024968789,5.90994531344883,6.14200381363408e-06,0.000197438211199035,0.000149314936148906,"KLF4/KLF2/CPS1/GCH1/CLU/INSR/ATP2B4/APP/DDAH1/ASL/RGN/CYB5R3/HSP90AA1/DYNLL1",14
"GO:0050996","positive regulation of lipid catabolic process","8/720","28/18986",0.285714285714286,7.53412698412698,6.86942124344981,6.5150029780562e-06,0.000208111321544323,0.000157386599582437,"FABP1/FGF21/AADAC/CPT1A/APOC2/IRS2/APOA5/PNPLA2",8
"GO:0032869","cellular response to insulin stimulus","23/720","213/18986",0.107981220657277,2.84740479916536,5.38312979534809,6.60927175123626e-06,0.000209803070153306,0.000158666004080665,"GHR/CAV2/SOCS3/PDK4/FBP1/GPLD1/HMGCS2/INSR/PDE3B/SLC39A14/PCK1/VAMP2/CTSD/IRS2/GPT/EIF4EBP2/GOT1/CEACAM1/RARRES2/STAT1/INSIG1/ZFP36L1/NUCKS1",23
"GO:0045916","negative regulation of complement activation","6/720","14/18986",0.428571428571429,11.3011904761905,7.65499127086162,6.73927589265179e-06,0.000212414228399578,0.000160640722775942,"C4BPA/CD46/C4BPB/A2M/SERPING1/CD59",6
"GO:0048260","positive regulation of receptor-mediated endocytosis","11/720","56/18986",0.196428571428571,5.1797123015873,6.21891925708806,6.77517326259729e-06,0.000212414228399578,0.000160640722775942,"HAMP/SERPINE1/C3/CLU/INSR/VTN/APP/RAB21/APOA5/VEGFA/B2M",11
"GO:0090207","regulation of triglyceride metabolic process","10/720","46/18986",0.217391304347826,5.73248792270531,6.38011144896771,6.83138245327629e-06,0.000212862524418345,0.000160979751837295,"C3/CIDEB/FGF21/APOC3/AADAC/GPLD1/APOC2/APOA5/PNPLA2/RGN",10
"GO:0031100","animal organ regeneration","12/720","67/18986",0.17910447761194,4.7228855721393,6.06063072011164,7.13113959386727e-06,0.000220847914617389,0.000167018795751102,"CDKN1A/NR0B2/EGFR/NNMT/LCP1/CPB2/CPT1A/CLDN1/VTN/F7/IGF2R/RGN",12
"GO:0071456","cellular response to hypoxia","19/720","156/18986",0.121794871794872,3.21166310541311,5.50688407960341,7.39577988373406e-06,0.00022765555169385,0.000172167150212093,"FOS/RGCC/FABP1/EPAS1/PLK3/AQP3/HYOU1/PCK1/CITED2/DDAH1/SLC29A1/FOXO3/VEGFA/EGLN1/TMBIM6/ACAA2/RTN4/ZFP36L1/SDHD",19
"GO:0042594","response to starvation","24/720","230/18986",0.104347826086957,2.75159420289855,5.30612073245085,7.55796270925251e-06,0.000231246340965624,0.000174882726227409,"CDKN1A/FOS/ZFP36/PDK4/CPS1/ALB/ATF3/IFI16/HMGCS2/ACAT1/MAP1LC3A/FOXA3/PCK1/PPARGC1A/PRKAG2/GPT/LAMP2/GABARAPL1/SLC38A3/GABARAP/FOXO3/KLF10/HSPA5/ACADM",24
"GO:2001057","reactive nitrogen species metabolic process","14/720","91/18986",0.153846153846154,4.05683760683761,5.80322538492919,8.01522335789132e-06,0.000243768379848683,0.000184352663302524,"KLF4/KLF2/CPS1/GCH1/CLU/INSR/ATP2B4/APP/DDAH1/ASL/RGN/CYB5R3/HSP90AA1/DYNLL1",14
"GO:0019079","viral genome replication","17/720","130/18986",0.130769230769231,3.44831196581197,5.56113539515916,8.55624748359185e-06,0.000258673696245018,0.000195624981626733,"SLPI/CXCL8/CCL2/IFI27/CCL5/IFIT1/IFI16/ZC3HAV1/ISG20/PLSCR1/NFIA/PROX1/IFITM2/IFITM3/PCBP1/NUCKS1/STAU1",17
"GO:0031342","negative regulation of cell killing","8/720","29/18986",0.275862068965517,7.27432950191571,6.71322709155688,8.69932515378779e-06,0.000261443032284546,0.000197719324111938,"SERPINB9/IL7R/PTPRC/HLA-B/HLA-F/HLA-E/CEACAM1/HLA-A",8
"GO:0002920","regulation of humoral immune response","10/720","48/18986",0.208333333333333,5.49363425925926,6.18872388612753,1.02355096916095e-05,0.000305800904256969,0.000231265479038285,"C3/C4BPA/CFH/HPX/PTPRC/CD46/C4BPB/A2M/SERPING1/CD59",10
"GO:0006809","nitric oxide biosynthetic process","13/720","81/18986",0.160493827160494,4.23213305898491,5.78752955987839,1.04743995354895e-05,0.000308769203399014,0.000233510289676377,"KLF4/KLF2/GCH1/CLU/INSR/ATP2B4/APP/DDAH1/ASL/RGN/CYB5R3/HSP90AA1/DYNLL1",13
"GO:1903036","positive regulation of response to wounding","13/720","81/18986",0.160493827160494,4.23213305898491,5.78752955987839,1.04743995354895e-05,0.000308769203399014,0.000233510289676377,"SERPINE1/ANXA1/CXCR4/SERPINF2/CPB2/CLDN1/VTN/F2/HRG/F7/F12/ITGB1/PLG",13
"GO:0045834","positive regulation of lipid metabolic process","17/720","132/18986",0.128787878787879,3.39606481481481,5.48445652620628,1.0517242013788e-05,0.000308769203399014,0.000233510289676377,"AVPR1A/FABP1/FGF21/AADAC/RDH10/GPLD1/CPT1A/APOC2/PCK1/PPARGC1A/F2/APOA1/IRS2/APOA5/PNPLA2/RGN/SCP2",17
"GO:1903900","regulation of viral life cycle","18/720","146/18986",0.123287671232877,3.25102739726027,5.42083991060742,1.07860303671547e-05,0.00031484050709643,0.000238101783483046,"FCN3/SLPI/CLEC4G/CXCL8/FURIN/CCL5/VPS37B/IFIT1/IFI16/ZC3HAV1/ISG20/PLSCR1/BSG/IL32/PROX1/IFITM2/IFITM3/STAU1",18
"GO:0051412","response to corticosterone","6/720","15/18986",0.4,10.5477777777778,7.34433777123617,1.08718762863811e-05,0.000315532912334454,0.000238625422971456,"AVPR1A/FOSB/CDKN1A/FOS/FOXO3/MAOB",6
"GO:0009408","response to heat","15/720","106/18986",0.141509433962264,3.7315251572327,5.59895484092151,1.09551443537919e-05,0.000316143057800619,0.000239086852553747,"IGF1/CXCL10/CDKN1A/DNAJB4/IER5/HSPA6/DNAJB6/HSPA1B/HSPA1A/DNAJB1/BAG3/HSP90AA1/YWHAE/TP53INP1/DNAJA1",15
"GO:0090208","positive regulation of triglyceride metabolic process","7/720","22/18986",0.318181818181818,8.39027777777778,6.88584039160201,1.13488354685529e-05,0.000325653872004408,0.000246279516055603,"FGF21/AADAC/GPLD1/APOC2/APOA5/PNPLA2/RGN",7
"GO:0046461","neutral lipid catabolic process","9/720","39/18986",0.230769230769231,6.08525641025641,6.31138617507083,1.17625119816464e-05,0.000333753063434536,0.00025240462346973,"FGF21/CPS1/APOC3/AADAC/GPLD1/MGLL/APOC2/APOA5/PNPLA2",9
"GO:0046464","acylglycerol catabolic process","9/720","39/18986",0.230769230769231,6.08525641025641,6.31138617507083,1.17625119816464e-05,0.000333753063434536,0.00025240462346973,"FGF21/CPS1/APOC3/AADAC/GPLD1/MGLL/APOC2/APOA5/PNPLA2",9
"GO:0009266","response to temperature stimulus","20/720","176/18986",0.113636363636364,2.99652777777778,5.28307912705765,1.22652047480324e-05,0.000346083193973649,0.000261729427634915,"IGF1/CXCL10/CDKN1A/CXCR4/HMGCS2/DNAJB4/IER5/ACADVL/HSPA6/DNAJB6/HSPA1B/NFKBIA/HSPA1A/DNAJB1/ACADM/BAG3/HSP90AA1/YWHAE/TP53INP1/DNAJA1",20
"GO:0002704","negative regulation of leukocyte mediated immunity","12/720","71/18986",0.169014084507042,4.45680751173709,5.79363352960275,1.32531311413244e-05,0.000369849742125202,0.000279703155203545,"CLEC4G/SERPINB9/C4BPA/IL7R/PTPRC/CD46/HLA-B/C4BPB/HLA-F/HLA-E/CEACAM1/HLA-A",12
"GO:0170040","proteinogenic amino acid catabolic process","12/720","71/18986",0.169014084507042,4.45680751173709,5.79363352960275,1.32531311413244e-05,0.000369849742125202,0.000279703155203545,"HAL/GLS/AGXT/SDS/ATP2B4/TAT/GPT2/DDAH1/AMDHD1/GPT/GOT1/FTCD",12
"GO:0120254","olefinic compound metabolic process","19/720","163/18986",0.116564417177914,3.07373892297205,5.27901969902505,1.39877569066363e-05,0.000388217581031727,0.000293594046317607,"CYP3A7/CYP2C8/EGR1/CYP4A22/CYP4A11/GSTP1/CYP3A4/RDH10/DHRS7/MGLL/HSD17B6/CYP2D6/ALDH8A1/ELOVL2/EPHX2/PNPLA2/DGAT2/CYP3A5/SCP2",19
"GO:0032496","response to lipopolysaccharide","31/720","354/18986",0.0875706214689266,2.30918863779033,4.93655457968896,1.43392123234498e-05,0.00039580901842827,0.000299335158857371,"SLPI/CXCL8/HPGD/CCL2/CXCL10/SERPINE1/FOS/PELI1/NR4A1/PDE4B/ZFP36/NFKB1/CPS1/CXCL2/GCH1/GSTP1/NFKBIZ/HMGCS2/PDCD4/CD14/CLDN1/VIM/FOSL2/PCK1/TAB2/C2/HADHB/NFKBIA/TNFAIP3/MAOB/B2M",31
"GO:0071453","cellular response to oxygen levels","20/720","178/18986",0.112359550561798,2.96285892634207,5.22369248851921,1.45118559125631e-05,0.000398409276648151,0.000301301634281324,"FOS/RGCC/FABP1/EPAS1/PLK3/MAP1LC3A/AQP3/HYOU1/PCK1/CITED2/DDAH1/SLC29A1/FOXO3/VEGFA/EGLN1/TMBIM6/ACAA2/RTN4/ZFP36L1/SDHD",20
"GO:0010907","positive regulation of glucose metabolic process","10/720","50/18986",0.2,5.27388888888889,6.00777873509524,1.50112495460627e-05,0.000409903959378776,0.000309994621355873,"IGF1/PPP1R3B/NNMT/GPLD1/INSR/PPARGC1A/PRKAG2/IRS2/GPT/RGN",10
"GO:0030595","leukocyte chemotaxis","24/720","240/18986",0.1,2.63694444444444,5.0668153448085,1.55071100005165e-05,0.000419664595412679,0.000317376215512972,"CCL25/CXCL8/CCL2/CXCL10/SERPINE1/ANXA1/LGALS3/C5/PDE4B/CXCL16/CXCR4/CXCL2/CCL5/NEDD9/CCL4/APP/MTUS1/F7/VEGFA/RARRES2/BSG/SBDS/DUSP1/CALR",24
"GO:0042326","negative regulation of phosphorylation","25/720","256/18986",0.09765625,2.57514105902778,5.03756158640729,1.56118231016121e-05,0.000419664595412679,0.000317376215512972,"CDKN1A/SAMSN1/RGS2/MIDN/PTPRC/GSTP1/CNKSR3/GNAQ/PDCD4/LRP5/PRKAG2/IRS2/PPP1R15B/CEACAM1/TNFAIP3/PTEN/DUSP1/TAF7/AGT/ERRFI1/HNRNPU/DNAJA1/CALM2/CALM1/DYNLL1",25
"GO:0061844","antimicrobial humoral immune response mediated by antimicrobial peptide","17/720","136/18986",0.125,3.29618055555556,5.33543255230238,1.56831683918797e-05,0.000419664595412679,0.000317376215512972,"HAMP/CCL25/CXCL8/CCL2/CCL20/CXCL10/GNLY/LGALS3/ANG/CXCL2/CCL5/CCL4/APP/F2/HRG/B2M/KNG1",17
"GO:0014074","response to purine-containing compound","18/720","150/18986",0.12,3.16433333333333,5.28354315600442,1.57030208050396e-05,0.000419664595412679,0.000317376215512972,"CRHBP/FOSB/FOS/AREG/CPS1/FBP1/PER1/SLC6A1/HMGCS2/PCK1/NT5E/EZR/FDX1/STAT1/BSG/HSP90B1/RAP1A/ZFP36L1",18
"GO:0019885","antigen processing and presentation of endogenous peptide antigen via MHC class I","7/720","23/18986",0.304347826086957,8.02548309178744,6.6932401983952,1.57818345587363e-05,0.000419664595412679,0.000317376215512972,"HLA-B/HLA-C/HLA-F/HLA-E/TAPBP/HLA-A/B2M",7
"GO:0070989","oxidative demethylation","5/720","10/18986",0.5,13.1847222222222,7.65179135461863,1.66321049079583e-05,0.000432449917475714,0.000327045263545223,"CYP3A7/CYP2C8/CYP3A4/CYP2D6/CYP3A5",5
"GO:0010563","negative regulation of phosphorus metabolic process","28/720","306/18986",0.0915032679738562,2.41289034132171,4.94687066361844,1.66374784651725e-05,0.000432449917475714,0.000327045263545223,"CDKN1A/FBP1/SAMSN1/RGS2/ALDOB/MIDN/PTPRC/GSTP1/CNKSR3/GNAQ/IER3/PDCD4/LRP5/PRKAG2/IRS2/PPP1R15B/CEACAM1/TNFAIP3/PTEN/DUSP1/TAF7/AGT/ERRFI1/HNRNPU/DNAJA1/CALM2/CALM1/DYNLL1",28
"GO:0045936","negative regulation of phosphate metabolic process","28/720","306/18986",0.0915032679738562,2.41289034132171,4.94687066361844,1.66374784651725e-05,0.000432449917475714,0.000327045263545223,"CDKN1A/FBP1/SAMSN1/RGS2/ALDOB/MIDN/PTPRC/GSTP1/CNKSR3/GNAQ/IER3/PDCD4/LRP5/PRKAG2/IRS2/PPP1R15B/CEACAM1/TNFAIP3/PTEN/DUSP1/TAF7/AGT/ERRFI1/HNRNPU/DNAJA1/CALM2/CALM1/DYNLL1",28
"GO:0006633","fatty acid biosynthetic process","19/720","165/18986",0.115151515151515,3.03648148148148,5.21616009428341,1.66580321296025e-05,0.000432449917475714,0.000327045263545223,"AVPR1A/CYP2C8/PDK4/ABHD3/GSTP1/CYP3A4/APOC3/MGLL/APOC2/CYP2D6/ERLIN2/ACADVL/PRKAG2/ELOVL2/ABCD3/APOA5/CEACAM1/INSIG1/RGN",19
"GO:0051222","positive regulation of protein transport","25/720","257/18986",0.0972762645914397,2.56512105490705,5.01541671496579,1.6688360666517e-05,0.000432449917475714,0.000327045263545223,"IGF1/NR0B2/ANG/SRI/EGFR/CDH1/PLK3/GPLD1/PGRMC1/APP/VAMP2/PCM1/SEC24A/TMED10/F2/IRS2/PPM1A/ARF6/OAZ1/BSG/BAG3/GOLPH3/HSP90AA1/YWHAE/DYNLL1",25
"GO:0001909","leukocyte mediated cytotoxicity","18/720","151/18986",0.119205298013245,3.14337748344371,5.24993767567557,1.72097212462493e-05,0.000443696315785279,0.000335550482647949,"IGHG1/DNASE1L3/SERPINB9/GZMB/IL7R/KLRB1/NKG7/PTPRC/ICAM1/HLA-B/F2/HLA-C/HLA-F/HLA-E/CEACAM1/LAMP1/HLA-A/B2M",18
"GO:1903317","regulation of protein maturation","12/720","73/18986",0.164383561643836,4.33470319634703,5.667456910457,1.77585751225616e-05,0.000455534358825708,0.000344503139937412,"SERPINE1/ANGPTL8/FURIN/KLKB1/PLAUR/SERPINF2/CPB2/TFR2/HPN/MYH9/F12/CTSZ",12
"GO:0033673","negative regulation of kinase activity","19/720","166/18986",0.114457831325301,3.01818942436412,5.18508622488763,1.81572993548048e-05,0.000463421725743987,0.000350468052608742,"CDKN1A/RGS2/MIDN/PTPRC/GSTP1/GNAQ/PDCD4/LRP5/PRKAG2/IRS2/CEACAM1/TNFAIP3/PTEN/DUSP1/TAF7/AGT/ERRFI1/HNRNPU/DNAJA1",19
"GO:0046631","alpha-beta T cell activation","21/720","196/18986",0.107142857142857,2.82529761904762,5.09974141137286,1.85510162834371e-05,0.000468759262206852,0.000354504626437613,"CLEC4G/SOCS3/ZBTB16/ANXA1/LGALS3/JUNB/NKG7/IL2RG/CD69/PTPRC/TRBC1/TRBC2/CLEC2B/NFKBIZ/HSPH1/FOSL2/STAT6/HLA-E/CTSL/BRD2/HLA-A",21
"GO:0046890","regulation of lipid biosynthetic process","21/720","196/18986",0.107142857142857,2.82529761904762,5.09974141137286,1.85510162834371e-05,0.000468759262206852,0.000354504626437613,"AVPR1A/C3/EGR1/PDK4/NFKB1/APOC3/RDH10/GPLD1/APOC2/IGFBP7/PCK1/ERLIN2/ACADVL/ASAH1/APOA5/CEACAM1/INSIG1/PROX1/ATP1A1/RGN/SCP2",21
"GO:0001910","regulation of leukocyte mediated cytotoxicity","14/720","98/18986",0.142857142857143,3.76706349206349,5.45241617547256,1.91697410943809e-05,0.000481995618902774,0.000364514774639894,"DNASE1L3/SERPINB9/IL7R/KLRB1/PTPRC/ICAM1/HLA-B/HLA-C/HLA-F/HLA-E/CEACAM1/LAMP1/HLA-A/B2M",14
"GO:0051085","chaperone cofactor-dependent protein refolding","8/720","32/18986",0.25,6.59236111111111,6.28593057746686,1.92740435696963e-05,0.000482230873352155,0.000364692688544577,"HSPH1/DNAJB4/HSPA6/HSPA1B/HSPA1A/HSPA5/DNAJB1/SDF2L1",8
"GO:0009064","glutamine family amino acid metabolic process","12/720","74/18986",0.162162162162162,4.27612612612613,5.60605772952288,2.04744020074475e-05,0.000509752391156008,0.000385506155444663,"HAL/GLS/GLYATL1/CPS1/ATP2B4/TAT/GFPT1/DDAH1/AMDHD1/ASL/GOT1/FTCD",12
"GO:0034976","response to endoplasmic reticulum stress","26/720","277/18986",0.0938628158844765,2.47511030886482,4.91008394906586,2.13002926322949e-05,0.000522156915967876,0.000394887221141082,"CXCL8/FGF21/CREB3L3/ATF3/PPP2CB/CLU/UBXN8/HYOU1/ERLIN2/APP/DNAJB9/PDIA4/HERPUD1/JUN/SEL1L/RNF103/PPP1R15B/PPP1R15A/HSPA1A/HSPA5/TMBIM6/HSP90B1/ERP44/SDF2L1/CALR/TMBIM4",26
"GO:0009074","aromatic amino acid family catabolic process","7/720","24/18986",0.291666666666667,7.69108796296296,6.51193581557694,2.15539150749877e-05,0.000522156915967876,0.000394887221141082,"TDO2/HAL/TAT/ACMSD/AMDHD1/HAAO/FTCD",7
"GO:0072574","hepatocyte proliferation","7/720","24/18986",0.291666666666667,7.69108796296296,6.51193581557694,2.15539150749877e-05,0.000522156915967876,0.000394887221141082,"FGL1/CPB2/HPN/CEACAM1/TNFAIP3/PROX1/RTN4",7
"GO:0072575","epithelial cell proliferation involved in liver morphogenesis","7/720","24/18986",0.291666666666667,7.69108796296296,6.51193581557694,2.15539150749877e-05,0.000522156915967876,0.000394887221141082,"FGL1/CPB2/HPN/CEACAM1/TNFAIP3/PROX1/RTN4",7
"GO:0042542","response to hydrogen peroxide","14/720","99/18986",0.141414141414141,3.72901234567901,5.40494687689536,2.15610061773494e-05,0.000522156915967876,0.000394887221141082,"KLF4/KLF2/AREG/KDM6B/FABP1/TXNIP/PPP2CB/FYN/MAP1LC3A/STAT6/PPP1R15B/RHOB/TNFAIP3/STAT1",14
"GO:0042572","retinol metabolic process","10/720","52/18986",0.192307692307692,5.07104700854701,5.8362841070516,2.15894767381874e-05,0.000522156915967876,0.000394887221141082,"CYP3A7/CYP2C8/CYP3A4/RDH10/DHRS7/HSD17B6/CYP2D6/PNPLA2/DGAT2/CYP3A5",10
"GO:0071248","cellular response to metal ion","20/720","183/18986",0.109289617486339,2.88190649666059,5.07878508666403,2.1830264716573e-05,0.000525478267751062,0.000397399031932027,"CRHBP/FOSB/FOS/JUNB/FBP1/CDH1/MT1F/ADGRV1/GPLD1/MAP1LC3A/MT1E/CLDN1/NEK7/MT2A/SLC13A5/TFR2/JUND/HSP90B1/B2M/CALR",20
"GO:0016485","protein processing","24/720","246/18986",0.0975609756097561,2.57262872628726,4.92899964617155,2.33413783306618e-05,0.000559202172365241,0.000422903125762586,"SERPINE1/ANGPTL8/MAFB/FURIN/KLKB1/CPE/SRGN/PLAUR/IFI16/F9/ERO1B/SERPINF2/CPB2/CTSS/C1RL/LONP2/F7/HPN/IMMP2L/CTSL/MYH9/F12/CTSZ/PLG",24
"GO:0006721","terpenoid metabolic process","14/720","100/18986",0.14,3.69172222222222,5.35809080673256,2.42108437405752e-05,0.000577309273983012,0.000436596831279264,"CYP3A7/CYP2C8/EGFR/CYP3A4/RDH10/DHRS7/HMGCS2/HSD17B6/CYP2D6/ALDH8A1/RARRES2/PNPLA2/DGAT2/CYP3A5",14
"GO:0034368","protein-lipid complex remodeling","8/720","33/18986",0.242424242424242,6.39259259259259,6.15552956761518,2.46017160424367e-05,0.000581172631532725,0.000439518540214695,"PLA2G2A/LCAT/FURIN/APOC3/APOC2/APOA1/APOA5/AGT",8
"GO:0034369","plasma lipoprotein particle remodeling","8/720","33/18986",0.242424242424242,6.39259259259259,6.15552956761518,2.46017160424367e-05,0.000581172631532725,0.000439518540214695,"PLA2G2A/LCAT/FURIN/APOC3/APOC2/APOA1/APOA5/AGT",8
"GO:0071674","mononuclear cell migration","23/720","231/18986",0.0995670995670996,2.6255291005291,4.93505533617243,2.48554860927702e-05,0.000584449138264722,0.000441996436415782,"CCL2/CCL20/CXCL10/SERPINE1/ANXA1/LGALS3/C5/CXCL16/CXCR4/CCL5/CD69/NEDD9/ICAM1/F11R/B4GALT1/CCL4/APP/MTUS1/RARRES2/DUSP1/PLG/RTN4/CALR",23
"GO:0006805","xenobiotic metabolic process","16/720","127/18986",0.125984251968504,3.32213473315836,5.21290447842446,2.50981415463316e-05,0.000586555617111299,0.000443589485464219,"SLC22A1/CYP3A7/CYP2C8/SLC22A7/CES2/UGT2B15/GSTP1/CYP3A4/AADAC/CYP2D6/SLC29A1/UGT2B7/BPHL/CYP3A5/SULT2A1/GUK1",16
"GO:0000302","response to reactive oxygen species","21/720","200/18986",0.105,2.76879166666667,4.99257209051864,2.51760434200164e-05,0.000586555617111299,0.000443589485464219,"KLF4/KLF2/FOS/AREG/KDM6B/FABP1/TXNIP/GCH1/PPP2CB/GSTP1/FYN/PLK3/MAP1LC3A/STAT6/PTPRK/PPP1R15B/RHOB/TNFAIP3/FOXO3/AMBP/STAT1",21
"GO:0007162","negative regulation of cell adhesion","28/720","314/18986",0.089171974522293,2.35141542816702,4.79411115926013,2.66259754210956e-05,0.000617503786135821,0.000466994397075597,"CLEC4G/CCL25/KLF4/SERPINE1/PELI1/ANXA1/RGCC/LGALS3/CDH1/CD69/FXYD5/FGL1/PTPRC/IL1RN/RND1/SDC4/PDE3B/APOA1/CLDN7/HRG/HLA-E/CEACAM1/VEGFA/CD164/PTEN/DUSP1/PLG/KNG1",28
"GO:0002483","antigen processing and presentation of endogenous peptide antigen","7/720","25/18986",0.28,7.38344444444445,6.34080343939411,2.89606371043848e-05,0.000668595799332594,0.000505633324372729,"HLA-B/HLA-C/HLA-F/HLA-E/TAPBP/HLA-A/B2M",7
"GO:0001867","complement activation, lectin pathway","5/720","11/18986",0.454545454545455,11.9861111111111,7.23601168758224,2.95392868344914e-05,0.000678868949467791,0.000513402513260581,"FCN3/MBL2/MASP2/A2M/SERPING1",5
"GO:0016101","diterpenoid metabolic process","13/720","89/18986",0.146067415730337,3.85171660424469,5.35370896219098,2.97017348387229e-05,0.000679527528134566,0.000513900571012327,"CYP3A7/CYP2C8/EGFR/CYP3A4/RDH10/DHRS7/HSD17B6/CYP2D6/ALDH8A1/RARRES2/PNPLA2/DGAT2/CYP3A5",13
"GO:0044706","multi-multicellular organism process","22/720","218/18986",0.100917431192661,2.66113659531091,4.89749969569425,3.01527990017752e-05,0.000685981298611345,0.000518781309754883,"AVPR1A/CRHBP/HPGD/FOSB/FOS/JUNB/RGS2/MAFF/TIMP1/ARHGDIB/IGFBP7/B4GALT1/CITED2/GNAS/SLC38A3/VEGFA/AMBP/BSG/CTSB/ERRFI1/CALR/A1CF",22
"GO:0042304","regulation of fatty acid biosynthetic process","10/720","54/18986",0.185185185185185,4.8832304526749,5.67337667846556,3.04996432106674e-05,0.000685981298611345,0.000518781309754883,"AVPR1A/PDK4/APOC3/APOC2/ERLIN2/ACADVL/APOA5/CEACAM1/INSIG1/RGN",10
"GO:0045471","response to ethanol","16/720","129/18986",0.124031007751938,3.27062876830319,5.13753167940066,3.05240743229305e-05,0.000685981298611345,0.000518781309754883,"SPINK1/CRHBP/HPGD/FOSB/FOS/NR0B2/RGS2/FYN/SLC10A1/HMGCS2/CD14/CPT1A/CLDN1/CLDN7/MAOB/TP53INP1",16
"GO:0051702","biological process involved in interaction with symbiont","16/720","129/18986",0.124031007751938,3.27062876830319,5.13753167940066,3.05240743229305e-05,0.000685981298611345,0.000518781309754883,"IFI27/CAV2/CCL5/CFHR2/CFHR1/MBL2/CCL4/F2/JUN/APOL1/CFHR5/HRG/HPN/IGF2R/PLG/NUCKS1",16
"GO:0046320","regulation of fatty acid oxidation","8/720","34/18986",0.235294117647059,6.20457516339869,6.03041279918293,3.11097347201851e-05,0.000696063183452951,0.000526405852047091,"FABP1/PDK4/CPT1A/ACADVL/PPARGC1A/PRKAG2/LONP2/IRS2",8
"GO:0051084","'de novo' post-translational protein folding","9/720","44/18986",0.204545454545455,5.39375,5.7929340832221,3.32102729980821e-05,0.000739802528759909,0.000559484239012012,"HSPH1/DNAJB4/ENTPD5/HSPA6/HSPA1B/HSPA1A/HSPA5/DNAJB1/SDF2L1",9
"GO:0031099","regeneration","21/720","204/18986",0.102941176470588,2.71450163398693,4.88800781124052,3.38512072269037e-05,0.000750787255482288,0.000567791565943331,"IGF1/KLF4/CDKN1A/NR0B2/ANXA1/EGFR/NNMT/LCP1/CPB2/CPT1A/CLDN1/TM4SF4/VTN/IFRD1/NFIB/F7/IGF2R/APOA5/CERS2/RGN/PLG",21
"GO:0045428","regulation of nitric oxide biosynthetic process","11/720","66/18986",0.166666666666667,4.39490740740741,5.4851582012595,3.46309803849659e-05,0.000764742388588009,0.000578345297138401,"KLF4/KLF2/CLU/INSR/ATP2B4/APP/DDAH1/ASL/RGN/HSP90AA1/DYNLL1",11
"GO:0043549","regulation of kinase activity","36/720","460/18986",0.0782608695652174,2.06369565217391,4.58516841770966,3.49047029702969e-05,0.000765612753253095,0.000579003520506636,"GHR/IGF1/CDKN1A/RGCC/EGFR/RGS2/MIDN/PTPRC/GSTP1/NEDD9/TSPYL2/GNAQ/INSR/PDCD4/SERTAD1/LRP5/TAB2/PRKAG2/F2/IRS2/RAP2C/MST1/CEACAM1/TNFAIP3/PTEN/DUSP1/TAF7/PROX1/AGT/RAP1A/HSP90AA1/ERRFI1/HNRNPU/DNAJA1/CALM2/CALM1",36
"GO:0050678","regulation of epithelial cell proliferation","33/720","406/18986",0.0812807881773399,2.14332922824302,4.62339810074972,3.49802650305018e-05,0.000765612753253095,0.000579003520506636,"SPINK1/GPC3/IGF1/CCL2/CAV2/AREG/EGFL7/RGCC/LRG1/ANG/NR4A1/ZFP36/EGFR/CCL5/CPB2/CLDN1/B4GALT1/SLC39A9/NFIB/IRS2/PTPRK/HPN/CEACAM1/TNFAIP3/VEGFA/SRSF6/STAT1/POLD4/PROX1/RGN/B2M/RTN4/ZFP36L1",33
"GO:0002429","immune response-activating cell surface receptor signaling pathway","29/720","336/18986",0.0863095238095238,2.27593419312169,4.68498623207702,3.51226169537254e-05,0.000765612753253095,0.000579003520506636,"FCN3/IGLC3/IGHG1/IGHA1/IGHG3/IGHG4/C3/PELI1/LGALS3/IGKC/PDE4B/NFKB1/PTPRC/CYBA/FYN/TRBC1/TRBC2/NFKBIZ/GPLD1/CD14/MBL2/FOSL2/ELF1/PLSCR1/EZR/NFKBIA/CEACAM1/TNFAIP3/HLA-A",29
"GO:0045071","negative regulation of viral genome replication","10/720","55/18986",0.181818181818182,4.79444444444444,5.59490334016117,3.60250255478524e-05,0.000781927798109155,0.000591341962321698,"SLPI/CCL5/IFIT1/IFI16/ZC3HAV1/ISG20/PLSCR1/PROX1/IFITM2/IFITM3",10
"GO:0002428","antigen processing and presentation of peptide antigen via MHC class Ib","6/720","18/18986",0.333333333333333,8.78981481481481,6.56451186749876,3.65728838941812e-05,0.000787091852959943,0.000595247338670238,"HLA-B/HLA-C/HLA-F/HLA-E/HLA-A/B2M",6
"GO:0002921","negative regulation of humoral immune response","6/720","18/18986",0.333333333333333,8.78981481481481,6.56451186749876,3.65728838941812e-05,0.000787091852959943,0.000595247338670238,"C4BPA/CD46/C4BPB/A2M/SERPING1/CD59",6
"GO:0051348","negative regulation of transferase activity","20/720","190/18986",0.105263157894737,2.77573099415205,4.88394854378306,3.76114672430735e-05,0.000806028025854727,0.0006095680389517,"CDKN1A/ZFP36/RGS2/MIDN/PTPRC/GSTP1/GNAQ/PDCD4/LRP5/PRKAG2/IRS2/CEACAM1/TNFAIP3/PTEN/DUSP1/TAF7/AGT/ERRFI1/HNRNPU/DNAJA1",20
"GO:0072576","liver morphogenesis","7/720","26/18986",0.269230769230769,7.09946581196581,6.178871041138,3.83398520297886e-05,0.000818185329660909,0.0006187621408965,"FGL1/CPB2/HPN/CEACAM1/TNFAIP3/PROX1/RTN4",7
"GO:0034367","protein-containing complex remodeling","8/720","35/18986",0.228571428571429,6.02730158730159,5.91020735398885,3.89971322453021e-05,0.000828729852192006,0.000626736558304812,"PLA2G2A/LCAT/FURIN/APOC3/APOC2/APOA1/APOA5/AGT",8
"GO:0032922","circadian regulation of gene expression","11/720","67/18986",0.164179104477612,4.32931177446103,5.41991657442565,4.00327348260747e-05,0.000843677428139558,0.000638040835904549,"EGR1/NR0B2/LGR4/ID2/PER1/BHLHE40/PPARGC1A/GFPT1/CRY2/PPP1CB/HNRNPU",11
"GO:0070613","regulation of protein processing","11/720","67/18986",0.164179104477612,4.32931177446103,5.41991657442565,4.00327348260747e-05,0.000843677428139558,0.000638040835904549,"SERPINE1/ANGPTL8/FURIN/KLKB1/PLAUR/SERPINF2/CPB2/HPN/MYH9/F12/CTSZ",11
"GO:0051223","regulation of protein transport","35/720","446/18986",0.07847533632287,2.06935102142501,4.53714517231541,4.22696426574651e-05,0.00088713849197217,0.000670908769278339,"IGF1/IFI27/NR0B2/ANG/SRI/RAB11FIP1/EGFR/CCL5/CDH1/MIDN/PLK3/LCP1/GPLD1/CPT1A/PGRMC1/LRP5/APP/VAMP2/PCM1/SEC24A/TMED10/F2/GNAS/IRS2/PPM1A/INSIG1/ARF6/OAZ1/BSG/BAG3/GOLPH3/HSP90AA1/YWHAE/DNAJA1/DYNLL1",35
"GO:0002237","response to molecule of bacterial origin","31/720","375/18986",0.0826666666666667,2.17987407407407,4.58159039754663,4.36340742069475e-05,0.000912006020152619,0.000689715125757642,"SLPI/CXCL8/HPGD/CCL2/CXCL10/SERPINE1/FOS/PELI1/NR4A1/PDE4B/ZFP36/NFKB1/CPS1/CXCL2/GCH1/GSTP1/NFKBIZ/HMGCS2/PDCD4/CD14/CLDN1/VIM/FOSL2/PCK1/TAB2/C2/HADHB/NFKBIA/TNFAIP3/MAOB/B2M",31
"GO:0080164","regulation of nitric oxide metabolic process","11/720","68/18986",0.161764705882353,4.2656454248366,5.35593991761679,4.61442170554529e-05,0.000960518354199365,0.000726403140790973,"KLF4/KLF2/CLU/INSR/ATP2B4/APP/DDAH1/ASL/RGN/HSP90AA1/DYNLL1",11
"GO:0007159","leukocyte cell-cell adhesion","34/720","430/18986",0.0790697674418605,2.08502583979328,4.51837164003495,4.66470713356066e-05,0.000967022348218555,0.000731321861669725,"VNN1/CLEC4G/CCL25/IGF1/CCL2/KLF4/PELI1/ZBTB16/ANXA1/LRG1/LGALS3/IL7R/CCL5/IL2RG/CD69/FGL1/PTPRC/FYN/NFKBIZ/ICAM1/HSPH1/F11R/SDC4/PCK1/CD46/NT5E/EZR/HLA-E/FOXO3/GOLPH3/BRD2/HLA-A/ITGB1/B2M",34
"GO:1903573","negative regulation of response to endoplasmic reticulum stress","9/720","46/18986",0.195652173913043,5.15923913043478,5.60728513807004,4.82292504907323e-05,0.000995757574156216,0.000753053209416697,"CLU/HYOU1/DNAJB9/HERPUD1/PPP1R15B/PPP1R15A/HSPA1A/HSPA5/TMBIM6",9
"GO:0006720","isoprenoid metabolic process","15/720","120/18986",0.125,3.29618055555556,5.00964054512612,4.89518679146461e-05,0.00100065938052326,0.000756760257309125,"CYP3A7/CYP2C8/EGFR/CYP3A4/RDH10/DHRS7/PHYH/HMGCS2/HSD17B6/CYP2D6/ALDH8A1/RARRES2/PNPLA2/DGAT2/CYP3A5",15
"GO:0034370","triglyceride-rich lipoprotein particle remodeling","5/720","12/18986",0.416666666666667,10.9872685185185,6.87080659290196,4.905772509358e-05,0.00100065938052326,0.000756760257309125,"LCAT/APOC3/APOC2/APOA1/APOA5",5
"GO:0034372","very-low-density lipoprotein particle remodeling","5/720","12/18986",0.416666666666667,10.9872685185185,6.87080659290196,4.905772509358e-05,0.00100065938052326,0.000756760257309125,"LCAT/APOC3/APOC2/APOA1/APOA5",5
"GO:0042026","protein refolding","7/720","27/18986",0.259259259259259,6.83652263374486,6.02529292156324,5.00743085259379e-05,0.00101730965201295,0.0007693522181522,"HSPA6/HSPA1B/HSPA1A/HSPA5/HSP90AA1/B2M/DNAJA1",7
"GO:0044703","multi-organism reproductive process","21/720","210/18986",0.1,2.63694444444444,4.73578384497739,5.19103232404337e-05,0.00105040849298073,0.000794383600353712,"AVPR1A/CRHBP/HPGD/FOSB/FOS/JUNB/RGS2/MAFF/TIMP1/ARHGDIB/IGFBP7/CITED2/GNAS/SLC38A3/VEGFA/AMBP/BSG/CTSB/ERRFI1/CALR/A1CF",21
"GO:0034605","cellular response to heat","11/720","69/18986",0.159420289855072,4.20382447665056,5.29318350852243,5.30408696087616e-05,0.00106902609818611,0.000808463380126863,"CXCL10/CDKN1A/IER5/HSPA6/DNAJB6/HSPA1B/HSPA1A/DNAJB1/BAG3/HSP90AA1/YWHAE",11
"GO:1904951","positive regulation of establishment of protein localization","28/720","327/18986",0.0856269113149847,2.25793408086986,4.55551414827189,5.4831739878726e-05,0.00110075259622154,0.000832456912076019,"IGF1/NR0B2/GZMB/ANG/SRI/EGFR/CDH1/FYN/PLK3/GPLD1/RHOU/PGRMC1/APP/VAMP2/PCM1/SEC24A/TMED10/F2/IRS2/PPM1A/ARF6/OAZ1/BSG/BAG3/GOLPH3/HSP90AA1/YWHAE/DYNLL1",28
"GO:0060326","cell chemotaxis","28/720","328/18986",0.0853658536585366,2.25105013550136,4.53762826139495,5.78468338523545e-05,0.00115670893360673,0.00087477454093345,"CCL25/CXCL8/CCL2/CCL20/CXCL10/SERPINE1/ANXA1/LGALS3/NR4A1/C5/PDE4B/CXCL16/CXCR4/CXCL2/CCL5/TMSB4X/NEDD9/CCL4/APP/MTUS1/HRG/F7/VEGFA/RARRES2/BSG/SBDS/DUSP1/CALR",28
"GO:2001234","negative regulation of apoptotic signaling pathway","23/720","244/18986",0.0942622950819672,2.48564435336976,4.63715513456377,5.87051337403115e-05,0.00116926813438056,0.000884272582119285,"IGF1/KLF4/SERPINE1/LGALS3/NR4A2/PLAUR/GSTP1/FYN/IFI6/CLU/ICAM1/IER3/HYOU1/MCL1/HERPUD1/HSPA1B/TMBIM1/TNFAIP3/HSPA1A/TMBIM6/TPT1/ACAA2/DNAJA1",23
"GO:0002474","antigen processing and presentation of peptide antigen via MHC class I","8/720","37/18986",0.216216216216216,5.7015015015015,5.68321538686006,5.98226218900982e-05,0.00118687147101488,0.000897585309527008,"HLA-B/HLA-C/HLA-F/HLA-E/TAPBP/HLA-A/B2M/CALR",8
"GO:0002706","regulation of lymphocyte mediated immunity","20/720","198/18986",0.101010101010101,2.66358024691358,4.6718177959116,6.75194057872641e-05,0.00133436210892418,0.00100912681432614,"CLEC4G/C3/SERPINB9/C4BPA/IL7R/KLRB1/HPX/PTPRC/CD7/CD46/HLA-B/STAT6/C4BPB/HLA-C/HLA-F/HLA-E/CEACAM1/LAMP1/HLA-A/B2M",20
"GO:0036293","response to decreased oxygen levels","28/720","331/18986",0.0845921450151057,2.23064786841222,4.4843551081384,6.78095990552095e-05,0.00133490292093569,0.00100953580967956,"FOS/EGR1/RGCC/ANG/NR4A2/FABP1/CXCR4/EPAS1/PLK3/MAP1LC3A/CPT1A/AQP3/FOSL2/HYOU1/PCK1/CITED2/DDAH1/SLC29A1/F7/FOXO3/VEGFA/EGLN1/TMBIM6/HSP90B1/ACAA2/RTN4/ZFP36L1/SDHD",28
"GO:0097306","cellular response to alcohol","14/720","110/18986",0.127272727272727,3.35611111111111,4.92024748355937,7.10245030805257e-05,0.00139279324766792,0.0010533160404017,"KLF4/KLF2/FOS/FBP1/BTG2/CDH1/GPLD1/PCK1/SGK1/GNAS/FOXO3/FDX1/GOLPH3/TP53INP1",14
"GO:0045953","negative regulation of natural killer cell mediated cytotoxicity","6/720","20/18986",0.3,7.91083333333333,6.13913758265288,7.15560963237545e-05,0.00139782082010903,0.00105711820034567,"SERPINB9/HLA-B/HLA-F/HLA-E/CEACAM1/HLA-A",6
"GO:0051385","response to mineralocorticoid","8/720","38/18986",0.210526315789474,5.55146198830409,5.57584705552913,7.32791401846224e-05,0.0014259952222134,0.001078425418567,"AVPR1A/FOSB/CDKN1A/FOS/PTPRC/SGK1/FOXO3/MAOB",8
"GO:0001523","retinoid metabolic process","12/720","84/18986",0.142857142857143,3.76706349206349,5.04608672560561,7.46069487594896e-05,0.00144629272041774,0.00109377563689585,"CYP3A7/CYP2C8/CYP3A4/RDH10/DHRS7/HSD17B6/CYP2D6/ALDH8A1/RARRES2/PNPLA2/DGAT2/CYP3A5",12
"GO:0032963","collagen metabolic process","14/720","111/18986",0.126126126126126,3.32587587587588,4.87926454840945,7.84930463596927e-05,0.0015151848421024,0.00114587610259617,"RGCC/PCOLCE/FURIN/SERPINF2/SERPINH1/VIM/FOSL2/TMPRSS6/CTSS/MMP15/F2/CTSL/ITGB1/CTSB",14
"GO:0045446","endothelial cell differentiation","15/720","125/18986",0.12,3.16433333333333,4.81999535175564,7.87573928558838e-05,0.0015151848421024,0.00114587610259617,"KDM6B/CXCR4/ARHGEF26/ICAM1/F11R/CLDN1/COL18A1/EZR/RAP2C/BTG1/CEACAM1/VEGFA/PROC/PROX1/RAP1A",15
"GO:0048002","antigen processing and presentation of peptide antigen","11/720","72/18986",0.152777777777778,4.02866512345679,5.11182096296145,7.92883179627294e-05,0.00151964289408567,0.00114924755609136,"CTSS/HLA-B/CTSD/HLA-C/HLA-F/HLA-E/TAPBP/CTSL/HLA-A/B2M/CALR",11
"GO:0001666","response to hypoxia","27/720","317/18986",0.0851735015772871,2.24597791798107,4.44149595684301,8.10305617348387e-05,0.00154563079259289,0.0011689012056189,"FOS/EGR1/RGCC/ANG/NR4A2/FABP1/CXCR4/EPAS1/PLK3/CPT1A/AQP3/FOSL2/HYOU1/PCK1/CITED2/DDAH1/SLC29A1/F7/FOXO3/VEGFA/EGLN1/TMBIM6/HSP90B1/ACAA2/RTN4/ZFP36L1/SDHD",27
"GO:0006458","'de novo' protein folding","9/720","49/18986",0.183673469387755,4.84336734693878,5.34815725756458,8.12528886832647e-05,0.00154563079259289,0.0011689012056189,"HSPH1/DNAJB4/ENTPD5/HSPA6/HSPA1B/HSPA1A/HSPA5/DNAJB1/SDF2L1",9
"GO:0045069","regulation of viral genome replication","12/720","85/18986",0.141176470588235,3.72274509803922,4.99486642852869,8.39227207607705e-05,0.00159046081620878,0.00120280443069934,"SLPI/CXCL8/CCL5/IFIT1/IFI16/ZC3HAV1/ISG20/PLSCR1/PROX1/IFITM2/IFITM3/STAU1",12
"GO:0002688","regulation of leukocyte chemotaxis","15/720","126/18986",0.119047619047619,3.13921957671958,4.78321183486737,8.63299634526887e-05,0.00162971762606739,0.00123249284826476,"CXCL8/CCL2/CXCL10/SERPINE1/C5/CCL5/NEDD9/CCL4/APP/MTUS1/F7/VEGFA/RARRES2/DUSP1/CALR",15
"GO:0022600","digestive system process","14/720","112/18986",0.125,3.29618055555556,4.83874675660655,8.66359045162816e-05,0.00162971762606739,0.00123249284826476,"HAMP/SPINK1/MUC13/SERPINA3/FABP1/VIL1/PBLD/F11R/ACO1/SGK1/EZR/APOA1/TYMP/PRAP1",14
"GO:0006879","intracellular iron ion homeostasis","11/720","73/18986",0.150684931506849,3.97347792998478,5.05354061520199,9.02048852408238e-05,0.0016905926647164,0.00127853030197617,"HAMP/SRI/HPX/ACO1/SLC39A14/TMPRSS6/TFR2/SLC40A1/EGLN1/B2M/CP",11
"GO:0071827","plasma lipoprotein particle organization","9/720","50/18986",0.18,4.7465,5.26643149042789,9.57937362987477e-05,0.00178873671566669,0.00135275287830546,"PLA2G2A/LCAT/CIDEB/FURIN/APOC3/APOC2/APOA1/APOA5/AGT",9
"GO:0002716","negative regulation of natural killer cell mediated immunity","6/720","21/18986",0.285714285714286,7.53412698412698,5.94799529672433,9.69789803590418e-05,0.00180423531591052,0.00136447387441736,"SERPINB9/HLA-B/HLA-F/HLA-E/CEACAM1/HLA-A",6
"GO:0002685","regulation of leukocyte migration","22/720","236/18986",0.0932203389830508,2.45816854990584,4.4752047995069,9.94082428624053e-05,0.00183597987453875,0.0013884810648992,"CCL25/CXCL8/CCL2/CCL20/CXCL10/SERPINE1/ANXA1/LGALS3/C5/CCL5/CD69/NEDD9/ICAM1/CCL4/APP/MTUS1/F7/VEGFA/RARRES2/DUSP1/RTN4/CALR",22
"GO:0050821","protein stabilization","22/720","236/18986",0.0932203389830508,2.45816854990584,4.4752047995069,9.94082428624053e-05,0.00183597987453875,0.0013884810648992,"IGF1/AFM/CLU/GNAQ/GOLGA7/PPARGC1A/ATP1B1/APOA1/RAB21/SEL1L/HSPA1B/LAMP2/HSPA1A/PTEN/BAG3/LAMP1/PFN1/HSP90AA1/RTN4/UBE2B/CALR/A1CF",22
"GO:0048872","homeostasis of number of cells","28/720","339/18986",0.0825958702064897,2.17800721075057,4.34503355640871,0.000102351793277661,0.0018834955002074,0.00142441530766661,"HAMP/PLA2G2A/KLF2/ANXA1/IL7R/MAFB/PDE4B/ZFP36/LGR4/ID2/EPAS1/SKIL/NFKBIZ/FOSL2/FOXA3/CITED2/HSPA1B/TSC22D3/SLC40A1/CDH2/TNFAIP3/FOXO3/VEGFA/KMT2E/STAT1/HSPA1A/B2M/ZFP36L1",28
"GO:0048259","regulation of receptor-mediated endocytosis","15/720","128/18986",0.1171875,3.09016927083333,4.7107325710355,0.000103402813905652,0.00189596711850832,0.00143384711359195,"HAMP/SERPINE1/C3/APOC3/CLU/INSR/APOC2/VTN/APP/RAB21/APOA5/VEGFA/ARF6/B2M/ARF1",15
"GO:0051047","positive regulation of secretion","27/720","322/18986",0.0838509316770186,2.21110248447205,4.35167336872285,0.000105351587100071,0.00191533399594234,0.00144849353917443,"SPINK1/AVPR1A/IGF1/NR0B2/RGCC/ANG/SRI/CYP4A11/EGFR/CYBA/SLC6A1/GPLD1/CPB2/KISS1/SDC4/TFR2/SEC24A/TMED10/F2/IRS2/HLA-F/ARF6/BSG/LAMP1/GOLPH3/VAMP8/DYNLL1",27
"GO:0005977","glycogen metabolic process","12/720","87/18986",0.137931034482759,3.63716475095785,4.89471374554501,0.000105590375834585,0.00191533399594234,0.00144849353917443,"IGF1/PPP1R1A/GNMT/PPP1R3B/INSR/PRKAG2/IRS2/UGP2/GABARAPL1/KHK/ACADM/PPP1CB",12
"GO:0045913","positive regulation of carbohydrate metabolic process","12/720","87/18986",0.137931034482759,3.63716475095785,4.89471374554501,0.000105590375834585,0.00191533399594234,0.00144849353917443,"IGF1/PPP1R3B/NFKB1/NNMT/GPLD1/INSR/APP/PPARGC1A/PRKAG2/IRS2/GPT/RGN",12
"GO:0032781","positive regulation of ATP-dependent activity","8/720","40/18986",0.2,5.27388888888889,5.37210235618966,0.000107775302928042,0.00194110199848059,0.00146798088982615,"ALDOB/PLSCR1/ATP1B1/TOR1AIP2/DNAJB1/PFN1/RGN/HNRNPU",8
"GO:0045923","positive regulation of fatty acid metabolic process","8/720","40/18986",0.2,5.27388888888889,5.37210235618966,0.000107775302928042,0.00194110199848059,0.00146798088982615,"AVPR1A/FABP1/CPT1A/APOC2/PPARGC1A/IRS2/APOA5/RGN",8
"GO:0007565","female pregnancy","19/720","189/18986",0.100529100529101,2.65089653145209,4.52852019419374,0.000108508040985423,0.00194739342814474,0.00147273885644712,"CRHBP/HPGD/FOSB/FOS/JUNB/RGS2/TIMP1/ARHGDIB/IGFBP7/CITED2/GNAS/SLC38A3/VEGFA/AMBP/BSG/CTSB/ERRFI1/CALR/A1CF",19
"GO:0070482","response to oxygen levels","29/720","358/18986",0.0810055865921788,2.13607231533209,4.30838195000708,0.000108937302520822,0.00194821323768752,0.00147335884691801,"CDKN1A/FOS/EGR1/RGCC/ANG/NR4A2/FABP1/CXCR4/EPAS1/PLK3/MAP1LC3A/CPT1A/AQP3/FOSL2/HYOU1/PCK1/CITED2/DDAH1/SLC29A1/F7/FOXO3/VEGFA/EGLN1/TMBIM6/HSP90B1/ACAA2/RTN4/ZFP36L1/SDHD",29
"GO:0001914","regulation of T cell mediated cytotoxicity","9/720","51/18986",0.176470588235294,4.65343137254902,5.18684427604805,0.000112454301447531,0.0020040540247439,0.00151558908949969,"IL7R/PTPRC/HLA-B/HLA-C/HLA-F/HLA-E/CEACAM1/HLA-A/B2M",9
"GO:1901653","cellular response to peptide","5/720","14/18986",0.357142857142857,9.41765873015873,6.25530653465665,0.000116394792913396,0.00206702501121377,0.00156321162804925,"KLF4/KLF2/TIMP1/KLF11/IRS2",5
"GO:0006112","energy reserve metabolic process","13/720","102/18986",0.127450980392157,3.36081154684096,4.74639888110658,0.000125833465582408,0.00221912559615642,0.00167823945873613,"IGF1/PPP1R1A/GNMT/PPP1R3B/INSR/PRKAG2/GFPT1/IRS2/UGP2/GABARAPL1/KHK/ACADM/PPP1CB",13
"GO:0042157","lipoprotein metabolic process","13/720","102/18986",0.127450980392157,3.36081154684096,4.74639888110658,0.000125833465582408,0.00221912559615642,0.00167823945873613,"LCAT/ANGPTL8/APOC3/GOLGA7/APOL6/APOC2/APP/APOA1/CTSD/APOL1/PPM1A/APOA5/LYPLAL1",13
"GO:0044042","glucan metabolic process","12/720","89/18986",0.134831460674157,3.55543071161049,4.79747261093312,0.000131895028468167,0.00231797525809625,0.00175299566155651,"IGF1/PPP1R1A/GNMT/PPP1R3B/INSR/PRKAG2/IRS2/UGP2/GABARAPL1/KHK/ACADM/PPP1CB",12
"GO:0002703","regulation of leukocyte mediated immunity","23/720","258/18986",0.0891472868217054,2.35076442721792,4.33704161941199,0.000136792045249309,0.00239574757869393,0.00181181188063422,"CLEC4G/DNASE1L3/C3/SERPINB9/C4BPA/IL7R/KLRB1/HPX/PTPRC/CD7/ICAM1/CD46/HLA-B/STAT6/C4BPB/HLA-C/HLA-F/HLA-E/CEACAM1/LAMP1/HLA-A/VAMP8/B2M",23
"GO:0034308","primary alcohol metabolic process","13/720","103/18986",0.12621359223301,3.32818230852211,4.70381164415107,0.000139104705608627,0.00242787903706604,0.00183611166853276,"CYP3A7/IGF1/CYP2C8/CYP3A4/RDH10/DHRS7/HSD17B6/CYP2D6/PNPLA2/DGAT2/CYP3A5/HAO1/SULT2A1",13
"GO:0071675","regulation of mononuclear cell migration","16/720","147/18986",0.108843537414966,2.87014361300076,4.51912677736822,0.00014850109149973,0.00258300357440797,0.00195342639827871,"CCL2/CCL20/CXCL10/SERPINE1/LGALS3/C5/CCL5/CD69/NEDD9/CCL4/APP/MTUS1/RARRES2/DUSP1/RTN4/CALR",16
"GO:0009743","response to carbohydrate","22/720","243/18986",0.0905349794238683,2.38735711019662,4.32137217056199,0.000152043106820483,0.0026355868243728,0.00199319309066981,"EGR1/NR0B2/SRI/TXNIP/FGF21/FBP1/SLC6A1/ICAM1/GPLD1/CPB2/HMGCS2/SLC39A14/LRP5/PCK1/VAMP2/IRS2/SLC29A1/KHK/FOXO3/TRA2B/ZFP36L1/DYNLL1",22
"GO:0019882","antigen processing and presentation","14/720","118/18986",0.11864406779661,3.12857815442561,4.60487125854389,0.000152683198249529,0.00263599389679627,0.0019935009439093,"ICAM1/CTSS/HLA-B/CTSD/RAB6A/HLA-C/HLA-F/HLA-E/TAPBP/CTSL/HLA-A/B2M/PSME1/CALR",14
"GO:0071825","protein-lipid complex organization","9/720","53/18986",0.169811320754717,4.47783018867924,5.0336893814414,0.000153104587429592,0.00263599389679627,0.0019935009439093,"PLA2G2A/LCAT/CIDEB/FURIN/APOC3/APOC2/APOA1/APOA5/AGT",9
"GO:0045429","positive regulation of nitric oxide biosynthetic process","8/720","42/18986",0.19047619047619,5.02275132275132,5.18157526983766,0.000154708271214178,0.00265460577532707,0.00200757639281841,"KLF4/KLF2/CLU/INSR/APP/DDAH1/ASL/HSP90AA1",8
"GO:0071384","cellular response to corticosteroid stimulus","10/720","65/18986",0.153846153846154,4.05683760683761,4.90124966243308,0.000156766423522897,0.0026808641921643,0.00202743462496917,"ANXA1/ZFP36/EGFR/HMGCS2/PCK1/ZFP36L2/SGK1/FOXO3/ZFP36L1/HNRNPU",10
"GO:0072659","protein localization to plasma membrane","25/720","295/18986",0.0847457627118644,2.23469868173258,4.24331767167051,0.000159006020749981,0.00271003885701058,0.00204949830348527,"LGALS3/EGFR/CDH1/VIL1/GOLGA7/ATP2B4/F11R/PGRMC1/SEC23A/VAMP2/EZR/ATP1B1/TMBIM1/CDH2/ARF6/BSG/VAMP5/SCARB2/GOLPH3/RAP1A/ITGB1/VAMP8/ERRFI1/TMEM59/SCP2",25
"GO:0019883","antigen processing and presentation of endogenous antigen","7/720","32/18986",0.21875,5.76831597222222,5.35968664706991,0.000160901959485995,0.00273318077668686,0.00206699964852806,"HLA-B/HLA-C/HLA-F/HLA-E/TAPBP/HLA-A/B2M",7
"GO:0097006","regulation of plasma lipoprotein particle levels","12/720","91/18986",0.131868131868132,3.47728937728938,4.70298735135421,0.000163622195358087,0.00277012376741241,0.00209493821354968,"PLA2G2A/LCAT/CIDEB/FGF21/FURIN/APOC3/GPLD1/APOC2/APOA1/APOA5/DGAT2/AGT",12
"GO:1903829","positive regulation of protein localization","36/720","497/18986",0.0724346076458753,1.91006036217304,4.08170397570513,0.000167156324793054,0.00280998839447292,0.00212508629992055,"IGF1/NR0B2/GZMB/LGALS3/ANG/SRI/EGFR/CDH1/VIL1/FYN/NEDD9/PLK3/GPLD1/RHOU/ATP2B4/PGRMC1/APP/VAMP2/PCM1/SEC24A/TMED10/EZR/F2/IRS2/PPM1A/VEGFA/ARF6/OAZ1/BSG/BAG3/GOLPH3/ITGB1/HSP90AA1/YWHAE/RTN4/DYNLL1",36
"GO:0032928","regulation of superoxide anion generation","6/720","23/18986",0.260869565217391,6.87898550724638,5.60096175718969,0.000169081502387413,0.00280998839447292,0.00212508629992055,"CRP/EGFR/GSTP1/PON3/APP/AGT",6
"GO:0051791","medium-chain fatty acid metabolic process","5/720","15/18986",0.333333333333333,8.78981481481481,5.99207820991988,0.000169156251226904,0.00280998839447292,0.00212508629992055,"CYP4A22/CYP4A11/ABHD3/CROT/ACADM",5
"GO:0061684","chaperone-mediated autophagy","5/720","15/18986",0.333333333333333,8.78981481481481,5.99207820991988,0.000169156251226904,0.00280998839447292,0.00212508629992055,"CLU/PLK3/LAMP2/BAG3/HSP90AA1",5
"GO:0070988","demethylation","5/720","15/18986",0.333333333333333,8.78981481481481,5.99207820991988,0.000169156251226904,0.00280998839447292,0.00212508629992055,"CYP3A7/CYP2C8/CYP3A4/CYP2D6/CYP3A5",5
"GO:0043255","regulation of carbohydrate biosynthetic process","13/720","105/18986",0.123809523809524,3.26478835978836,4.62018749116716,0.000169296406518746,0.00280998839447292,0.00212508629992055,"IGF1/GNMT/PPP1R3B/NFKB1/FBP1/NNMT/INSR/PPARGC1A/PRKAG2/IRS2/GPT/MST1/ACADM",13
"GO:0050851","antigen receptor-mediated signaling pathway","20/720","212/18986",0.0943396226415094,2.48768343815514,4.3246391362702,0.000172723890479891,0.00285753954315103,0.0021610474073757,"IGLC3/IGHG1/IGHA1/IGHG3/IGHG4/LGALS3/IGKC/PDE4B/NFKB1/PTPRC/FYN/TRBC1/TRBC2/NFKBIZ/FOSL2/ELF1/EZR/NFKBIA/CEACAM1/HLA-A",20
"GO:0055088","lipid homeostasis","18/720","180/18986",0.1,2.63694444444444,4.38098533375407,0.000174420941739076,0.00287624663341808,0.00217519486126414,"LCAT/ANGPTL8/CLN8/APOC3/APOC2/LRP5/ABCB4/SEC24A/APOA1/IRS2/GOT1/APOA5/EPHX2/INSIG1/PNPLA2/DGAT2/RTN4/ERRFI1",18
"GO:0001885","endothelial cell development","10/720","66/18986",0.151515151515152,3.99537037037037,4.83962546872344,0.000178576324083242,0.00293523996769834,0.00221980925423182,"ARHGEF26/ICAM1/F11R/CLDN1/COL18A1/EZR/RAP2C/VEGFA/PROC/RAP1A",10
"GO:0045089","positive regulation of innate immune response","30/720","387/18986",0.0775193798449612,2.04414298018949,4.12022070914359,0.000181568125138149,0.00297478873411826,0.00224971846733143,"FCN3/PELI1/LGR4/CCL5/HPX/CYBA/FYN/IFI16/NFKBIZ/ZC3HAV1/CD14/CPT1A/MBL2/SMPDL3A/NEK7/CTSS/APP/PLSCR1/HSPA1B/NFKBIA/HLA-F/LAMP2/HLA-E/TNFAIP3/HSPA1A/LYPLAL1/LAMP1/HSP90AA1/YWHAE/RTN4",30
"GO:0002768","immune response-regulating cell surface receptor signaling pathway","29/720","369/18986",0.0785907859078591,2.07239536284252,4.13012392932691,0.0001833659762743,0.00297636984035073,0.00225091419724973,"FCN3/IGLC3/IGHG1/IGHA1/IGHG3/IGHG4/C3/PELI1/LGALS3/IGKC/PDE4B/NFKB1/PTPRC/CYBA/FYN/TRBC1/TRBC2/NFKBIZ/GPLD1/CD14/MBL2/FOSL2/ELF1/PLSCR1/EZR/NFKBIA/CEACAM1/TNFAIP3/HLA-A",29
"GO:1904407","positive regulation of nitric oxide metabolic process","8/720","43/18986",0.186046511627907,4.90594315245478,5.0907947631203,0.000183823724901166,0.00297636984035073,0.00225091419724973,"KLF4/KLF2/CLU/INSR/APP/DDAH1/ASL/HSP90AA1",8
"GO:0045732","positive regulation of protein catabolic process","20/720","213/18986",0.0938967136150235,2.47600417318727,4.300910145049,0.000184008688692681,0.00297636984035073,0.00225091419724973,"HAMP/GPC3/C4BPA/FURIN/CLU/PLK3/GPLD1/IER3/ZFAND2A/APP/EZR/C4BPB/HERPUD1/HSPA1B/HECTD1/GABARAP/TNFAIP3/HSPA1A/OAZ1/HSP90AA1",20
"GO:0071383","cellular response to steroid hormone stimulus","20/720","213/18986",0.0938967136150235,2.47600417318727,4.300910145049,0.000184008688692681,0.00297636984035073,0.00225091419724973,"ANXA1/ZFP36/EGFR/PER1/HMGCS2/PCK1/ZFP36L2/SGK1/CRY2/HSPA1B/FOXO3/HSPA1A/TFPI/TAF7/ATP1A1/ZFP36L1/ERRFI1/HNRNPU/DNAJA1/CALR",20
"GO:0019731","antibacterial humoral response","11/720","79/18986",0.139240506329114,3.67169479606188,4.72431557991161,0.000186474475128135,0.00300667891801841,0.00227383578861342,"SLPI/IGHG1/IGHA1/IGHG3/IGHG4/RNASE4/ANG/APP/HLA-E/HLA-A/B2M",11
"GO:0015711","organic anion transport","34/720","462/18986",0.0735930735930736,1.94060846560847,4.06361268222047,0.00018725237664992,0.00300966715507893,0.0022760956775335,"PLA2G2A/SLC22A1/AVPR1A/SLC25A47/SLC22A7/NR0B2/ANXA1/AGXT/SLC2A3/FABP1/CYP4A11/SLC38A4/CLN8/CROT/GLTPD2/RGS2/SLC7A2/SLC10A1/SLC6A1/SLC17A2/CPT1A/SLC39A14/ABCB4/SLC13A5/MPC1/SLC37A4/IRS2/RBP5/SLC38A3/ABCD3/CEACAM1/ITGB1/ARL6IP1/PSAP",34
"GO:0090322","regulation of superoxide metabolic process","7/720","33/18986",0.212121212121212,5.59351851851852,5.24340353450187,0.000197598178874645,0.00316593422872026,0.00239427446360146,"CRP/EGFR/GCH1/GSTP1/PON3/APP/AGT",7
"GO:0002820","negative regulation of adaptive immune response","10/720","67/18986",0.149253731343284,3.93573797678275,4.77920242873965,0.000202882216935376,0.00324037352143011,0.00245057004169874,"CLEC4G/C4BPA/IL7R/SAMSN1/CD69/PTPRC/CD46/C4BPB/HLA-F/CEACAM1",10
"GO:0010959","regulation of metal ion transport","31/720","408/18986",0.0759803921568627,2.00356072984749,4.06840409943875,0.000203653733509092,0.00324249941220276,0.00245217777124131,"HAMP/SPINK1/CCL2/CXCL10/LGALS3/SRI/PDE4B/CXCR4/TSPAN13/CCL5/SARAF/FXYD5/CYBA/FYN/PER1/CNKSR3/FXYD1/ATP2B4/CCL4/VAMP2/ATP1B1/F2/TMBIM6/AHNAK/ATP1A1/AGT/ITGB1/YWHAE/B2M/CALM2/CALM1",31
"GO:0071385","cellular response to glucocorticoid stimulus","9/720","55/18986",0.163636363636364,4.315,4.8879631377367,0.000205330031850111,0.00325897259927098,0.00246463580993768,"ANXA1/ZFP36/EGFR/HMGCS2/PCK1/ZFP36L2/FOXO3/ZFP36L1/HNRNPU",9
"GO:0045859","regulation of protein kinase activity","32/720","427/18986",0.0749414519906323,1.97616445485298,4.05050771341637,0.000207431341176399,0.00328206785618359,0.00248210186572448,"GHR/IGF1/CDKN1A/RGCC/EGFR/RGS2/PTPRC/GSTP1/NEDD9/TSPYL2/GNAQ/INSR/PDCD4/SERTAD1/LRP5/TAB2/PRKAG2/RAP2C/MST1/CEACAM1/TNFAIP3/PTEN/DUSP1/TAF7/PROX1/AGT/RAP1A/HSP90AA1/ERRFI1/DNAJA1/CALM2/CALM1",32
"GO:0140962","multicellular organismal-level chemical homeostasis","11/720","80/18986",0.1375,3.62579861111111,4.67257631557183,0.000208920703279968,0.00329536724210857,0.00249215968051195,"HAMP/CYP4A11/EPAS1/MBL2/AQP3/TMPRSS6/TFR2/GNAS/SLC40A1/VEGFA/B2M",11
"GO:0050892","intestinal absorption","8/720","44/18986",0.181818181818182,4.79444444444444,5.0027804379209,0.000217293380879629,0.00341085894137109,0.00257950161699115,"HAMP/FABP1/VIL1/F11R/ACO1/EZR/APOA1/PRAP1",8
"GO:0007263","nitric oxide mediated signal transduction","6/720","24/18986",0.25,6.59236111111111,5.44262709064099,0.000218257364824888,0.00341085894137109,0.00257950161699115,"SPINK1/RASD1/ATP2B4/DDAH1/VEGFA/AGT",6
"GO:0097066","response to thyroid hormone","6/720","24/18986",0.25,6.59236111111111,5.44262709064099,0.000218257364824888,0.00341085894137109,0.00257950161699115,"CTSS/C2/F7/HPN/CTSL/CTSB",6
"GO:0034764","positive regulation of transmembrane transport","20/720","216/18986",0.0925925925925926,2.44161522633745,4.23052165305532,0.000221847038037725,0.00344575261832907,0.00260589036471804,"GPC3/IGF1/CCL2/CXCL10/C3/SRI/FGF21/TMSB4X/FXYD5/FXYD1/INSR/OPN3/CTSS/ATP1B1/F2/IRS2/ITGB1/ARL6IP1/CALM2/CALM1",20
"GO:0050679","positive regulation of epithelial cell proliferation","20/720","216/18986",0.0925925925925926,2.44161522633745,4.23052165305532,0.000221847038037725,0.00344575261832907,0.00260589036471804,"SPINK1/IGF1/CAV2/AREG/EGFL7/LRG1/ANG/NR4A1/EGFR/CCL5/CLDN1/B4GALT1/IRS2/HPN/TNFAIP3/VEGFA/SRSF6/POLD4/PROX1/RTN4",20
"GO:0034762","regulation of transmembrane transport","35/720","487/18986",0.0718685831622177,1.89513461099703,3.97309112965568,0.000237871047982716,0.00365673845055428,0.00276545084632751,"HAMP/GPC3/CRHBP/IGF1/CCL2/CXCL10/C3/SRI/PDE4B/FGF21/TSPAN13/RGS2/TMSB4X/FXYD5/CYBA/FYN/FXYD1/INSR/ATP2B4/OPN3/CTSS/VAMP2/PRKAG2/ATP1B1/F2/IRS2/OAZ1/TMBIM6/AHNAK/AGT/ITGB1/YWHAE/ARL6IP1/CALM2/CALM1",35
"GO:0002486","antigen processing and presentation of endogenous peptide antigen via MHC class I via ER pathway, TAP-independent","5/720","16/18986",0.3125,8.24045138888889,5.75230347739721,0.000238392059683691,0.00365673845055428,0.00276545084632751,"HLA-B/HLA-C/HLA-F/HLA-E/HLA-A",5
"GO:0006206","pyrimidine nucleobase metabolic process","5/720","16/18986",0.3125,8.24045138888889,5.75230347739721,0.000238392059683691,0.00365673845055428,0.00276545084632751,"DPYD/CPS1/TYMP/CMPK1/ALDH6A1",5
"GO:1901142","insulin metabolic process","5/720","16/18986",0.3125,8.24045138888889,5.75230347739721,0.000238392059683691,0.00365673845055428,0.00276545084632751,"CPE/ERO1B/FOSL2/CTSD/CEACAM1",5
"GO:0002456","T cell mediated immunity","15/720","138/18986",0.108695652173913,2.86624396135266,4.3684276209468,0.000240364024987899,0.00365673845055428,0.00276545084632751,"CLEC4G/C4BPA/IL7R/PTPRC/CD7/NFKBIZ/ICAM1/CD46/HLA-B/HLA-C/HLA-F/HLA-E/CEACAM1/HLA-A/B2M",15
"GO:0006536","glutamate metabolic process","7/720","34/18986",0.205882352941176,5.42900326797386,5.13177678413453,0.000240761849581358,0.00365673845055428,0.00276545084632751,"HAL/GLS/TAT/AMDHD1/ASL/GOT1/FTCD",7
"GO:0051873","killing by host of symbiont cells","7/720","34/18986",0.205882352941176,5.42900326797386,5.13177678413453,0.000240761849581358,0.00365673845055428,0.00276545084632751,"CFHR2/CFHR1/MBL2/F2/APOL1/CFHR5/HRG",7
"GO:0045444","fat cell differentiation","22/720","251/18986",0.0876494023904383,2.31126604692342,4.15193599881076,0.000241190663700666,0.00365673845055428,0.00276545084632751,"KLF4/ZBTB16/LRG1/ANGPTL8/NR4A2/NR4A1/MAFB/ZFP36/RGS2/ID2/LRP5/FOSL2/ZFP36L2/PPARGC1A/ARL4A/VEGFA/RARRES2/AAMDC/INSIG1/ALDH6A1/ZFP36L1/HNRNPU",22
"GO:0046942","carboxylic acid transport","28/720","357/18986",0.0784313725490196,2.0681917211329,4.04518480022159,0.000243348479828562,0.00366822506647496,0.00277413773278352,"PLA2G2A/SLC22A1/AVPR1A/SLC22A7/NR0B2/ANXA1/AGXT/FABP1/CYP4A11/SLC38A4/CLN8/CROT/RGS2/SLC7A2/SLC10A1/SLC6A1/CPT1A/ABCB4/SLC13A5/MPC1/IRS2/RBP5/SLC38A3/ABCD3/CEACAM1/ITGB1/ARL6IP1/PSAP",28
"GO:0062197","cellular response to chemical stress","26/720","321/18986",0.0809968847352025,2.13584285219799,4.07480275157569,0.00024339276381218,0.00366822506647496,0.00277413773278352,"KLF4/KLF2/FOS/KDM6B/NR4A2/FABP1/FBP1/GCH1/FYN/MAP1LC3A/PCK1/PPARGC1A/STAT6/MSRA/HSPA1B/PTPRK/RHOB/TNFAIP3/FOXO3/AMBP/HSPA1A/ATP1A1/TP53INP1/ZFP36L1/STAU1/DNAJA1",26
"GO:0015849","organic acid transport","28/720","358/18986",0.0782122905027933,2.06241464928616,4.02904642304356,0.000254753064569825,0.00382807933417202,0.00289502937594298,"PLA2G2A/SLC22A1/AVPR1A/SLC22A7/NR0B2/ANXA1/AGXT/FABP1/CYP4A11/SLC38A4/CLN8/CROT/RGS2/SLC7A2/SLC10A1/SLC6A1/CPT1A/ABCB4/SLC13A5/MPC1/IRS2/RBP5/SLC38A3/ABCD3/CEACAM1/ITGB1/ARL6IP1/PSAP",28
"GO:0001933","negative regulation of protein phosphorylation","21/720","236/18986",0.0889830508474576,2.34643361581921,4.13228373367445,0.000269866395273816,0.00403967379257874,0.00305505013815812,"CDKN1A/SAMSN1/RGS2/PTPRC/GSTP1/CNKSR3/GNAQ/PDCD4/LRP5/PRKAG2/PPP1R15B/CEACAM1/TNFAIP3/PTEN/DUSP1/TAF7/AGT/ERRFI1/DNAJA1/CALM2/CALM1",21
"GO:1901655","cellular response to ketone","13/720","110/18986",0.118181818181818,3.11638888888889,4.41963753563297,0.000270425101294895,0.00403967379257874,0.00305505013815812,"KLF4/KLF2/FOS/EGFR/FBP1/BTG2/PCK1/SGK1/SLC39A9/GNAS/FOXO3/FDX1/GOLPH3",13
"GO:0006469","negative regulation of protein kinase activity","16/720","155/18986",0.103225806451613,2.72200716845878,4.27379744133521,0.000274195511193844,0.00408398534121272,0.00308856126052273,"CDKN1A/RGS2/PTPRC/GSTP1/GNAQ/PDCD4/LRP5/PRKAG2/CEACAM1/TNFAIP3/PTEN/DUSP1/TAF7/AGT/ERRFI1/DNAJA1",16
"GO:0050728","negative regulation of inflammatory response","19/720","203/18986",0.0935960591133005,2.46807608100712,4.17507157210435,0.000275254998921247,0.00408777818573396,0.00309142964316291,"HAMP/IGF1/KLF4/SOCS3/FNDC4/ZFP36/FURIN/NFKB1/TMSB4X/PTPRC/GSTP1/FYN/CST7/IER3/NT5E/APOA1/GNAS/TNFAIP3/PROC",19
"GO:0002475","antigen processing and presentation via MHC class Ib","6/720","25/18986",0.24,6.32866666666667,5.29307151044303,0.00027803527884189,0.0041170296829095,0.00311355142701874,"HLA-B/HLA-C/HLA-F/HLA-E/HLA-A/B2M",6
"GO:0031400","negative regulation of protein modification process","27/720","342/18986",0.0789473684210526,2.08179824561403,4.00810971424882,0.000281216720709859,0.00413999920140688,0.00313092239167132,"CDKN1A/SAMSN1/RGS2/PTPRC/GSTP1/FYN/CNKSR3/GNAQ/FXYD1/ATP2B4/PDCD4/LRP5/PRKAG2/HSPA1B/PPP1R15B/CEACAM1/TNFAIP3/HSPA1A/PTEN/DUSP1/TAF7/AGT/ERRFI1/DNAJA1/UBE2B/CALM2/CALM1",27
"GO:0042742","defense response to bacterium","27/720","342/18986",0.0789473684210526,2.08179824561403,4.00810971424882,0.000281216720709859,0.00413999920140688,0.00313092239167132,"HAMP/PLA2G2A/SLPI/IGHG1/IGHA1/IGHG3/IGHG4/CRP/CCL20/PGLYRP2/GNLY/SERPINE1/RNASE4/ANG/IL7R/NFKB1/CYBA/NFKBIZ/MBL2/TAB2/APP/F2/HLA-E/RARRES2/HLA-A/B2M/RAB1A",27
"GO:0002833","positive regulation of response to biotic stimulus","31/720","416/18986",0.0745192307692308,1.96503071581197,3.95122419379488,0.000285914664625545,0.00419699590067382,0.00317402680626289,"FCN3/PELI1/LGR4/CCL5/HPX/CYBA/FYN/IFI16/NFKBIZ/ZC3HAV1/CD14/CPT1A/MBL2/SMPDL3A/NEK7/CTSS/APP/PLSCR1/HSPA1B/NFKBIA/HLA-F/HRG/LAMP2/HLA-E/TNFAIP3/HSPA1A/LYPLAL1/LAMP1/HSP90AA1/YWHAE/RTN4",31
"GO:0045646","regulation of erythrocyte differentiation","8/720","46/18986",0.173913043478261,4.58599033816425,4.83445882717236,0.000299255848217413,0.00436892705311641,0.00330405173352023,"MAFB/ZFP36/HSPA1B/FOXO3/STAT1/HSPA1A/B2M/ZFP36L1",8
"GO:1905952","regulation of lipid localization","18/720","188/18986",0.0957446808510638,2.52473404255319,4.17125769795736,0.000299347630337568,0.00436892705311641,0.00330405173352023,"CRP/C3/PON1/CYP4A11/FURIN/NFKB1/APOC3/APOC2/ABCB4/SEC24A/APOA1/IRS2/CRY2/NFKBIA/PRAP1/PNPLA2/AGT/SCP2",18
"GO:0006826","iron ion transport","9/720","58/18986",0.155172413793103,4.09181034482759,4.68192337161443,0.000310793051341124,0.00452297394774089,0.00342055148346784,"HAMP/HPX/SLC25A37/SLC39A14/TFR2/SLC41A2/SLC40A1/B2M/CP",9
"GO:0006909","phagocytosis","21/720","239/18986",0.0878661087866109,2.31698047419805,4.06782460738336,0.000320227744968642,0.0046469620477021,0.00351431892147542,"FCN3/CRP/CCL2/C3/ANXA1/C4BPA/IL2RG/PTPRC/CYBA/FYN/CD302/CD14/MBL2/CDC42SE1/C2/PLSCR1/APOA1/C4BPB/MYH9/ITGB1/CALR",21
"GO:0051235","maintenance of location","27/720","345/18986",0.0782608695652174,2.06369565217391,3.95860483424799,0.000322966590090597,0.00467335416259299,0.00353427826432925,"CRP/CXCL10/C3/CIDEB/SRI/NFKB1/SRGN/TMSB4X/PTPRC/CYBA/CPT1A/F2/APOA1/CRY2/NFKBIA/INSIG1/HSPA5/PNPLA2/DGAT2/HSP90B1/GOLPH3/YWHAE/KDELR2/HNRNPU/CALM2/CALR/CALM1",27
"GO:0002476","antigen processing and presentation of endogenous peptide antigen via MHC class Ib","5/720","17/18986",0.294117647058824,7.75571895424837,5.53252823288296,0.000327227040065252,0.00468165108870822,0.00354055291089135,"HLA-B/HLA-C/HLA-F/HLA-E/HLA-A",5
"GO:0002484","antigen processing and presentation of endogenous peptide antigen via MHC class I via ER pathway","5/720","17/18986",0.294117647058824,7.75571895424837,5.53252823288296,0.000327227040065252,0.00468165108870822,0.00354055291089135,"HLA-B/HLA-C/HLA-F/HLA-E/HLA-A",5
"GO:0008228","opsonization","5/720","17/18986",0.294117647058824,7.75571895424837,5.53252823288296,0.000327227040065252,0.00468165108870822,0.00354055291089135,"FCN3/CRP/C4BPA/MBL2/C4BPB",5
"GO:2000345","regulation of hepatocyte proliferation","5/720","17/18986",0.294117647058824,7.75571895424837,5.53252823288296,0.000327227040065252,0.00468165108870822,0.00354055291089135,"CPB2/HPN/CEACAM1/TNFAIP3/RTN4",5
"GO:0022612","gland morphogenesis","14/720","127/18986",0.110236220472441,2.90686789151356,4.28068192146411,0.000331527914226164,0.00472986032683901,0.00357701170612441,"CRIP1/AREG/EGFR/NFKB1/FGL1/CPB2/LRP5/STAT6/NFIB/HPN/CEACAM1/TNFAIP3/PROX1/RTN4",14
"GO:0005976","polysaccharide metabolic process","13/720","113/18986",0.115044247787611,3.0336529006883,4.30472492146141,0.000352984395363391,0.00502187043151447,0.00379784773310044,"IGF1/PPP1R1A/GNMT/PPP1R3B/NFKB1/INSR/PRKAG2/IRS2/UGP2/GABARAPL1/KHK/ACADM/PPP1CB",13
"GO:0140507","granzyme-mediated programmed cell death signaling pathway","4/720","10/18986",0.4,10.5477777777778,5.99583659958855,0.000358708479541886,0.00508905130612636,0.00384865404836325,"GZMB/NKG7/SRGN/LAMP1",4
"GO:0048771","tissue remodeling","18/720","191/18986",0.0942408376963351,2.48507853403141,4.09538524769951,0.000363151443198295,0.00513773309193354,0.00388547021325489,"HAMP/PDK4/EGFR/LGR4/NFKB1/LTBP3/EPAS1/SPP2/TIMP1/LRP5/FOSL2/HRG/TMBIM1/CEACAM1/TNFAIP3/AGT/PLG/TPP1",18
"GO:0046486","glycerolipid metabolic process","29/720","385/18986",0.0753246753246753,1.98626984126984,3.88157331838645,0.000372396807469046,0.00525389829204246,0.00397332149255716,"PLA2G2A/LCAT/C3/PON1/CIDEB/FGF21/TMEM86B/AGPAT5/ABHD3/CPS1/APOC3/AADAC/GPLD1/AGPAT2/MGLL/GK/CPT1A/APOC2/SERINC1/PCK1/PLSCR1/APOA1/SEL1L/APOA5/INSIG1/PNPLA2/DGAT2/PTEN/RGN",29
"GO:0043269","regulation of monoatomic ion transport","34/720","480/18986",0.0708333333333333,1.86783564814815,3.82341683234353,0.000378360444488052,0.00532324846968094,0.00402576836838286,"HAMP/SPINK1/CCL2/CXCL10/LGALS3/SRI/PDE4B/CXCR4/TSPAN13/CCL5/SARAF/TMSB4X/FXYD5/CYBA/FYN/PER1/CNKSR3/FXYD1/ATP2B4/CTSS/CCL4/VAMP2/ATP1B1/F2/MAOB/TMBIM6/AHNAK/ATP1A1/AGT/ITGB1/YWHAE/B2M/CALM2/CALM1",34
"GO:0007586","digestion","15/720","144/18986",0.104166666666667,2.74681712962963,4.17748607257639,0.000382045403919995,0.00536024476936368,0.00405374724892137,"HAMP/SPINK1/MUC13/SERPINA3/FABP1/VIL1/PBLD/F11R/ACO1/SGK1/PPARGC1A/EZR/APOA1/TYMP/PRAP1",15
"GO:0043648","dicarboxylic acid metabolic process","12/720","100/18986",0.12,3.16433333333333,4.30828056487353,0.00039961011343158,0.0055912390251212,0.00422843933278769,"HAL/GLS/PHYH/TAT/GPT2/PCK1/ACMSD/AMDHD1/ASL/GOT1/HAAO/FTCD",12
"GO:0140467","integrated stress response signaling","8/720","48/18986",0.166666666666667,4.39490740740741,4.6755350683295,0.000404853017182196,0.00564903426996805,0.00427214765673173,"FOS/MAFB/JUNB/MAF/JUN/PPP1R15B/PPP1R15A/HSPA5",8
"GO:0050766","positive regulation of phagocytosis","10/720","73/18986",0.136986301369863,3.61225266362253,4.43962431994698,0.000414527239886953,0.00576817493530366,0.00436224916610668,"FCN3/CCL2/C3/IL2RG/PTPRC/CYBA/MBL2/C2/APOA1/CALR",10
"GO:0070841","inclusion body assembly","6/720","27/18986",0.222222222222222,5.85987654320988,5.01705922738546,0.000435620934988257,0.00601015593413907,0.00454525010179655,"CLU/DNAJB6/HSPA1B/HSPA1A/DNAJB1/BAG3",6
"GO:1903319","positive regulation of protein maturation","6/720","27/18986",0.222222222222222,5.85987654320988,5.01705922738546,0.000435620934988257,0.00601015593413907,0.00454525010179655,"ANGPTL8/KLKB1/TFR2/HPN/MYH9/F12",6
"GO:0051100","negative regulation of binding","12/720","101/18986",0.118811881188119,3.13300330033003,4.26720534199755,0.000438164094514514,0.00601015593413907,0.00454525010179655,"SLPI/CDKN1A/CFHR2/IFIT1/IFI16/CFHR1/CYP2D6/NFIB/JUN/CFHR5/TMBIM6/B2M",12
"GO:0002923","regulation of humoral immune response mediated by circulating immunoglobulin","5/720","18/18986",0.277777777777778,7.32484567901235,5.32997580905417,0.000439017100131048,0.00601015593413907,0.00454525010179655,"C4BPA/HPX/PTPRC/CD46/C4BPB",5
"GO:0090083","regulation of inclusion body assembly","5/720","18/18986",0.277777777777778,7.32484567901235,5.32997580905417,0.000439017100131048,0.00601015593413907,0.00454525010179655,"CLU/DNAJB6/HSPA1B/HSPA1A/DNAJB1",5
"GO:0090110","COPII-coated vesicle cargo loading","5/720","18/18986",0.277777777777778,7.32484567901235,5.32997580905417,0.000439017100131048,0.00601015593413907,0.00454525010179655,"CIDEB/SEC23A/SEC24A/INSIG1/RAB1A",5
"GO:1903532","positive regulation of secretion by cell","24/720","298/18986",0.0805369127516778,2.12371364653244,3.8817914278649,0.000451457811082915,0.00616385543680142,0.00466148713254544,"SPINK1/AVPR1A/IGF1/NR0B2/RGCC/ANG/SRI/EGFR/GPLD1/CPB2/KISS1/SDC4/TFR2/SEC24A/TMED10/F2/IRS2/HLA-F/ARF6/BSG/LAMP1/GOLPH3/VAMP8/DYNLL1",24
"GO:0070555","response to interleukin-1","13/720","116/18986",0.112068965517241,2.95519636015326,4.19356372495802,0.000456080359588275,0.0062102738508012,0.00469659159626814,"GHR/CXCL8/CCL2/KLF2/EGR1/IL1RAP/NFKB1/CCL5/IL1RN/PCK1/APP/NFKBIA/TANK",13
"GO:0001913","T cell mediated cytotoxicity","9/720","61/18986",0.147540983606557,3.8905737704918,4.48932299861363,0.000457488265365709,0.00621278850211881,0.00469849333047979,"IL7R/PTPRC/HLA-B/HLA-C/HLA-F/HLA-E/CEACAM1/HLA-A/B2M",9
"GO:0008652","amino acid biosynthetic process","10/720","74/18986",0.135135135135135,3.56343843843844,4.38651728251888,0.000463300238466165,0.00625824976374908,0.00473287393662664,"GLS/DPYD/AGXT/SDS/CPS1/ATP2B4/PSAT1/ASL/GOT1/HAO1",10
"GO:2000379","positive regulation of reactive oxygen species metabolic process","10/720","74/18986",0.135135135135135,3.56343843843844,4.38651728251888,0.000463300238466165,0.00625824976374908,0.00473287393662664,"CRP/CDKN1A/EGFR/CYBA/GSTP1/APP/F2/NNT/FOXO3/AGT",10
"GO:0042269","regulation of natural killer cell mediated cytotoxicity","8/720","49/18986",0.163265306122449,4.30521541950113,4.59930322499587,0.000467994505669793,0.00628821188967429,0.00475553314171283,"SERPINB9/KLRB1/HLA-B/HLA-F/HLA-E/CEACAM1/LAMP1/HLA-A",8
"GO:0061028","establishment of endothelial barrier","8/720","49/18986",0.163265306122449,4.30521541950113,4.59930322499587,0.000467994505669793,0.00628821188967429,0.00475553314171283,"ICAM1/F11R/CLDN1/EZR/RAP2C/VEGFA/PROC/RAP1A",8
"GO:2001237","negative regulation of extrinsic apoptotic signaling pathway","12/720","102/18986",0.117647058823529,3.10228758169935,4.2266378436238,0.000479808178372129,0.00642993598404233,0.00486271363110651,"IGF1/KLF4/SERPINE1/LGALS3/GSTP1/IFI6/ICAM1/MCL1/HSPA1B/TMBIM1/TNFAIP3/HSPA1A",12
"GO:0071347","cellular response to interleukin-1","11/720","88/18986",0.125,3.29618055555556,4.28636619336712,0.000485384288763744,0.00648754421745015,0.00490628052548173,"CXCL8/CCL2/KLF2/EGR1/IL1RAP/NFKB1/CCL5/IL1RN/PCK1/NFKBIA/TANK",11
"GO:0071398","cellular response to fatty acid","7/720","38/18986",0.184210526315789,4.85752923976608,4.72573276640318,0.000495164701851361,0.00660089637979806,0.00499200441236529,"PDK4/CPS1/HMGCS2/CPT1A/CLDN1/ID3/DGAT2",7
"GO:0042593","glucose homeostasis","22/720","265/18986",0.0830188679245283,2.18916142557652,3.87033939564095,0.000510733244223971,0.00679061295134437,0.00513547976900874,"SRI/FGF21/PDK4/ICAM1/GPLD1/CPB2/INSR/SLC39A14/LRP5/FOSL2/FOXA3/PCK1/SLC37A4/PPARGC1A/IRS2/CRY2/SLC29A1/FOXO3/PRCP/TRA2B/NUCKS1/DYNLL1",22
"GO:0002823","negative regulation of adaptive immune response based on somatic recombination of immune receptors built from immunoglobulin superfamily domains","9/720","62/18986",0.145161290322581,3.82782258064516,4.42783425150828,0.000517465526519325,0.00686216033731502,0.0051895883091082,"CLEC4G/C4BPA/IL7R/CD69/PTPRC/CD46/C4BPB/HLA-F/CEACAM1",9
"GO:0060586","multicellular organismal-level iron ion homeostasis","6/720","28/18986",0.214285714285714,5.65059523809524,4.88923735349265,0.000536810078064536,0.00709006047600993,0.00536194043107538,"HAMP/EPAS1/TMPRSS6/TFR2/SLC40A1/B2M",6
"GO:0033500","carbohydrate homeostasis","22/720","266/18986",0.0827067669172932,2.18093149540518,3.85090162054222,0.000537443056362241,0.00709006047600993,0.00536194043107538,"SRI/FGF21/PDK4/ICAM1/GPLD1/CPB2/INSR/SLC39A14/LRP5/FOSL2/FOXA3/PCK1/SLC37A4/PPARGC1A/IRS2/CRY2/SLC29A1/FOXO3/PRCP/TRA2B/NUCKS1/DYNLL1",22
"GO:0019884","antigen processing and presentation of exogenous antigen","8/720","50/18986",0.16,4.21911111111111,4.52508424576054,0.000538889890311896,0.00709072992977751,0.00536244671324818,"CTSS/CTSD/HLA-F/HLA-E/CTSL/HLA-A/B2M/PSME1",8
"GO:0034975","protein folding in endoplasmic reticulum","4/720","11/18986",0.363636363636364,9.58888888888889,5.65707917522232,0.000546805161088968,0.00710287317946513,0.00537163018660289,"ERO1B/HSPA5/HSP90B1/CALR",4
"GO:0097278","complement-dependent cytotoxicity","4/720","11/18986",0.363636363636364,9.58888888888889,5.65707917522232,0.000546805161088968,0.00710287317946513,0.00537163018660289,"IGHG1/C3/CFH/CD59",4
"GO:1903027","regulation of opsonization","4/720","11/18986",0.363636363636364,9.58888888888889,5.65707917522232,0.000546805161088968,0.00710287317946513,0.00537163018660289,"FCN3/C4BPA/MBL2/C4BPB",4
"GO:1904627","response to phorbol 13-acetate 12-myristate","4/720","11/18986",0.363636363636364,9.58888888888889,5.65707917522232,0.000546805161088968,0.00710287317946513,0.00537163018660289,"FOS/FBP1/BTG2/PCK1",4
"GO:1904628","cellular response to phorbol 13-acetate 12-myristate","4/720","11/18986",0.363636363636364,9.58888888888889,5.65707917522232,0.000546805161088968,0.00710287317946513,0.00537163018660289,"FOS/FBP1/BTG2/PCK1",4
"GO:1903706","regulation of hemopoiesis","31/720","433/18986",0.0715935334872979,1.88788170387478,3.71058004766789,0.000564873126505727,0.00731885359572089,0.0055349678802884,"VNN1/CLEC4G/PGLYRP2/FOS/ZBTB16/ANXA1/IL7R/MAFB/JUNB/ZFP36/IL2RG/ID2/CD69/PTPRC/NEDD9/NFKBIZ/PCK1/ZFP36L2/CD46/HLA-B/HSPA1B/NFKBIA/CEACAM1/FOXO3/STAT1/KLF10/HSPA1A/BRD2/B2M/ZFP36L1/TMEM176B",31
"GO:1902893","regulation of miRNA transcription","10/720","76/18986",0.131578947368421,3.46966374269006,4.28300597138676,0.000575190903834646,0.00742261206081188,0.00561343642240029,"KLF4/FOS/EGR1/EGFR/APP/NFIB/JUN/FOXO3/VEGFA/AGT",10
"GO:0006935","chemotaxis","33/720","472/18986",0.0699152542372881,1.84362641242938,3.68485887961527,0.000575804125213601,0.00742261206081188,0.00561343642240029,"CCL25/CXCL8/CCL2/CCL20/CXCL10/SERPINE1/ANXA1/LGALS3/NR4A1/C5/PDE4B/CXCL16/CXCR4/CXCL2/CCL5/PLAUR/TMSB4X/NEDD9/PLP2/CCL4/APP/APOA1/MTUS1/HRG/TYMP/F7/VEGFA/RARRES2/BSG/SBDS/DUSP1/CALR/SERPIND1",33
"GO:0033209","tumor necrosis factor-mediated signaling pathway","13/720","119/18986",0.109243697478992,2.88069561157796,4.08592498921273,0.000583641083103634,0.00748692107904307,0.00566207086298135,"TMSB4X/PPP2CB/GSTP1/APOA1/HSPA1B/NFKBIA/TANK/TNFAIP3/FOXO3/STAT1/HSPA1A/EIF5A/TXNDC17",13
"GO:0043462","regulation of ATP-dependent activity","9/720","63/18986",0.142857142857143,3.76706349206349,4.36761377221624,0.000583741041012218,0.00748692107904307,0.00566207086298135,"ALDOB/IFIT1/PLSCR1/ATP1B1/TOR1AIP2/DNAJB1/PFN1/RGN/HNRNPU",9
"GO:0034599","cellular response to oxidative stress","21/720","251/18986",0.0836653386454183,2.20620849933599,3.81928633187365,0.000613153401136725,0.00784434792033609,0.00593237905541008,"KLF4/KLF2/FOS/KDM6B/NR4A2/FABP1/GCH1/FYN/MAP1LC3A/PPARGC1A/STAT6/MSRA/HSPA1B/PTPRK/RHOB/TNFAIP3/FOXO3/AMBP/HSPA1A/TP53INP1/STAU1",21
"GO:0002262","myeloid cell homeostasis","17/720","183/18986",0.092896174863388,2.44962052216151,3.91215562640347,0.000616965491885021,0.00787328576202016,0.00595426363366422,"HAMP/KLF2/ANXA1/MAFB/PDE4B/ZFP36/ID2/EPAS1/CITED2/HSPA1B/FOXO3/VEGFA/KMT2E/STAT1/HSPA1A/B2M/ZFP36L1",17
"GO:0042330","taxis","33/720","474/18986",0.069620253164557,1.83584739803094,3.65880544884583,0.000619434453491958,0.00788498142678108,0.0059631086157292,"CCL25/CXCL8/CCL2/CCL20/CXCL10/SERPINE1/ANXA1/LGALS3/NR4A1/C5/PDE4B/CXCL16/CXCR4/CXCL2/CCL5/PLAUR/TMSB4X/NEDD9/PLP2/CCL4/APP/APOA1/MTUS1/HRG/TYMP/F7/VEGFA/RARRES2/BSG/SBDS/DUSP1/CALR/SERPIND1",33
"GO:0032371","regulation of sterol transport","10/720","77/18986",0.12987012987013,3.42460317460317,4.23254489514202,0.000639001999613966,0.00804481207758908,0.00608398239834251,"PON1/FURIN/NFKB1/APOC3/APOC2/ABCB4/SEC24A/APOA1/NFKBIA/SCP2",10
"GO:0032374","regulation of cholesterol transport","10/720","77/18986",0.12987012987013,3.42460317460317,4.23254489514202,0.000639001999613966,0.00804481207758908,0.00608398239834251,"PON1/FURIN/NFKB1/APOC3/APOC2/ABCB4/SEC24A/APOA1/NFKBIA/SCP2",10
"GO:0061614","miRNA transcription","10/720","77/18986",0.12987012987013,3.42460317460317,4.23254489514202,0.000639001999613966,0.00804481207758908,0.00608398239834251,"KLF4/FOS/EGR1/EGFR/APP/NFIB/JUN/FOXO3/VEGFA/AGT",10
"GO:0071214","cellular response to abiotic stimulus","26/720","342/18986",0.0760233918128655,2.00469460688759,3.72243736763858,0.000639910234169322,0.00804481207758908,0.00608398239834251,"AVPR1A/GPR88/CRIP1/CDKN1A/EGR1/EGFR/NFKB1/FBP1/IFI16/GPLD1/TIMP1/F11R/OPN3/PCK1/CRY2/PTPRK/TANK/PRAP1/RHOB/PTEN/BAG3/ATP1A1/TP53INP1/ZFP36L1/NUCKS1/CALR",26
"GO:0104004","cellular response to environmental stimulus","26/720","342/18986",0.0760233918128655,2.00469460688759,3.72243736763858,0.000639910234169322,0.00804481207758908,0.00608398239834251,"AVPR1A/GPR88/CRIP1/CDKN1A/EGR1/EGFR/NFKB1/FBP1/IFI16/GPLD1/TIMP1/F11R/OPN3/PCK1/CRY2/PTPRK/TANK/PRAP1/RHOB/PTEN/BAG3/ATP1A1/TP53INP1/ZFP36L1/NUCKS1/CALR",26
"GO:0001894","tissue homeostasis","22/720","270/18986",0.0814814814814815,2.14862139917695,3.7740016802125,0.000656822310291072,0.00821675003440481,0.00621401247148592,"HAMP/MUC13/SERPINA3/PDK4/EGFR/CLN8/LTBP3/PBLD/ADGRV1/NFKBIZ/F11R/CLDN1/FOSL2/NT5E/NFIB/TNFAIP3/VEGFA/BSG/LSR/ITGB1/ERRFI1/TPP1",22
"GO:0060249","anatomical structure homeostasis","22/720","270/18986",0.0814814814814815,2.14862139917695,3.7740016802125,0.000656822310291072,0.00821675003440481,0.00621401247148592,"HAMP/MUC13/SERPINA3/PDK4/EGFR/CLN8/LTBP3/PBLD/ADGRV1/NFKBIZ/F11R/CLDN1/FOSL2/NT5E/NFIB/TNFAIP3/VEGFA/BSG/LSR/ITGB1/ERRFI1/TPP1",22
"GO:0031331","positive regulation of cellular catabolic process","20/720","235/18986",0.0851063829787234,2.24420803782506,3.8103471003491,0.000661002849830389,0.00824873089505785,0.00623819836811351,"HAMP/IGF1/FABP1/FGF21/FURIN/AADAC/PLK3/GPLD1/INSR/CPT1A/APOC2/APP/IRS2/NNT/APOA5/FOXO3/PNPLA2/BAG3/TP53INP1/TMEM59",20
"GO:0034284","response to monosaccharide","19/720","218/18986",0.0871559633027523,2.29825433231397,3.82762032658208,0.000669205603232082,0.00833062563435232,0.00630013221412247,"EGR1/NR0B2/SRI/TXNIP/FGF21/ICAM1/GPLD1/CPB2/HMGCS2/SLC39A14/LRP5/PCK1/VAMP2/IRS2/SLC29A1/KHK/FOXO3/TRA2B/DYNLL1",19
"GO:0002687","positive regulation of leukocyte migration","15/720","152/18986",0.0986842105263158,2.60224780701754,3.9375856992834,0.000678081732155213,0.00842048195016217,0.00636808709467089,"CXCL8/CCL20/CXCL10/SERPINE1/LGALS3/CCL5/NEDD9/ICAM1/CCL4/APP/F7/VEGFA/RARRES2/RTN4/CALR",15
"GO:1990778","protein localization to cell periphery","27/720","362/18986",0.074585635359116,1.9667817679558,3.68719475853997,0.000679804050457814,0.00842127993237862,0.0063686905779732,"LGALS3/GPC6/EGFR/CDH1/VIL1/GOLGA7/ATP2B4/F11R/PGRMC1/SEC23A/VAMP2/EZR/ATP1B1/GABARAP/TMBIM1/CDH2/ARF6/BSG/VAMP5/SCARB2/GOLPH3/RAP1A/ITGB1/VAMP8/ERRFI1/TMEM59/SCP2",27
"GO:0010043","response to zinc ion","8/720","52/18986",0.153846153846154,4.05683760683761,4.38230575701248,0.000706727511959807,0.00870042754392995,0.00657979919540738,"CRIP1/CPS1/MT1F/MT1E/SLC30A10/MT2A/KHK/HAAO",8
"GO:0002064","epithelial cell development","19/720","219/18986",0.0867579908675799,2.28776002029427,3.80547953378943,0.000707477175751737,0.00870042754392995,0.00657979919540738,"CDKN1A/CXCR4/ARHGEF26/EPAS1/ICAM1/F11R/CLDN1/VIM/FOSL2/B4GALT1/COL18A1/FNDC3A/EZR/RAP2C/CDH2/VEGFA/PROC/PROX1/RAP1A",19
"GO:0051098","regulation of binding","19/720","219/18986",0.0867579908675799,2.28776002029427,3.80547953378943,0.000707477175751737,0.00870042754392995,0.00657979919540738,"SLPI/IGF1/CDKN1A/PLAUR/CFHR2/PPP2CB/IFIT1/IFI16/CFHR1/CYP2D6/VTN/NFIB/JUN/CFHR5/DAZAP2/IL32/TMBIM6/B2M/NUCKS1",19
"GO:2000628","regulation of miRNA metabolic process","11/720","92/18986",0.119565217391304,3.15286835748792,4.10959718350965,0.000711106531122097,0.00872393737093994,0.0065975787746365,"KLF4/FOS/EGR1/EGFR/NFKB1/APP/NFIB/JUN/FOXO3/VEGFA/AGT",11
"GO:0051592","response to calcium ion","14/720","137/18986",0.102189781021898,2.69468775344688,3.95235221323955,0.00071641355341166,0.00876786611512728,0.00663080039670044,"CRHBP/FOSB/FOS/TXNIP/JUNB/EGFR/ADGRV1/SLC6A1/GPLD1/AQP3/APP/JUND/CALM2/CALM1",14
"GO:0002699","positive regulation of immune effector process","22/720","272/18986",0.0808823529411765,2.1328227124183,3.73605197610268,0.000724700743459726,0.00882264618207663,0.00667222845740409,"FCN3/C3/ANXA1/HPX/PTPRC/CD7/NFKBIZ/MBL2/PCK1/CD46/HLA-B/DNAJB9/STAT6/HLA-C/HLA-F/HLA-E/LAMP1/BRD2/HLA-A/VAMP8/B2M/RTN4",22
"GO:2000377","regulation of reactive oxygen species metabolic process","15/720","153/18986",0.0980392156862745,2.58523965141612,3.90868535196911,0.000726100827743262,0.00882264618207663,0.00667222845740409,"CRP/CDKN1A/EGFR/GCH1/CYBA/GSTP1/FYN/PON3/IER3/APP/F2/NNT/FOXO3/PRCP/AGT",15
"GO:2001235","positive regulation of apoptotic signaling pathway","15/720","153/18986",0.0980392156862745,2.58523965141612,3.90868535196911,0.000726100827743262,0.00882264618207663,0.00667222845740409,"VNN1/G0S2/ATF3/PTPRC/CLU/SKIL/CTSS/APP/PPP2R1B/MCL1/EIF5A/CTSL/TNFSF10/AGT/UBB",15
"GO:0097192","extrinsic apoptotic signaling pathway in absence of ligand","9/720","65/18986",0.138461538461538,3.65115384615385,4.25078743615771,0.000737167448139333,0.0089144606407135,0.00674166420616648,"KLF4/IFI6/PPP2R1B/MCL1/HSPA1B/MKNK2/FOXO3/HSPA1A/BAG3",9
"GO:1901607","alpha-amino acid biosynthetic process","9/720","65/18986",0.138461538461538,3.65115384615385,4.25078743615771,0.000737167448139333,0.0089144606407135,0.00674166420616648,"GLS/AGXT/SDS/CPS1/ATP2B4/PSAT1/ASL/GOT1/HAO1",9
"GO:0046634","regulation of alpha-beta T cell activation","13/720","122/18986",0.10655737704918,2.80985883424408,3.9815992484089,0.00074010139750051,0.00892868170523775,0.00675241905107979,"CLEC4G/ZBTB16/ANXA1/LGALS3/JUNB/IL2RG/CD69/PTPRC/NFKBIZ/HSPH1/HLA-E/BRD2/HLA-A",13
"GO:0097193","intrinsic apoptotic signaling pathway","25/720","327/18986",0.0764525993883792,2.01601257220523,3.67941350655074,0.000744048999756975,0.00895503523641155,0.00677234921455027,"VNN1/CRIP1/IFI27/CDKN1A/CIDEB/PLAUR/FYN/IFI16/IFI6/CLU/SKIL/IER3/FNIP2/HYOU1/PPP2R5C/APP/MCL1/HERPUD1/PPP1R15A/HSPA1A/EIF5A/TMBIM6/TPT1/UBB/DNAJA1",25
"GO:0043691","reverse cholesterol transport","5/720","20/18986",0.25,6.59236111111111,4.96789209304068,0.000745920318160493,0.00895633403294833,0.00677333144448834,"LCAT/APOC3/CLU/APOC2/APOA1",5
"GO:1901617","organic hydroxy compound biosynthetic process","21/720","255/18986",0.0823529411764706,2.17160130718954,3.73954942976661,0.000752512410567081,0.00901417578601463,0.00681707494081251,"NR4A2/NFKB1/GCH1/CYP3A4/HMGCS2/OPN3/PCK1/ERLIN2/PRKAG2/ASAH1/APOA1/PSAT1/ABCD3/GOT1/INSIG1/PROX1/TM7SF2/CYB5R3/ACAA2/ERRFI1/SCP2",21
"GO:0001678","intracellular glucose homeostasis","16/720","170/18986",0.0941176470588235,2.48183006535948,3.8530889313258,0.000765937924152177,0.00915340874533861,0.00692237148044903,"SRI/FGF21/ICAM1/GPLD1/CPB2/SLC39A14/LRP5/FOXA3/PCK1/PPARGC1A/IRS2/SLC29A1/FOXO3/TRA2B/NUCKS1/DYNLL1",16
"GO:0045824","negative regulation of innate immune response","11/720","93/18986",0.118279569892473,3.11896654719235,4.06691349345341,0.000779447801282501,0.00929299385613574,0.00702793433871966,"SERPINB9/IFI16/STAT2/HLA-B/HLA-F/A2M/HLA-E/CEACAM1/TNFAIP3/SERPING1/HLA-A",11
"GO:0042267","natural killer cell mediated cytotoxicity","10/720","79/18986",0.126582278481013,3.33790436005626,4.13407924020272,0.000784208046489707,0.00930605763579725,0.00703781397353896,"SERPINB9/GZMB/KLRB1/NKG7/HLA-B/HLA-F/HLA-E/CEACAM1/LAMP1/HLA-A",10
"GO:0050853","B cell receptor signaling pathway","10/720","79/18986",0.126582278481013,3.33790436005626,4.13407924020272,0.000784208046489707,0.00930605763579725,0.00703781397353896,"IGLC3/IGHG1/IGHA1/IGHG3/IGHG4/IGKC/NFKB1/PTPRC/NFKBIZ/NFKBIA",10
"GO:0009649","entrainment of circadian clock","6/720","30/18986",0.2,5.27388888888889,4.65114979871457,0.000793206833418085,0.00935659046940649,0.00707603001479037,"ID2/PER1/GNAQ/BHLHE40/CRY2/PPP1CB",6
"GO:0090084","negative regulation of inclusion body assembly","4/720","12/18986",0.333333333333333,8.78981481481481,5.35905396834713,0.000795678879086663,0.00935659046940649,0.00707603001479037,"DNAJB6/HSPA1B/HSPA1A/DNAJB1",4
"GO:0001916","positive regulation of T cell mediated cytotoxicity","7/720","41/18986",0.170731707317073,4.50210027100271,4.4567987367816,0.000799358989594594,0.00935659046940649,0.00707603001479037,"PTPRC/HLA-B/HLA-C/HLA-F/HLA-E/HLA-A/B2M",7
"GO:0002478","antigen processing and presentation of exogenous peptide antigen","7/720","41/18986",0.170731707317073,4.50210027100271,4.4567987367816,0.000799358989594594,0.00935659046940649,0.00707603001479037,"CTSS/CTSD/HLA-F/HLA-E/CTSL/HLA-A/B2M",7
"GO:0009072","aromatic amino acid metabolic process","7/720","41/18986",0.170731707317073,4.50210027100271,4.4567987367816,0.000799358989594594,0.00935659046940649,0.00707603001479037,"TDO2/HAL/TAT/ACMSD/AMDHD1/HAAO/FTCD",7
"GO:0030301","cholesterol transport","13/720","123/18986",0.105691056910569,2.78701445347787,3.94752656023762,0.000799519642394648,0.00935659046940649,0.00707603001479037,"LCAT/PON1/FURIN/NFKB1/APOC3/CLU/APOC2/ABCB4/SEC24A/APOA1/NFKBIA/APOA5/SCP2",13
"GO:0046460","neutral lipid biosynthetic process","8/720","53/18986",0.150943396226415,3.98029350104822,4.31357223783902,0.000805149365209623,0.00937925143554971,0.00709316763314803,"C3/GPLD1/AGPAT2/GK/PCK1/PNPLA2/DGAT2/RGN",8
"GO:0046463","acylglycerol biosynthetic process","8/720","53/18986",0.150943396226415,3.98029350104822,4.31357223783902,0.000805149365209623,0.00937925143554971,0.00709316763314803,"C3/GPLD1/AGPAT2/GK/PCK1/PNPLA2/DGAT2/RGN",8
"GO:0043470","regulation of carbohydrate catabolic process","9/720","66/18986",0.136363636363636,3.59583333333333,4.19409273618738,0.000825366046674504,0.00957085422616394,0.00723806946482881,"IGF1/PPP1R3B/FBP1/ALDOB/INSR/IER3/APP/PRKAG2/SCARB2",9
"GO:0046503","glycerolipid catabolic process","9/720","66/18986",0.136363636363636,3.59583333333333,4.19409273618738,0.000825366046674504,0.00957085422616394,0.00723806946482881,"FGF21/CPS1/APOC3/AADAC/GPLD1/MGLL/APOC2/APOA5/PNPLA2",9
"GO:0030218","erythrocyte differentiation","14/720","139/18986",0.100719424460432,2.65591526778577,3.89022049532659,0.000827275721992292,0.00957114667881288,0.00723829063553501,"KLF2/MAFB/ZFP36/ID2/EPAS1/CITED2/HSPA1B/FOXO3/VEGFA/KMT2E/STAT1/HSPA1A/B2M/ZFP36L1",14
"GO:0009914","hormone transport","25/720","330/18986",0.0757575757575758,1.99768518518519,3.62986981220391,0.000847939126172352,0.00978791550415767,0.00740222457273424,"SPINK1/SERPINA7/CRHBP/NR0B2/ANXA1/SRI/RAB11FIP1/EGFR/CCL5/CPE/MIDN/IL1RN/GPLD1/KISS1/CPT1A/LRP5/TFR2/F2/GNAS/IRS2/CRY2/AGT/VAMP8/DYNLL1/RAB1A",25
"GO:0071677","positive regulation of mononuclear cell migration","11/720","94/18986",0.117021276595745,3.08578605200946,4.02480218027065,0.000853149313771988,0.00982572645044882,0.00743081953921467,"CCL20/CXCL10/SERPINE1/LGALS3/CCL5/NEDD9/CCL4/APP/RARRES2/RTN4/CALR",11
"GO:0009615","response to virus","30/720","425/18986",0.0705882352941176,1.86137254901961,3.56561648626005,0.000864182719533445,0.00993028061653929,0.00750988983943211,"FCN3/CXCL10/IFI27/NFKB1/CXCR4/CCL5/PTPRC/IFIT1/IFI16/IFI6/CLU/ZC3HAV1/ISG20/MBL2/STAT2/CCL4/PLSCR1/TANK/TNFAIP3/STAT1/EEF1G/EIF5A/TPT1/IFITM2/UAP1/IFITM3/HSP90AA1/VAMP8/CALR/ARF1",30
"GO:0043409","negative regulation of MAPK cascade","16/720","172/18986",0.0930232558139535,2.45297157622739,3.80041124452951,0.000868928546570771,0.00996227559375383,0.00753408641187298,"RGS2/DUSP6/ATF3/PTPRC/GSTP1/PER1/CNKSR3/DUSP2/PDCD4/EZR/NDRG2/AMBP/DUSP1/RNF149/AGT/DNAJA1",16
"GO:0003018","vascular process in circulatory system","22/720","276/18986",0.0797101449275362,2.10191223832528,3.66112431800933,0.000878881453861261,0.0100536912255886,0.00760322054324263,"SLC22A1/AVPR1A/CRP/KLF2/SLC2A3/EGFR/CPS1/RGS2/SLC7A2/GCH1/SLC6A1/SERPINF2/INSR/ATP2B4/DDAH1/SLC29A1/SLC38A3/CEACAM1/VEGFA/AGT/ITGB1/KNG1",22
"GO:0032368","regulation of lipid transport","15/720","156/18986",0.0961538461538462,2.5355235042735,3.82334448625762,0.000887848541998495,0.0100927743682807,0.00763277762299999,"PON1/CYP4A11/FURIN/NFKB1/APOC3/APOC2/ABCB4/SEC24A/APOA1/IRS2/CRY2/NFKBIA/PRAP1/AGT/SCP2",15
"GO:0008360","regulation of cell shape","14/720","140/18986",0.1,2.63694444444444,3.85956346853055,0.000887922914412994,0.0100927743682807,0.00763277762299999,"CCL2/ANXA1/PALMD/VIL1/FYN/RHOU/F11R/LST1/CDC42SE1/EZR/F2/HPN/VEGFA/MYH9",14
"GO:0007623","circadian rhythm","18/720","206/18986",0.087378640776699,2.30412621359223,3.73641634340261,0.000890246685762893,0.0100927743682807,0.00763277762299999,"EGR1/NR0B2/EGFR/LGR4/ID2/PER1/GNAQ/BHLHE40/OPN3/PPARGC1A/GFPT1/CRY2/F7/KLF10/PTEN/PPP1CB/PROX1/HNRNPU",18
"GO:0009749","response to glucose","18/720","206/18986",0.087378640776699,2.30412621359223,3.73641634340261,0.000890246685762893,0.0100927743682807,0.00763277762299999,"EGR1/NR0B2/SRI/TXNIP/FGF21/ICAM1/GPLD1/CPB2/SLC39A14/LRP5/PCK1/VAMP2/IRS2/SLC29A1/KHK/FOXO3/TRA2B/DYNLL1",18
"GO:0002548","monocyte chemotaxis","8/720","54/18986",0.148148148148148,3.90658436213992,4.24650252801719,0.000914283937198535,0.0103422007060832,0.00782140918259865,"CCL2/CXCL10/SERPINE1/ANXA1/LGALS3/CCL5/APP/DUSP1",8
"GO:0038034","signal transduction in absence of ligand","9/720","67/18986",0.134328358208955,3.54216417910448,4.13848828305365,0.000921958365082299,0.0103827639384767,0.00785208559735164,"KLF4/IFI6/PPP2R1B/MCL1/HSPA1B/MKNK2/FOXO3/HSPA1A/BAG3",9
"GO:0070301","cellular response to hydrogen peroxide","9/720","67/18986",0.134328358208955,3.54216417910448,4.13848828305365,0.000921958365082299,0.0103827639384767,0.00785208559735164,"KLF4/KLF2/KDM6B/FABP1/FYN/MAP1LC3A/STAT6/RHOB/TNFAIP3",9
"GO:0062014","negative regulation of small molecule metabolic process","13/720","125/18986",0.104,2.74242222222222,3.88039443026653,0.000930427843003579,0.010454962421715,0.00790668653730801,"NFKB1/FBP1/ALDOB/APOC3/IER3/ATP2B4/ERLIN2/ACMSD/ACADVL/MST1/CEACAM1/INSIG1/PROX1",13
"GO:0002690","positive regulation of leukocyte chemotaxis","11/720","95/18986",0.115789473684211,3.05330409356725,3.98324870773696,0.000932529583418792,0.0104554475809802,0.00790705344462687,"CXCL8/CXCL10/SERPINE1/CCL5/NEDD9/CCL4/APP/F7/VEGFA/RARRES2/CALR",11
"GO:0009267","cellular response to starvation","17/720","190/18986",0.0894736842105263,2.35937134502924,3.7387981191297,0.000941354225287775,0.0105092244673893,0.0079477228384169,"CDKN1A/FOS/PDK4/ALB/ATF3/IFI16/MAP1LC3A/FOXA3/PCK1/PRKAG2/LAMP2/GABARAPL1/SLC38A3/GABARAP/FOXO3/KLF10/HSPA5",17
"GO:0022408","negative regulation of cell-cell adhesion","18/720","207/18986",0.0869565217391304,2.29299516908213,3.71360464488747,0.000941464290738751,0.0105092244673893,0.0079477228384169,"CLEC4G/CCL25/KLF4/PELI1/ANXA1/RGCC/LGALS3/CDH1/CD69/FXYD5/FGL1/IL1RN/SDC4/APOA1/HLA-E/CEACAM1/VEGFA/PLG",18
"GO:0010288","response to lead ion","5/720","21/18986",0.238095238095238,6.27843915343915,4.80494660342087,0.000948714486223447,0.0105264446433378,0.00796074579611392,"PPP2CB/SLC6A1/MAP1LC3A/CLDN1/PLSCR1",5
"GO:0032930","positive regulation of superoxide anion generation","5/720","21/18986",0.238095238095238,6.27843915343915,4.80494660342087,0.000948714486223447,0.0105264446433378,0.00796074579611392,"CRP/EGFR/GSTP1/APP/AGT",5
"GO:0019218","regulation of steroid metabolic process","12/720","110/18986",0.109090909090909,2.87666666666667,3.91902758770656,0.000949224580950717,0.0105264446433378,0.00796074579611392,"EGR1/NFKB1/IGFBP7/ERLIN2/ACADVL/ASAH1/APOA1/EPHX2/INSIG1/PROX1/ATP1A1/SCP2",12
"GO:0097421","liver regeneration","6/720","31/18986",0.193548387096774,5.10376344086021,4.53995024195218,0.000952395468747394,0.0105385982260741,0.00796993708395652,"EGFR/CPB2/CPT1A/CLDN1/VTN/RGN",6
"GO:0048660","regulation of smooth muscle cell proliferation","16/720","174/18986",0.0919540229885057,2.42477650063857,3.74846711301139,0.000983460042533066,0.0108586816435336,0.00821200387918343,"HPGD/IGF1/KLF4/CDKN1A/ANG/EGFR/CCL5/ID2/SERPINF2/PDCD4/PPARGC1A/NDRG2/JUN/TNFAIP3/STAT1/PTEN",16
"GO:0097529","myeloid leukocyte migration","20/720","243/18986",0.0823045267489712,2.17032464563329,3.64535440586438,0.00100212421016463,0.0110407567536359,0.0083497002920213,"CCL25/CXCL8/CCL2/CXCL10/SERPINE1/ANXA1/LGALS3/C5/PDE4B/CXCL2/CCL5/B4GALT1/CCL4/APP/MTUS1/VEGFA/RARRES2/BSG/DUSP1/RTN4",20
"GO:0046883","regulation of hormone secretion","21/720","261/18986",0.0804597701149425,2.12167943805875,3.62266288363978,0.00101261687203425,0.0111322101581427,0.00841886298941208,"SPINK1/CRHBP/NR0B2/ANXA1/SRI/RAB11FIP1/EGFR/CCL5/MIDN/GPLD1/KISS1/CPT1A/LRP5/TFR2/F2/GNAS/IRS2/CRY2/AGT/VAMP8/DYNLL1",21
"GO:0043124","negative regulation of canonical NF-kappaB signal transduction","9/720","68/18986",0.132352941176471,3.49007352941176,4.08393517328805,0.00102752567348192,0.0112717125175263,0.0085243632659669,"KLF4/TMSB4X/GSTP1/PER1/NFKBIA/PPM1A/TANK/TNFAIP3/STAT1",9
"GO:0002715","regulation of natural killer cell mediated immunity","8/720","55/18986",0.145454545454545,3.83555555555556,4.18102293531224,0.00103495694236422,0.0112801422967122,0.00853073838420384,"SERPINB9/KLRB1/HLA-B/HLA-F/HLA-E/CEACAM1/LAMP1/HLA-A",8
"GO:0006111","regulation of gluconeogenesis","8/720","55/18986",0.145454545454545,3.83555555555556,4.18102293531224,0.00103495694236422,0.0112801422967122,0.00853073838420384,"GNMT/FBP1/NNMT/PPARGC1A/PRKAG2/GPT/MST1/ACADM",8
"GO:0071320","cellular response to cAMP","8/720","55/18986",0.145454545454545,3.83555555555556,4.18102293531224,0.00103495694236422,0.0112801422967122,0.00853073838420384,"CRHBP/CPS1/FBP1/PCK1/EZR/FDX1/RAP1A/ZFP36L1",8
"GO:0006091","generation of precursor metabolites and energy","33/720","490/18986",0.0673469387755102,1.77590136054422,3.45474078705027,0.00108697491788078,0.011821725070485,0.0089403166355167,"AVPR1A/IGF1/PPP1R1A/GNMT/PPP1R3B/FBP1/CROT/ALDOB/HMGCS2/ACAT1/INSR/IER3/ACO1/OPN3/ACADVL/APP/PPARGC1A/PRKAG2/UQCRHL/GFPT1/IRS2/NNT/UGP2/GABARAPL1/KHK/FDX1/IMMP2L/ACADM/PPP1CB/NDUFB1/NDUFA3/SDHD/BLOC1S1",33
"GO:0071377","cellular response to glucagon stimulus","4/720","13/18986",0.307692307692308,8.11367521367522,5.09386613861079,0.00111498855500823,0.0121004847668521,0.00915113188759565,"FGF21/CPS1/PCK1/GNAS",4
"GO:1902105","regulation of leukocyte differentiation","25/720","337/18986",0.0741839762611276,1.95619024068579,3.51626262935908,0.00114059068087977,0.0123519404438984,0.00934129815852376,"VNN1/CLEC4G/PGLYRP2/FOS/ZBTB16/ANXA1/IL7R/MAFB/JUNB/IL2RG/ID2/CD69/PTPRC/NEDD9/NFKBIZ/PCK1/ZFP36L2/CD46/HLA-B/CEACAM1/FOXO3/KLF10/BRD2/ZFP36L1/TMEM176B",25
"GO:0097696","cell surface receptor signaling pathway via STAT","15/720","160/18986",0.09375,2.47213541666667,3.71260331006673,0.00115010981305019,0.0124111249538226,0.00938605713028855,"HAMP/GHR/IGF1/CCL2/SOCS3/IL7R/CCL5/PTPRC/FYN/STAT2/STAT6/F2/MST1/STAT1/CALM1",15
"GO:0031329","regulation of cellular catabolic process","32/720","472/18986",0.0677966101694915,1.78775894538606,3.44083649128896,0.00115338668600202,0.0124111249538226,0.00938605713028855,"HAMP/IGF1/FABP1/FGF21/PPP1R3B/FURIN/APOC3/IFI16/AADAC/PLK3/ATP6V1B2/GPLD1/TIMP1/INSR/ATP2B4/CPT1A/APOC2/TAB2/APP/LONP2/MCL1/IRS2/NNT/APOA5/FOXO3/PNPLA2/BAG3/SCARB2/EIF4G2/TP53INP1/TMEM59/PSAP",32
"GO:0043603","amide metabolic process","32/720","472/18986",0.0677966101694915,1.78775894538606,3.44083649128896,0.00115338668600202,0.0124111249538226,0.00938605713028855,"VNN1/TDO2/HAL/IGF1/NAT8/PDK4/FURIN/CLN8/CPS1/CROT/CPE/ALDOB/GSTP1/CLU/ERO1B/NNMT/GNE/HMGCS2/ACAT1/ASAH1/TMED10/AMDHD1/TM9SF2/ASL/ELOVL2/CERS2/DGAT2/CTSL/FTCD/SCARB2/CTSZ/RTN4",32
"GO:0001101","response to acid chemical","14/720","144/18986",0.0972222222222222,2.56369598765432,3.7395547017303,0.00116933939329059,0.0125404846830179,0.00948388692517847,"AVPR1A/KLF2/FGF21/EGFR/CPS1/FYN/HMGCS2/ATP2B4/MAT2A/PCK1/COL18A1/F7/VEGFA/TMBIM6",14
"GO:0009746","response to hexose","18/720","211/18986",0.0853080568720379,2.24952606635071,3.62365128452679,0.00117228864783456,0.0125404846830179,0.00948388692517847,"EGR1/NR0B2/SRI/TXNIP/FGF21/ICAM1/GPLD1/CPB2/SLC39A14/LRP5/PCK1/VAMP2/IRS2/SLC29A1/KHK/FOXO3/TRA2B/DYNLL1",18
"GO:0046879","hormone secretion","24/720","319/18986",0.0752351097178683,1.98390804597701,3.51853934815778,0.00117281555905365,0.0125404846830179,0.00948388692517847,"SPINK1/CRHBP/NR0B2/ANXA1/SRI/RAB11FIP1/EGFR/CCL5/CPE/MIDN/IL1RN/GPLD1/KISS1/CPT1A/LRP5/TFR2/F2/GNAS/IRS2/CRY2/AGT/VAMP8/DYNLL1/RAB1A",24
"GO:1905475","regulation of protein localization to membrane","17/720","194/18986",0.0876288659793814,2.31072451317297,3.64313787146545,0.0011849336230546,0.0126434409065006,0.00956174876277362,"GPC3/LGALS3/GPC6/EGFR/VIL1/FYN/ATP2B4/PGRMC1/EZR/GABARAP/TMBIM1/CDH2/ARF6/RAP1A/ITGB1/VAMP8/TMEM59",17
"GO:0010828","positive regulation of D-glucose transmembrane transport","7/720","44/18986",0.159090909090909,4.19513888888889,4.21262679261971,0.00123494549616884,0.0130945473382913,0.0099029032315572,"GPC3/IGF1/C3/FGF21/INSR/OPN3/IRS2",7
"GO:0019432","triglyceride biosynthetic process","7/720","44/18986",0.159090909090909,4.19513888888889,4.21262679261971,0.00123494549616884,0.0130945473382913,0.0099029032315572,"C3/GPLD1/AGPAT2/GK/PCK1/DGAT2/RGN",7
"GO:0070328","triglyceride homeostasis","7/720","44/18986",0.159090909090909,4.19513888888889,4.21262679261971,0.00123494549616884,0.0130945473382913,0.0099029032315572,"ANGPTL8/APOC3/APOC2/APOA1/APOA5/PNPLA2/DGAT2",7
"GO:0071621","granulocyte chemotaxis","13/720","129/18986",0.10077519379845,2.65738587424634,3.75000640914753,0.00124649758268428,0.0131895025467781,0.00997471420880471,"CCL25/CXCL8/CCL2/CXCL10/ANXA1/LGALS3/PDE4B/CXCL2/CCL5/CCL4/VEGFA/RARRES2/BSG",13
"GO:0048659","smooth muscle cell proliferation","16/720","178/18986",0.0898876404494382,2.37028714107366,3.64670050907851,0.00125125767047038,0.0132123445079398,0.00999198870674345,"HPGD/IGF1/KLF4/CDKN1A/ANG/EGFR/CCL5/ID2/SERPINF2/PDCD4/PPARGC1A/NDRG2/JUN/TNFAIP3/STAT1/PTEN",16
"GO:0002228","natural killer cell mediated immunity","10/720","84/18986",0.119047619047619,3.13921957671958,3.90113473731329,0.00126895788545514,0.0133714462660304,0.010112311255789,"SERPINB9/GZMB/KLRB1/NKG7/HLA-B/HLA-F/HLA-E/CEACAM1/LAMP1/HLA-A",10
"GO:0035967","cellular response to topologically incorrect protein","12/720","114/18986",0.105263157894737,2.77573099415205,3.77546509168172,0.00129961267243577,0.0136661133815761,0.0103351566780388,"FGF21/ATF3/DNAJB9/HERPUD1/PPP1R15B/PPP1R15A/HSPA1A/HSPA5/BAG3/TMBIM6/SDF2L1/TMBIM4",12
"GO:0034620","cellular response to unfolded protein","11/720","99/18986",0.111111111111111,2.92993827160494,3.82234028740406,0.00131362440566253,0.0137849139594215,0.0104250009923066,"FGF21/ATF3/DNAJB9/HERPUD1/PPP1R15B/PPP1R15A/HSPA1A/HSPA5/BAG3/TMBIM6/TMBIM4",11
"GO:0015718","monocarboxylic acid transport","16/720","179/18986",0.0893854748603352,2.35704531346989,3.62168709040359,0.00132707595383336,0.0138973582876693,0.0105100383191274,"PLA2G2A/SLC22A1/SLC22A7/NR0B2/ANXA1/FABP1/CYP4A11/CROT/SLC10A1/CPT1A/ABCB4/MPC1/IRS2/RBP5/ABCD3/CEACAM1",16
"GO:0050830","defense response to Gram-positive bacterium","13/720","130/18986",0.1,2.63694444444444,3.71818208505553,0.00133814318309551,0.0139844222776586,0.0105758814709021,"HAMP/PLA2G2A/CRP/PGLYRP2/RNASE4/ANG/IL7R/MBL2/APP/HLA-E/RARRES2/HLA-A/B2M",13
"GO:0042573","retinoic acid metabolic process","6/720","33/18986",0.181818181818182,4.79444444444444,4.33127750138857,0.00134336995885267,0.0139901308550502,0.0105801986487349,"CYP3A7/CYP2C8/CYP3A4/RDH10/ALDH8A1/CYP3A5",6
"GO:0070661","leukocyte proliferation","25/720","341/18986",0.0733137829912024,1.93324372759857,3.45255732062762,0.00134419843616155,0.0139901308550502,0.0105801986487349,"CLEC4G/IGF1/CRP/CDKN1A/PELI1/ANXA1/LGALS3/IL7R/JUNB/CCL5/PTPRC/GSTP1/FYN/CLU/NFKBIZ/SDC4/FOSL2/LST1/CD46/STAT6/IRS2/HLA-E/TNFAIP3/CD151/HLA-A",25
"GO:0071322","cellular response to carbohydrate stimulus","15/720","163/18986",0.0920245398773006,2.42663599182004,3.6317201846038,0.00138717685456136,0.0144079166550453,0.0108961540034321,"SRI/FGF21/FBP1/ICAM1/GPLD1/CPB2/SLC39A14/LRP5/PCK1/IRS2/SLC29A1/FOXO3/TRA2B/ZFP36L1/DYNLL1",15
"GO:0002437","inflammatory response to antigenic stimulus","10/720","85/18986",0.117647058823529,3.10228758169935,3.85663926913499,0.00139035230863514,0.0144114272970569,0.0108988089671528,"IGHG1/C3/KDM6B/FURIN/IL1RN/FYN/FOSL2/GNAS/A2M/HLA-E",10
"GO:0045926","negative regulation of growth","19/720","232/18986",0.0818965517241379,2.15956657088123,3.52811347964253,0.00140432365087403,0.0145265984170859,0.0109859084618701,"GPC3/CDKN1A/FBP1/RGS2/CDH1/MT1F/TSPYL2/MT1E/MT2A/CITED2/SERTAD2/IFRD1/GNAS/HSPA1B/HRG/BTG1/HSPA1A/PTEN/RTN4",19
"GO:0030574","collagen catabolic process","7/720","45/18986",0.155555555555556,4.10191358024691,4.13603610563098,0.00141535142071865,0.0145517608620041,0.0110049378525513,"FURIN/TMPRSS6/CTSS/MMP15/CTSL/ITGB1/CTSB",7
"GO:0042554","superoxide anion generation","7/720","45/18986",0.155555555555556,4.10191358024691,4.13603610563098,0.00141535142071865,0.0145517608620041,0.0110049378525513,"CRP/EGFR/CYBA/GSTP1/PON3/APP/AGT",7
"GO:0055090","acylglycerol homeostasis","7/720","45/18986",0.155555555555556,4.10191358024691,4.13603610563098,0.00141535142071865,0.0145517608620041,0.0110049378525513,"ANGPTL8/APOC3/APOC2/APOA1/APOA5/PNPLA2/DGAT2",7
"GO:0043542","endothelial cell migration","22/720","287/18986",0.0766550522648084,2.02135114208285,3.46143881001646,0.00145693721213089,0.0149490587887127,0.0113053990155569,"S100P/KLF4/ANXA1/RGCC/NR4A1/TMSB4X/GPLD1/ATP2B4/ID1/APOA1/HRG/RHOB/CEACAM1/VEGFA/PRCP/BSG/MYH9/PROX1/AGT/ITGB1/PLG/CALR",22
"GO:0051017","actin filament bundle assembly","15/720","164/18986",0.0914634146341463,2.41183943089431,3.60515688683396,0.00147478301972455,0.0150637284811782,0.0113921192998662,"RGCC/VIL1/SORBS3/NEDD9/LCP1/SYNPO/SERPINF2/F11R/SDC4/EZR/APOA1/ESPN/MYO1B/PFN1/HSP90B1",15
"GO:2001238","positive regulation of extrinsic apoptotic signaling pathway","8/720","58/18986",0.137931034482759,3.63716475095785,3.99345428899386,0.00147496367573454,0.0150637284811782,0.0113921192998662,"G0S2/ATF3/PTPRC/SKIL/APP/PPP2R1B/TNFSF10/AGT",8
"GO:0071216","cellular response to biotic stimulus","21/720","269/18986",0.0780669144981413,2.05858116480793,3.47161858376913,0.00147701058941263,0.0150637284811782,0.0113921192998662,"CXCL8/CCL2/CXCL10/SERPINE1/TXNIP/PDE4B/ZFP36/NFKB1/CXCL2/GSTP1/NFKBIZ/HMGCS2/PDCD4/CD14/VIM/HADHB/NFKBIA/PPP1R15B/TNFAIP3/HSPA5/B2M",21
"GO:0045862","positive regulation of proteolysis","24/720","325/18986",0.0738461538461539,1.94728205128205,3.41982084292534,0.00150857127888571,0.0153528342474225,0.0116107588872332,"HAMP/ANGPTL8/FURIN/KLKB1/IFI16/CLU/PLK3/GPLD1/ZFAND2A/APP/CTSD/HERPUD1/HSPA1B/TANK/HPN/HECTD1/GABARAP/HSPA1A/PTEN/MYH9/TNFSF10/F12/RGN/PSME1",24
"GO:0033700","phospholipid efflux","4/720","14/18986",0.285714285714286,7.53412698412698,4.85562179845169,0.00151442605984617,0.0153528342474225,0.0116107588872332,"APOC3/APOC2/APOA1/APOA5",4
"GO:0043650","dicarboxylic acid biosynthetic process","4/720","14/18986",0.285714285714286,7.53412698412698,4.85562179845169,0.00151442605984617,0.0153528342474225,0.0116107588872332,"GLS/ACMSD/GOT1/HAAO",4
"GO:0034614","cellular response to reactive oxygen species","14/720","148/18986",0.0945945945945946,2.49440690690691,3.62353240755844,0.00152196148715689,0.0153678775214112,0.011622135537586,"KLF4/KLF2/FOS/KDM6B/FABP1/GCH1/FYN/MAP1LC3A/STAT6/PTPRK/RHOB/TNFAIP3/FOXO3/AMBP",14
"GO:0046165","alcohol biosynthetic process","14/720","148/18986",0.0945945945945946,2.49440690690691,3.62353240755844,0.00152196148715689,0.0153678775214112,0.011622135537586,"NFKB1/GCH1/CYP3A4/HMGCS2/PCK1/ERLIN2/ASAH1/APOA1/GOT1/INSIG1/TM7SF2/CYB5R3/ACAA2/SCP2",14
"GO:0050920","regulation of chemotaxis","18/720","216/18986",0.0833333333333333,2.1974537037037,3.51401242821225,0.00152702328410283,0.0153883953570601,0.0116376523886617,"CXCL8/CCL2/CXCL10/SERPINE1/C5/CXCR4/CCL5/TMSB4X/NEDD9/CCL4/APP/MTUS1/HRG/F7/VEGFA/RARRES2/DUSP1/CALR",18
"GO:0007259","cell surface receptor signaling pathway via JAK-STAT","13/720","132/18986",0.0984848484848485,2.59699074074074,3.6554212708238,0.00153829109651593,0.0154406728838032,0.0116771878743221,"HAMP/GHR/CCL2/SOCS3/IL7R/PTPRC/FYN/STAT2/STAT6/F2/MST1/STAT1/CALM1",13
"GO:0015918","sterol transport","13/720","132/18986",0.0984848484848485,2.59699074074074,3.6554212708238,0.00153829109651593,0.0154406728838032,0.0116771878743221,"LCAT/PON1/FURIN/NFKB1/APOC3/CLU/APOC2/ABCB4/SEC24A/APOA1/NFKBIA/APOA5/SCP2",13
"GO:0009112","nucleobase metabolic process","6/720","34/18986",0.176470588235294,4.65343137254902,4.23314076908612,0.0015796431251251,0.0157622935805705,0.0119204172548475,"DPYD/CPS1/TTR/TYMP/CMPK1/ALDH6A1",6
"GO:0035456","response to interferon-beta","6/720","34/18986",0.176470588235294,4.65343137254902,4.23314076908612,0.0015796431251251,0.0157622935805705,0.0119204172548475,"IFI16/PLSCR1/STAT1/IFITM2/IFITM3/CALM1",6
"GO:0060055","angiogenesis involved in wound healing","6/720","34/18986",0.176470588235294,4.65343137254902,4.23314076908612,0.0015796431251251,0.0157622935805705,0.0119204172548475,"SERPINE1/CXCR4/B4GALT1/TNFAIP3/VEGFA/PRCP",6
"GO:0021762","substantia nigra development","7/720","46/18986",0.152173913043478,4.01274154589372,4.06163251627469,0.00161567626706502,0.0160902348243593,0.0121684266223329,"NDRG2/HSPA5/MAOB/YWHAE/CALM2/CALM1/DYNLL1",7
"GO:0002824","positive regulation of adaptive immune response based on somatic recombination of immune receptors built from immunoglobulin superfamily domains","13/720","133/18986",0.0977443609022556,2.57746449456976,3.62447411078422,0.00164730871403961,0.0163731525608751,0.012382386440479,"C3/HPX/PTPRC/CD7/NFKBIZ/HLA-B/STAT6/HLA-C/HLA-F/HLA-E/BRD2/HLA-A/B2M",13
"GO:0008625","extrinsic apoptotic signaling pathway via death domain receptors","10/720","87/18986",0.114942528735632,3.03097062579821,3.76958619490191,0.00166148288754294,0.0164817804410754,0.0124645375342191,"SERPINE1/LGALS3/ATF3/SKIL/ICAM1/GABARAP/TMBIM1/TNFAIP3/BAG3/TNFSF10",10
"GO:0000041","transition metal ion transport","11/720","102/18986",0.107843137254902,2.84376361655773,3.70687680614102,0.00167644998242972,0.0165655436979777,0.012527884468331,"HAMP/HPX/SLC25A37/SLC39A14/SLC30A10/SLC39A9/TFR2/SLC41A2/SLC40A1/B2M/CP",11
"GO:0050764","regulation of phagocytosis","11/720","102/18986",0.107843137254902,2.84376361655773,3.70687680614102,0.00167644998242972,0.0165655436979777,0.012527884468331,"FCN3/CCL2/C3/IL2RG/PTPRC/CYBA/MBL2/C2/PLSCR1/APOA1/CALR",11
"GO:0042886","amide transport","24/720","328/18986",0.0731707317073171,1.92947154471545,3.3712448684345,0.00170534798892949,0.0168183736616949,0.0127190900594864,"SPINK1/CRHBP/SLC25A47/NR0B2/SRI/EGFR/GLTPD2/CCL5/CPE/MIDN/IL1RN/GPLD1/KISS1/CPT1A/AQP3/LRP5/TFR2/F2/GNAS/IRS2/SLC38A3/DYNLL1/RAB1A/PSAP",24
"GO:0034101","erythrocyte homeostasis","14/720","150/18986",0.0933333333333333,2.46114814814815,3.56693637673957,0.0017290732170156,0.0169863885284763,0.0128461532503103,"KLF2/MAFB/ZFP36/ID2/EPAS1/CITED2/HSPA1B/FOXO3/VEGFA/KMT2E/STAT1/HSPA1A/B2M/ZFP36L1",14
"GO:0050714","positive regulation of protein secretion","14/720","150/18986",0.0933333333333333,2.46114814814815,3.56693637673957,0.0017290732170156,0.0169863885284763,0.0128461532503103,"IGF1/NR0B2/ANG/SRI/EGFR/GPLD1/SEC24A/TMED10/F2/IRS2/ARF6/BSG/GOLPH3/DYNLL1",14
"GO:0062207","regulation of pattern recognition receptor signaling pathway","16/720","184/18986",0.0869565217391304,2.29299516908213,3.49907790482829,0.0017668102550661,0.0172902298371498,0.0130759367624707,"PELI1/LGR4/CYBA/IFI16/ZC3HAV1/CD14/SMPDL3A/NEK7/APP/HSPA1B/LAMP2/TNFAIP3/HSPA1A/LYPLAL1/YWHAE/RTN4",16
"GO:1901292","nucleoside phosphate catabolic process","16/720","184/18986",0.0869565217391304,2.29299516908213,3.49907790482829,0.0017668102550661,0.0172902298371498,0.0130759367624707,"VNN1/IGF1/DPYD/PDE4B/FBP1/ALDOB/ACAT1/INSR/IER3/SMPDL3A/APP/PRKAG2/NT5E/ENTPD5/TYMP/NTHL1",16
"GO:0032528","microvillus organization","5/720","24/18986",0.208333333333333,5.49363425925926,4.37331836570505,0.00180358436565059,0.0175151147096355,0.0132460085544108,"VIL1/FXYD5/CDHR5/EZR/ESPN",5
"GO:0033762","response to glucagon","5/720","24/18986",0.208333333333333,5.49363425925926,4.37331836570505,0.00180358436565059,0.0175151147096355,0.0132460085544108,"FGF21/CPS1/HMGCS2/PCK1/GNAS",5
"GO:0051957","positive regulation of amino acid transport","5/720","24/18986",0.208333333333333,5.49363425925926,4.37331836570505,0.00180358436565059,0.0175151147096355,0.0132460085544108,"AVPR1A/SLC6A1/SLC38A3/ITGB1/ARL6IP1",5
"GO:0086064","cell communication by electrical coupling involved in cardiac conduction","5/720","24/18986",0.208333333333333,5.49363425925926,4.37331836570505,0.00180358436565059,0.0175151147096355,0.0132460085544108,"SRI/ATP1B1/ATP1A1/CALM2/CALM1",5
"GO:0015850","organic hydroxy compound transport","22/720","292/18986",0.0753424657534247,1.98673896499239,3.37359082664867,0.00181222197506721,0.0175323670702511,0.0132590558521355,"SLC22A1/LCAT/PON1/NR0B2/FURIN/NFKB1/APOC3/CLU/SLC10A1/APOC2/AQP3/ABCB4/SEC24A/APOA1/NFKBIA/ABCD3/APOA5/CEACAM1/MAOB/AGT/SDHD/SCP2",22
"GO:1905897","regulation of response to endoplasmic reticulum stress","10/720","88/18986",0.113636363636364,2.99652777777778,3.72699313652819,0.0018122647591813,0.0175323670702511,0.0132590558521355,"CLU/HYOU1/APP/DNAJB9/HERPUD1/PPP1R15B/PPP1R15A/HSPA1A/HSPA5/TMBIM6",10
"GO:0038066","p38MAPK cascade","8/720","60/18986",0.133333333333333,3.51592592592593,3.87519784582108,0.00184261196145627,0.017724670742872,0.0134044877339592,"ZFP36/PER1/GADD45B/MAP1LC3A/EZR/VEGFA/DUSP1/ZFP36L1",8
"GO:0043616","keratinocyte proliferation","8/720","60/18986",0.133333333333333,3.51592592592593,3.87519784582108,0.00184261196145627,0.017724670742872,0.0134044877339592,"CDKN1A/AREG/LRG1/ZFP36/NFKBIZ/PTPRK/SRSF6/ZFP36L1",8
"GO:0070542","response to fatty acid","8/720","60/18986",0.133333333333333,3.51592592592593,3.87519784582108,0.00184261196145627,0.017724670742872,0.0134044877339592,"PDK4/CPS1/HMGCS2/CPT1A/CLDN1/ID3/FOXO3/DGAT2",8
"GO:1902806","regulation of cell cycle G1/S phase transition","18/720","220/18986",0.0818181818181818,2.1575,3.4284380499624,0.00187264739043207,0.0179487446094978,0.0135739461933156,"CCL2/KLF4/CDKN1A/ANXA1/RGCC/TM4SF5/EGFR/ID2/TMSB4X/PLK3/ATP2B4/KLF11/PPP2R5C/PRAP1/KMT2E/PTEN/CDK2AP2/PSME1",18
"GO:0061572","actin filament bundle organization","15/720","168/18986",0.0892857142857143,2.35441468253968,3.50081679766968,0.00187297394034925,0.0179487446094978,0.0135739461933156,"RGCC/VIL1/SORBS3/NEDD9/LCP1/SYNPO/SERPINF2/F11R/SDC4/EZR/APOA1/ESPN/MYO1B/PFN1/HSP90B1",15
"GO:0001890","placenta development","14/720","152/18986",0.0921052631578947,2.42876461988304,3.51124408487453,0.00195908972975478,0.0187386379235866,0.0141713121694423,"SOCS3/ANG/HSD17B2/JUNB/HTRA1/EGFR/EPAS1/CITED2/DNAJB6/EGLN1/BSG/CTSB/PLG/ZFP36L1",14
"GO:0071559","response to transforming growth factor beta","23/720","313/18986",0.073482428115016,1.9376908058218,3.32104377552467,0.00199517471642442,0.0190212355088283,0.0143850298694758,"PEG10/HPGD/CAV2/FOS/LRG1/FNDC4/HTRA1/FURIN/LTBP3/PBLD/FYN/SKIL/NFKBIZ/ID1/CLDN1/ZFP36L2/CITED2/JUN/PPM1A/PTPRK/HSPA1A/HSPA5/ZFP36L1",23
"GO:0008298","intracellular mRNA localization","4/720","15/18986",0.266666666666667,7.03185185185185,4.6398186486036,0.00200361508116226,0.0190212355088283,0.0143850298694758,"ZFP36/ZFP36L1/STAU1/A1CF",4
"GO:0043922","negative regulation by host of viral transcription","4/720","15/18986",0.266666666666667,7.03185185185185,4.6398186486036,0.00200361508116226,0.0190212355088283,0.0143850298694758,"CCL5/CCL4/JUN/NUCKS1",4
"GO:0046321","positive regulation of fatty acid oxidation","4/720","15/18986",0.266666666666667,7.03185185185185,4.6398186486036,0.00200361508116226,0.0190212355088283,0.0143850298694758,"FABP1/CPT1A/PPARGC1A/IRS2",4
"GO:0002286","T cell activation involved in immune response","13/720","136/18986",0.0955882352941176,2.52060866013072,3.53330443677213,0.00201337930628577,0.019078271448928,0.0144281639604021,"SOCS3/ANXA1/LGALS3/JUNB/CD69/NFKBIZ/ICAM1/LCP1/PCK1/CD46/STAT6/CEACAM1/BRD2",13
"GO:0032233","positive regulation of actin filament bundle assembly","8/720","61/18986",0.131147540983607,3.45828779599271,3.81794370806998,0.00205168723633787,0.0193689953036432,0.014648027245934,"RGCC/VIL1/SORBS3/SYNPO/SERPINF2/SDC4/APOA1/PFN1",8
"GO:0060612","adipose tissue development","8/720","61/18986",0.131147540983607,3.45828779599271,3.81794370806998,0.00205168723633787,0.0193689953036432,0.014648027245934,"HMGCS2/ACAT1/LRP5/FOSL2/PPARGC1A/DGAT2/UBB/ERRFI1",8
"GO:0051924","regulation of calcium ion transport","20/720","258/18986",0.0775193798449612,2.04414298018949,3.35253984369854,0.00205645461761513,0.0193779833077314,0.014654824528225,"SPINK1/CCL2/CXCL10/LGALS3/SRI/PDE4B/CXCR4/TSPAN13/CCL5/SARAF/CYBA/FYN/CCL4/ATP1B1/F2/TMBIM6/AHNAK/YWHAE/CALM2/CALM1",20
"GO:0046635","positive regulation of alpha-beta T cell activation","9/720","75/18986",0.12,3.16433333333333,3.72861338978356,0.00207135538713326,0.0194822481689812,0.0147336760383027,"ZBTB16/ANXA1/IL2RG/PTPRC/NFKBIZ/HSPH1/HLA-E/BRD2/HLA-A",9
"GO:0002673","regulation of acute inflammatory response","7/720","48/18986",0.145833333333333,3.84554398148148,3.91894065943048,0.00208195471280366,0.0195220610497815,0.0147637849909644,"DNASE1L3/C3/KLKB1/CREB3L3/GSTP1/HLA-E/F12",7
"GO:1904375","regulation of protein localization to cell periphery","14/720","153/18986",0.0915032679738562,2.41289034132171,3.48372801306694,0.00208327566233148,0.0195220610497815,0.0147637849909644,"LGALS3/GPC6/EGFR/VIL1/ATP2B4/PGRMC1/EZR/GABARAP/TMBIM1/ARF6/RAP1A/ITGB1/VAMP8/TMEM59",14
"GO:0035459","vesicle cargo loading","6/720","36/18986",0.166666666666667,4.39490740740741,4.04784989531417,0.00214550234431226,0.0200681517619925,0.0151767724229823,"CIDEB/SEC23A/SEC24A/TMED10/INSIG1/RAB1A",6
"GO:0045619","regulation of lymphocyte differentiation","18/720","223/18986",0.0807174887892377,2.12847533632287,3.36545033733936,0.00217318885673887,0.0202139725794439,0.0152870511067016,"VNN1/CLEC4G/PGLYRP2/ZBTB16/ANXA1/IL7R/JUNB/IL2RG/ID2/CD69/PTPRC/NFKBIZ/PCK1/ZFP36L2/CD46/FOXO3/BRD2/ZFP36L1",18
"GO:1903037","regulation of leukocyte cell-cell adhesion","27/720","392/18986",0.0688775510204082,1.81626275510204,3.24217478007987,0.00217366004210274,0.0202139725794439,0.0152870511067016,"VNN1/CLEC4G/CCL25/IGF1/CCL2/KLF4/PELI1/ZBTB16/ANXA1/LGALS3/IL7R/CCL5/IL2RG/CD69/FGL1/PTPRC/FYN/NFKBIZ/HSPH1/SDC4/PCK1/CD46/HLA-E/FOXO3/BRD2/HLA-A/B2M",27
"GO:0010954","positive regulation of protein processing","5/720","25/18986",0.2,5.27388888888889,4.24533958149196,0.00218497163735277,0.0202139725794439,0.0152870511067016,"ANGPTL8/KLKB1/HPN/MYH9/F12",5
"GO:0043153","entrainment of circadian clock by photoperiod","5/720","25/18986",0.2,5.27388888888889,4.24533958149196,0.00218497163735277,0.0202139725794439,0.0152870511067016,"ID2/PER1/BHLHE40/CRY2/PPP1CB",5
"GO:0097150","neuronal stem cell population maintenance","5/720","25/18986",0.2,5.27388888888889,4.24533958149196,0.00218497163735277,0.0202139725794439,0.0152870511067016,"HOOK3/PCM1/CDH2/FOXO3/PROX1",5
"GO:1901623","regulation of lymphocyte chemotaxis","5/720","25/18986",0.2,5.27388888888889,4.24533958149196,0.00218497163735277,0.0202139725794439,0.0152870511067016,"CCL2/CXCL10/CCL5/NEDD9/CCL4",5
"GO:0002221","pattern recognition receptor signaling pathway","21/720","278/18986",0.0755395683453237,1.99193645083933,3.3078239647335,0.00220584767263202,0.0203700005987237,0.0154050491051373,"FCN3/PELI1/LGR4/CYBA/IFI16/NFKBIZ/ZC3HAV1/CD14/MBL2/SMPDL3A/NEK7/CTSS/APP/HSPA1B/NFKBIA/LAMP2/TNFAIP3/HSPA1A/LYPLAL1/YWHAE/RTN4",21
"GO:0002758","innate immune response-activating signaling pathway","22/720","297/18986",0.0740740740740741,1.95329218106996,3.28746430417891,0.00223878071730718,0.0206366012036355,0.0156066689033411,"FCN3/PELI1/LGR4/CYBA/FYN/IFI16/NFKBIZ/ZC3HAV1/CD14/MBL2/SMPDL3A/NEK7/CTSS/APP/HSPA1B/NFKBIA/LAMP2/TNFAIP3/HSPA1A/LYPLAL1/YWHAE/RTN4",22
"GO:0072678","T cell migration","9/720","76/18986",0.118421052631579,3.12269736842105,3.68128071333771,0.00227233270578531,0.0208221882899298,0.015747021288889,"CCL2/CCL20/CXCL10/CXCL16/CCL5/CD69/ICAM1/F11R/APP",9
"GO:0072593","reactive oxygen species metabolic process","19/720","242/18986",0.0785123966942149,2.07032828282828,3.32692774653004,0.00227754550748716,0.0208221882899298,0.015747021288889,"CRP/CDKN1A/PDK4/EGFR/GCH1/CYBA/GSTP1/FYN/IFI6/PON3/IER3/APP/F2/NNT/FOXO3/IMMP2L/PRCP/MAOB/AGT",19
"GO:0007566","embryo implantation","8/720","62/18986",0.129032258064516,3.40250896057348,3.76187372503255,0.00227897934149617,0.0208221882899298,0.015747021288889,"TIMP1/ARHGDIB/IGFBP7/VEGFA/BSG/ERRFI1/CALR/A1CF",8
"GO:1905517","macrophage migration","8/720","62/18986",0.129032258064516,3.40250896057348,3.76187372503255,0.00227897934149617,0.0208221882899298,0.015747021288889,"CCL2/LGALS3/C5/CCL5/B4GALT1/MTUS1/RARRES2/RTN4",8
"GO:0008630","intrinsic apoptotic signaling pathway in response to DNA damage","11/720","106/18986",0.10377358490566,2.73645178197065,3.55929912816215,0.00228351228145125,0.0208221882899298,0.015747021288889,"CRIP1/CDKN1A/CIDEB/IFI16/CLU/SKIL/IER3/FNIP2/PPP2R5C/MCL1/TPT1",11
"GO:0042632","cholesterol homeostasis","11/720","106/18986",0.10377358490566,2.73645178197065,3.55929912816215,0.00228351228145125,0.0208221882899298,0.015747021288889,"LCAT/APOC3/APOC2/LRP5/SEC24A/APOA1/APOA5/EPHX2/INSIG1/DGAT2/ERRFI1",11
"GO:0042176","regulation of protein catabolic process","26/720","374/18986",0.0695187165775401,1.83316993464052,3.23089386224184,0.00229231020960385,0.0208649526067705,0.0157793622992727,"HAMP/GPC3/C4BPA/EGFR/FURIN/CDH1/FYN/CLU/PLK3/GPLD1/TIMP1/IER3/ZFAND2A/APP/EZR/C4BPB/HERPUD1/HSPA1B/HECTD1/GABARAP/TNFAIP3/HSPA1A/OAZ1/UBB/HSP90AA1/PSME1",26
"GO:0002218","activation of innate immune response","23/720","317/18986",0.0725552050473186,1.91324044865054,3.25539778977728,0.00234526511038837,0.0213087683285555,0.0161150030840922,"FCN3/PELI1/LGR4/CYBA/FYN/IFI16/NFKBIZ/ZC3HAV1/CD14/MBL2/SMPDL3A/NEK7/CTSS/APP/HSPA1B/NFKBIA/LAMP2/TNFAIP3/HSPA1A/LYPLAL1/HSP90AA1/YWHAE/RTN4",23
"GO:1902041","regulation of extrinsic apoptotic signaling pathway via death domain receptors","7/720","49/18986",0.142857142857143,3.76706349206349,3.85044919242717,0.0023509480806593,0.0213222594672654,0.0161252059141462,"SERPINE1/LGALS3/ATF3/SKIL/ICAM1/TMBIM1/TNFAIP3",7
"GO:0048511","rhythmic process","22/720","299/18986",0.0735785953177258,1.94022668153103,3.25348040184767,0.0024317775078566,0.0220160391486696,0.016649884841296,"EGR1/NR0B2/EGFR/LGR4/ID2/CREM/PER1/GNAQ/KISS1/BHLHE40/OPN3/PPARGC1A/GFPT1/CRY2/F7/A2M/FOXO3/KLF10/PTEN/PPP1CB/PROX1/HNRNPU",22
"GO:0002821","positive regulation of adaptive immune response","13/720","139/18986",0.0935251798561151,2.4662070343725,3.44454137628366,0.00244399090664996,0.0220872416634789,0.0167037325685816,"C3/HPX/PTPRC/CD7/NFKBIZ/HLA-B/STAT6/HLA-C/HLA-F/HLA-E/BRD2/HLA-A/B2M",13
"GO:0055092","sterol homeostasis","11/720","107/18986",0.102803738317757,2.7108774662513,3.52347443048857,0.00246020647667698,0.0221942960835566,0.0167846937148627,"LCAT/APOC3/APOC2/LRP5/SEC24A/APOA1/APOA5/EPHX2/INSIG1/DGAT2/ERRFI1",11
"GO:0006882","intracellular zinc ion homeostasis","6/720","37/18986",0.162162162162162,4.27612612612613,3.9602093933923,0.00247996429343881,0.0222933427369482,0.0168595988947522,"MT1F/MT1E/SLC39A14/SLC30A10/MT2A/SLC39A9",6
"GO:0046326","positive regulation of D-glucose import","6/720","37/18986",0.162162162162162,4.27612612612613,3.9602093933923,0.00247996429343881,0.0222933427369482,0.0168595988947522,"GPC3/IGF1/FGF21/INSR/OPN3/IRS2",6
"GO:0006801","superoxide metabolic process","9/720","77/18986",0.116883116883117,3.08214285714286,3.63472390586091,0.00248850882866093,0.0223306295773302,0.0168877975000627,"CRP/EGFR/GCH1/CYBA/GSTP1/PON3/APP/IMMP2L/AGT",9
"GO:0097530","granulocyte migration","14/720","156/18986",0.0897435897435897,2.3664886039886,3.40245958792117,0.0024955074569923,0.0223539371676612,0.0169054241354589,"CCL25/CXCL8/CCL2/CXCL10/ANXA1/LGALS3/PDE4B/CXCL2/CCL5/CCL4/VEGFA/RARRES2/BSG/RTN4",14
"GO:0010721","negative regulation of cell development","21/720","281/18986",0.0747330960854092,1.97067022538553,3.25458661602442,0.00250815048879694,0.0224276343883797,0.0169611585130097,"CLEC4G/IGF1/PGLYRP2/HOOK3/ANXA1/MAFB/BTG2/CDH1/ID2/CD69/IFRD1/PCM1/F2/CEACAM1/VEGFA/CERS2/PTEN/PROX1/B2M/RTN4/TMEM176B",21
"GO:0002712","regulation of B cell mediated immunity","8/720","63/18986",0.126984126984127,3.34850088183422,3.7069423325418,0.0025255594579302,0.0225040640119781,0.0170189593019156,"C3/C4BPA/HPX/PTPRC/CD46/STAT6/C4BPB/HLA-E",8
"GO:0002889","regulation of immunoglobulin mediated immune response","8/720","63/18986",0.126984126984127,3.34850088183422,3.7069423325418,0.0025255594579302,0.0225040640119781,0.0170189593019156,"C3/C4BPA/HPX/PTPRC/CD46/STAT6/C4BPB/HLA-E",8
"GO:2000045","regulation of G1/S transition of mitotic cell cycle","16/720","191/18986",0.0837696335078534,2.20895869691681,3.3339325153335,0.00258233379111322,0.0229696555605325,0.0173710683081798,"CCL2/KLF4/CDKN1A/ANXA1/RGCC/TM4SF5/EGFR/ID2/PLK3/KLF11/PPP2R5C/PRAP1/KMT2E/PTEN/CDK2AP2/PSME1",16
"GO:0043605","amide catabolic process","4/720","16/18986",0.25,6.59236111111111,4.44294927739884,0.00259202275498845,0.0230155307213048,0.0174057619303512,"TDO2/HAL/AMDHD1/FTCD",4
"GO:0045717","negative regulation of fatty acid biosynthetic process","5/720","26/18986",0.192307692307692,5.07104700854701,4.12404548917629,0.00262188300174972,0.0232400414762423,0.0175755507915583,"APOC3/ERLIN2/ACADVL/CEACAM1/INSIG1",5
"GO:0002285","lymphocyte activation involved in immune response","18/720","227/18986",0.079295154185022,2.0909691629956,3.2829962323282,0.00263601866721292,0.023307035674707,0.0176262159308206,"PGLYRP2/SOCS3/ANXA1/LGALS3/JUNB/NKG7/CD69/PTPRC/NFKBIZ/ICAM1/LCP1/PCK1/CD46/STAT6/HLA-F/CEACAM1/LAMP1/BRD2",18
"GO:0030217","T cell differentiation","23/720","320/18986",0.071875,1.89530381944444,3.20678333466978,0.00264086246008923,0.023307035674707,0.0176262159308206,"VNN1/CLEC4G/EGR1/SOCS3/ZBTB16/ANXA1/IL7R/MAFB/JUNB/IL2RG/CD69/PTPRC/NFKBIZ/FOSL2/PCK1/ZFP36L2/CD46/STAT6/FOXO3/CTSL/BRD2/B2M/ZFP36L1",23
"GO:0002709","regulation of T cell mediated immunity","11/720","108/18986",0.101851851851852,2.68577674897119,3.48805856920663,0.0026477967285501,0.023307035674707,0.0176262159308206,"CLEC4G/IL7R/PTPRC/CD7/HLA-B/HLA-C/HLA-F/HLA-E/CEACAM1/HLA-A/B2M",11
"GO:0008637","apoptotic mitochondrial changes","11/720","108/18986",0.101851851851852,2.68577674897119,3.48805856920663,0.0026477967285501,0.023307035674707,0.0176262159308206,"IGF1/IFI27/PLAUR/PPP2CB/IFI6/CLU/IER3/MCL1/HSPA1A/TNFSF10/ACAA2",11
"GO:0071222","cellular response to lipopolysaccharide","18/720","228/18986",0.0789473684210526,2.08179824561403,3.26264823744151,0.00276378519553105,0.024285925619554,0.0183665128000233,"CXCL8/CCL2/CXCL10/SERPINE1/PDE4B/ZFP36/NFKB1/CXCL2/GSTP1/NFKBIZ/HMGCS2/PDCD4/CD14/VIM/HADHB/NFKBIA/TNFAIP3/B2M",18
"GO:0045785","positive regulation of cell adhesion","32/720","499/18986",0.064128256513026,1.69102649743932,3.10571482559811,0.00277358420830392,0.0243299381588525,0.0183997977931115,"VNN1/CCL25/IGF1/CCL2/ZBTB16/ANXA1/IL7R/CCL5/IL2RG/PLAUR/PTPRC/FYN/NEDD9/NFKBIZ/HSPH1/SERPINF2/F11R/SDC4/TRIOBP/PCK1/VTN/CITED2/CD46/APOA1/HRG/HLA-E/FOXO3/VEGFA/BRD2/HLA-A/B2M/CALR",32
"GO:0032091","negative regulation of protein binding","8/720","64/18986",0.125,3.29618055555556,3.65310642984731,0.00279252449058505,0.0244117588428252,0.0184616756339249,"SLPI/CDKN1A/CFHR2/IFIT1/CFHR1/CFHR5/TMBIM6/B2M",8
"GO:2000351","regulation of endothelial cell apoptotic process","8/720","64/18986",0.125,3.29618055555556,3.65310642984731,0.00279252449058505,0.0244117588428252,0.0184616756339249,"CCL2/SERPINE1/RGCC/FGF21/ICAM1/PDCD4/TNFAIP3/FOXO3",8
"GO:0001676","long-chain fatty acid metabolic process","11/720","109/18986",0.100917431192661,2.66113659531091,3.45304254493778,0.00284676461629683,0.0248431571927347,0.0187879256373072,"CYP2C8/CYP4A22/CYP4A11/GSTP1/CYP3A4/MGLL/CPT1A/CYP2D6/ELOVL2/ABCD3/SCP2",11
"GO:0140115","export across plasma membrane","10/720","94/18986",0.106382978723404,2.80526004728132,3.48348986572877,0.00296533530555701,0.0257728787787747,0.0194910383651463,"HAMP/FXYD5/FXYD1/SLC30A10/ATP1B1/SLC40A1/ATP1A1/YWHAE/CALM2/CALM1",10
"GO:0042311","vasodilation","7/720","51/18986",0.137254901960784,3.61933551198257,3.71871920448778,0.00296852413577145,0.0257728787787747,0.0194910383651463,"KLF2/EGFR/CPS1/RGS2/GCH1/VEGFA/KNG1",7
"GO:0089718","amino acid import across plasma membrane","7/720","51/18986",0.137254901960784,3.61933551198257,3.71871920448778,0.00296852413577145,0.0257728787787747,0.0194910383651463,"SLC38A4/CLN8/RGS2/SLC7A2/SLC38A3/ITGB1/ARL6IP1",7
"GO:0010586","miRNA metabolic process","11/720","110/18986",0.1,2.63694444444444,3.41841763978016,0.00305760239800195,0.0264558135936148,0.0200075157362308,"KLF4/FOS/EGR1/EGFR/NFKB1/APP/NFIB/JUN/FOXO3/VEGFA/AGT",11
"GO:0072676","lymphocyte migration","11/720","110/18986",0.1,2.63694444444444,3.41841763978016,0.00305760239800195,0.0264558135936148,0.0200075157362308,"CCL2/CCL20/CXCL10/CXCL16/CCL5/CD69/NEDD9/ICAM1/F11R/CCL4/APP",11
"GO:0170041","non-proteinogenic amino acid metabolic process","8/720","65/18986",0.123076923076923,3.24547008547009,3.60032520988234,0.00308099565443708,0.0265677027655109,0.0200921332196245,"TDO2/GNMT/DPYD/CPS1/ATP2B4/ALDH8A1/DDAH1/ASL",8
"GO:1903078","positive regulation of protein localization to plasma membrane","8/720","65/18986",0.123076923076923,3.24547008547009,3.60032520988234,0.00308099565443708,0.0265677027655109,0.0200921332196245,"LGALS3/EGFR/VIL1/ATP2B4/PGRMC1/EZR/ARF6/ITGB1",8
"GO:1902905","positive regulation of supramolecular fiber organization","15/720","177/18986",0.0847457627118644,2.23469868173258,3.27653330439896,0.00310348824325716,0.0267162996398358,0.0202045113285377,"RGCC/VIL1/SORBS3/CLU/SYNPO/SERPINF2/SDC4/APP/CFL2/APOA1/HSPA1B/HSPA1A/ARF6/PROX1/PFN1",15
"GO:0048245","eosinophil chemotaxis","5/720","27/18986",0.185185185185185,4.8832304526749,4.00882553320767,0.00311876074419551,0.0268023448727056,0.0202695840334303,"CCL25/CCL2/LGALS3/CCL5/CCL4",5
"GO:1902107","positive regulation of leukocyte differentiation","16/720","195/18986",0.0820512820512821,2.16364672364672,3.24274899015045,0.00317444310696178,0.0271888643174686,0.0205618938445079,"VNN1/FOS/ZBTB16/ANXA1/IL7R/IL2RG/ID2/PTPRC/NEDD9/NFKBIZ/PCK1/CD46/FOXO3/KLF10/BRD2/ZFP36L1",16
"GO:1903708","positive regulation of hemopoiesis","16/720","195/18986",0.0820512820512821,2.16364672364672,3.24274899015045,0.00317444310696178,0.0271888643174686,0.0205618938445079,"VNN1/FOS/ZBTB16/ANXA1/IL7R/IL2RG/ID2/PTPRC/NEDD9/NFKBIZ/PCK1/CD46/FOXO3/KLF10/BRD2/ZFP36L1",16
"GO:0045185","maintenance of protein location","10/720","95/18986",0.105263157894737,2.77573099415205,3.44477869103948,0.0032044889199262,0.0273999986941165,0.0207215666645591,"SRI/SRGN/TMSB4X/NFKBIA/INSIG1/HSPA5/GOLPH3/YWHAE/KDELR2/HNRNPU",10
"GO:0071560","cellular response to transforming growth factor beta stimulus","22/720","306/18986",0.0718954248366013,1.89584241103849,3.13656085881787,0.00322182066956446,0.0275018944213746,0.0207986264895899,"PEG10/HPGD/CAV2/FOS/LRG1/HTRA1/FURIN/LTBP3/PBLD/FYN/SKIL/NFKBIZ/ID1/CLDN1/ZFP36L2/CITED2/JUN/PPM1A/PTPRK/HSPA1A/HSPA5/ZFP36L1",22
"GO:0060416","response to growth hormone","6/720","39/18986",0.153846153846154,4.05683760683761,3.79388590363306,0.00326450235527564,0.0277479013784823,0.0209846721028967,"GHR/CPS1/LEPROTL1/HMGCS2/STAT6/F7",6
"GO:0030072","peptide hormone secretion","19/720","250/18986",0.076,2.00407777777778,3.17284417239833,0.00327050573250868,0.0277479013784823,0.0209846721028967,"SPINK1/CRHBP/NR0B2/SRI/EGFR/CCL5/CPE/MIDN/IL1RN/GPLD1/KISS1/CPT1A/LRP5/TFR2/F2/GNAS/IRS2/DYNLL1/RAB1A",19
"GO:0006878","intracellular copper ion homeostasis","4/720","17/18986",0.235294117647059,6.20457516339869,4.26223459363377,0.00328888297496482,0.0277479013784823,0.0209846721028967,"MT2A/APP/CP/ARF1",4
"GO:0045725","positive regulation of glycogen biosynthetic process","4/720","17/18986",0.235294117647059,6.20457516339869,4.26223459363377,0.00328888297496482,0.0277479013784823,0.0209846721028967,"IGF1/PPP1R3B/INSR/IRS2",4
"GO:0070254","mucus secretion","4/720","17/18986",0.235294117647059,6.20457516339869,4.26223459363377,0.00328888297496482,0.0277479013784823,0.0209846721028967,"EGFR/CYBA/FOSL2/VAMP8",4
"GO:1900102","negative regulation of endoplasmic reticulum unfolded protein response","4/720","17/18986",0.235294117647059,6.20457516339869,4.26223459363377,0.00328888297496482,0.0277479013784823,0.0209846721028967,"DNAJB9/PPP1R15B/PPP1R15A/HSPA5",4
"GO:1901334","lactone metabolic process","4/720","17/18986",0.235294117647059,6.20457516339869,4.26223459363377,0.00328888297496482,0.0277479013784823,0.0209846721028967,"PON1/SLC2A3/PON3/RGN",4
"GO:0032964","collagen biosynthetic process","7/720","52/18986",0.134615384615385,3.54973290598291,3.65531658199292,0.00332035916614215,0.0279207023258874,0.0211153548226781,"RGCC/PCOLCE/SERPINF2/SERPINH1/VIM/FOSL2/F2",7
"GO:0036230","granulocyte activation","7/720","52/18986",0.134615384615385,3.54973290598291,3.65531658199292,0.00332035916614215,0.0279207023258874,0.0211153548226781,"PLA2G2A/CXCL8/DNASE1L3/ANXA1/CCL5/VAMP2/KMT2E",7
"GO:0071774","response to fibroblast growth factor","12/720","128/18986",0.09375,2.47213541666667,3.31783475770923,0.00346034209691459,0.0290497148929409,0.0219691836653177,"CXCL8/CCL2/NR4A1/FGF21/ZFP36/CPS1/CCL5/ZFP36L2/IER2/CEP57/ITGB1/ZFP36L1",12
"GO:0050730","regulation of peptidyl-tyrosine phosphorylation","14/720","162/18986",0.0864197530864197,2.27884087791495,3.24539738918439,0.00352227319081263,0.0295070268148028,0.0223150311079088,"GHR/IGF1/AREG/EGFR/SAMSN1/PTPRC/FYN/NEDD9/VTN/APP/RAP2C/HRG/VEGFA/ERRFI1",14
"GO:0030098","lymphocyte differentiation","28/720","426/18986",0.0657276995305164,1.73320292123109,3.0387139704398,0.00353031672768686,0.0295070268148028,0.0223150311079088,"VNN1/CLEC4G/PGLYRP2/EGR1/SOCS3/ZBTB16/ANXA1/IL7R/MAFB/JUNB/IL2RG/ID2/CD69/PTPRC/NFKBIZ/FOSL2/PCK1/ZFP36L2/CD46/DNAJB9/STAT6/KLF6/FOXO3/CTSL/BRD2/ITGB1/B2M/ZFP36L1",28
"GO:0050921","positive regulation of chemotaxis","13/720","145/18986",0.0896551724137931,2.36415708812261,3.27375543599776,0.00353224498984054,0.0295070268148028,0.0223150311079088,"CXCL8/CXCL10/SERPINE1/CXCR4/CCL5/TMSB4X/NEDD9/CCL4/APP/F7/VEGFA/RARRES2/CALR",13
"GO:0033002","muscle cell proliferation","19/720","252/18986",0.0753968253968254,1.98817239858907,3.13521662827588,0.00356845922855572,0.0297605983938169,0.0225067975542301,"HPGD/IGF1/KLF4/CDKN1A/CAV2/FOS/ANG/EGFR/CCL5/ID2/SERPINF2/PDCD4/CITED2/PPARGC1A/NDRG2/JUN/TNFAIP3/STAT1/PTEN",19
"GO:0031647","regulation of protein stability","26/720","387/18986",0.0671834625322997,1.77159058283089,3.04472046326746,0.00362708997085197,0.0301999835441921,0.0228390876680567,"IGF1/AFM/CLU/ADGRV1/GNAQ/GOLGA7/PPARGC1A/ATP1B1/APOA1/RAB21/SEL1L/HSPA1B/LAMP2/DAZAP2/HSPA1A/CMTM6/PTEN/BAG3/LAMP1/RNF149/PFN1/HSP90AA1/RTN4/UBE2B/CALR/A1CF",26
"GO:0006541","glutamine metabolic process","5/720","28/18986",0.178571428571429,4.70882936507937,3.89914540851408,0.00368005436726746,0.0304910214214542,0.0230591884367802,"GLS/GLYATL1/CPS1/GFPT1/ASL",5
"GO:0009648","photoperiodism","5/720","28/18986",0.178571428571429,4.70882936507937,3.89914540851408,0.00368005436726746,0.0304910214214542,0.0230591884367802,"ID2/PER1/BHLHE40/CRY2/PPP1CB",5
"GO:0072529","pyrimidine-containing compound catabolic process","5/720","28/18986",0.178571428571429,4.70882936507937,3.89914540851408,0.00368005436726746,0.0304910214214542,0.0230591884367802,"DPYD/ENTPD5/TYMP/NTHL1/ALDH6A1",5
"GO:0045745","positive regulation of G protein-coupled receptor signaling pathway","6/720","40/18986",0.15,3.95541666666667,3.71483706087872,0.00371970998426628,0.0307440329546956,0.0232505313419932,"CAV2/C3/CCL5/SLC39A14/APP/F2",6
"GO:2000630","positive regulation of miRNA metabolic process","8/720","67/18986",0.119402985074627,3.1485903814262,3.49777413736765,0.00372705374094244,0.0307440329546956,0.0232505313419932,"KLF4/FOS/EGR1/EGFR/NFKB1/JUN/FOXO3/AGT",8
"GO:0019915","lipid storage","10/720","97/18986",0.103092783505155,2.71849942726231,3.36884165079496,0.00372875060053012,0.0307440329546956,0.0232505313419932,"CRP/C3/CIDEB/NFKB1/CPT1A/APOA1/CRY2/NFKBIA/PNPLA2/DGAT2",10
"GO:0006470","protein dephosphorylation","13/720","146/18986",0.089041095890411,2.34796423135464,3.24611700074907,0.00374692013924018,0.0308437721024326,0.0233259602287596,"DUSP6/PPP2CB/PTPRC/DUSP2/PPP2R5C/PPP2R1B/PPP2R2A/PPM1A/PTPRK/PTEN/DUSP1/PPP1CB/PTP4A1",13
"GO:0050708","regulation of protein secretion","20/720","272/18986",0.0735294117647059,1.93892973856209,3.09659249123632,0.00376917112442831,0.0309767316196948,0.023426512405108,"IGF1/NR0B2/ANG/SRI/RAB11FIP1/EGFR/CCL5/MIDN/GPLD1/CPT1A/LRP5/SEC24A/TMED10/F2/GNAS/IRS2/ARF6/BSG/GOLPH3/DYNLL1",20
"GO:0014823","response to activity","9/720","82/18986",0.109756097560976,2.89420731707317,3.41277301462442,0.00382579594510908,0.031391304693391,0.0237400380982961,"FOS/KDM6B/FGF21/CXCR4/PCK1/PPARGC1A/CRY2/AGT/ITGB1",9
"GO:0032612","interleukin-1 production","12/720","130/18986",0.0923076923076923,2.43410256410256,3.25744375752963,0.00392631085811996,0.032112291221242,0.0242852925184842,"IGF1/EGR1/ANXA1/GSTP1/IFI16/ORM1/ORM2/APP/TMED10/APOA1/CEACAM1/TNFAIP3",12
"GO:0032652","regulation of interleukin-1 production","12/720","130/18986",0.0923076923076923,2.43410256410256,3.25744375752963,0.00392631085811996,0.032112291221242,0.0242852925184842,"IGF1/EGR1/ANXA1/GSTP1/IFI16/ORM1/ORM2/APP/TMED10/APOA1/CEACAM1/TNFAIP3",12
"GO:0033559","unsaturated fatty acid metabolic process","11/720","114/18986",0.0964912280701754,2.54442007797271,3.2836640856532,0.00402985733094156,0.0328894424784052,0.0248730221663404,"AVPR1A/HPGD/CYP2C8/CYP4A22/CYP4A11/CES2/GSTP1/MGLL/CYP2D6/ELOVL2/SCP2",11
"GO:0043534","blood vessel endothelial cell migration","15/720","182/18986",0.0824175824175824,2.17330586080586,3.15770558368033,0.00403443698122452,0.0328894424784052,0.0248730221663404,"KLF4/ANXA1/RGCC/NR4A1/TMSB4X/GPLD1/ATP2B4/ID1/APOA1/HRG/VEGFA/PRCP/MYH9/ITGB1/PLG",15
"GO:0051055","negative regulation of lipid biosynthetic process","8/720","68/18986",0.117647058823529,3.10228758169935,3.44793280112368,0.00408699081660386,0.0328894424784052,0.0248730221663404,"NFKB1/APOC3/ERLIN2/ACADVL/CEACAM1/INSIG1/PROX1/ATP1A1",8
"GO:1905953","negative regulation of lipid localization","8/720","68/18986",0.117647058823529,3.10228758169935,3.44793280112368,0.00408699081660386,0.0328894424784052,0.0248730221663404,"CRP/NFKB1/APOC3/APOC2/IRS2/CRY2/NFKBIA/PNPLA2",8
"GO:0003159","morphogenesis of an endothelium","4/720","18/18986",0.222222222222222,5.85987654320988,4.09543975060959,0.00410313036777447,0.0328894424784052,0.0248730221663404,"CXCL10/CXCR4/RHOB/BSG",4
"GO:0006103","2-oxoglutarate metabolic process","4/720","18/18986",0.222222222222222,5.85987654320988,4.09543975060959,0.00410313036777447,0.0328894424784052,0.0248730221663404,"PHYH/TAT/GPT2/GOT1",4
"GO:0034384","high-density lipoprotein particle clearance","4/720","18/18986",0.222222222222222,5.85987654320988,4.09543975060959,0.00410313036777447,0.0328894424784052,0.0248730221663404,"APOC3/GPLD1/APOC2/APOA1",4
"GO:0055119","relaxation of cardiac muscle","4/720","18/18986",0.222222222222222,5.85987654320988,4.09543975060959,0.00410313036777447,0.0328894424784052,0.0248730221663404,"PDE4B/RGS2/ATP1B1/ATP1A1",4
"GO:0061154","endothelial tube morphogenesis","4/720","18/18986",0.222222222222222,5.85987654320988,4.09543975060959,0.00410313036777447,0.0328894424784052,0.0248730221663404,"CXCL10/CXCR4/RHOB/BSG",4
"GO:0097396","response to interleukin-17","4/720","18/18986",0.222222222222222,5.85987654320988,4.09543975060959,0.00410313036777447,0.0328894424784052,0.0248730221663404,"CXCL10/SOCS3/NFKB1/NFKBIZ",4
"GO:0097398","cellular response to interleukin-17","4/720","18/18986",0.222222222222222,5.85987654320988,4.09543975060959,0.00410313036777447,0.0328894424784052,0.0248730221663404,"CXCL10/SOCS3/NFKB1/NFKBIZ",4
"GO:1901163","regulation of trophoblast cell migration","4/720","18/18986",0.222222222222222,5.85987654320988,4.09543975060959,0.00410313036777447,0.0328894424784052,0.0248730221663404,"TIMP1/ARHGDIB/VEGFA/CALR",4
"GO:0001836","release of cytochrome c from mitochondria","7/720","54/18986",0.12962962962963,3.41826131687243,3.53306545279301,0.00411846533102298,0.0328894424784052,0.0248730221663404,"IGF1/IFI27/PLAUR/IFI6/CLU/MCL1/TNFSF10",7
"GO:0019083","viral transcription","7/720","54/18986",0.12962962962963,3.41826131687243,3.53306545279301,0.00411846533102298,0.0328894424784052,0.0248730221663404,"ZFP36/CCL5/CCL4/JUN/HPN/IFITM3/NUCKS1",7
"GO:2000117","negative regulation of cysteine-type endopeptidase activity","7/720","54/18986",0.12962962962963,3.41826131687243,3.53306545279301,0.00411846533102298,0.0328894424784052,0.0248730221663404,"FABP1/PLAUR/IFI16/IFI6/DNAJB6/VEGFA/ARL6IP1",7
"GO:0070972","protein localization to endoplasmic reticulum","9/720","83/18986",0.108433734939759,2.85933734939759,3.37040192822694,0.00415045952669029,0.0330410406521316,0.0249876700427205,"ZFAND2A/HERPUD1/PPP1R15A/INSIG1/HSPA5/YWHAE/KDELR2/RTN4/SRP9",9
"GO:0071901","negative regulation of protein serine/threonine kinase activity","9/720","83/18986",0.108433734939759,2.85933734939759,3.37040192822694,0.00415045952669029,0.0330410406521316,0.0249876700427205,"RGS2/GSTP1/PDCD4/LRP5/TNFAIP3/PTEN/DUSP1/AGT/DNAJA1",9
"GO:0071333","cellular response to glucose stimulus","13/720","148/18986",0.0878378378378378,2.31623498498499,3.19151370487636,0.00420797620440502,0.03344649631013,0.0252943005845876,"SRI/FGF21/ICAM1/GPLD1/CPB2/SLC39A14/LRP5/PCK1/IRS2/SLC29A1/FOXO3/TRA2B/DYNLL1",13
"GO:0043407","negative regulation of MAP kinase activity","6/720","41/18986",0.146341463414634,3.85894308943089,3.63831214514538,0.00422034158335286,0.0334923670341393,0.0253289908514056,"RGS2/GSTP1/PDCD4/DUSP1/AGT/DNAJA1",6
"GO:0050866","negative regulation of cell activation","17/720","219/18986",0.0776255707762557,2.04694317605276,3.09383795639104,0.00423787045501072,0.0335790078642737,0.0253945139836343,"CLEC4G/PGLYRP2/PELI1/ANXA1/LGALS3/SAMSN1/ID2/CD69/FGL1/PTPRC/CST7/SDC4/LST1/F2/HLA-E/CEACAM1/TNFAIP3",17
"GO:0006575","cellular modified amino acid metabolic process","15/720","183/18986",0.0819672131147541,2.16142987249545,3.13440265289642,0.00424552483955178,0.0335872595951456,0.0254007544507697,"VNN1/GNMT/NAT8/CROT/GCH1/GSTP1/CPT1A/GAMT/SERINC1/PLSCR1/HPN/ACADM/FTCD/CTSB/SULT2A1",15
"GO:0006910","phagocytosis, recognition","5/720","29/18986",0.172413793103448,4.54645593869732,3.79453518968145,0.00431019957386372,0.0339930180677855,0.0257076139997201,"FCN3/CRP/C4BPA/MBL2/C4BPB",5
"GO:0010039","response to iron ion","5/720","29/18986",0.172413793103448,4.54645593869732,3.79453518968145,0.00431019957386372,0.0339930180677855,0.0257076139997201,"HAMP/MAP1LC3A/ACO1/TFR2/B2M",5
"GO:0006576","biogenic amine metabolic process","10/720","99/18986",0.101010101010101,2.66358024691358,3.29480475757363,0.00431873387410731,0.0340075183668078,0.0257185800189597,"TDO2/NR4A2/GCH1/EPAS1/ACMSD/SAT2/SAT1/OAZ1/HAAO/MAOB",10
"GO:0002790","peptide secretion","19/720","257/18986",0.0739299610894942,1.94949200172936,3.04263880501088,0.0044132931263772,0.0346983216545972,0.0262410080139326,"SPINK1/CRHBP/NR0B2/SRI/EGFR/CCL5/CPE/MIDN/IL1RN/GPLD1/KISS1/CPT1A/LRP5/TFR2/F2/GNAS/IRS2/DYNLL1/RAB1A",19
"GO:0050863","regulation of T cell activation","26/720","393/18986",0.0661577608142494,1.74454339836019,2.96115663078254,0.00443582858451007,0.0348215971881401,0.0263342365653254,"VNN1/CLEC4G/IGF1/CCL2/PELI1/ZBTB16/ANXA1/LGALS3/IL7R/JUNB/CCL5/IL2RG/CD69/FGL1/PTPRC/FYN/NFKBIZ/HSPH1/SDC4/PCK1/CD46/HLA-E/FOXO3/BRD2/HLA-A/B2M",26
"GO:0048857","neural nucleus development","8/720","69/18986",0.115942028985507,3.0573268921095,3.39900292800636,0.00447313098250138,0.0350494693507646,0.026506567530065,"NFIB/NDRG2/HSPA5/MAOB/YWHAE/CALM2/CALM1/DYNLL1",8
"GO:0030323","respiratory tube development","16/720","202/18986",0.0792079207920792,2.08866886688669,3.08835539007402,0.00447865832026899,0.0350494693507646,0.026506567530065,"GPC3/KLF2/HSD11B1/EGFR/LTBP3/EPAS1/HECA/RDH10/HMGCS2/FOSL2/NFIB/VEGFA/SRSF6/PROX1/CTSZ/ERRFI1",16
"GO:0035592","establishment of protein localization to extracellular region","25/720","374/18986",0.0668449197860963,1.76266339869281,2.95748129084405,0.00457060931315272,0.0357140380023118,0.0270091552772377,"IGF1/AFM/NR0B2/ANG/SRI/RAB11FIP1/EGFR/CCL5/MIDN/IL1RN/OLFM2/GPLD1/CPT1A/LRP5/SEC24A/PDIA4/TMED10/F2/GNAS/IRS2/SEL1L/ARF6/BSG/GOLPH3/DYNLL1",25
"GO:0098754","detoxification","14/720","167/18986",0.0838323353293413,2.2106121091151,3.11971413284889,0.00462052742649024,0.0360486310278709,0.0272621951318019,"SLC22A1/FABP1/ALB/GCH1/MT1F/GSTP1/MT1E/SLC30A10/MT2A/NNT/AMBP/TP53INP1/TXNDC17/CP",14
"GO:0048246","macrophage chemotaxis","6/720","42/18986",0.142857142857143,3.76706349206349,3.56416457548777,0.00476901699169989,0.0370364484722381,0.0280092435260146,"CCL2/LGALS3/C5/CCL5/MTUS1/RARRES2",6
"GO:0051955","regulation of amino acid transport","6/720","42/18986",0.142857142857143,3.76706349206349,3.56416457548777,0.00476901699169989,0.0370364484722381,0.0280092435260146,"AVPR1A/RGS2/SLC6A1/SLC38A3/ITGB1/ARL6IP1",6
"GO:2000403","positive regulation of lymphocyte migration","6/720","42/18986",0.142857142857143,3.76706349206349,3.56416457548777,0.00476901699169989,0.0370364484722381,0.0280092435260146,"CCL20/CXCL10/CCL5/NEDD9/CCL4/APP",6
"GO:0022409","positive regulation of cell-cell adhesion","23/720","336/18986",0.068452380952381,1.80505125661376,2.95599418346494,0.00480291095943079,0.0371859523825442,0.028122307591404,"VNN1/IGF1/CCL2/ZBTB16/ANXA1/IL7R/CCL5/IL2RG/PLAUR/PTPRC/FYN/NFKBIZ/HSPH1/SERPINF2/F11R/PCK1/CITED2/CD46/HLA-E/FOXO3/BRD2/HLA-A/B2M",23
"GO:0051251","positive regulation of lymphocyte activation","23/720","336/18986",0.068452380952381,1.80505125661376,2.95599418346494,0.00480291095943079,0.0371859523825442,0.028122307591404,"VNN1/IGF1/CCL2/CDKN1A/PELI1/ZBTB16/ANXA1/IL7R/CCL5/IL2RG/PTPRC/FYN/NFKBIZ/HSPH1/PCK1/CD46/STAT6/IRS2/HLA-E/FOXO3/BRD2/HLA-A/B2M",23
"GO:0009612","response to mechanical stimulus","17/720","222/18986",0.0765765765765766,2.01928178178178,3.0328983809949,0.00485489863422037,0.0374505170783795,0.028322387709766,"FOSB/CXCL10/FOS/TXNIP/EGFR/NFKB1/CXCR4/BTG2/FYN/ADGRV1/F11R/CITED2/NFKBIA/HPN/CDH2/STAT1/BAG3",17
"GO:0016311","dephosphorylation","17/720","222/18986",0.0765765765765766,2.01928178178178,3.0328983809949,0.00485489863422037,0.0374505170783795,0.028322387709766,"FBP1/DUSP6/PPP2CB/PTPRC/GPLD1/DUSP2/PPP2R5C/PPP2R1B/PPP2R2A/PPM1A/PTPRK/EPHX2/LHPP/PTEN/DUSP1/PPP1CB/PTP4A1",17
"GO:0015980","energy derivation by oxidation of organic compounds","24/720","356/18986",0.0674157303370786,1.77771535580524,2.9409596628295,0.0048592027475196,0.0374505170783795,0.028322387709766,"IGF1/PPP1R1A/GNMT/PPP1R3B/INSR/ACO1/OPN3/ACADVL/PPARGC1A/PRKAG2/UQCRHL/GFPT1/IRS2/NNT/UGP2/GABARAPL1/KHK/IMMP2L/ACADM/PPP1CB/NDUFB1/NDUFA3/SDHD/BLOC1S1",24
"GO:0048662","negative regulation of smooth muscle cell proliferation","8/720","70/18986",0.114285714285714,3.01365079365079,3.35095308268937,0.00488669314683842,0.0374917137353359,0.0283535431591881,"KLF4/CDKN1A/ANG/PDCD4/PPARGC1A/NDRG2/TNFAIP3/PTEN",8
"GO:0072577","endothelial cell apoptotic process","8/720","70/18986",0.114285714285714,3.01365079365079,3.35095308268937,0.00488669314683842,0.0374917137353359,0.0283535431591881,"CCL2/SERPINE1/RGCC/FGF21/ICAM1/PDCD4/TNFAIP3/FOXO3",8
"GO:2000401","regulation of lymphocyte migration","8/720","70/18986",0.114285714285714,3.01365079365079,3.35095308268937,0.00488669314683842,0.0374917137353359,0.0283535431591881,"CCL2/CCL20/CXCL10/CCL5/CD69/NEDD9/CCL4/APP",8
"GO:1903076","regulation of protein localization to plasma membrane","11/720","117/18986",0.094017094017094,2.47917853751187,3.18631646418071,0.00490929554050838,0.03760831380127,0.0284417233108122,"LGALS3/EGFR/VIL1/ATP2B4/PGRMC1/EZR/TMBIM1/ARF6/ITGB1/VAMP8/TMEM59",11
"GO:0090276","regulation of peptide hormone secretion","16/720","204/18986",0.0784313725490196,2.0681917211329,3.04539195139657,0.00492268943025493,0.0376541259281096,0.0284763692628412,"SPINK1/CRHBP/NR0B2/SRI/EGFR/CCL5/MIDN/GPLD1/KISS1/CPT1A/LRP5/TFR2/F2/GNAS/IRS2/DYNLL1",16
"GO:0001667","ameboidal-type cell migration","18/720","241/18986",0.0746887966804979,1.9695020746888,3.0072142038224,0.00495127251617106,0.0378158091874178,0.0285986441021103,"GPC3/LRG1/VIL1/TIMP1/ARHGDIB/ARHGAP5/SDC4/LRP5/IRS2/CDH2/VEGFA/ARF6/PTEN/PROX1/PFN1/ITGB1/RTN4/CALR",18
"GO:0071331","cellular response to hexose stimulus","13/720","151/18986",0.0860927152317881,2.27021707137601,3.11123939241398,0.00498437802841094,0.0380114955049537,0.0287466341483665,"SRI/FGF21/ICAM1/GPLD1/CPB2/SLC39A14/LRP5/PCK1/IRS2/SLC29A1/FOXO3/TRA2B/DYNLL1",13
"GO:0050870","positive regulation of T cell activation","19/720","260/18986",0.0730769230769231,1.92699786324786,2.98808343437933,0.00499509171889758,0.038036088216313,0.0287652326714389,"VNN1/IGF1/CCL2/ZBTB16/ANXA1/IL7R/CCL5/IL2RG/PTPRC/FYN/NFKBIZ/HSPH1/PCK1/CD46/HLA-E/FOXO3/BRD2/HLA-A/B2M",19
"GO:0010894","negative regulation of steroid biosynthetic process","5/720","30/18986",0.166666666666667,4.39490740740741,3.69457964751224,0.00501359812195285,0.0380611354452268,0.028784174928681,"NFKB1/ERLIN2/INSIG1/PROX1/ATP1A1",5
"GO:0010955","negative regulation of protein processing","5/720","30/18986",0.166666666666667,4.39490740740741,3.69457964751224,0.00501359812195285,0.0380611354452268,0.028784174928681,"SERPINE1/FURIN/SERPINF2/CPB2/CTSZ",5
"GO:0006071","glycerol metabolic process","4/720","19/18986",0.210526315789474,5.55146198830409,3.94074397948996,0.00504334399579398,0.0380611354452268,0.028784174928681,"GK/PCK1/GOT1/DGAT2",4
"GO:0020027","hemoglobin metabolic process","4/720","19/18986",0.210526315789474,5.55146198830409,3.94074397948996,0.00504334399579398,0.0380611354452268,0.028784174928681,"KLF4/HPX/SLC25A37/AMBP",4
"GO:0061450","trophoblast cell migration","4/720","19/18986",0.210526315789474,5.55146198830409,3.94074397948996,0.00504334399579398,0.0380611354452268,0.028784174928681,"TIMP1/ARHGDIB/VEGFA/CALR",4
"GO:0070431","nucleotide-binding oligomerization domain containing 2 signaling pathway","4/720","19/18986",0.210526315789474,5.55146198830409,3.94074397948996,0.00504334399579398,0.0380611354452268,0.028784174928681,"HSPA1B/NFKBIA/TNFAIP3/HSPA1A",4
"GO:1902895","positive regulation of miRNA transcription","7/720","56/18986",0.125,3.29618055555556,3.41644602411335,0.00505387448895672,0.0380840185896308,0.0288014805719242,"KLF4/FOS/EGR1/EGFR/JUN/FOXO3/AGT",7
"GO:1904062","regulation of monoatomic cation transmembrane transport","22/720","318/18986",0.0691823899371069,1.82430118798043,2.94306878121886,0.00507497831847579,0.0381863924141312,0.0288789019635371,"HAMP/CXCL10/SRI/PDE4B/TSPAN13/TMSB4X/FXYD5/CYBA/FYN/FXYD1/ATP2B4/CTSS/VAMP2/ATP1B1/F2/TMBIM6/AHNAK/AGT/ITGB1/YWHAE/CALM2/CALM1",22
"GO:0046434","organophosphate catabolic process","18/720","242/18986",0.0743801652892562,1.96136363636364,2.9882302538728,0.00516612557936888,0.0387573882091795,0.0293107241531789,"VNN1/IGF1/DPYD/PON1/PDE4B/FBP1/ALDOB/ACAT1/INSR/IER3/APOC2/SMPDL3A/APP/PRKAG2/NT5E/ENTPD5/TYMP/NTHL1",18
"GO:0071219","cellular response to molecule of bacterial origin","18/720","242/18986",0.0743801652892562,1.96136363636364,2.9882302538728,0.00516612557936888,0.0387573882091795,0.0293107241531789,"CXCL8/CCL2/CXCL10/SERPINE1/PDE4B/ZFP36/NFKB1/CXCL2/GSTP1/NFKBIZ/HMGCS2/PDCD4/CD14/VIM/HADHB/NFKBIA/TNFAIP3/B2M",18
"GO:0045833","negative regulation of lipid metabolic process","11/720","118/18986",0.0932203389830508,2.45816854990584,3.15453695304223,0.00523400645816247,0.0389050885862726,0.0294224242756674,"NFKB1/APOC3/GPLD1/PDE3B/APOC2/ERLIN2/ACADVL/CEACAM1/INSIG1/PROX1/ATP1A1",11
"GO:1900542","regulation of purine nucleotide metabolic process","9/720","86/18986",0.104651162790698,2.75959302325581,3.24698570907078,0.0052547847641823,0.0389050885862726,0.0294224242756674,"IGF1/FBP1/ALDOB/TMSB4X/INSR/IER3/ACMSD/APP/PRKAG2",9
"GO:0002263","cell activation involved in immune response","22/720","319/18986",0.0689655172413793,1.81858237547893,2.92732060644046,0.00526282759603502,0.0389050885862726,0.0294224242756674,"PGLYRP2/DNASE1L3/SOCS3/ANXA1/LGALS3/JUNB/NKG7/CD69/PTPRC/NFKBIZ/ICAM1/LCP1/PCK1/CD46/APP/VAMP2/STAT6/HLA-F/CEACAM1/LAMP1/BRD2/VAMP8",22
"GO:0001912","positive regulation of leukocyte mediated cytotoxicity","8/720","71/18986",0.112676056338028,2.97120500782473,3.30375335863445,0.00532891053127438,0.0389050885862726,0.0294224242756674,"PTPRC/HLA-B/HLA-C/HLA-F/HLA-E/LAMP1/HLA-A/B2M",8
"GO:0045600","positive regulation of fat cell differentiation","8/720","71/18986",0.112676056338028,2.97120500782473,3.30375335863445,0.00532891053127438,0.0389050885862726,0.0294224242756674,"ZBTB16/ZFP36/ID2/LRP5/RARRES2/AAMDC/ZFP36L1/HNRNPU",8
"GO:0062208","positive regulation of pattern recognition receptor signaling pathway","8/720","71/18986",0.112676056338028,2.97120500782473,3.30375335863445,0.00532891053127438,0.0389050885862726,0.0294224242756674,"PELI1/CYBA/ZC3HAV1/CD14/NEK7/HSPA1B/HSPA1A/RTN4",8
"GO:0001915","negative regulation of T cell mediated cytotoxicity","3/720","10/18986",0.3,7.91083333333333,4.33988184455846,0.00533684324807387,0.0389050885862726,0.0294224242756674,"IL7R/PTPRC/CEACAM1",3
"GO:0006568","tryptophan metabolic process","3/720","10/18986",0.3,7.91083333333333,4.33988184455846,0.00533684324807387,0.0389050885862726,0.0294224242756674,"TDO2/ACMSD/HAAO",3
"GO:0009080","pyruvate family amino acid catabolic process","3/720","10/18986",0.3,7.91083333333333,4.33988184455846,0.00533684324807387,0.0389050885862726,0.0294224242756674,"AGXT/GPT2/GPT",3
"GO:0035747","natural killer cell chemotaxis","3/720","10/18986",0.3,7.91083333333333,4.33988184455846,0.00533684324807387,0.0389050885862726,0.0294224242756674,"CCL2/CCL5/CCL4",3
"GO:0051933","amino acid neurotransmitter reuptake","3/720","10/18986",0.3,7.91083333333333,4.33988184455846,0.00533684324807387,0.0389050885862726,0.0294224242756674,"CLN8/SLC6A1/ITGB1",3
"GO:0060054","positive regulation of epithelial cell proliferation involved in wound healing","3/720","10/18986",0.3,7.91083333333333,4.33988184455846,0.00533684324807387,0.0389050885862726,0.0294224242756674,"LRG1/CLDN1/B4GALT1",3
"GO:0070432","regulation of nucleotide-binding oligomerization domain containing 2 signaling pathway","3/720","10/18986",0.3,7.91083333333333,4.33988184455846,0.00533684324807387,0.0389050885862726,0.0294224242756674,"HSPA1B/TNFAIP3/HSPA1A",3
"GO:0072203","cell proliferation involved in metanephros development","3/720","10/18986",0.3,7.91083333333333,4.33988184455846,0.00533684324807387,0.0389050885862726,0.0294224242756674,"GPC3/EGR1/STAT1",3
"GO:1900038","negative regulation of cellular response to hypoxia","3/720","10/18986",0.3,7.91083333333333,4.33988184455846,0.00533684324807387,0.0389050885862726,0.0294224242756674,"HYOU1/DDAH1/TMBIM6",3
"GO:1904760","regulation of myofibroblast differentiation","3/720","10/18986",0.3,7.91083333333333,4.33988184455846,0.00533684324807387,0.0389050885862726,0.0294224242756674,"PDCD4/FOSL2/TP53INP1",3
"GO:2000048","negative regulation of cell-cell adhesion mediated by cadherin","3/720","10/18986",0.3,7.91083333333333,4.33988184455846,0.00533684324807387,0.0389050885862726,0.0294224242756674,"RGCC/VEGFA/PLG",3
"GO:2000425","regulation of apoptotic cell clearance","3/720","10/18986",0.3,7.91083333333333,4.33988184455846,0.00533684324807387,0.0389050885862726,0.0294224242756674,"CCL2/C3/C2",3
"GO:1990868","response to chemokine","10/720","102/18986",0.0980392156862745,2.58523965141612,3.18711576865824,0.00533901294440481,0.0389050885862726,0.0294224242756674,"CCL25/CXCL8/CCL2/CCL20/CXCL10/CXCR4/CXCL2/CCL5/CCL4/DUSP1",10
"GO:1990869","cellular response to chemokine","10/720","102/18986",0.0980392156862745,2.58523965141612,3.18711576865824,0.00533901294440481,0.0389050885862726,0.0294224242756674,"CCL25/CXCL8/CCL2/CCL20/CXCL10/CXCR4/CXCL2/CCL5/CCL4/DUSP1",10
"GO:0044058","regulation of digestive system process","6/720","43/18986",0.13953488372093,3.67945736434109,3.49225961207832,0.00536836359100108,0.0390070367363297,0.0294995237460476,"HAMP/SPINK1/SGK1/APOA1/TYMP/PRAP1",6
"GO:0071364","cellular response to epidermal growth factor stimulus","6/720","43/18986",0.13953488372093,3.67945736434109,3.49225961207832,0.00536836359100108,0.0390070367363297,0.0294995237460476,"FOS/ZFP36/EGFR/VIL1/ZFP36L2/ZFP36L1",6
"GO:0071900","regulation of protein serine/threonine kinase activity","19/720","262/18986",0.0725190839694656,1.91228795589483,2.9521137870735,0.0054169340508553,0.039303725777563,0.0297238982730391,"GHR/CDKN1A/RGCC/EGFR/RGS2/GSTP1/INSR/PDCD4/SERTAD1/LRP5/MST1/TNFAIP3/PTEN/DUSP1/PROX1/AGT/DNAJA1/CALM2/CALM1",19
"GO:0071326","cellular response to monosaccharide stimulus","13/720","153/18986",0.0849673202614379,2.24054103122731,3.05877067416477,0.00556297979621841,0.0402887974419467,0.0304688701393071,"SRI/FGF21/ICAM1/GPLD1/CPB2/SLC39A14/LRP5/PCK1/IRS2/SLC29A1/FOXO3/TRA2B/DYNLL1",13
"GO:0045765","regulation of angiogenesis","24/720","360/18986",0.0666666666666667,1.75796296296296,2.88263236362087,0.00556856385198791,0.0402887974419467,0.0304688701393071,"CXCL8/CXCL10/KLF4/KLF2/SERPINE1/C3/RGCC/LRG1/CXCR4/FYN/ATP2B4/PDE3B/DDAH1/HRG/BTG1/RHOB/CEACAM1/TNFAIP3/VEGFA/STAT1/EGLN1/GTF2I/ITGB1/RTN4",24
"GO:0002708","positive regulation of lymphocyte mediated immunity","12/720","136/18986",0.0882352941176471,2.32671568627451,3.08277240788957,0.00563354353243166,0.0407009496461172,0.0307805650218509,"C3/HPX/PTPRC/CD7/HLA-B/STAT6/HLA-C/HLA-F/HLA-E/LAMP1/HLA-A/B2M",12
"GO:0002791","regulation of peptide secretion","16/720","207/18986",0.0772946859903382,2.038217928073,2.98186026699103,0.00565539803654365,0.0407282389263237,0.0308012028563757,"SPINK1/CRHBP/NR0B2/SRI/EGFR/CCL5/MIDN/GPLD1/KISS1/CPT1A/LRP5/TFR2/F2/GNAS/IRS2/DYNLL1",16
"GO:0090087","regulation of peptide transport","16/720","207/18986",0.0772946859903382,2.038217928073,2.98186026699103,0.00565539803654365,0.0407282389263237,0.0308012028563757,"SPINK1/CRHBP/NR0B2/SRI/EGFR/CCL5/MIDN/GPLD1/KISS1/CPT1A/LRP5/TFR2/F2/GNAS/IRS2/DYNLL1",16
"GO:0001892","embryonic placenta development","9/720","87/18986",0.103448275862069,2.72787356321839,3.20702241958036,0.00566939651917915,0.0407282389263237,0.0308012028563757,"SOCS3/JUNB/EGFR/EPAS1/CITED2/DNAJB6/EGLN1/PLG/ZFP36L1",9
"GO:0006140","regulation of nucleotide metabolic process","9/720","87/18986",0.103448275862069,2.72787356321839,3.20702241958036,0.00566939651917915,0.0407282389263237,0.0308012028563757,"IGF1/FBP1/ALDOB/TMSB4X/INSR/IER3/ACMSD/APP/PRKAG2",9
"GO:2001242","regulation of intrinsic apoptotic signaling pathway","15/720","189/18986",0.0793650793650794,2.09281305114638,2.99765968145927,0.00570899283913573,0.0409547664265118,0.0309725169045588,"VNN1/PLAUR/FYN/CLU/SKIL/HYOU1/APP/MCL1/HERPUD1/HSPA1A/EIF5A/TMBIM6/TPT1/UBB/DNAJA1",15
"GO:0043373","CD4-positive, alpha-beta T cell lineage commitment","5/720","31/18986",0.161290322580645,4.25313620071685,3.5989102915864,0.00579459863218467,0.0413812153041071,0.0312950238121236,"SOCS3/CD69/STAT6/CTSL/BRD2",5
"GO:0072677","eosinophil migration","5/720","31/18986",0.161290322580645,4.25313620071685,3.5989102915864,0.00579459863218467,0.0413812153041071,0.0312950238121236,"CCL25/CCL2/LGALS3/CCL5/CCL4",5
"GO:0090025","regulation of monocyte chemotaxis","5/720","31/18986",0.161290322580645,4.25313620071685,3.5989102915864,0.00579459863218467,0.0413812153041071,0.0312950238121236,"CXCL10/SERPINE1/CCL5/APP/DUSP1",5
"GO:0016126","sterol biosynthetic process","8/720","72/18986",0.111111111111111,2.92993827160494,3.25737528312528,0.00580102880419851,0.0413812153041071,0.0312950238121236,"HMGCS2/ERLIN2/PRKAG2/APOA1/INSIG1/TM7SF2/CYB5R3/ACAA2",8
"GO:0009314","response to radiation","28/720","442/18986",0.0633484162895928,1.67046254399196,2.83161215727877,0.00581557102881008,0.0414267675390272,0.0313294732178755,"GPR88/CRIP1/CXCL10/CDKN1A/FOS/EGR1/EGFR/ID2/PTPRC/IFI16/PER1/PLK3/TIMP1/GNAQ/BHLHE40/OPN3/APP/CRY2/PTPRK/TANK/PRAP1/RHOB/PPP1CB/ITGB1/TP53INP1/NUCKS1/REEP6/UBE2B",28
"GO:0015908","fatty acid transport","11/720","120/18986",0.0916666666666667,2.41719907407407,3.09194236699689,0.00593421413401408,0.0420947955120915,0.03183467711705,"PLA2G2A/SLC22A1/SLC22A7/ANXA1/FABP1/CYP4A11/CROT/CPT1A/IRS2/RBP5/ABCD3",11
"GO:0032355","response to estradiol","11/720","120/18986",0.0916666666666667,2.41719907407407,3.09194236699689,0.00593421413401408,0.0420947955120915,0.03183467711705,"CRHBP/GHR/HPGD/AREG/TXNIP/EGFR/SLC6A1/MMP15/F7/ERRFI1/CALR",11
"GO:0044344","cellular response to fibroblast growth factor stimulus","11/720","120/18986",0.0916666666666667,2.41719907407407,3.09194236699689,0.00593421413401408,0.0420947955120915,0.03183467711705,"CXCL8/CCL2/NR4A1/FGF21/ZFP36/CPS1/CCL5/ZFP36L2/CEP57/ITGB1/ZFP36L1",11
"GO:0071692","protein localization to extracellular region","25/720","382/18986",0.0654450261780105,1.72574898196626,2.84488538139396,0.00595429501075373,0.0421783324401927,0.0318978528873822,"IGF1/AFM/NR0B2/ANG/SRI/RAB11FIP1/EGFR/CCL5/MIDN/IL1RN/OLFM2/GPLD1/CPT1A/LRP5/SEC24A/PDIA4/TMED10/F2/GNAS/IRS2/SEL1L/ARF6/BSG/GOLPH3/DYNLL1",25
"GO:0042119","neutrophil activation","6/720","44/18986",0.136363636363636,3.59583333333333,3.42247314731851,0.00602100855334301,0.0425915075799849,0.0322103213768489,"PLA2G2A/CXCL8/DNASE1L3/ANXA1/CCL5/KMT2E",6
"GO:0010232","vascular transport","9/720","88/18986",0.102272727272727,2.696875,3.16762007968926,0.00610881659310297,0.0427999517083196,0.0323679596654248,"SLC22A1/AVPR1A/SLC2A3/SLC7A2/SLC6A1/INSR/ATP2B4/SLC29A1/SLC38A3",9
"GO:0150104","transport across blood-brain barrier","9/720","88/18986",0.102272727272727,2.696875,3.16762007968926,0.00610881659310297,0.0427999517083196,0.0323679596654248,"SLC22A1/AVPR1A/SLC2A3/SLC7A2/SLC6A1/INSR/ATP2B4/SLC29A1/SLC38A3",9
"GO:0031998","regulation of fatty acid beta-oxidation","4/720","20/18986",0.2,5.27388888888889,3.79664660342848,0.00611769991520235,0.0427999517083196,0.0323679596654248,"FABP1/CPT1A/LONP2/IRS2",4
"GO:0043651","linoleic acid metabolic process","4/720","20/18986",0.2,5.27388888888889,3.79664660342848,0.00611769991520235,0.0427999517083196,0.0323679596654248,"CYP4A22/CYP4A11/GSTP1/ELOVL2",4
"GO:0070875","positive regulation of glycogen metabolic process","4/720","20/18986",0.2,5.27388888888889,3.79664660342848,0.00611769991520235,0.0427999517083196,0.0323679596654248,"IGF1/PPP1R3B/INSR/IRS2",4
"GO:0072376","protein activation cascade","4/720","20/18986",0.2,5.27388888888889,3.79664660342848,0.00611769991520235,0.0427999517083196,0.0323679596654248,"KLKB1/PRCP/F13B/F12",4
"GO:1902236","negative regulation of endoplasmic reticulum stress-induced intrinsic apoptotic signaling pathway","4/720","20/18986",0.2,5.27388888888889,3.79664660342848,0.00611769991520235,0.0427999517083196,0.0323679596654248,"HYOU1/HERPUD1/HSPA1A/TMBIM6",4
"GO:0001701","in utero embryonic development","26/720","403/18986",0.0645161290322581,1.70125448028674,2.825010594576,0.00611789032097657,0.0427999517083196,0.0323679596654248,"IGF1/KLF4/CDKN1A/KLF2/SOCS3/HSD17B2/JUNB/EGFR/FURIN/EPAS1/C6/MAFF/RDH10/SKIL/CITED2/SMIM14/DNAJB6/VEGFA/EGLN1/SBDS/MYH9/ITGB1/PLG/RTN4/ZFP36L1/UBE2B",26
"GO:0007015","actin filament organization","29/720","465/18986",0.0623655913978495,1.64454599761051,2.79381727770484,0.00625705219716124,0.0437132986373892,0.0330586888690963,"RGCC/ANG/RND3/VIL1/TPM4/TMSB4X/SORBS3/NEDD9/COTL1/LCP1/SYNPO/RND1/SERPINF2/RHOU/F11R/SDC4/TRIOBP/EZR/CFL2/APOA1/RHOB/ARF6/ESPN/MYO1B/PROX1/PFN1/HSP90B1/MSRB2/ARF1",29
"GO:0009308","amine metabolic process","11/720","121/18986",0.0909090909090909,2.39722222222222,3.06111458761157,0.00631088293882556,0.0439684148783197,0.0332516234838993,"TDO2/NR4A2/GCH1/EPAS1/ATP2B4/ACMSD/SAT2/SAT1/OAZ1/HAAO/MAOB",11
"GO:0034341","response to type II interferon","11/720","121/18986",0.0909090909090909,2.39722222222222,3.06111458761157,0.00631088293882556,0.0439684148783197,0.0332516234838993,"CCL2/CXCL16/CCL5/GCH1/HPX/CLDN1/VIM/STAT1/IFITM2/IFITM3/CALM1",11
"GO:0048638","regulation of developmental growth","22/720","325/18986",0.0676923076923077,1.78500854700855,2.83399077107082,0.00651461049690407,0.0452461617317131,0.0342179343548815,"GHR/IGF1/CDKN1A/CXCR4/RGS2/CDH1/VIL1/DUSP6/INSR/GAMT/FOSL2/CITED2/APP/IFRD1/EZR/GNAS/RAB21/VEGFA/PTEN/PROX1/EIF4G2/RTN4",22
"GO:0015914","phospholipid transport","10/720","105/18986",0.0952380952380952,2.51137566137566,3.08321918688899,0.00653882313665631,0.0452461617317131,0.0342179343548815,"GLTPD2/APOC3/APOC2/ABCB4/PLSCR1/APOA1/PRAP1/APOA5/SCARB2/SCP2",10
"GO:0032637","interleukin-8 production","10/720","105/18986",0.0952380952380952,2.51137566137566,3.08321918688899,0.00653882313665631,0.0452461617317131,0.0342179343548815,"CRP/KLF4/SERPINE1/ANXA1/PTPRC/CD14/HSPA1B/ANXA4/HSPA1A/RAB1A",10
"GO:0032677","regulation of interleukin-8 production","10/720","105/18986",0.0952380952380952,2.51137566137566,3.08321918688899,0.00653882313665631,0.0452461617317131,0.0342179343548815,"CRP/KLF4/SERPINE1/ANXA1/PTPRC/CD14/HSPA1B/ANXA4/HSPA1A/RAB1A",10
"GO:2000060","positive regulation of ubiquitin-dependent protein catabolic process","10/720","105/18986",0.0952380952380952,2.51137566137566,3.08321918688899,0.00653882313665631,0.0452461617317131,0.0342179343548815,"HAMP/CLU/PLK3/ZFAND2A/HERPUD1/HSPA1B/HECTD1/GABARAP/HSPA1A/PTEN",10
"GO:0033077","T cell differentiation in thymus","9/720","89/18986",0.101123595505618,2.66657303370787,3.12876355715956,0.00657399312886851,0.0454276341517322,0.0343551749763569,"VNN1/CLEC4G/IL7R/MAFB/IL2RG/PTPRC/ZFP36L2/B2M/ZFP36L1",9
"GO:0051051","negative regulation of transport","29/720","467/18986",0.0620985010706638,1.63750297406614,2.76937464631033,0.00662752295888507,0.0457353112882843,0.0345878593778198,"HAMP/SPINK1/CRHBP/ANXA1/LGALS3/SRI/RAB11FIP1/NFKB1/RGS2/MIDN/APOC3/APOC2/PLSCR1/IRS2/CRY2/HLA-F/CEACAM1/INSIG1/ARF6/OAZ1/PTEN/MAOB/TMBIM6/AGT/RAP1A/VAMP8/YWHAE/CALM2/CALM1",29
"GO:0002710","negative regulation of T cell mediated immunity","5/720","32/18986",0.15625,4.12022569444444,3.50719878627602,0.00665747841276729,0.0457555248422802,0.0346031461123679,"CLEC4G/IL7R/PTPRC/HLA-F/CEACAM1",5
"GO:0010644","cell communication by electrical coupling","5/720","32/18986",0.15625,4.12022569444444,3.50719878627602,0.00665747841276729,0.0457555248422802,0.0346031461123679,"SRI/ATP1B1/ATP1A1/CALM2/CALM1",5
"GO:1903318","negative regulation of protein maturation","5/720","32/18986",0.15625,4.12022569444444,3.50719878627602,0.00665747841276729,0.0457555248422802,0.0346031461123679,"SERPINE1/FURIN/SERPINF2/CPB2/CTSZ",5
"GO:0039531","regulation of cytoplasmic pattern recognition receptor signaling pathway","11/720","122/18986",0.0901639344262295,2.37757285974499,3.03059164571807,0.00670605425194369,0.0458785128450984,0.0346961572153167,"PELI1/IFI16/ZC3HAV1/SMPDL3A/NEK7/HSPA1B/LAMP2/TNFAIP3/HSPA1A/LYPLAL1/RTN4",11
"GO:0045582","positive regulation of T cell differentiation","11/720","122/18986",0.0901639344262295,2.37757285974499,3.03059164571807,0.00670605425194369,0.0458785128450984,0.0346961572153167,"VNN1/ZBTB16/ANXA1/IL7R/IL2RG/PTPRC/NFKBIZ/PCK1/CD46/FOXO3/BRD2",11
"GO:0010463","mesenchymal cell proliferation","6/720","45/18986",0.133333333333333,3.51592592592593,3.35469064482911,0.00672957118913138,0.0458785128450984,0.0346961572153167,"GPC3/ARHGAP5/LRP5/NFIB/IRS2/STAT1",6
"GO:0071548","response to dexamethasone","6/720","45/18986",0.133333333333333,3.51592592592593,3.35469064482911,0.00672957118913138,0.0458785128450984,0.0346961572153167,"EGFR/CPS1/TAT/CLDN1/PCK1/FOXO3",6
"GO:0090114","COPII-coated vesicle budding","6/720","45/18986",0.133333333333333,3.51592592592593,3.35469064482911,0.00672957118913138,0.0458785128450984,0.0346961572153167,"CIDEB/SEC23A/SEC24A/TMED10/INSIG1/RAB1A",6
"GO:2001239","regulation of extrinsic apoptotic signaling pathway in absence of ligand","6/720","45/18986",0.133333333333333,3.51592592592593,3.35469064482911,0.00672957118913138,0.0458785128450984,0.0346961572153167,"KLF4/IFI6/PPP2R1B/MCL1/HSPA1B/HSPA1A",6
"GO:0044843","cell cycle G1/S phase transition","20/720","287/18986",0.0696864111498258,1.83759194734804,2.83866454351368,0.00678080974612533,0.046165861528915,0.0349134679887277,"CCL2/KLF4/CDKN1A/ANXA1/RGCC/TM4SF5/EGFR/ID2/TMSB4X/PLK3/RHOU/ATP2B4/KLF11/PPP2R5C/PRAP1/KMT2E/PTEN/CDK2AP2/ITGB1/PSME1",20
"GO:0072527","pyrimidine-containing compound metabolic process","8/720","74/18986",0.108108108108108,2.85075075075075,3.16697683551487,0.00684000143381755,0.046506515772904,0.0351710917099982,"DPYD/CPS1/ENTPD5/TYMP/NTHL1/CMPK1/ALDH6A1/NME4",8
"GO:0046849","bone remodeling","9/720","90/18986",0.1,2.63694444444444,3.0904382985834,0.00706588212991152,0.047463795829732,0.03589504585086,"HAMP/PDK4/EGFR/LGR4/LTBP3/SPP2/LRP5/TNFAIP3/TPP1",9
"GO:0032388","positive regulation of intracellular transport","12/720","140/18986",0.0857142857142857,2.2602380952381,2.97137079424967,0.00706667901631876,0.047463795829732,0.03589504585086,"CDH1/PLK3/VAMP2/PCM1/EZR/RAB21/PPM1A/OAZ1/BAG3/HSP90AA1/YWHAE/SCP2",12
"GO:0001794","type IIa hypersensitivity","3/720","11/18986",0.272727272727273,7.19166666666667,4.0781466628624,0.00713310753069322,0.047463795829732,0.03589504585086,"IGHG1/C3/HLA-E",3
"GO:0002445","type II hypersensitivity","3/720","11/18986",0.272727272727273,7.19166666666667,4.0781466628624,0.00713310753069322,0.047463795829732,0.03589504585086,"IGHG1/C3/HLA-E",3
"GO:0002924","negative regulation of humoral immune response mediated by circulating immunoglobulin","3/720","11/18986",0.272727272727273,7.19166666666667,4.0781466628624,0.00713310753069322,0.047463795829732,0.03589504585086,"C4BPA/CD46/C4BPB",3
"GO:0010248","establishment or maintenance of transmembrane electrochemical gradient","3/720","11/18986",0.272727272727273,7.19166666666667,4.0781466628624,0.00713310753069322,0.047463795829732,0.03589504585086,"SLC22A1/ATP1B1/ATP1A1",3
"GO:0032000","positive regulation of fatty acid beta-oxidation","3/720","11/18986",0.272727272727273,7.19166666666667,4.0781466628624,0.00713310753069322,0.047463795829732,0.03589504585086,"FABP1/CPT1A/IRS2",3
"GO:0033089","positive regulation of T cell differentiation in thymus","3/720","11/18986",0.272727272727273,7.19166666666667,4.0781466628624,0.00713310753069322,0.047463795829732,0.03589504585086,"VNN1/IL7R/IL2RG",3
"GO:0034115","negative regulation of heterotypic cell-cell adhesion","3/720","11/18986",0.272727272727273,7.19166666666667,4.0781466628624,0.00713310753069322,0.047463795829732,0.03589504585086,"KLF4/IL1RN/APOA1",3
"GO:0070587","regulation of cell-cell adhesion involved in gastrulation","3/720","11/18986",0.272727272727273,7.19166666666667,4.0781466628624,0.00713310753069322,0.047463795829732,0.03589504585086,"KLF4/IL1RN/APOA1",3
"GO:0090557","establishment of endothelial intestinal barrier","3/720","11/18986",0.272727272727273,7.19166666666667,4.0781466628624,0.00713310753069322,0.047463795829732,0.03589504585086,"F11R/CLDN1/RAP2C",3
"GO:1901844","regulation of cell communication by electrical coupling involved in cardiac conduction","3/720","11/18986",0.272727272727273,7.19166666666667,4.0781466628624,0.00713310753069322,0.047463795829732,0.03589504585086,"SRI/CALM2/CALM1",3
"GO:1903276","regulation of sodium ion export across plasma membrane","3/720","11/18986",0.272727272727273,7.19166666666667,4.0781466628624,0.00713310753069322,0.047463795829732,0.03589504585086,"FXYD5/FXYD1/ATP1B1",3
"GO:1903278","positive regulation of sodium ion export across plasma membrane","3/720","11/18986",0.272727272727273,7.19166666666667,4.0781466628624,0.00713310753069322,0.047463795829732,0.03589504585086,"FXYD5/FXYD1/ATP1B1",3
"GO:1990034","calcium ion export across plasma membrane","3/720","11/18986",0.272727272727273,7.19166666666667,4.0781466628624,0.00713310753069322,0.047463795829732,0.03589504585086,"YWHAE/CALM2/CALM1",3
"GO:2000347","positive regulation of hepatocyte proliferation","3/720","11/18986",0.272727272727273,7.19166666666667,4.0781466628624,0.00713310753069322,0.047463795829732,0.03589504585086,"HPN/TNFAIP3/RTN4",3
"GO:0001558","regulation of cell growth","26/720","408/18986",0.0637254901960784,1.68040577342048,2.75834392033887,0.00713966135339934,0.047463795829732,0.03589504585086,"AVPR1A/IGF1/CDKN1A/CXCL16/EGFR/CXCR4/FBP1/RGS2/CDH1/TSPYL2/IGFBP7/SGK1/SERTAD2/IFRD1/F2/RAB21/HSPA1B/HRG/BTG1/HPN/CEACAM1/VEGFA/HSPA1A/AGT/EIF4G2/RTN4",26
"GO:0002396","MHC protein complex assembly","4/720","21/18986",0.19047619047619,5.02275132275132,3.66189791011742,0.00733393178084445,0.0480632767934309,0.0363484102795265,"TAPBP/HLA-A/B2M/CALR",4
"GO:0002501","peptide antigen assembly with MHC protein complex","4/720","21/18986",0.19047619047619,5.02275132275132,3.66189791011742,0.00733393178084445,0.0480632767934309,0.0363484102795265,"TAPBP/HLA-A/B2M/CALR",4
"GO:0002544","chronic inflammatory response","4/720","21/18986",0.19047619047619,5.02275132275132,3.66189791011742,0.00733393178084445,0.0480632767934309,0.0363484102795265,"VNN1/CCL5/NFKBIZ/TNFAIP3",4
"GO:0006244","pyrimidine nucleotide catabolic process","4/720","21/18986",0.19047619047619,5.02275132275132,3.66189791011742,0.00733393178084445,0.0480632767934309,0.0363484102795265,"DPYD/ENTPD5/TYMP/NTHL1",4
"GO:0006977","DNA damage response, signal transduction by p53 class mediator resulting in cell cycle arrest","4/720","21/18986",0.19047619047619,5.02275132275132,3.66189791011742,0.00733393178084445,0.0480632767934309,0.0363484102795265,"CDKN1A/PLK3/PPP2R5C/PRAP1",4
"GO:0031954","positive regulation of protein autophosphorylation","4/720","21/18986",0.19047619047619,5.02275132275132,3.66189791011742,0.00733393178084445,0.0480632767934309,0.0363484102795265,"RAP2C/VEGFA/CALM2/CALM1",4
"GO:0052695","cellular glucuronidation","4/720","21/18986",0.19047619047619,5.02275132275132,3.66189791011742,0.00733393178084445,0.0480632767934309,0.0363484102795265,"UGT2A3/UGT2B15/UGT2B10/UGT2B7",4
"GO:0055070","copper ion homeostasis","4/720","21/18986",0.19047619047619,5.02275132275132,3.66189791011742,0.00733393178084445,0.0480632767934309,0.0363484102795265,"MT2A/APP/CP/ARF1",4
"GO:0097501","stress response to metal ion","4/720","21/18986",0.19047619047619,5.02275132275132,3.66189791011742,0.00733393178084445,0.0480632767934309,0.0363484102795265,"MT1F/MT1E/SLC30A10/MT2A",4
"GO:0098760","response to interleukin-7","4/720","21/18986",0.19047619047619,5.02275132275132,3.66189791011742,0.00733393178084445,0.0480632767934309,0.0363484102795265,"IL7R/IL2RG/FOSL2/STAT1",4
"GO:2000047","regulation of cell-cell adhesion mediated by cadherin","4/720","21/18986",0.19047619047619,5.02275132275132,3.66189791011742,0.00733393178084445,0.0480632767934309,0.0363484102795265,"RGCC/SERPINF2/VEGFA/PLG",4
"GO:0046324","regulation of D-glucose import","7/720","60/18986",0.116666666666667,3.07643518518518,3.19826473176287,0.00739234359176352,0.0483084749695734,0.0365338442428521,"GPC3/IGF1/FGF21/INSR/OPN3/PRKAG2/IRS2",7
"GO:1901616","organic hydroxy compound catabolic process","7/720","60/18986",0.116666666666667,3.07643518518518,3.19826473176287,0.00739234359176352,0.0483084749695734,0.0365338442428521,"CYP4A11/CYP3A4/GK/HSD17B6/MAOB/HAO1/SULT2A1",7
"GO:0015833","peptide transport","19/720","270/18986",0.0703703703703704,1.85562757201646,2.81131789529614,0.00740667773558111,0.0483084749695734,0.0365338442428521,"SPINK1/CRHBP/NR0B2/SRI/EGFR/CCL5/CPE/MIDN/IL1RN/GPLD1/KISS1/CPT1A/LRP5/TFR2/F2/GNAS/IRS2/DYNLL1/RAB1A",19
"GO:0002711","positive regulation of T cell mediated immunity","8/720","75/18986",0.106666666666667,2.81274074074074,3.12290592859946,0.00740939200655596,0.0483084749695734,0.0365338442428521,"PTPRC/CD7/HLA-B/HLA-C/HLA-F/HLA-E/HLA-A/B2M",8
"GO:1901342","regulation of vasculature development","24/720","369/18986",0.0650406504065041,1.71508581752484,2.75401512242025,0.00748226116670012,0.0485657052499676,0.0367283776245079,"CXCL8/CXCL10/KLF4/KLF2/SERPINE1/C3/RGCC/LRG1/CXCR4/FYN/ATP2B4/PDE3B/DDAH1/HRG/BTG1/RHOB/CEACAM1/TNFAIP3/VEGFA/STAT1/EGLN1/GTF2I/ITGB1/RTN4",24
"GO:0001504","neurotransmitter uptake","6/720","46/18986",0.130434782608696,3.43949275362319,3.28880620537702,0.00749665542744134,0.0485657052499676,0.0367283776245079,"SLC22A1/CLN8/SLC6A1/APP/SLC29A1/ITGB1",6
"GO:0005978","glycogen biosynthetic process","6/720","46/18986",0.130434782608696,3.43949275362319,3.28880620537702,0.00749665542744134,0.0485657052499676,0.0367283776245079,"IGF1/PPP1R3B/INSR/IRS2/UGP2/ACADM",6
"GO:0009225","nucleotide-sugar metabolic process","6/720","46/18986",0.130434782608696,3.43949275362319,3.28880620537702,0.00749665542744134,0.0485657052499676,0.0367283776245079,"GNE/GFPT1/ENTPD5/UGP2/UAP1/GUK1",6
"GO:0009250","glucan biosynthetic process","6/720","46/18986",0.130434782608696,3.43949275362319,3.28880620537702,0.00749665542744134,0.0485657052499676,0.0367283776245079,"IGF1/PPP1R3B/INSR/IRS2/UGP2/ACADM",6
"GO:0030099","myeloid cell differentiation","28/720","451/18986",0.0620842572062084,1.63712737127371,2.71874240469787,0.00757115468583059,0.0489025815652633,0.036983144243406,"GPC3/KLF2/FOS/ZBTB16/MAFB/JUNB/ZFP36/ID2/TPM4/EPAS1/NEDD9/IFI16/MAF/FOSL2/CITED2/APP/HSPA1B/NFKBIA/CEACAM1/FOXO3/VEGFA/KMT2E/STAT1/KLF10/HSPA1A/MYH9/B2M/ZFP36L1",28
"GO:0061448","connective tissue development","20/720","290/18986",0.0689655172413793,1.81858237547893,2.78892516715584,0.00757214034846385,0.0489025815652633,0.036983144243406,"GHR/CRIP1/EGR1/ZBTB16/LTBP3/MAF/GPLD1/TIMP1/HMGCS2/ACAT1/SERPINH1/SLC39A14/LRP5/FOSL2/PPARGC1A/NFIB/NFIA/DGAT2/UBB/ERRFI1",20
"GO:0002363","alpha-beta T cell lineage commitment","5/720","33/18986",0.151515151515152,3.99537037037037,3.41915146827526,0.00760642635096634,0.0489025815652633,0.036983144243406,"SOCS3/CD69/STAT6/CTSL/BRD2",5
"GO:0010464","regulation of mesenchymal cell proliferation","5/720","33/18986",0.151515151515152,3.99537037037037,3.41915146827526,0.00760642635096634,0.0489025815652633,0.036983144243406,"ARHGAP5/LRP5/NFIB/IRS2/STAT1",5
"GO:0010743","regulation of macrophage derived foam cell differentiation","5/720","33/18986",0.151515151515152,3.99537037037037,3.41915146827526,0.00760642635096634,0.0489025815652633,0.036983144243406,"PLA2G2A/CRP/NFKB1/NFKBIA/AGT",5
"GO:0031952","regulation of protein autophosphorylation","5/720","33/18986",0.151515151515152,3.99537037037037,3.41915146827526,0.00760642635096634,0.0489025815652633,0.036983144243406,"RAP2C/VEGFA/ERRFI1/CALM2/CALM1",5
