"p_val","avg_log2FC","pct.1","pct.2","p_val_adj","gene"
0,-14.7482863286336,0,0.654,0,"HAMP"
0,-9.57865269947932,0.021,0.839,0,"SLPI"
1.51250576519422e-293,-8.7915827348775,0.007,0.668,3.13103818452856e-289,"IGHG3"
2.04670728599958e-289,-11.3124903557718,0,0.607,4.23688875274773e-285,"FCN3"
7.35037726273831e-287,-8.58077512331887,0.021,0.749,1.52160159715946e-282,"GPC3"
2.64608910108838e-283,-10.316793509209,0.058,0.9,5.47766904816306e-279,"SPINK1"
2.47491540202493e-282,-13.4655305353632,0,0.588,5.12332237373181e-278,"PLA2G2A"
1.30329344260508e-264,-8.99026469940258,0.009,0.626,2.69794775553678e-260,"SLC22A1"
4.08751800040256e-261,-7.82453655664304,0.021,0.697,8.46157101263335e-257,"SERPINA7"
1.07489735320397e-235,-9.06377292073814,0.003,0.526,2.22514501086753e-231,"VNN1"
9.87172756922644e-230,-7.21017507044379,0.067,0.82,2.04354632410557e-225,"TDO2"
9.77552682847584e-219,-9.47806147382613,0.001,0.474,2.02363180876278e-214,"IGHG1"
7.29164883777501e-217,-7.25481887651094,0.016,0.583,1.5094442259078e-212,"LCAT"
1.4386636886423e-216,-9.47340127261569,0.002,0.474,2.97817770185843e-212,"IGHA1"
4.37419891665035e-200,-9.87457343437425,0.001,0.431,9.05502917735789e-196,"IGLC3"
9.83843693762798e-186,-7.39754132034565,0.032,0.597,2.03665483045837e-181,"CYP3A7"
2.91077701412962e-175,-6.03969529109257,0.024,0.54,6.02559949694972e-171,"IGF1"
1.14140131563001e-170,-7.07653155221212,0.013,0.469,2.36281486348569e-166,"HAL"
9.26619180120538e-166,-8.35026754032875,0.003,0.379,1.91819436476752e-161,"IGHG4"
1.00167042456983e-163,-7.32497357988015,0.007,0.408,2.073557945902e-159,"IGLC2"
8.90785704662501e-145,-7.88349394743059,0.002,0.327,1.84401548722184e-140,"ASPG"
5.08197785453233e-144,-6.12347951683171,0.016,0.431,1.05202023566674e-139,"HAO2"
3.19716694681271e-143,-8.39649414958813,0.003,0.336,6.61845529659699e-139,"ANXA10"
1.22835220505979e-126,4.33071359850853,1,0.616,2.54281189969428e-122,"GGH"
1.54098392391758e-126,4.45662097082691,1,0.559,3.18999082090178e-122,"AKR1C2"
2.51271874356284e-126,4.31587688306574,1,0.517,5.20157907104944e-122,"AKR1C1"
4.44687291098069e-126,-5.20299928057053,0.125,0.711,9.20547161302112e-122,"PGLYRP2"
1.30012332492656e-125,2.07485981109826,1,0.991,2.69138529493046e-121,"RPL8"
6.09090715675547e-125,3.42358404924765,1,0.801,1.26087869051995e-120,"SQSTM1"
2.01049218890117e-124,4.4250316544822,0.998,0.294,4.16191988024431e-120,"NME1"
2.76244561951723e-124,3.12768886401543,1,0.863,5.71853867696261e-120,"GLUL"
8.77085275434825e-123,2.34599127138026,1,0.995,1.81565422867763e-118,"RPL19"
1.2860963436951e-122,-5.08887916569956,0.098,0.649,2.66234804108323e-118,"SLC9A3R2"
1.54255256867883e-122,3.41663196481935,0.997,0.517,3.19323807242204e-118,"ATP5G1"
4.25185374411183e-122,2.36233645330153,1,0.962,8.8017624356859e-118,"GAPDH"
2.19092399452646e-121,3.78362600606252,0.994,0.408,4.53543176106923e-117,"TKT"
6.17874581365933e-121,4.06804987761915,0.992,0.322,1.27906217088562e-116,"STRA13"
9.87854365298762e-121,2.93747588499817,0.999,0.716,2.04495732160497e-116,"ENO1"
1.34482361519616e-120,3.34248734033742,0.999,0.545,2.78391936581758e-116,"CBR1"
1.5048592110321e-120,3.46935636607958,0.994,0.45,3.11520905275756e-116,"PHB"
1.93156806485469e-120,4.61132546393997,1,0.171,3.99853905105569e-116,"SPP1"
2.43320589695032e-120,3.2733968069805,0.997,0.555,5.03697952727686e-116,"SNHG25"
3.72883884357806e-120,1.80755816773188,1,0.995,7.71906929009094e-116,"RPL30"
8.56220309911298e-120,2.72512835325123,0.998,0.825,1.77246166354738e-115,"NPM1"
1.98225637281863e-119,1.91365976774686,1,0.976,4.10346891737185e-115,"RPL38"
3.22229029965887e-119,2.1325309731453,1,0.986,6.67046314932384e-115,"RPL7"
5.40389227116623e-119,7.92811348363409,0.969,0.019,1.11865973905412e-114,"CHI3L1"
1.13989236339058e-118,2.14828935127964,1,0.943,2.35969118145483e-114,"RPL27"
1.32069345561615e-117,2.13781136189754,1,0.915,2.73396752247099e-113,"RPL23"
3.21037162118274e-117,1.56785570460625,1,1,6.64579029301039e-113,"RPS14"
1.51598589160888e-116,3.65066087530707,0.99,0.37,3.13824239421954e-112,"AKR1C4"
5.87822324317299e-116,2.1215438196223,1,0.967,1.21685099356924e-111,"RPL23A"
4.02861568489436e-114,2.18795317136564,1,0.915,8.33963732929982e-110,"CES1"
1.57533809474356e-113,2.01794434184014,1,0.957,3.26110738992864e-109,"EIF1"
1.87428718982347e-113,-4.96824577241962,0.143,0.706,3.87996191165356e-109,"CYP2C8"
2.08608742132302e-113,2.51244909029144,0.997,0.64,4.31840957088078e-109,"PSMB3"
3.14075582922402e-113,-2.79416864121546,0.964,0.995,6.50167864207665e-109,"TMSB4X"
5.56729743759156e-113,2.47345463840957,0.995,0.673,1.15248624255583e-108,"ANAPC11"
2.34834590826812e-111,1.73956069334527,1,0.938,4.86131086470583e-107,"COX6C"
2.65913776091373e-110,2.84279388558748,0.984,0.531,5.50468107886752e-106,"EIF3H"
4.00375751582558e-110,-2.70073516933956,0.982,0.986,8.28817843351054e-106,"CLU"
1.26297661416983e-109,2.98885234252409,0.994,0.474,2.61448788899296e-105,"PTGR1"
1.74930547329135e-109,-5.27318174358204,0.098,0.611,3.62123726026043e-105,"GNMT"
2.01424852600148e-109,1.62513702112894,1,0.929,4.16969587367567e-105,"EEF1D"
2.61044360707625e-109,1.5413560512319,1,0.986,5.40387931100854e-105,"RPS23"
1.56567874474689e-108,-4.04966006632509,0.628,0.953,3.24111156950054e-104,"AGXT"
2.04828633586008e-108,-4.96613123154903,0.445,0.915,4.24015754386396e-104,"IFI27"
2.23907088304133e-108,-5.64254096068806,0.02,0.37,4.63510063498386e-104,"EMP1"
2.30151677267676e-108,3.51132564804468,0.975,0.299,4.76436987111817e-104,"ALDH1L1"
5.96354999972653e-108,3.25891340990186,0.996,0.299,1.23451448544339e-103,"ADH4"
8.22138249442899e-108,9.61430161792245,0.918,0,1.70190839017175e-103,"ALDH3A1"
2.75258912144262e-107,1.48859715141981,1,0.957,5.69813474029836e-103,"RPL29"
6.23698530999968e-107,-4.49920637544219,0.684,0.957,1.29111832902303e-102,"C3"
7.3142444813376e-106,-7.7965624187268,0.005,0.27,1.5141217500817e-101,"CRHBP"
2.72147743845063e-105,-7.83749616863206,0.004,0.261,5.63373044533664e-101,"MUC13"
4.04327646633049e-105,2.26218843011593,0.993,0.744,8.36998661295076e-101,"EIF3E"
6.28219267051756e-105,2.82122453689626,0.998,0.55,1.30047670472384e-100,"ADH1B"
1.77073908736628e-104,1.49489265889022,1,0.953,3.66560698475694e-100,"UQCRB"
2.94020694842313e-104,2.97393071698239,0.963,0.408,6.08652240393071e-100,"MRPL12"
3.19251133096788e-104,1.54223264470129,1,1,6.6088177062366e-100,"RPL18A"
4.29562048445838e-104,-6.39615533775026,0.042,0.45,8.89236396487729e-100,"CCL25"
5.98607461717663e-103,1.54068523061715,1,0.962,1.23917730650173e-98,"RPS17"
1.06931556363771e-102,2.42439142810995,0.996,0.531,2.21359014828641e-98,"ANXA2"
4.55410451397733e-102,-7.33316651361135,0.005,0.265,9.42745175438447e-98,"SGCE"
5.50207412235926e-102,4.39414114297165,0.931,0.104,1.13898436406959e-97,"LGALS3BP"
8.14086249233153e-102,-6.00839100655071,0.024,0.374,1.68523994453755e-97,"HPGD"
3.54310658521727e-101,1.31887882100355,1,0.986,7.33458494205828e-97,"RPL35A"
5.24029697003015e-100,2.28797317842725,0.999,0.607,1.08479387576594e-95,"GPX2"
6.37948248547027e-100,2.54030778884853,0.976,0.507,1.3206166693172e-95,"NHP2"
9.51185452534367e-100,1.82746089418696,0.995,0.773,1.96904900529139e-95,"PSMA7"
9.82990930728975e-100,1.29851677629367,1,0.991,2.03488952570205e-95,"UBA52"
4.15688202897891e-99,-4.49164954427604,0.141,0.664,8.60516148818925e-95,"SERPINA11"
8.09697468661884e-99,-3.03484286629264,1,1,1.67615472987697e-94,"ALB"
1.13543842141634e-98,4.43046008443656,0.941,0.209,2.35047107617396e-94,"BHMT"
2.65984078478496e-98,-6.25729470885511,0.066,0.507,5.50613640858335e-94,"NPW"
3.12802069807379e-98,1.13944533152423,1,0.995,6.47531564708256e-94,"RPLP1"
1.24080679826565e-97,-4.1447064019092,0.289,0.806,2.56859415308972e-93,"PON1"
6.49312739060575e-97,-4.41781912548103,0.531,0.915,1.3441423011293e-92,"FOS"
1.0672761152002e-96,-4.12260456135387,0.186,0.725,2.20936828607594e-92,"NR0B2"
3.14414610958863e-96,1.94854042257591,0.984,0.777,6.50869686145943e-92,"NDUFB9"
1.30748513292792e-95,2.67271906127763,0.946,0.408,2.70662497367408e-91,"PUF60"
1.39323695543525e-95,-4.71113367971271,0.095,0.569,2.88413982144651e-91,"APOF"
1.72202695744634e-95,2.38244120324338,0.969,0.517,3.56476800460967e-91,"COA3"
1.0008887249873e-94,-4.29432210603286,0.282,0.796,2.07193974959621e-90,"RNASE4"
1.01262656112469e-94,-3.76158417489759,0.642,0.934,2.09623824418422e-90,"ANG"
1.52920016310527e-94,1.38652404831718,1,0.986,3.16559725764421e-90,"RPS2"
1.68891008104525e-93,-4.63694535629316,0.112,0.597,3.49621275877177e-89,"CDKN1A"
3.1303176477045e-93,2.81126025689891,0.945,0.365,6.48007056251309e-89,"C17orf89"
1.13896803091284e-92,1.65062527563424,0.997,0.863,2.35777772079268e-88,"RPSA"
2.7026872819969e-91,1.99629347492934,0.982,0.673,5.59483294246179e-87,"ATP5H"
3.26911327886238e-91,1.31560320124657,1,1,6.767391398573e-87,"FTL"
5.11166130472355e-91,1.3176135470989,1,0.991,1.05816500669082e-86,"RPL15"
9.21262400739333e-91,1.38176728975318,0.998,0.9,1.90710529577049e-86,"TPI1"
9.60697714174473e-91,-6.33565617973064,0.013,0.289,1.98874033811258e-86,"GPR88"
1.11903428473601e-90,1.5403236109013,0.998,0.867,2.31651287283201e-86,"RPL4"
1.13464690833354e-90,1.73584254653855,0.988,0.754,2.34883256494126e-86,"ENY2"
1.40816540227705e-90,1.92576713953195,0.975,0.649,2.91504319925372e-86,"CYC1"
1.50138754677654e-90,-4.00344794189491,0.461,0.863,3.10802236058212e-86,"C4BPA"
1.52955479443307e-90,-6.35642268676692,0.011,0.28,3.16633137995591e-86,"GHR"
1.86171618963137e-90,-3.46440886189625,0.79,0.929,3.8539386841559e-86,"A1BG"
3.21795778215786e-90,1.64499054489497,0.997,0.801,6.66149440484498e-86,"BTF3"
1.58202890292107e-88,2.6529739936976,0.945,0.389,3.27495803193691e-84,"RAB5C"
7.95710353218719e-88,1.63674012752626,0.988,0.796,1.64720000219807e-83,"C19orf53"
8.1860831323219e-88,-2.8391964456839,0.607,0.905,1.69460106922196e-83,"SARAF"
1.60736936180558e-87,2.44542731828222,0.936,0.436,3.32741531587372e-83,"MIEN1"
1.91237914250359e-87,-1.96283333789122,0.991,0.972,3.95881606289669e-83,"VTN"
2.23200476433173e-87,1.71326859733314,0.99,0.73,4.62047306264311e-83,"SPCS1"
4.19645546393625e-87,1.03665306012126,1,0.995,8.68708245589444e-83,"RPS18"
5.43545529560981e-87,1.50325018856833,0.995,0.839,1.12519360074419e-82,"PABPC1"
1.00556403564921e-86,-2.78518182077666,1,0.995,2.08161811019744e-82,"APOC3"
2.94678403656515e-86,2.0478805771161,0.972,0.569,6.10013763409351e-82,"TALDO1"
3.45386709899848e-86,2.12947218857071,0.962,0.569,7.14985028163676e-82,"TCEB1"
6.50089833829805e-86,-2.93804866444257,0.788,0.929,1.34575096501108e-81,"CFHR2"
6.75303693632661e-86,2.46377258817214,0.934,0.488,1.39794617618897e-81,"SLC9A3R1"
7.87724715738885e-86,-5.99604213131717,0.012,0.275,1.63066893405107e-81,"B3GNT5"
1.36737410626571e-85,1.97872133035889,0.964,0.536,2.83060113738065e-81,"PSMD4"
1.56050919713267e-85,2.99420701186168,0.9,0.275,3.23041008898434e-81,"MRPS7"
1.77264507669472e-85,2.56152445328029,0.926,0.346,3.66955257326575e-81,"PSMC5"
6.04927883401609e-85,2.50339443616427,0.943,0.365,1.25226121142967e-80,"KRT10"
7.11855762019733e-85,-2.52656133515791,0.885,0.938,1.47361261295705e-80,"CFHR1"
2.26218249082006e-84,1.27065334004142,0.999,0.943,4.6829439742466e-80,"GNB2L1"
2.79920657230284e-83,2.2182739851017,0.983,0.626,5.79463752532411e-79,"TUBB"
3.77295716293399e-83,1.28406707301677,1,0.967,7.81039862298966e-79,"RPL14"
1.23311133314063e-82,2.40401140547995,0.955,0.474,2.55266377073441e-78,"ADH1A"
4.30942638821728e-82,-6.91199846832589,0.025,0.327,8.92094356624858e-78,"S100P"
4.62090236197665e-82,-2.08976186031495,0.847,0.929,9.56572997952787e-78,"GAMT"
6.97888993181024e-82,2.18922587257599,0.949,0.512,1.44470000478404e-77,"TMEM14A"
1.51907513269151e-81,1.69139713237147,0.983,0.678,3.14463743218469e-77,"VDAC1"
2.39976737272745e-81,-2.13910986171877,0.929,0.929,4.96775843828309e-77,"APOC2"
2.4169186961311e-81,1.99546458698512,0.974,0.654,5.00326339286099e-77,"PPP1R16A"
2.93036629892184e-81,-3.19200365301288,0.621,0.886,6.0661512753981e-77,"CES2"
3.28404522784249e-81,3.24095571142051,0.885,0.218,6.79830202615675e-77,"CCL15"
5.13230433454113e-81,-3.48936519704233,0.539,0.877,1.06243832029336e-76,"ZFP36"
2.0225838667213e-80,2.76249117385089,0.903,0.28,4.18695086249976e-76,"CCT5"
3.2334658292891e-80,-2.73261042047592,0.856,0.929,6.69359761321136e-76,"CFB"
9.45276311955184e-80,2.4426975781769,0.919,0.403,1.95681649337843e-75,"CCDC124"
9.68011774205506e-80,-2.95570797647454,0.723,0.9,2.00388117378282e-75,"ALDOB"
7.73878860866346e-79,-4.45826208648307,0.123,0.569,1.60200662987942e-74,"ANPEP"
1.03843847588643e-78,-2.92605879963665,0.821,0.919,2.1496714889325e-74,"HPX"
4.96366168738582e-78,0.875386430188434,1,0.986,1.02752760590574e-73,"COX7C"
5.04047346776931e-78,-1.90280408466071,0.995,1,1.04342841256293e-73,"HLA-B"
7.82331296554619e-78,1.6346074103981,0.974,0.649,1.61950401699772e-73,"VPS28"
1.30725950117593e-77,0.998507474112198,1,0.972,2.70615789338428e-73,"RPS4X"
1.64557008312431e-77,-3.48329684654251,0.598,0.863,3.40649462907564e-73,"TM4SF5"
2.26219668972467e-77,3.04012043462175,0.854,0.213,4.68297336739903e-73,"EXOSC4"
2.37434449199196e-77,3.10178017076429,0.865,0.185,4.91513053287257e-73,"PGD"
3.46924587750191e-77,2.86380193522016,0.903,0.318,7.18168589101671e-73,"HN1"
3.76858107630368e-77,2.46182377741377,0.905,0.308,7.80133968605624e-73,"SNF8"
1.05621358817369e-76,1.18832891396969,1,0.981,2.18646774887835e-72,"CD74"
1.69139726946238e-76,-2.98778741935349,0.73,0.905,3.50136148751408e-72,"CFH"
2.22427488756458e-76,-4.80525085496419,0.145,0.592,4.60447144474744e-72,"SLC22A7"
2.45964312974074e-76,1.63180351668591,1,0.915,5.09170724287631e-72,"AHSG"
2.82376582424775e-76,-3.64567283568,0.3,0.754,5.84547763277526e-72,"IGKC"
3.96967950992596e-76,1.91064729846695,0.968,0.607,8.21763355349773e-72,"RAN"
4.29049162634749e-76,1.33393989253721,0.992,0.801,8.88174671570195e-72,"NDUFA2"
4.71247880131461e-76,1.98728002962422,1,0.664,9.75530236660137e-72,"CYP2E1"
4.73585293514173e-76,-2.95629501803772,0.693,0.905,9.80368916103689e-72,"ID2"
1.20965834873144e-75,-3.58414162269852,0.518,0.848,2.50411374770895e-71,"TXNIP"
1.3127251261838e-75,1.92915249140198,0.964,0.531,2.71747228371308e-71,"TUBA1B"
1.71168731090153e-75,1.26359207931208,0.993,0.829,3.54336390229725e-71,"CUTA"
1.91959938552844e-75,0.933581542512575,1,1,3.97376268798242e-71,"RPL32"
6.67395945696031e-75,1.16888034119171,1,0.938,1.38157634718535e-70,"PRDX1"
8.18693745320366e-75,-4.24843184160016,0.339,0.777,1.69477792218769e-70,"EGR1"
1.1403324508521e-74,1.11732959488032,1,0.981,2.36060220650893e-70,"RPL36A"
1.1807095946546e-74,-3.64997933612357,0.72,0.915,2.44418693189448e-70,"FABP1"
1.56259389179371e-74,2.16275743375161,0.938,0.436,3.23472561540216e-70,"C8orf59"
1.67213306921263e-74,1.82708109537323,0.95,0.559,3.46148266657706e-70,"CISD3"
1.71258054893739e-74,1.17821240589288,1,0.957,3.54521299435529e-70,"RPL5"
4.08288442474332e-74,-1.32469758470349,0.996,0.967,8.45197904766116e-70,"RARRES2"
5.68735039969254e-74,1.45433797934966,0.995,0.806,1.17733840624035e-69,"ALDH1A1"
9.71720813679334e-74,-2.82069067475197,0.618,0.872,2.01155925639759e-69,"SRGN"
3.84006879154875e-73,1.27528015593758,0.996,0.848,7.94932640538507e-69,"TMA7"
4.74217345594483e-73,1.16388258161495,1,0.919,9.81677327115139e-69,"RPS3A"
7.38798529233314e-73,2.37411001969097,0.914,0.374,1.52938683536588e-68,"OSGIN1"
1.00664111329274e-72,-4.32757772708597,0.13,0.559,2.08384776862729e-68,"TMEM220"
1.44179183459258e-72,2.27814984685832,0.926,0.341,2.9846532767901e-68,"ADIRF"
1.92185796323485e-72,-1.8044537203333,0.899,0.948,3.97843816969246e-68,"CTSD"
7.79278635418266e-72,2.11763284467974,0.913,0.403,1.61318470317935e-67,"MRPL27"
1.01822399127565e-71,2.00584468847665,0.949,0.687,2.10782548433972e-67,"MTDH"
1.24582379188526e-71,1.75126926798291,0.956,0.592,2.57897983158167e-67,"NOP10"
1.53797872787807e-71,2.6029280349987,0.86,0.299,3.18376976458039e-67,"PSMD3"
2.74682403511766e-71,1.69177823024525,0.96,0.607,5.68620043509708e-67,"SNHG8"
3.79711574741594e-71,-5.6576262829643,0.018,0.27,7.86040930872573e-67,"CCL2"
3.86653023961854e-71,2.92768731796124,0.863,0.218,8.00410424903433e-67,"SCD"
4.88342642322986e-71,1.37359999342065,0.987,0.749,1.01091810387281e-66,"NDUFS6"
5.12769949949671e-71,-2.6941957836585,0.998,0.986,1.06148507339081e-66,"TTR"
6.11975768548124e-71,1.35525849455701,0.982,0.739,1.26685103847147e-66,"PARK7"
7.76492372129348e-71,-1.35458172677988,1,0.981,1.60741685954496e-66,"AMBP"
8.64111898885254e-71,3.54327407461509,0.802,0.114,1.78879804188236e-66,"PYCARD"
2.1791043910717e-70,1.63506256307603,1,0.825,4.51096399995752e-66,"HULC"
4.11064707860544e-70,5.63746020009725,0.745,0.028,8.50945051742111e-66,"CYP17A1"
5.87718348331948e-70,1.63144517362395,0.969,0.645,1.21663575288197e-65,"SDC2"
6.41146413952849e-70,7.84847544655606,0.722,0,1.32723719152379e-65,"GAGE1"
7.12747686922456e-70,1.15318554915247,1,0.967,1.47545898669818e-65,"SOD1"
1.32638126832847e-69,1.90234082499595,0.939,0.493,2.74574186356677e-65,"ADH5"
1.40626614107298e-69,1.39939783464691,0.978,0.763,2.91111153863517e-65,"PRELID1"
2.3980852256533e-69,1.87324117916922,0.954,0.573,4.9642762256249e-65,"LSM4"
3.25697993562942e-69,-5.23621781439194,0.038,0.341,6.74227416474646e-65,"PPP1R1A"
2.32131382815836e-68,1.27848333886341,0.995,0.853,4.80535175567061e-64,"ACTG1"
2.34248357093019e-68,1.86921936112708,0.936,0.526,4.84917524018258e-64,"SNRPB"
2.44818518332639e-68,-2.48722176047283,0.973,0.943,5.06798814800395e-64,"ORM1"
2.52125940078465e-68,1.16119803206225,0.995,0.877,5.21925908556431e-64,"TBCA"
2.588599312971e-68,3.00259608983835,0.817,0.18,5.35865943778127e-64,"MRPS23"
2.69896731601473e-68,2.37744039111691,0.87,0.284,5.58713224088209e-64,"EIF3D"
2.99728475097314e-68,1.5431068722608,0.991,0.725,6.20467916298949e-64,"LGALS4"
4.75013809974139e-68,2.20127556061651,0.915,0.251,9.83326088027464e-64,"SELM"
5.65803332049472e-68,-5.16064090692442,0.042,0.355,1.17126947767561e-63,"KLF4"
7.14953118951584e-68,1.34165388840606,0.989,0.768,1.48002445154167e-63,"SUMO2"
8.40174582203301e-68,-1.89274078106463,0.808,0.905,1.73924540261905e-63,"MT-ND4L"
1.03166077771978e-67,-4.73214229836883,0.05,0.374,2.13564097595772e-63,"NAT8"
2.45175397027922e-67,-4.46191895224357,0.378,0.777,5.07537589387502e-63,"G0S2"
3.06614352712474e-67,0.912307271752693,1,0.948,6.34722371550092e-63,"RPS21"
3.85021355250337e-67,2.32915311592967,0.887,0.322,7.97032707503723e-63,"AIMP1"
6.10590827004366e-67,1.32044070213605,0.99,0.839,1.26398407098174e-62,"YBX1"
9.01618279003777e-67,2.64213995950786,0.833,0.237,1.86643999936572e-62,"GPS1"
1.35071027455113e-66,-3.52253843961804,0.323,0.73,2.79610533934829e-62,"SERPINA5"
1.77271059448536e-66,5.56062477833429,0.713,0.009,3.66968820164414e-62,"SEPT4"
1.93232506880821e-66,2.5840395400339,0.837,0.175,4.00010612493987e-62,"LY6E"
3.50357875773714e-66,1.82419800083958,0.934,0.493,7.25275838639166e-62,"CCT3"
4.29426047922175e-66,2.30268924337794,0.873,0.336,8.88954861803695e-62,"LRRC59"
5.57562985800775e-66,2.18935092926268,0.863,0.303,1.15421113690618e-61,"POLDIP2"
7.02850715173152e-66,3.33577689485459,0.783,0.137,1.45497126547994e-61,"BOP1"
2.03996988796705e-65,2.23112779842933,0.883,0.408,4.2229416650806e-61,"ALDH3A2"
2.56834654424776e-65,-5.32918720545871,0.157,0.573,5.3167341812473e-61,"FOSB"
2.63427692712576e-65,-4.46545368433028,0.124,0.526,5.45321666684304e-61,"AFM"
3.09363848428743e-65,1.66437244428452,0.963,0.502,6.40414102632341e-61,"FAM162A"
4.16253963886772e-65,1.35144412744427,0.974,0.706,8.61687330642007e-61,"APRT"
6.96383288385823e-65,1.78598394918153,0.952,0.616,1.44158304528749e-60,"SPON2"
7.07443907277054e-65,1.45818763525157,0.972,0.72,1.46447963245423e-60,"COPE"
1.91090006591199e-64,4.05025923242569,0.741,0.066,3.95575422644441e-60,"TUBG1"
3.58600675658633e-64,2.82036926504347,0.805,0.185,7.42339258680937e-60,"METTL23"
4.18549463529728e-64,-1.9671203031576,0.975,0.938,8.66439244452891e-60,"GC"
4.89671064025202e-64,1.07485062149122,1,0.919,1.01366806963857e-59,"HSP90AB1"
4.91700977730303e-64,1.1243303072411,0.993,0.834,1.0178701939995e-59,"TOMM7"
6.20188518384549e-64,2.66517428317238,0.816,0.185,1.28385225190785e-59,"ABRACL"
9.96918853939588e-64,1.9798920698853,0.954,0.597,2.06372171954034e-59,"H2AFZ"
1.04879694297853e-63,0.97447991530124,0.999,0.919,2.17111455165985e-59,"RPL10A"
1.35887274863695e-63,-2.41506420004064,0.651,0.858,2.81300247695335e-59,"PHYH"
1.85143700973245e-63,-2.38387082101648,0.773,0.882,3.83265975384714e-59,"ACAT1"
1.99696000578368e-63,2.95736923904361,0.798,0.175,4.1339069079728e-59,"TMEM261"
1.99793768938145e-63,0.905303982746593,1,0.943,4.13593081078854e-59,"RPL22"
2.81053956029539e-63,2.32202274673495,0.851,0.313,5.81809794376749e-59,"VPS25"
2.95146087286069e-63,-3.39001812859964,0.573,0.839,6.10981915290891e-59,"JUNB"
3.55621109693831e-63,-5.64292369103001,0.03,0.299,7.361712591772e-59,"CRP"
6.44136036729988e-63,0.924123908061906,1,0.962,1.33342600963475e-58,"RPS5"
7.34094248280712e-63,-1.78238491003345,0.884,0.905,1.5196485033659e-58,"F2"
7.8903391945337e-63,0.847258541405179,1,0.995,1.63337911666042e-58,"RPS6"
9.83442012772078e-63,-2.51532257861383,0.68,0.863,2.03582331063948e-58,"SERPINF2"
1.29531536119032e-62,-3.8723128789109,0.187,0.607,2.68143232920008e-58,"ANXA1"
3.71212582129701e-62,1.19243402865994,1,0.972,7.68447166266694e-58,"TXN"
4.58923709180935e-62,2.59032283569671,0.83,0.204,9.50017970375454e-58,"IMPDH2"
5.71095694544555e-62,-3.79845949978373,0.183,0.592,1.18222519727668e-57,"CIDEB"
7.16923886189934e-62,0.907987328874888,1,0.976,1.48410413680178e-57,"RPS8"
8.4048693612626e-62,-4.51063660402666,0.026,0.28,1.73989200647497e-57,"SKAP2"
9.06051953275568e-62,1.32090549490998,0.984,0.758,1.87561814847575e-57,"GRHPR"
1.03310319153684e-61,-2.25659819997186,0.773,0.877,2.13862691680041e-57,"PGRMC1"
1.76594395446565e-61,1.45120174830448,0.968,0.697,3.65568058013935e-57,"SLC25A5"
1.80519970712811e-61,-3.11447512100335,0.531,0.796,3.7369439137259e-57,"ASGR2"
3.54990793454066e-61,1.02397508365828,0.999,0.929,7.34866441529262e-57,"PPIA"
6.56546103419389e-61,-2.63258319248317,0.591,0.844,1.35911608868848e-56,"AADAC"
7.75302683753143e-61,1.46066936545563,1,0.749,1.60495408563738e-56,"GSTA1"
9.65788505547433e-61,-4.52637801102183,0.06,0.384,1.99927878533374e-56,"HSD11B1"
1.35671941905037e-60,1.87333268504369,0.874,0.27,2.80854486937618e-56,"GDF15"
1.38630793948459e-60,5.1673948705527,0.685,0.024,2.86979606552705e-56,"MINCR"
1.65773949779707e-60,1.98110523988483,0.855,0.341,3.43168653438972e-56,"TAF9"
1.96781168797399e-60,-5.29307297201904,0.113,0.493,4.07356697527496e-56,"CCL20"
2.45124030711319e-60,1.65781360342659,0.935,0.536,5.07431255975502e-56,"GALK1"
2.57315429153125e-60,2.00813646080305,0.875,0.313,5.32668669889884e-56,"AQP9"
3.41103204061025e-60,3.91567829975649,0.714,0.057,7.06117742726729e-56,"SKAP1"
4.58810225564727e-60,0.742889226959497,1,0.991,9.49783047941541e-56,"HINT1"
6.02862644352931e-60,3.4631313014748,0.729,0.071,1.247985960075e-55,"RAC3"
1.60283171753852e-59,0.803102870448914,1,1,3.31802193847649e-55,"RPL39"
2.05407306935293e-59,0.841569569278133,1,0.991,4.25213666086749e-55,"RPL3"
2.06192729333693e-59,2.56188307232787,0.788,0.175,4.26839568993677e-55,"ATP6V1C1"
2.37618094605832e-59,3.05855278148996,0.751,0.104,4.91893217643533e-55,"DCAF13"
2.89977776658953e-59,-1.06954234517194,0.99,0.995,6.00282995461698e-55,"TPT1"
3.11976719026471e-59,-2.08354245305014,0.908,0.919,6.45823006056698e-55,"ORM2"
4.07641683025588e-59,-2.11279523841632,0.762,0.863,8.43859048031269e-55,"C8G"
5.99335408900992e-59,-6.5074186565953,0.083,0.431,1.24068422996594e-54,"CXCL8"
7.87050561507292e-59,-4.94545301556349,0.041,0.322,1.62927336737625e-54,"C15orf48"
8.68360806229922e-59,-2.87947084213472,0.474,0.791,1.79759370497656e-54,"CXCR4"
9.33647303100751e-59,2.01946099706803,0.874,0.365,1.93274328214887e-54,"TATDN1"
1.16360047500819e-58,2.76978628455554,0.77,0.128,2.40876934331446e-54,"OXLD1"
1.24991904568537e-58,1.41948316238876,0.959,0.626,2.58745741647329e-54,"EIF6"
1.57265855443192e-58,-1.89208648621367,0.812,0.896,3.25556047352951e-54,"AZGP1"
2.3182697216142e-58,2.96896793606032,0.759,0.152,4.79905015071355e-54,"HLF"
2.63261599165371e-58,5.29626153871387,0.669,0.024,5.44977836432235e-54,"IL17RB"
2.80054329182042e-58,1.17162675133882,1,0.886,5.79740466839745e-54,"DCXR"
3.97739057106474e-58,-1.90976896160881,0.795,0.886,8.23359622116112e-54,"AC090498.1"
4.18743311053872e-58,2.78114884241062,0.752,0.128,8.66840528212621e-54,"ICT1"
4.37130526342634e-58,1.22560600296002,0.986,0.796,9.04903902581887e-54,"SNRPD2"
4.68981336740542e-58,-2.37328847514876,0.645,0.853,9.70838265186597e-54,"HMGCS2"
6.59525109429274e-58,2.21537273644582,0.81,0.242,1.36528292902954e-53,"NMT1"
7.8027731291053e-58,-3.52930535865917,0.238,0.635,1.61525206545609e-53,"SLC38A4"
1.19166568448989e-57,1.42805505337424,0.951,0.611,2.46686713346251e-53,"COX5A"
1.4476602591081e-57,1.64579476193241,0.904,0.512,2.99680150237968e-53,"UQCRC1"
1.4516830809236e-57,-1.70392036900452,0.942,0.967,3.00512914581994e-53,"ITM2B"
1.70437224293086e-57,3.89020983788071,0.685,0.033,3.52822098009118e-53,"PFN2"
1.72215341194248e-57,1.76221493838095,0.902,0.441,3.56502977806212e-53,"MRPL13"
2.02224137380802e-57,0.804409166332672,1,0.981,4.18624186791999e-53,"RPS20"
3.21994679594447e-57,-4.11124798711769,0.144,0.526,6.66561186228465e-53,"SERPINA3"
3.33670715193699e-57,1.79987724181658,0.88,0.483,6.90731747522476e-53,"GSDMD"
4.24330000141746e-57,-2.14424207451139,0.817,0.896,8.78405533293428e-53,"TM4SF4"
4.44240250051999e-57,1.41861646378249,0.948,0.64,9.19621741632643e-53,"RAB2A"
6.14498398348023e-57,0.891668876034146,0.997,0.934,1.27207313442024e-52,"NACA"
6.97581226648345e-57,3.21937463165002,0.73,0.1,1.44406289728474e-52,"MRPL45"
1.00371127349543e-56,4.03624961692037,0.692,0.062,2.07778270726288e-52,"G6PD"
1.89319042238178e-56,2.13624409911423,0.919,0.46,3.91909349337253e-52,"STMN1"
2.02440274420927e-56,3.04760585346507,0.739,0.142,4.19071612078762e-52,"IFI35"
2.70002374028949e-56,3.34012408853852,0.72,0.095,5.58931914477328e-52,"TMEM99"
2.83125190466956e-56,0.917663846035576,0.998,0.905,5.86097456785646e-52,"COX7A2"
3.90036232993143e-56,2.9391878568138,0.754,0.152,8.07414005919105e-52,"TOM1L1"
4.61891295430296e-56,-1.95275977420019,0.781,0.863,9.56161170670256e-52,"ITIH2"
6.12079008588232e-56,0.783595341013749,1,0.995,1.2670647556785e-51,"RPS3"
1.08461885555557e-55,-2.72793053696701,0.472,0.773,2.24526949288559e-51,"SERPINA4"
1.36827543107215e-55,1.27011836925699,0.963,0.649,2.83246696986247e-51,"LMAN2"
1.4658075937032e-55,1.2099400774431,0.982,0.777,3.034368299725e-51,"EEF1B2"
1.50421578371875e-55,1.14397681219188,0.974,0.773,3.11387709387619e-51,"TRMT112"
1.64431144404387e-55,1.85444783694637,0.883,0.403,3.40388912031521e-51,"SLC25A33"
2.54470051167595e-55,-2.17836078860442,0.782,0.872,5.26778452922038e-51,"CYP2D6"
2.82337931716752e-55,2.34307661745764,0.79,0.223,5.84467752446849e-51,"COPS5"
3.15990702849525e-55,3.24680882140354,0.724,0.123,6.54132353968802e-51,"TACO1"
9.75998970275152e-55,2.2074847026053,0.805,0.289,2.02041546836659e-50,"AK4"
1.16696569556763e-54,1.26049672805715,0.94,0.621,2.41573568639455e-50,"DNPH1"
1.21271234148844e-54,4.73549260139006,0.64,0.009,2.51043581811523e-50,"AP1M2"
1.31823855456365e-54,1.36575436923809,0.946,0.659,2.7288856318022e-50,"PHPT1"
1.9784666328852e-54,2.56492950608701,0.755,0.166,4.09562377673565e-50,"ASPSCR1"
2.083014008022e-54,0.692550362145694,1,1,4.31204729800635e-50,"RPL34"
2.92056267567059e-54,-4.29465974101501,0.051,0.336,6.04585679490569e-50,"IL1RAP"
3.37485514930951e-54,1.51314587675688,0.931,0.559,6.98628764458561e-50,"SNRPC"
3.83924300227395e-54,2.4401257346473,0.793,0.218,7.9476169390073e-50,"TIMM8A"
5.04911452099373e-54,1.82430579952604,0.884,0.455,1.04521719699091e-49,"PA2G4"
9.05050384405227e-54,2.54359719452516,0.768,0.171,1.87354480075726e-49,"TSKU"
9.09622764507462e-54,2.53259967749054,0.775,0.213,1.8830100848069e-49,"C8orf33"
1.11563187943173e-53,1.31923164034032,0.943,0.659,2.30946955361162e-49,"CLTA"
1.35206086657982e-53,3.27476453832359,0.713,0.114,2.79890119990688e-49,"NSRP1"
1.48748192586734e-53,2.37010348280165,0.748,0.152,3.07923633473798e-49,"TMEM98"
1.86196502794693e-53,1.75215759948929,0.844,0.37,3.85445380435294e-49,"EMC3"
2.23338793385418e-53,2.39265773548491,0.789,0.213,4.62333636187153e-49,"SMARCE1"
2.98025267513562e-53,-3.60614018223851,0.282,0.649,6.16942106279825e-49,"C5"
3.43995181842571e-53,3.10721116405876,0.725,0.128,7.12104425932307e-49,"ARL4D"
4.16934111954138e-53,3.30807837021038,0.68,0.066,8.63095305156261e-49,"RRS1"
6.25172640737839e-53,1.26068188405124,0.9,0.488,1.2941698835914e-48,"TM4SF1"
6.82070162845855e-53,1.58703836586779,0.915,0.474,1.4119534441072e-48,"SUPT4H1"
7.5135245755383e-53,-3.51514753877417,0.388,0.725,1.55537472238218e-48,"PDK4"
1.63443068634216e-52,3.21860570668447,0.703,0.114,3.38343496379691e-48,"MFSD3"
1.64665168164552e-52,1.35849886386501,0.962,0.668,3.4087336461744e-48,"MAT1A"
1.89088501895483e-52,0.660960518905846,1,0.981,3.9143210777384e-48,"UQCRQ"
2.08448549655133e-52,1.87308918784029,0.855,0.374,4.31509342641092e-48,"CCT8"
2.26699895873501e-52,1.25932810219519,0.95,0.678,4.69291454447735e-48,"HIGD2A"
2.70688324747667e-52,-1.6323404486293,0.951,0.953,5.60351901060146e-48,"HLA-C"
2.88655446225254e-52,1.71691122542898,0.891,0.498,5.97545639230899e-48,"TMEM14B"
3.23082090355409e-52,2.64333707228984,0.755,0.175,6.68812235244732e-48,"PRPSAP1"
3.39082512662106e-52,1.37431084637717,0.939,0.592,7.01934709461825e-48,"MDH2"
3.98661013389218e-52,2.05968980094401,0.811,0.289,8.2526816381702e-48,"SLC35B1"
5.89809387280033e-52,0.78193971046313,1,1,1.2209644126084e-47,"FTH1"
5.90592889258462e-52,2.12949826857908,0.792,0.242,1.22258634005394e-47,"DNAJC7"
8.56553372114746e-52,1.47554683486194,0.915,0.55,1.77315113561474e-47,"HEXB"
1.11629514261642e-51,2.01822287677978,0.86,0.403,2.31084257473024e-47,"IGFBP2"
1.28073538593595e-51,-3.87974208435462,0.362,0.701,2.65125032242601e-47,"LRG1"
1.33020354324492e-51,1.63056103145866,0.885,0.403,2.75365435487131e-47,"HLA-DMA"
1.74868628877075e-51,1.866002051844,0.826,0.318,3.61995548638432e-47,"PSMD11"
2.78111067266554e-51,0.982733326659208,0.989,0.839,5.75717720348493e-47,"ATP5G3"
2.81625451770979e-51,2.74894159848496,0.718,0.133,5.82992847711103e-47,"NSMCE2"
3.20171790714867e-51,1.60867203467436,0.901,0.427,6.62787623958847e-47,"SLC25A39"
3.38936963257434e-51,-2.81143627859618,0.783,0.882,7.01633407639215e-47,"FGL1"
4.95667878971184e-51,1.46377388687287,0.919,0.569,1.02608207625825e-46,"PGK1"
5.38712868314364e-51,-1.44479852746676,0.917,0.976,1.11518950869757e-46,"SAT1"
6.56613304397437e-51,2.01154032402206,0.816,0.318,1.35925520143313e-46,"NAA10"
8.01713882664866e-51,0.785125427557521,1,0.967,1.65962790850454e-46,"RPLP0"
9.64783205567084e-51,0.60087010330351,1,0.986,1.99719771384442e-46,"RPL37A"
1.19666985186743e-50,0.954195329114983,0.986,0.782,2.47722626035076e-46,"ATP6V0E1"
1.52895511669783e-50,1.60788992654254,0.889,0.46,3.16508998707617e-46,"PGLS"
2.17046944259336e-50,-1.12562395341235,0.93,0.929,4.49308879311252e-46,"TMBIM6"
2.51893140746869e-50,2.65815580375181,0.705,0.095,5.21443990660094e-46,"MRPL10"
2.65396931592183e-50,1.93399431740395,0.829,0.379,5.49398188088977e-46,"BABAM1"
2.73567519059317e-50,-0.80672321684331,1,1,5.66312121204692e-46,"B2M"
3.63088628169286e-50,0.788755223223391,0.998,0.967,7.5162976917324e-46,"RPL6"
4.50605869453015e-50,1.71764520473767,0.842,0.351,9.32799210354687e-46,"BID"
4.6154022361902e-50,-3.8721895187483,0.128,0.474,9.55434416913734e-46,"NR4A1"
5.7355654089552e-50,2.86875571944581,0.657,0.052,1.18731939530782e-45,"RAB40B"
5.91858689289706e-50,-1.93972323921376,0.714,0.848,1.22520667269862e-45,"C2"
6.42286026161815e-50,1.71458703667825,0.871,0.431,1.32959630275757e-45,"MIR4458HG"
6.47686359965101e-50,1.23056423716107,0.976,0.697,1.34077553376376e-45,"AKR1C3"
6.56967965580539e-50,-4.50072298943055,0.047,0.313,1.35998938554827e-45,"GNLY"
7.35515838857727e-50,-4.84883848142045,0.059,0.341,1.52259133801938e-45,"HOOK3"
1.23800105173334e-49,2.31791503406044,0.768,0.27,2.5627859771932e-45,"ASPH"
2.61789694031906e-49,3.04308760913451,0.676,0.095,5.41930845615448e-45,"UTP18"
3.497774061884e-49,1.66659243123934,0.861,0.403,7.24074208550606e-45,"MRPL36"
4.17853275974534e-49,-1.41582261814267,1,0.967,8.64998066594884e-45,"PRAP1"
4.38726725557208e-49,2.27542150898072,0.759,0.209,9.08208194575976e-45,"SAP30BP"
4.51301362674945e-49,1.1339898007009,0.973,0.735,9.34238950873403e-45,"MRPS21"
4.65016174332695e-49,1.34491150301218,0.923,0.569,9.62629982486112e-45,"NDUFS4"
5.25835218434302e-49,-4.40617783892956,0.037,0.28,1.08853148568085e-44,"DPYD"
7.58182779217798e-49,2.78639198564371,0.713,0.137,1.56951417125876e-44,"EMG1"
1.09987287694536e-48,2.61729936162085,0.725,0.152,2.2768468425646e-44,"P4HA1"
1.14509947011847e-48,1.10411539251456,0.975,0.739,2.37047041309225e-44,"RPS4Y1"
1.48493324488076e-48,1.21374299229845,0.942,0.621,3.07396031022767e-44,"PSMB2"
1.61373063248649e-48,2.44639483850703,0.716,0.133,3.34058378231028e-44,"TMEM199"
1.67241953262854e-48,0.669274294755058,0.953,0.645,3.46207567449435e-44,"LGALS1"
1.72980118093562e-48,1.95547364229071,0.808,0.303,3.58086142465482e-44,"COPRS"
1.9853595848677e-48,-1.20226312265737,0.905,0.934,4.10989287663462e-44,"OAZ1"
1.99862329923763e-48,0.636634578786316,1,0.995,4.13735009175181e-44,"RPL37"
2.37993880833973e-48,1.8310756295744,0.821,0.28,4.92671132714407e-44,"PLA2G16"
2.55631024931352e-48,1.2809476568782,0.94,0.673,5.29181784710392e-44,"C20orf24"
3.01268393219386e-48,1.78741839953572,0.814,0.299,6.23655700803451e-44,"TMEM106C"
3.24361701228815e-48,1.87313508673108,0.814,0.313,6.71461157713769e-44,"POLR2H"
3.72068633924405e-48,-0.9588097953562,1,0.991,7.70219279086912e-44,"IFITM3"
4.13616650000588e-48,2.98316480345577,0.737,0.171,8.56227827166218e-44,"KPNA2"
4.36993513115094e-48,-3.90320713472979,0.126,0.464,9.04620271499556e-44,"ANXA5"
4.75372159339146e-48,1.73926537916156,0.854,0.398,9.84067907047965e-44,"PSMA5"
6.01184467567313e-48,-1.54130120664004,0.825,0.867,1.24451196631109e-43,"ASGR1"
9.96804106927932e-48,-2.76607015496127,0.53,0.782,2.06348418175151e-43,"CYBA"
9.98858347458345e-48,2.18164118563737,0.775,0.242,2.06773666507352e-43,"CMSS1"
1.07528596627291e-47,1.93037531674874,0.799,0.299,2.22594947878155e-43,"FAM50A"
1.11500717358373e-47,1.53191132156273,0.915,0.517,2.30817635003568e-43,"RANBP1"
1.37419062292504e-47,1.10537144466795,0.969,0.787,2.84471200851712e-43,"POLR2K"
1.40092771883945e-47,2.57259995464073,0.723,0.175,2.90006047076955e-43,"GSTA4"
1.42776841479475e-47,1.18519579845755,0.944,0.716,2.95562339546661e-43,"SERBP1"
1.76169315211398e-47,0.569049669853294,1,1,3.64688099419115e-43,"RPL10"
1.7642897986393e-47,1.58437777814722,0.865,0.427,3.65225631216321e-43,"MRPL24"
2.67151385250098e-47,-2.23238238397245,0.682,0.825,5.53030082606227e-43,"HSD17B6"
2.98195739114567e-47,-4.87688195002631,0.04,0.284,6.17294999541065e-43,"CAV2"
3.0066234574567e-47,0.867709162011715,0.994,0.867,6.22401121928111e-43,"SKP1"
3.07791625861204e-47,1.2169409457327,0.995,0.777,6.37159444695278e-43,"LEAP2"
5.1120697842643e-47,1.19868198148592,0.941,0.654,1.05824956604055e-42,"GRINA"
7.28803691596848e-47,-4.04733376670722,0.093,0.403,1.50869652197463e-42,"ZBTB16"
9.58044913602915e-47,1.55736554513409,0.84,0.379,1.98324877564939e-42,"CCT7"
1.0032100382895e-46,2.27334085633712,0.734,0.185,2.07674510026309e-42,"MLX"
1.07263645302711e-46,2.98209747468398,0.665,0.09,2.22046472141142e-42,"CTAG2"
1.62395610606679e-46,2.72371402699146,0.716,0.156,3.36175153516887e-42,"MYC"
1.69954295035915e-46,2.37489383396397,0.712,0.133,3.51822386153847e-42,"TMEM101"
1.81945523843769e-46,4.7138227522419,0.589,0.024,3.76645428908986e-42,"RPL39L"
2.03591067362329e-46,2.02130600800463,0.793,0.313,4.21453868546758e-42,"PSMD2"
2.4355368173937e-46,2.82003212237782,0.669,0.095,5.04180476568669e-42,"LINC01420"
2.5415880253907e-46,1.34267197037031,0.89,0.517,5.2613413713613e-42,"ZNF706"
2.75426319980803e-46,1.6147655859279,0.884,0.445,5.7016002499226e-42,"CDO1"
2.76784532617456e-46,1.45542778387542,0.885,0.54,5.72971660971397e-42,"MRPL34"
2.94510873754617e-46,2.85066263505747,0.662,0.085,6.09666959759433e-42,"MINA"
3.058348236365e-46,1.14736396388294,0.957,0.649,6.33108668409919e-42,"MRPL51"
3.46361957993486e-46,3.45415850548913,0.633,0.066,7.17003889242316e-42,"ABCG2"
4.07101945576383e-46,4.79892461069616,0.577,0.014,8.42741737537671e-42,"TTLL4"
4.57951755887955e-46,-2.42765375098911,0.656,0.796,9.48005929863656e-42,"CPB2"
6.10010269677863e-46,2.14406908054113,0.757,0.227,1.26278225926014e-41,"GNL3"
6.20305358691624e-46,1.95956160530361,0.787,0.289,1.28409412302753e-41,"TNIP1"
6.71000933021875e-46,2.11951397166399,0.75,0.204,1.38903903144858e-41,"MRPL3"
7.59651199701126e-46,3.19045482326722,0.643,0.085,1.5725539485013e-41,"C17orf58"
7.62871893893225e-46,-3.53553805350661,0.205,0.55,1.57922110754837e-41,"CYP4A11"
9.20593657632751e-46,-1.26392334361884,1,0.995,1.90572093066556e-41,"MT-CO1"
1.25247899602592e-45,-1.79982332917037,1,1,2.59275676967326e-41,"APOA1"
1.27122212445742e-45,-2.97171403496367,0.377,0.687,2.6315569198393e-41,"MT-ATP8"
1.50284835763322e-45,-5.10985299757164,0.046,0.294,3.11104638513652e-41,"SLC25A47"
1.56755510092388e-45,1.92377324781186,0.803,0.346,3.24499581442253e-41,"POLR2G"
1.75138916716087e-45,4.89638498862806,0.572,0.014,3.62555071493971e-41,"BIRC5"
2.40415339103693e-45,2.74672956042535,0.667,0.1,4.97683793478554e-41,"SQLE"
2.64710727517799e-45,0.826393319891011,0.99,0.863,5.47977677034596e-41,"SRP14"
3.19933606308387e-45,-3.9416914328154,0.116,0.436,6.62294558418992e-41,"DPP7"
3.25196178253372e-45,1.73826199455617,0.833,0.355,6.73188608602306e-41,"CMBL"
3.47203869715136e-45,1.63457242470165,0.826,0.341,7.18746730697303e-41,"PIPOX"
3.94733002092971e-45,1.23187988601691,0.935,0.611,8.17136787632658e-41,"CYSTM1"
4.7599711443875e-45,3.39332219690625,0.598,0.038,9.85361626599657e-41,"MAGEC2"
4.82118671697182e-45,-1.14285072447467,0.915,0.938,9.98033862280336e-41,"NDUFB1"
6.27608499814642e-45,2.39562134318293,0.739,0.232,1.29921235546629e-40,"SLC25A10"
6.49262650770329e-45,1.04872972584695,0.952,0.725,1.34403861335966e-40,"LAMTOR5"
6.6071496023418e-45,1.80368407494599,0.843,0.389,1.36774603918078e-40,"GCLM"
6.95198259754563e-45,0.628958171997934,1,0.986,1.43912991751792e-40,"ATP5E"
7.41105147143611e-45,2.08089599183576,0.744,0.232,1.53416176510199e-40,"TRAP1"
7.66885987109907e-45,0.834836586543267,0.985,0.886,1.58753068191622e-40,"NDUFB7"
8.18031865650695e-45,2.12006751748745,0.741,0.185,1.6934077650835e-40,"STEAP1"
8.63389207473064e-45,-2.8621731372946,0.477,0.749,1.78730199838999e-40,"UGT2B15"
1.12658036595367e-44,-5.04866807224071,0.073,0.355,2.33213401556069e-40,"DNASE1L3"
1.26176092229131e-44,1.54067636170475,0.865,0.483,2.61197128523524e-40,"NAPRT"
1.27815711803485e-44,1.95438032404225,0.784,0.28,2.64591305004394e-40,"OTUD6B-AS1"
1.31607029830557e-44,1.78146879742499,0.787,0.242,2.72439712452236e-40,"SMIM4"
1.33901802201755e-44,2.62179062125898,0.68,0.123,2.77190120737852e-40,"PTDSS1"
1.36277911222138e-44,-1.92532120440233,0.662,0.82,2.82108904020947e-40,"TFR2"
1.44521368127029e-44,-1.4504108174951,0.952,0.948,2.99173684159764e-40,"RHOB"
1.81356635510157e-44,-2.61967895509591,0.572,0.791,3.75426371169575e-40,"SAA4"
3.06433297232584e-44,1.56644240389941,0.857,0.412,6.34347568601172e-40,"CCDC167"
3.5751977367953e-44,1.46279261208475,0.848,0.45,7.40101683493995e-40,"NAA20"
3.85004286527735e-44,-2.39485635254853,0.581,0.796,7.96997373541064e-40,"GADD45B"
5.71039014651807e-44,3.38581729624188,0.605,0.047,1.18210786423071e-39,"SPARCL1"
6.44949791092875e-44,2.21286135588984,0.747,0.246,1.33511056254136e-39,"EMC2"
7.56733300050827e-44,-1.9132778230109,0.687,0.825,1.56651360443522e-39,"SERPINA6"
8.81272870012106e-44,1.19546441070391,0.917,0.588,1.82432296821206e-39,"DYNLRB1"
9.41964163798362e-44,2.01148512900823,0.752,0.256,1.94996001547899e-39,"SHARPIN"
1.04325529313172e-43,2.3002997709152,0.72,0.185,2.15964278231196e-39,"RARS"
1.06465686886145e-43,0.664055771832275,1,0.967,2.20394618423009e-39,"RPS7"
1.06952598847083e-43,0.696152380458848,1,0.953,2.21402574873348e-39,"RPL7A"
1.27851440466686e-43,-3.37035610597063,0.184,0.521,2.64665266910087e-39,"CXCL16"
1.30326965348991e-43,2.82888895630873,0.625,0.071,2.69789850968947e-39,"NPM3"
1.41159015552617e-43,-2.08548032940167,0.581,0.773,2.92213278095472e-39,"ECHDC2"
1.81457115797332e-43,0.640933651397774,1,0.981,3.75634375412057e-39,"RPL24"
1.98941552262689e-43,1.88088558747666,0.734,0.19,4.11828907338992e-39,"COMMD4"
2.2366025866547e-43,1.04292861749095,0.942,0.706,4.6299910146339e-39,"SSR3"
2.70005048921797e-43,4.73945164006209,0.56,0.019,5.58937451773012e-39,"TLCD1"
3.06632855177975e-43,-1.67567964678738,0.766,0.863,6.34760673503926e-39,"LAMP2"
3.15939498108271e-43,1.27106067415866,0.922,0.616,6.54026355033932e-39,"PSMA4"
3.16342945697355e-43,1.63037363698405,0.827,0.374,6.54861531888095e-39,"CCT6A"
3.70509978846267e-43,2.15219859795561,0.732,0.218,7.66992707209658e-39,"RGS14"
4.21739388817305e-43,-3.76489265112375,0.092,0.389,8.73042708790704e-39,"GLYATL1"
6.12722256011288e-43,2.47050373189999,0.679,0.152,1.26839634216897e-38,"NOP16"
6.21110156747134e-43,5.12269528005876,0.547,0.009,1.28576013548224e-38,"TFF2"
6.27911853173039e-43,2.36848974224745,0.668,0.118,1.29984032725351e-38,"ECE2"
7.37049128813503e-43,0.592179178830171,1,1,1.52576540155683e-38,"RPS16"
8.33590650148323e-43,-3.33416089962161,0.138,0.464,1.72561600487204e-38,"WBP5"
9.93535369926578e-43,1.56067827724512,0.869,0.403,2.05671756928501e-38,"SNRPD1"
1.06165352903798e-42,1.66270844520618,0.793,0.289,2.19772897046153e-38,"HMGA1"
1.2302867528326e-42,0.919639737327217,0.991,0.834,2.54681660703876e-38,"P4HB"
4.17098610170629e-42,2.33313643945822,0.718,0.232,8.63435832914218e-38,"TXNRD1"
4.82129740561513e-42,1.84739589385589,0.777,0.265,9.98056775936389e-38,"KXD1"
5.61973630067104e-42,1.81435656665762,0.756,0.232,1.16334161160191e-37,"ITPA"
6.25636376007661e-42,3.36864673550873,0.643,0.109,1.29512986197346e-37,"PTTG1"
6.65404051020692e-42,-2.68092622039926,0.411,0.687,1.37745292601794e-37,"CD302"
8.01872310546296e-42,2.09271941577605,0.741,0.232,1.65995587006189e-37,"PSMG4"
9.28585744840413e-42,2.9110875401386,0.646,0.118,1.92226535039414e-37,"FASN"
1.03509531873545e-41,2.02377183196942,0.76,0.251,2.14275081931425e-37,"TMEM97"
1.04493756037904e-41,2.48578206221981,0.654,0.104,2.16312524374064e-37,"ATP6V0E2"
1.12052480291654e-41,2.43459995905661,0.673,0.152,2.31959839451752e-37,"SMYD2"
1.38776847756829e-41,1.84723696666762,0.769,0.261,2.87281952541411e-37,"PSMD12"
1.45737387753151e-41,1.54293202756447,0.812,0.36,3.01690966387799e-37,"GPAA1"
1.46506228344323e-41,-1.07154325851188,0.958,0.934,3.03282543295583e-37,"AGT"
1.63687205768445e-41,1.46177442406987,0.838,0.398,3.38848884661257e-37,"COA4"
1.66647025256736e-41,3.02046658693566,0.623,0.095,3.44976006983969e-37,"PTRH2"
2.05276153160516e-41,6.68872671288986,0.519,0,4.24942164657584e-37,"FABP6"
2.15807942554542e-41,1.28656167665906,0.92,0.526,4.46744021882157e-37,"SORD"
2.33935993792083e-41,1.07657008034915,0.947,0.621,4.84270900748991e-37,"PPA1"
3.31307824997472e-41,1.44673014509092,0.845,0.445,6.85840328527266e-37,"RNH1"
3.40970730429416e-41,1.75900805049189,0.789,0.37,7.05843509061935e-37,"BHMT2"
3.76364172906729e-41,2.0575856791262,0.703,0.175,7.7911147433422e-37,"MVB12A"
4.03852256959856e-41,3.52767661528675,0.583,0.052,8.36014557132597e-37,"TOP1MT"
4.61887142165073e-41,0.494952330797857,1,0.995,9.56152572995918e-37,"RPL11"
4.69047755135636e-41,-0.95347697940855,0.99,0.981,9.7097575790628e-37,"UBB"
4.75194714955546e-41,1.82791388966251,0.756,0.227,9.83700579429477e-37,"ZFAND1"
4.97888031624738e-41,1.53887020487874,0.831,0.384,1.03067801426637e-36,"ALG3"
5.49778982314124e-41,1.6636811172545,0.797,0.346,1.13809747128847e-36,"CCT2"
7.04454660783261e-41,3.03557685233173,0.6,0.076,1.45829159328743e-36,"CMB9-22P13.1"
7.19841152696743e-41,0.936839775856631,0.976,0.801,1.49014317019753e-36,"NDUFB4"
7.35451595739045e-41,2.13604171370376,0.723,0.232,1.5224583483394e-36,"DDX49"
7.87941331796573e-41,0.798245930817943,0.991,0.882,1.63111735095209e-36,"UQCRH"
8.23971132495756e-41,0.952286166069153,0.95,0.711,1.70570264137946e-36,"EIF3K"
9.9156815933372e-41,1.1780160772412,0.915,0.621,2.05264524663673e-36,"TECR"
1.13096129786501e-40,-3.49755872605301,0.114,0.417,2.34120298271037e-36,"FURIN"
1.15154761253154e-40,-1.53120284180449,0.854,0.858,2.38381871270154e-36,"MASP2"
1.20299856685427e-40,2.88662503704443,0.587,0.057,2.49032733324503e-36,"PRR34-AS1"
1.55052271532003e-40,2.00461954871642,0.746,0.265,3.20973707298399e-36,"IK"
1.64446673506313e-40,-3.21319008823763,0.266,0.588,3.40421058825419e-36,"CREB3L3"
1.77378508208854e-40,1.63070648605938,0.807,0.346,3.67191249843149e-36,"ZCRB1"
3.2991138961411e-40,-4.37945100468502,0.047,0.28,6.82949567640168e-36,"SERPINB9"
3.98800005283708e-40,2.33996507003107,0.662,0.147,8.25555890937804e-36,"ATIC"
4.20976749172731e-40,2.58971189896794,0.586,0.057,8.7146396846247e-36,"PLEKHF1"
4.73162078886076e-40,-2.91706950071617,0.265,0.592,9.79492819502065e-36,"RGS1"
5.126773482236e-40,6.50280155877782,0.507,0,1.06129337855768e-35,"SERTAD4-AS1"
5.66653499926864e-40,2.07621070314095,0.733,0.232,1.1730294101986e-35,"ZCCHC9"
7.92956832840334e-40,2.44397528190727,0.629,0.104,1.64149993966277e-35,"EPB41L2"
8.74695342194865e-40,-1.22875965231244,0.923,0.924,1.81070682787759e-35,"MT-ND5"
9.34948087827427e-40,2.04856671052004,0.706,0.209,1.93543603661156e-35,"PIR"
1.14564936814228e-39,1.77346422016464,0.752,0.251,2.37160875699134e-35,"ADH6"
1.24730681309157e-39,1.35287969485145,0.859,0.45,2.58204983378085e-35,"AP2M1"
1.31165268429033e-39,-1.99392742584197,0.767,0.858,2.71525222174941e-35,"PCK1"
1.54633688105947e-39,1.2118279767034,0.883,0.521,3.20107197748121e-35,"NDUFAF3"
1.60436824165703e-39,-1.06215409593123,0.91,0.934,3.32120269705421e-35,"NBEAL1"
2.20405843628945e-39,1.6946504887837,0.762,0.256,4.56262136896279e-35,"TBCB"
2.49391391597308e-39,1.26991554163483,0.855,0.488,5.16265119745588e-35,"ZMAT2"
3.15119586903208e-39,1.51088525949923,0.825,0.389,6.52329056848331e-35,"FDPS"
3.15169631917895e-39,1.75731614613267,0.785,0.284,6.52432655033234e-35,"NDUFAF2"
3.18180046669913e-39,2.14855834770277,0.682,0.166,6.58664514611386e-35,"ZNHIT3"
3.46895956993742e-39,3.87201804091326,0.549,0.038,7.18109320572745e-35,"NR2C2AP"
4.2541221152019e-39,1.57027016065996,0.794,0.341,8.80645819067945e-35,"LAGE3"
4.64357527777618e-39,1.40900573042684,0.82,0.36,9.61266518252446e-35,"SNHG9"
4.79150448284415e-39,1.39484191733847,0.847,0.422,9.91889342993568e-35,"ALDH7A1"
5.42086816422725e-39,2.55502432275066,0.64,0.123,1.12217391867668e-34,"RUVBL1"
6.48918019830417e-39,2.22311080423639,0.686,0.199,1.34332519285095e-34,"ST3GAL1"
6.82803006361101e-39,1.49395279897232,0.806,0.374,1.41347050346811e-34,"PSMF1"
7.28805594839995e-39,1.25439407677681,0.896,0.555,1.50870046187827e-34,"SNRPB2"
7.31202252279575e-39,3.89211350347013,0.534,0.024,1.51366178244395e-34,"PTGES"
9.93737072160153e-39,-2.019788817543,0.622,0.791,2.05713511307873e-34,"METTL7A"
1.09138325234387e-38,2.27714853555825,0.669,0.156,2.25927247067704e-34,"SCRN2"
1.41142846583265e-38,1.93415606886543,0.696,0.185,2.92179806712017e-34,"GCAT"
1.61831958857216e-38,-2.2739736949861,0.538,0.735,3.35008338030323e-34,"CREG1"
1.62329221764612e-38,2.23993428030118,0.64,0.104,3.36037721974923e-34,"CBX1"
1.62645528363415e-38,1.86331893265551,0.72,0.232,3.36692508265105e-34,"CYHR1"
1.64884497160586e-38,-4.33364608642462,0.059,0.303,3.41327397572128e-34,"SOCS3"
1.71600220192872e-38,2.52171777699428,0.62,0.118,3.55229615821265e-34,"NOB1"
1.79526634960393e-38,3.12912147391473,0.552,0.038,3.71638087031509e-34,"BBOX1"
1.9089411349493e-38,1.15738351839029,0.919,0.611,3.95169904345854e-34,"DUSP23"
2.63673904444502e-38,2.16538033147699,0.701,0.213,5.45831349590564e-34,"IFRD2"
2.79624291172794e-38,1.746927775724,0.71,0.213,5.78850245156802e-34,"HEXA"
3.95337773443977e-38,2.43920903309699,0.643,0.128,8.18388724806377e-34,"MRTO4"
4.93100567798641e-38,1.69177532749442,0.782,0.346,1.02076748539997e-33,"CCDC47"
4.97584800082343e-38,-1.11657575658715,0.959,0.962,1.03005029465046e-33,"SERPING1"
5.4046007852754e-38,2.07470176472496,0.65,0.133,1.11880640855986e-33,"AATF"
6.34365263273262e-38,1.70635297300643,0.774,0.308,1.31319953150198e-33,"ATG12"
6.36689984439442e-38,1.26834365095464,0.872,0.502,1.31801193678809e-33,"NSA2"
6.77485352840607e-38,-2.30440508462917,0.623,0.773,1.40246242891534e-33,"CD14"
7.58924629617251e-38,-3.92061138188423,0.166,0.469,1.57104987577067e-33,"LGALS3"
1.08153741432217e-37,1.55989958843729,0.801,0.36,2.23889060138833e-33,"USE1"
1.14730635247473e-37,-1.45870315046121,0.774,0.82,2.37503888025794e-33,"FCGRT"
1.17751244693e-37,1.0040889468797,0.967,0.611,2.43756851638979e-33,"PPIB"
1.25346955514931e-37,0.891593977335727,0.963,0.758,2.59480732611459e-33,"SLC25A6"
1.4993177167837e-37,1.39342786227091,0.813,0.351,3.10373760551394e-33,"MRPS18B"
1.54295001338774e-37,1.75207525639007,0.721,0.223,3.19406082271396e-33,"SLC25A18"
1.67685402202251e-37,1.67374841055236,0.784,0.336,3.47125551098881e-33,"ALAS1"
1.75794124328631e-37,-3.04994732958965,0.226,0.545,3.63911416772698e-33,"RGS2"
1.87285067222813e-37,1.29022426149229,0.862,0.474,3.87698817657945e-33,"RPN2"
1.92227573431493e-37,-2.21824027313739,0.491,0.725,3.97930299760533e-33,"SERINC2"
3.24472052446784e-37,1.41025521918172,0.816,0.355,6.71689595770088e-33,"HSF1"
3.26943159800097e-37,-3.68741096872986,0.155,0.455,6.7680503510218e-33,"ANGPTL8"
3.75822480876056e-37,2.77014747095665,0.597,0.09,7.77990117661523e-33,"NOL11"
4.12174980011187e-37,1.34968123245854,0.847,0.431,8.53243426121158e-33,"STOML2"
4.44260943180259e-37,1.30044263285655,0.808,0.336,9.19664578477454e-33,"FAM96A"
4.82484133960837e-37,-1.40875984981834,0.825,0.896,9.98790405712329e-33,"BTG1"
5.64520509691656e-37,-3.50482157954249,0.103,0.384,1.1686139071127e-32,"RGCC"
6.00982914890298e-37,1.9768577599713,0.623,0.09,1.24409473211441e-32,"SRP68"
6.27398177886847e-37,1.00927309850944,0.933,0.649,1.29877696804356e-32,"BRK1"
7.1311295741151e-37,1.10795772647115,0.884,0.507,1.47621513313757e-32,"C12orf57"
8.82192290496419e-37,2.42558945633515,0.626,0.114,1.82622626055664e-32,"FAM104A"
1.00832474261058e-36,0.735793847641085,1,0.924,2.08733304967816e-32,"MGST1"
1.02219214222531e-36,-2.38615308195266,0.518,0.72,2.11603995362062e-32,"DHRS7"
1.02471422803899e-36,-1.17300453661474,0.911,0.891,2.12126092346352e-32,"PTMS"
1.08952948373555e-36,1.95619388048324,0.654,0.142,2.25543498428097e-32,"SIRT7"
1.16780646164067e-36,0.581391070430504,0.999,0.943,2.41747615624235e-32,"H3F3B"
1.24468981749976e-36,-3.48096190720442,0.111,0.393,2.57663239120625e-32,"HSD17B2"
1.29889966777325e-36,3.64378449419556,0.532,0.043,2.68885220225739e-32,"HRCT1"
1.30045963043315e-36,1.54530374396943,0.771,0.284,2.69208148095966e-32,"BOLA3"
1.3617776242789e-36,-2.01732167036611,0.997,0.991,2.81901586001976e-32,"MT2A"
1.36595457362529e-36,2.95167051635007,0.577,0.085,2.82766256286171e-32,"CWC27"
1.43769522113349e-36,1.1421913994296,0.886,0.578,2.97617287726843e-32,"MRPS15"
1.76175980925867e-36,2.43614120640636,0.61,0.118,3.64701898114637e-32,"GPATCH4"
2.05908250600358e-36,1.04173217289647,0.929,0.668,4.262506695678e-32,"SNU13"
3.92541756561786e-36,1.29078035875165,0.824,0.427,8.12600690258554e-32,"PMVK"
3.93471617068953e-36,1.57751847495425,0.758,0.299,8.14525594494439e-32,"LAPTM4B"
3.94296478182168e-36,2.06430693096742,0.651,0.142,8.16233139484906e-32,"NT5C"
3.99241005832985e-36,2.93105554588295,0.542,0.047,8.26468806174863e-32,"RP11-81H14.2"
4.13061951289101e-36,1.10777333736011,0.898,0.555,8.55079545363568e-32,"HNRNPA3"
5.49341239210021e-36,1.41994827224827,0.818,0.379,1.13719129928866e-31,"RPL26L1"
5.63498672691372e-36,1.01585605197539,0.93,0.611,1.16649860233841e-31,"EIF3I"
6.1369033935137e-36,1.66152043332356,0.732,0.256,1.27040037149127e-31,"WBP2"
6.52886901382866e-36,1.09832545992235,0.921,0.616,1.35154117455267e-31,"ALDOA"
6.80501141175271e-36,-2.407329521463,0.492,0.706,1.40870541234693e-31,"AGPAT2"
7.68176670441803e-36,1.074178839863,0.892,0.649,1.59020252548158e-31,"GRN"
7.84171972584081e-36,1.85312432213331,0.741,0.336,1.62331440044631e-31,"PLOD1"
7.96055524995787e-36,1.87936003546858,0.697,0.209,1.64791454229378e-31,"LSM10"
7.97028437138469e-36,-4.65109711052934,0.042,0.251,1.64992856772035e-31,"CRIP1"
8.41960789751959e-36,2.32441156728545,0.602,0.1,1.74294303086553e-31,"ERAL1"
8.80120912145945e-36,1.76903385305885,0.731,0.261,1.82193830023332e-31,"MRPS18C"
9.27035966217583e-36,-1.77670179695883,0.704,0.787,1.91905715366702e-31,"C4BPB"
9.88425515659521e-36,1.56820006346817,0.78,0.322,2.04613965996677e-31,"MRPL21"
9.97981957910598e-36,1.12799940453751,0.903,0.555,2.06592245107073e-31,"UQCC2"
1.08085803086485e-35,1.52922289274556,0.808,0.469,2.23748420969332e-31,"FMO5"
1.13770195496104e-35,-3.6819960542175,0.221,0.517,2.35515681696485e-31,"FAM46A"
1.16951070817213e-35,3.17634883643013,0.567,0.081,2.42100411698713e-31,"RAD51C"
1.26307509558111e-35,2.24286781659915,0.668,0.18,2.61469175536246e-31,"ARMC1"
1.44345552751301e-35,2.01474101691954,0.682,0.199,2.98809728750467e-31,"NOP56"
1.45247406071147e-35,1.26978826223206,0.838,0.479,3.00676655307881e-31,"MRPS12"
1.51140908563822e-35,1.59705845753709,0.735,0.284,3.12876794817968e-31,"PCYT2"
1.51903561634108e-35,2.34274019379724,0.617,0.118,3.14455562938766e-31,"DTYMK"
1.54653761238569e-35,0.899743866162945,0.999,0.806,3.20148751139962e-31,"FGG"
1.5470480483694e-35,0.864238343461237,0.957,0.796,3.2025441649295e-31,"ST13"
1.72030373701089e-35,5.36636803597678,0.474,0.005,3.56120076598623e-31,"TRIM16L"
1.82923171783052e-35,1.97353461648687,0.681,0.199,3.78669257908097e-31,"WDR45B"
2.38874471200246e-35,1.86267124597623,0.713,0.223,4.94494042831629e-31,"DDX39A"
2.50891609196398e-35,1.58671504380871,0.758,0.28,5.19370720197464e-31,"MAD2L2"
2.94532843193572e-35,2.51089596083121,0.574,0.076,6.09712438695013e-31,"EFTUD2"
2.96994570801855e-35,-3.12593726698185,0.323,0.597,6.14808461016921e-31,"FBP1"
3.0230417212121e-35,2.605517425872,0.57,0.076,6.25799866708118e-31,"TRMT1"
3.04440412922546e-35,1.72053488530643,0.739,0.265,6.30222098790963e-31,"DUT"
3.23610059022967e-35,-1.5102994783769,0.757,0.839,6.69905183183443e-31,"HRG"
3.54595443930165e-35,1.59035560658095,0.783,0.351,7.34048028479835e-31,"CYP4F11"
3.71574316450546e-35,2.37098142897164,0.624,0.128,7.69195992484275e-31,"C20orf27"
3.83210953474641e-35,4.15999830020463,0.493,0.019,7.93284994787854e-31,"NLE1"
3.91168401683767e-35,0.628299378040373,1,1,8.09757708325567e-31,"RPL12"
4.59556853418567e-35,1.24001749779159,0.827,0.427,9.51328642261775e-31,"TSPO"
5.76621041247512e-35,1.95423044823586,0.692,0.232,1.19366321748648e-30,"STX10"
6.02771134906899e-35,1.97204281443926,0.656,0.166,1.24779652637077e-30,"TERF1"
7.53411970481321e-35,2.01430887319682,0.643,0.152,1.55963812009338e-30,"DDX41"
7.88529624618632e-35,-1.06608835798108,0.931,0.938,1.63233517592303e-30,"PFN1"
8.20091388332354e-35,-2.28438315168973,0.564,0.739,1.69767118298681e-30,"HSPH1"
8.45014836952592e-35,1.95007093295783,0.683,0.19,1.74926521397556e-30,"IFT20"
9.29564498042881e-35,1.850331852628,0.703,0.213,1.92429146739857e-30,"TIMMDC1"
1.18217849301326e-34,0.914588347902481,0.959,0.744,2.44722769838676e-30,"SNRPE"
1.35964693169746e-34,-2.23796314881931,0.497,0.711,2.81460511330691e-30,"CDHR5"
1.52609093786375e-34,3.41284505984866,0.499,0.028,3.15916085047175e-30,"SNAI2"
1.54121592912599e-34,2.61973131047816,0.562,0.076,3.19047109488372e-30,"RP11-706C16.7"
1.65930689150063e-34,1.36066903550234,0.829,0.417,3.43493119609545e-30,"MRPL40"
1.85067712030449e-34,-2.73717497533494,0.588,0.739,3.83108670674232e-30,"IFI6"
2.22360779169181e-34,4.40326703497558,0.483,0.019,4.60309048958121e-30,"PRKCDBP"
2.62920292453708e-34,1.18727693545845,0.865,0.498,5.44271297408421e-30,"MRPS16"
2.78365117166346e-34,1.77711484941095,0.682,0.213,5.76243629046053e-30,"SMIM20"
3.05574577138773e-34,1.455845830933,0.783,0.355,6.32569932134975e-30,"MAF1"
3.28458190355837e-34,1.17412874378273,0.863,0.507,6.79941299855619e-30,"MDH1"
4.66298437871228e-34,1.82971034775907,0.66,0.166,9.65284396237229e-30,"VAT1"
6.05072910234287e-34,2.0828858294849,0.634,0.152,1.252561431476e-29,"ALKBH2"
6.6570790221264e-34,-1.45260360052551,0.788,0.815,1.37808192837039e-29,"GABARAP"
7.18289638835096e-34,1.83836320724656,0.676,0.204,1.48693138135253e-29,"RTCB"
7.35486560356317e-34,3.23808345139981,0.499,0.028,1.52253072859361e-29,"CCDC137"
7.44693595604466e-34,1.74043338250691,0.68,0.223,1.54159021226081e-29,"KPNB1"
9.51449825713522e-34,1.44108299194792,0.754,0.294,1.96959628420956e-29,"TEX264"
1.36195912848563e-33,1.92319174314865,0.646,0.166,2.81939159187811e-29,"DCTPP1"
1.51318429890026e-33,-2.49466970288475,0.692,0.81,3.13244281715344e-29,"TIMP1"
1.68623874779135e-33,1.55639122307404,0.709,0.265,3.49068283180287e-29,"YIF1B"
1.74546712539181e-33,1.49124223335086,0.688,0.204,3.61329149627359e-29,"CSNK1D"
1.85424864816006e-33,1.11156227345506,0.879,0.54,3.83848012655615e-29,"PAIP2"
1.93729902768047e-33,1.76426874192161,0.644,0.171,4.01040271720133e-29,"ADSL"
2.02609629009637e-33,1.75030610173685,0.599,0.109,4.19422193012849e-29,"C5orf45"
2.05694103717292e-33,3.4689997993672,0.501,0.038,4.25807364105167e-29,"TSEN54"
2.12937058451826e-33,2.19963520128026,0.585,0.109,4.40801004701126e-29,"ACSS3"
2.17913708301452e-33,1.81124261052357,0.711,0.265,4.51103167554837e-29,"TUBB2A"
2.24305504981929e-33,1.47128953972522,0.79,0.341,4.64334825863091e-29,"RPL22L1"
2.31648501770011e-33,1.85064037794113,0.635,0.142,4.795355635141e-29,"TAF15"
2.83432029744199e-33,1.29849778991113,0.811,0.389,5.86732644773466e-29,"MRPL22"
3.21307766450104e-33,1.21935068490335,0.8,0.36,6.6513920732836e-29,"FAM195B"
3.66133312884845e-33,2.44110686528311,0.595,0.114,7.57932571002919e-29,"BRIX1"
4.08742636397983e-33,-0.954812732059154,1,0.995,8.46138131607465e-29,"MT-ATP6"
4.55450422241825e-33,2.07814707343373,0.623,0.137,9.42827919082803e-29,"TKFC"
5.03792437232424e-33,1.02329405136852,0.886,0.592,1.04290072431484e-28,"YIF1A"
5.46713623180655e-33,2.04473210744107,0.619,0.142,1.13175187134627e-28,"TRAF4"
5.83824473958779e-33,0.553965491042403,1,0.976,1.20857504354207e-28,"RPL9"
6.7468550566322e-33,1.55305833125475,0.711,0.218,1.39666646527343e-28,"COX11"
6.910431122665e-33,1.2065000790066,0.839,0.464,1.43052834670288e-28,"GTF3A"
7.26616015144156e-33,1.23161475588385,0.861,0.54,1.50416781294992e-28,"GLRX"
8.18001287082186e-33,0.558028712819294,1,0.981,1.69334446438883e-28,"RPS13"
8.35677495793913e-33,3.36705741435301,0.464,0.014,1.72993598404298e-28,"TK1"
8.59892309092618e-33,2.07383416568704,0.568,0.085,1.78006306905263e-28,"DLAT"
9.2093664171372e-33,3.12070924124152,0.487,0.028,1.90643094201157e-28,"PHYHD1"
9.34212352844614e-33,1.40321196050571,0.751,0.289,1.93391299162364e-28,"SEC13"
1.00435883822534e-32,1.44004499225204,0.75,0.327,2.07912323101028e-28,"TRAPPC3"
1.28681470230258e-32,1.50473818611353,0.712,0.237,2.66383511523657e-28,"FAM49B"
1.32919376964758e-32,1.49894823858016,0.766,0.318,2.75156402254745e-28,"IDH3B"
1.41703819037393e-32,1.06035935990789,0.839,0.474,2.93341075789308e-28,"TMEM167A"
1.42085124944029e-32,-1.71890917886143,0.7,0.782,2.94130417146634e-28,"TMEM123"
1.42959604955346e-32,-1.95768215318027,0.582,0.744,2.95940678218061e-28,"MPC1"
1.43248801852986e-32,-4.27969461890604,0.047,0.251,2.96539344715866e-28,"SERPINE1"
1.78743707023667e-32,-3.12869319653181,0.156,0.436,3.70017347909692e-28,"GLTPD2"
1.99365115606444e-32,2.01984949759266,0.594,0.118,4.12705725816899e-28,"FN3KRP"
2.03859246131577e-32,3.7039915586197,0.483,0.033,4.22009025416979e-28,"SPATC1L"
2.05034967930932e-32,0.852651596634376,0.946,0.72,4.24442887113822e-28,"NDUFA6"
2.06279250133854e-32,0.672848631612819,0.987,0.91,4.27018675702092e-28,"EEF2"
2.08351387507923e-32,-4.01032672496541,0.069,0.299,4.31308207280152e-28,"MXD1"
2.17080858451499e-32,1.53462098081498,0.709,0.232,4.49379085080449e-28,"HIST1H1C"
2.37330997611343e-32,2.11755805383515,0.592,0.109,4.91298898155241e-28,"PES1"
2.5028213220904e-32,1.46746009535917,0.759,0.389,5.18109041885934e-28,"MTTP"
2.66878052207818e-32,3.13109860844847,0.517,0.057,5.52464255875404e-28,"C19orf48"
2.92899378511099e-32,1.18623693022789,0.833,0.455,6.06331003455827e-28,"SYF2"
3.17585529318517e-32,1.994836193176,0.567,0.09,6.57433804242262e-28,"CD320"
3.33638482805784e-32,-3.46198302196472,0.104,0.36,6.90665023256253e-28,"LGR4"
3.48542813585196e-32,1.79176111718204,0.668,0.194,7.21518478402713e-28,"MTFR1"
3.50277888477304e-32,2.40463699336233,0.56,0.09,7.25110256936866e-28,"BCAT2"
3.51486451427234e-32,2.18106015796149,0.539,0.071,7.27612103099516e-28,"MIF4GD"
4.26704817603883e-32,-1.54370328312317,0.665,0.782,8.83321642921799e-28,"HPN"
4.29650695266208e-32,-3.67369069719718,0.125,0.389,8.89419904270577e-28,"FNDC4"
4.49935791484992e-32,0.650381050439492,0.992,0.905,9.31412081953083e-28,"NDUFA13"
4.51314039672661e-32,2.40929398630746,0.569,0.104,9.34265193526376e-28,"CD163"
4.66837957529298e-32,-1.2502968259506,0.972,0.967,9.66401255881401e-28,"HSPA1A"
4.76445849042942e-32,1.52201068954724,0.605,0.123,9.86290552103794e-28,"SNRPN"
4.90609142680524e-32,1.28141633618437,0.785,0.379,1.01560998626295e-27,"PDCD6"
5.75904027635536e-32,3.20920751689338,0.516,0.062,1.19217892760832e-27,"FAM133A"
6.07988742764717e-32,0.458180601445863,1,1,1.25859749639724e-27,"RPL35"
6.76299663621718e-32,1.67803808303435,0.668,0.209,1.40000793366332e-27,"ZPR1"
7.06146559076855e-32,2.57370371209809,0.526,0.066,1.461793991945e-27,"BACE2"
7.36301429986472e-32,0.992121021048349,0.957,0.654,1.524217590215e-27,"UBD"
9.33389989926945e-32,-0.935113548820761,0.999,0.986,1.93221061814777e-27,"HLA-A"
1.03128472970147e-31,1.81071285948722,0.662,0.213,2.13486251895501e-27,"COMMD5"
1.10261911728391e-31,0.870637281201692,0.943,0.692,2.28253183468941e-27,"SDCBP"
1.13381325920906e-31,1.2185615076705,0.769,0.341,2.34710682788867e-27,"CAMLG"
1.20956905746651e-31,1.95502261813428,0.565,0.09,2.50392890586143e-27,"BLOC1S4"
1.3814469356405e-31,-1.68917226454611,0.697,0.773,2.85973330146939e-27,"UGP2"
1.42408028148712e-31,2.23103561881679,0.571,0.104,2.94798859070649e-27,"RP4-665J23.1"
1.44266398426053e-31,1.98628699277103,0.575,0.095,2.98645871381773e-27,"SDF2"
1.5037492468026e-31,1.60072160964395,0.718,0.275,3.11291131580605e-27,"RBM42"
1.61686516651533e-31,3.73882548158621,0.474,0.033,3.34707258120339e-27,"RP13-650J16.1"
1.62985614252531e-31,1.33311631102171,0.784,0.355,3.37396520064165e-27,"DIO1"
1.8123893183866e-31,1.85345505759621,0.657,0.218,3.7518271279921e-27,"NOC2L"
1.92654293295707e-31,-2.35826378854316,0.483,0.682,3.98813652551444e-27,"CREM"
2.18314544435274e-31,1.62641946536427,0.756,0.332,4.5193293843546e-27,"ACAT2"
2.30988558161171e-31,1.26565586249452,0.833,0.436,4.78169414249439e-27,"DPM3"
2.37638139683619e-31,1.23040303841152,0.804,0.379,4.91934712959059e-27,"CKLF"
2.37825177329678e-31,-4.32268095831268,0.09,0.336,4.92321899590166e-27,"C8orf4"
2.42642040665929e-31,1.21951220163374,0.819,0.464,5.0229328838254e-27,"DDOST"
2.64684077478666e-31,-3.79849355066368,0.106,0.355,5.47922508788587e-27,"CYP4A22"
3.22048988515154e-31,3.22658163505969,0.486,0.043,6.6667361112522e-27,"SSX2IP"
3.23692917475836e-31,2.03121549016138,0.613,0.152,6.70076708466728e-27,"RFXANK"
3.25511579888996e-31,1.48550641520636,0.737,0.303,6.7384152152821e-27,"ETNK2"
3.32997932602498e-31,1.70825737525831,0.667,0.209,6.89339020280432e-27,"DRG1"
3.4628507065575e-31,1.10295015121436,0.868,0.588,7.16844724764469e-27,"MPLKIP"
3.52869558210635e-31,2.22191280408531,0.555,0.095,7.30475272451835e-27,"TMCC1"
3.74992101528544e-31,1.46156153567765,0.749,0.346,7.76271149374239e-27,"EMC4"
3.98828558931955e-31,1.79356391004614,0.639,0.152,8.25614999845039e-27,"PSME3"
4.05382400449085e-31,1.18368550644623,0.803,0.389,8.39182107169651e-27,"PSMC4"
4.45147844529176e-31,2.55808437645418,0.497,0.043,9.21500552959848e-27,"RALY-AS1"
4.5569685792156e-31,-3.39089767658188,0.134,0.398,9.43338065583421e-27,"KLKB1"
4.56410683740935e-31,1.89678649138798,0.619,0.161,9.44815756412111e-27,"DCAF4L2"
4.6181247473463e-31,-0.950881788288679,0.998,0.981,9.55998003948158e-27,"SEPP1"
5.04336068767586e-31,2.66982295506761,0.521,0.066,1.04402609595578e-26,"FTSJ3"
6.51676256628925e-31,1.00735739053572,0.934,0.697,1.34903501884754e-26,"EIF2S2"
6.81355998717398e-31,2.53538141330541,0.516,0.062,1.41047505294488e-26,"GOSR2"
6.90439347335729e-31,1.92968606151289,0.518,0.062,1.42927849291969e-26,"COA7"
7.38620027756676e-31,1.48774546467834,0.689,0.232,1.52901731945909e-26,"NUDCD2"
8.12541077040663e-31,2.02065220582129,0.588,0.123,1.68204128358188e-26,"GSTM3"
9.74815123011764e-31,1.65536739045565,0.652,0.175,2.01796478614665e-26,"POP5"
1.06452999469113e-30,1.11470616109832,0.862,0.588,2.20368354201011e-26,"VMP1"
1.07073162315921e-30,1.55573139955853,0.727,0.303,2.21652153310189e-26,"EBNA1BP2"
1.18606525522948e-30,-1.39875056901963,0.814,0.863,2.45527368485054e-26,"HLA-E"
1.28103481179264e-30,1.89355496619266,0.667,0.223,2.65187016389194e-26,"TAF12"
1.57854086176063e-30,1.60727046573846,0.725,0.303,3.26773743793068e-26,"KARS"
1.6281601274333e-30,1.83714026072166,0.611,0.142,3.37045427979968e-26,"NME2"
1.72110792203538e-30,1.86965282866492,0.615,0.152,3.56286550940544e-26,"EXOSC5"
1.81892732735882e-30,-0.632755911525198,0.991,0.972,3.7653614603655e-26,"H3F3A"
1.85166879506696e-30,2.6098257415493,0.492,0.047,3.83313957266811e-26,"RRP9"
1.90422243523166e-30,1.15112042667835,0.856,0.379,3.94193086317307e-26,"APCS"
1.92657675296295e-30,-1.95291563814628,0.771,0.825,3.9882065363086e-26,"PDIA4"
2.00135180193428e-30,2.55176155413372,0.513,0.066,4.14299836518414e-26,"GLI4"
2.19936404597287e-30,1.52789698273265,0.632,0.166,4.55290351156843e-26,"PPIE"
2.25094783504185e-30,-3.11796997732453,0.205,0.479,4.65968711332013e-26,"DST"
2.28758380027339e-30,1.57301094409313,0.722,0.28,4.73552722494595e-26,"U2SURP"
2.89256122416371e-30,1.74614338627269,0.621,0.166,5.9878909901413e-26,"SRM"
3.06808761957112e-30,1.35292435289464,0.755,0.37,6.35124818127417e-26,"NOL7"
3.20261301944713e-30,-3.07585793625008,0.2,0.474,6.62972921155751e-26,"TUBA4A"
3.24302505957364e-30,1.03332775719831,0.89,0.597,6.7133861758234e-26,"NDUFB5"
3.56444505874751e-30,1.53282043113891,0.686,0.218,7.37875771611322e-26,"COASY"
4.30345853070946e-30,1.33842783912785,0.785,0.346,8.90858950442164e-26,"LSM2"
4.47884965431781e-30,1.19640161107145,0.784,0.403,9.27166666940329e-26,"AHCY"
4.69059985810806e-30,1.06224804355995,0.874,0.517,9.71001076626949e-26,"SNRPD3"
4.98923174401902e-30,0.943975200930602,0.88,0.545,1.03282086332938e-25,"MYEOV2"
5.45383770340723e-30,1.04115980518621,0.836,0.488,1.12899894298233e-25,"COPS6"
5.47456376901305e-30,1.03661031314534,0.794,0.393,1.13328944582339e-25,"SYNGR2"
5.68417856014848e-30,3.2780072334924,0.443,0.019,1.17668180373634e-25,"CGREF1"
5.71255805263758e-30,0.909363404375735,0.933,0.678,1.18255664247651e-25,"DECR1"
6.27770059460292e-30,1.72112411665338,0.632,0.161,1.29954680008875e-25,"EEF1E1"
7.41296536980448e-30,0.798575264672842,0.9,0.517,1.53455796120323e-25,"C10orf10"
7.61152787810462e-30,1.10636328476021,0.801,0.436,1.57566238604644e-25,"EID1"
7.86853583282274e-30,1.93616116814104,0.636,0.194,1.62886560275264e-25,"TMEM161A"
1.03575133023449e-29,2.38195818923241,0.5,0.057,2.14410882871841e-25,"NAT9"
1.17628078302915e-29,2.39942452756112,0.508,0.066,2.43501884894865e-25,"DDX52"
1.19041400395226e-29,2.28941900027939,0.539,0.095,2.46427602958158e-25,"NAGS"
1.28587520895125e-29,1.57796425656291,0.642,0.175,2.66189027004998e-25,"GSS"
1.29157002207304e-29,2.8064899456926,0.498,0.066,2.67367910269341e-25,"ZNF830"
1.31080507394715e-29,0.733105049351255,0.968,0.763,2.713497583578e-25,"ATP5B"
1.3562692230603e-29,-0.803705039744873,0.995,0.986,2.80761291865713e-25,"MT-ND3"
1.35805829106364e-29,1.08556407354453,0.77,0.341,2.81131646833083e-25,"DDX18"
1.37943288616451e-29,-1.97887595940246,0.528,0.701,2.85556401764915e-25,"PVRL2"
1.77545716558601e-29,1.80706222095655,0.607,0.147,3.6753738784796e-25,"CDC123"
1.98465404515013e-29,1.00390627963359,0.824,0.436,4.10843233886528e-25,"H2AFY"
2.01721894394086e-29,3.67953773360642,0.455,0.033,4.17584493585197e-25,"FBXO32"
2.02981763930678e-29,-0.62853008653465,0.994,0.967,4.20192549512896e-25,"MYL6"
2.04074133971711e-29,0.990361449064038,0.861,0.573,4.2245386473484e-25,"EIF3F"
2.08855096821876e-29,0.637354543311131,0.989,0.867,4.32350935930966e-25,"CHCHD2"
2.55308149902018e-29,1.5968807927005,0.65,0.199,5.28513401112167e-25,"IGBP1"
2.59743536295968e-29,3.39288438391668,0.462,0.038,5.37695094486284e-25,"SLC26A6"
2.66472230720175e-29,3.94276002097252,0.441,0.024,5.51624164813835e-25,"C1QTNF3"
2.8151536048076e-29,1.02189061273713,0.861,0.536,5.82764947731222e-25,"ADRM1"
3.08346430818722e-29,3.85014053289185,0.414,0.005,6.38307946437837e-25,"RP3-460G2.2"
4.43158242460181e-29,1.16562532422769,0.84,0.436,9.17381877716821e-25,"NIT2"
4.43570506805803e-29,-3.13490418721559,0.176,0.441,9.18235306138693e-25,"ABHD3"
4.52461635766813e-29,1.23463805935637,0.833,0.45,9.3664083220088e-25,"RSL24D1"
4.64365508622333e-29,1.31957620265165,0.739,0.299,9.61283039399091e-25,"EMC7"
4.671430701129e-29,1.51470994594537,0.647,0.213,9.67032869440714e-25,"SLC25A4"
4.89916466486253e-29,1.12687585810556,0.802,0.436,1.01417607727319e-24,"RSL1D1"
4.94124942170887e-29,1.66622488961288,0.666,0.218,1.02288804278795e-24,"PDZD11"
4.99713586049097e-29,-3.30866196074992,0.382,0.621,1.03445709448024e-24,"CXCL2"
5.00528312718014e-29,-3.37099653340428,0.247,0.526,1.03614366015756e-24,"SDS"
5.02608651253663e-29,1.46886201530767,0.645,0.199,1.04045016896021e-24,"NARF"
5.07537069257098e-29,-2.05776643258281,0.508,0.682,1.05065248706912e-24,"CD46"
5.24717809155798e-29,1.01188422351348,0.903,0.602,1.08621833673342e-24,"NAP1L1"
5.3088395133193e-29,1.42713949785775,0.599,0.142,1.09898286765223e-24,"AP2B1"
5.89372518757386e-29,1.03778239879679,0.817,0.46,1.22006005107966e-24,"SEC11A"
6.20508146182377e-29,1.95297262299951,0.564,0.109,1.28451391341214e-24,"C6orf1"
6.5432057138985e-29,-1.82789358111561,0.857,0.886,1.35450901483413e-24,"JUN"
6.91549641357144e-29,1.12016776362666,0.716,0.256,1.43157691257342e-24,"NT5C3B"
7.39994978113586e-29,0.829576889755817,0.943,0.701,1.53186360419294e-24,"ATP5O"
7.41028109862221e-29,2.36325724935587,0.536,0.095,1.53400229022578e-24,"BOLA1"
7.81606216646644e-29,2.92193494264222,0.462,0.038,1.61800302908022e-24,"PPAN"
8.23576939943204e-29,2.2698642989512,0.623,0.185,1.70488662337643e-24,"PCNA"
1.10134420119063e-28,1.17722810320248,0.79,0.408,2.27989263088473e-24,"MRPS33"
1.15028677681786e-28,4.76973066466535,0.413,0.009,2.38120865669065e-24,"HEXIM2"
1.25465683655988e-28,2.38536987214986,0.497,0.066,2.59726511736261e-24,"TBCD"
1.33285452120675e-28,2.22497843835225,0.521,0.081,2.7591421443501e-24,"MED24"
1.39618344852338e-28,0.961367036177509,0.852,0.493,2.89023935678824e-24,"TMEM147"
1.43469107807779e-28,1.00870232929858,0.872,0.545,2.96995400072884e-24,"PFDN6"
1.43760653213887e-28,1.70860650419912,0.629,0.19,2.97598928218068e-24,"MRPS11"
1.48270826502719e-28,0.892722518464893,0.898,0.668,3.06935437943278e-24,"SCAND1"
1.57136818886294e-28,-4.07347377703557,0.081,0.303,3.25288928776516e-24,"KDM6B"
1.58885590178616e-28,1.52543145991208,0.687,0.275,3.28909060228753e-24,"PRPF6"
1.88175083610599e-28,1.47670097100207,0.714,0.284,3.89541240582301e-24,"SNX2"
1.89683802816211e-28,1.12026389912157,0.823,0.455,3.92664440209839e-24,"UBE2V2"
1.99407780771711e-28,-3.74349325651635,0.094,0.327,4.12794046975519e-24,"SRI"
2.00288208567729e-28,4.96083314885912,0.405,0.005,4.14616620556056e-24,"RP11-492E3.2"
2.0134576299576e-28,0.593984664314287,0.994,0.953,4.16805863977524e-24,"RPS10"
2.09139400902624e-28,1.87305828513217,0.558,0.118,4.32939473808522e-24,"AMZ2"
2.24940147566759e-28,1.23799576531908,0.707,0.261,4.65648599477948e-24,"ABHD14B"
2.28335010649044e-28,1.41827796895818,0.693,0.251,4.72676305544586e-24,"CDK5RAP3"
2.45044930289034e-28,1.70277331394996,0.587,0.137,5.07267510191328e-24,"RCN2"
2.58452258440758e-28,-2.91790440178832,0.185,0.445,5.35022020198213e-24,"PPP2CB"
2.97057419105484e-28,2.91420454268641,0.463,0.043,6.14938563290263e-24,"RAB11FIP4"
3.11304362578454e-28,-2.8994909311256,0.219,0.483,6.44431160973659e-24,"NKG7"
3.18203393551012e-28,1.09522288308752,0.859,0.517,6.58712844989949e-24,"SSBP1"
3.65284814879218e-28,0.688548831397155,0.982,0.839,7.5617609528147e-24,"UQCR10"
3.76030162751271e-28,1.81102339924986,0.589,0.133,7.78420039911405e-24,"AIMP2"
3.8020652312156e-28,0.783277035105424,0.953,0.716,7.87065523513941e-24,"ATP6V0B"
3.82200985694504e-28,0.889623190867414,0.918,0.635,7.91194260486193e-24,"LINC00493"
3.91341857738205e-28,1.74159152861433,0.589,0.142,8.10116779703857e-24,"MRPL46"
3.96416262851736e-28,2.13211053198214,0.539,0.104,8.20621305729379e-24,"RBFA"
4.26198807674558e-28,1.37973789736519,0.74,0.346,8.82274151767103e-24,"MRPL15"
4.87059500579574e-28,1.44333432406322,0.717,0.289,1.00826187214978e-23,"ANP32A"
4.98530519756159e-28,-1.61628052246987,0.676,0.801,1.03200802894722e-23,"MCL1"
5.12116744612506e-28,1.15270422528997,0.897,0.607,1.06013287302235e-23,"ZFAS1"
5.19929898342077e-28,1.54940026816736,0.613,0.175,1.07630688255793e-23,"PSMG1"
5.36718395562784e-28,1.2425834274964,0.736,0.294,1.11106075065452e-23,"WBSCR22"
5.41073601718041e-28,0.890888149244462,0.887,0.607,1.12007646291652e-23,"RAB7A"
5.46850951918908e-28,0.974813851679755,0.839,0.488,1.13203615556733e-23,"C9orf16"
6.38877417930441e-28,1.86598521469398,0.584,0.147,1.32254014285781e-23,"ACSM1"
6.76941651932559e-28,1.53188665455951,0.628,0.166,1.40133691366559e-23,"PHAX"
6.96003045139293e-28,1.71980420652036,0.591,0.142,1.44079590374285e-23,"ALDOC"
7.81751728148974e-28,1.53413403211353,0.667,0.237,1.61830425244119e-23,"NEK6"
7.89836053323113e-28,2.06314397421379,0.532,0.1,1.63503961398418e-23,"STARD3"
8.10293231574266e-28,0.414982505012214,1,1,1.67738801868189e-23,"RPL13A"
8.37810604978492e-28,1.17166603900943,0.784,0.384,1.73435173336598e-23,"XRCC6"
8.48033889075834e-28,0.830092908162055,0.915,0.645,1.75551495377588e-23,"HSPA9"
9.82447087789321e-28,1.00494179232898,0.824,0.46,2.03376371643267e-23,"UBE2D2"
9.87224856007536e-28,1.08310234933523,0.837,0.474,2.0436541744212e-23,"RAB13"
1.0163957373914e-27,3.22630265207408,0.444,0.033,2.10404081597394e-23,"DPH2"
1.07359575081167e-27,1.28190670010007,0.769,0.389,2.22245056375523e-23,"DERL1"
1.0820535538457e-27,-1.22085571212314,0.934,0.919,2.23995906181599e-23,"DNAJB1"
1.1126467479629e-27,3.52807400125947,0.407,0.009,2.30329003295799e-23,"TRIM16"
1.11416240797724e-27,-2.11099783316378,0.438,0.64,2.30642760075368e-23,"SERINC1"
1.13159274971405e-27,1.71806722085665,0.597,0.161,2.34251015118306e-23,"OGFOD3"
1.1819571019406e-27,1.43945436898294,0.679,0.261,2.44676939672723e-23,"GGNBP2"
1.28808933802545e-27,0.945206428678177,0.892,0.63,2.66647373864648e-23,"NDUFAB1"
1.38680761275266e-27,1.64634685013242,0.654,0.218,2.87083043915928e-23,"IDH3G"
1.45491911988139e-27,1.21963449548788,0.753,0.384,3.01182807006646e-23,"TXNL4A"
1.49157910148873e-27,1.45323118503051,0.51,0.076,3.08771789799183e-23,"PLPP2"
1.53735422288511e-27,1.92350447372328,0.566,0.133,3.18247697679446e-23,"SCPEP1"
1.69671791781367e-27,1.16967741807284,0.766,0.374,3.51237576166609e-23,"NDUFA8"
1.89842261840917e-27,2.68060610469283,0.48,0.062,3.92992466236882e-23,"RNASEH2A"
1.92837370349899e-27,-1.32130830185094,0.711,0.791,3.99192640361326e-23,"PROC"
1.95466879369885e-27,-2.52611377979968,0.402,0.607,4.04635986983599e-23,"PON3"
2.26820427909708e-27,5.98566309178858,0.385,0,4.69540967815887e-23,"ODAM"
2.34281854610584e-27,1.1869908527165,0.746,0.327,4.84986867229369e-23,"CD9"
2.48073415023664e-27,1.35675485272862,0.696,0.28,5.13536776440487e-23,"DDX46"
2.55102886990068e-27,1.58005564891573,0.513,0.076,5.28088486358139e-23,"LGALS9"
2.74335245283052e-27,1.91348399406791,0.591,0.166,5.67901391260446e-23,"GIPC1"
3.21615918600266e-27,1.66746038756298,0.551,0.109,6.65777113094412e-23,"NABP2"
3.25228794855085e-27,1.31725419270073,0.722,0.299,6.73256128229512e-23,"TTC1"
3.34273407894732e-27,2.16771817385294,0.515,0.095,6.91979381682885e-23,"PKN1"
3.81124281922176e-27,3.31280742938309,0.43,0.028,7.88965376007097e-23,"MAGEF1"
3.83228721004441e-27,-2.69521526714744,0.292,0.54,7.93321775351294e-23,"HABP2"
4.04430400129662e-27,-1.87607843195861,0.561,0.739,8.37211371308413e-23,"ZFP36L2"
4.25639934842387e-27,2.01713834813598,0.482,0.062,8.81117229117225e-23,"PRKAA2"
4.59176505605328e-27,2.74464941476911,0.449,0.043,9.5054128425359e-23,"AMACR"
4.68421477334995e-27,1.67975961118057,0.551,0.114,9.69679300231172e-23,"C4orf27"
4.74677049830609e-27,1.5151272838247,0.67,0.246,9.82628960854343e-23,"PARL"
4.90141884239705e-27,2.08477113252893,0.532,0.1,1.01464271456461e-22,"UBL7"
5.53279013672233e-27,3.0163048682528,0.407,0.014,1.14534288620289e-22,"SEMA6A"
5.7401962285989e-27,1.44196895672302,0.686,0.265,1.18827802128226e-22,"PRPF31"
5.83723495169723e-27,1.26567297580024,0.742,0.351,1.20836600735084e-22,"RBCK1"
5.9738924341729e-27,0.682218678199802,0.948,0.555,1.23665547279813e-22,"GSTA2"
6.30959388764284e-27,5.57267993185639,0.38,0,1.30614903068095e-22,"MAPT"
6.3701939308004e-27,0.964631761661601,0.868,0.607,1.31869384561499e-22,"C19orf60"
6.4128113056994e-27,1.0608889191122,0.831,0.474,1.32751606839283e-22,"PSMD7"
6.99598613067256e-27,2.94595588052351,0.468,0.062,1.44823908891053e-22,"NUP85"
6.99644944408665e-27,-1.68250406341345,0.795,0.839,1.44833499942038e-22,"NFKBIA"
7.53305968603668e-27,3.95243698320178,0.413,0.024,1.55941868560645e-22,"BYSL"
8.64014354235782e-27,1.69108644908448,0.567,0.128,1.78859611470349e-22,"HARS"
9.01852155709292e-27,-1.20441885393774,0.823,0.877,1.86692414753381e-22,"JUND"
9.17293254455073e-27,1.52551392088093,0.667,0.223,1.89888876604745e-22,"RP11-798K3.2"
9.78665663234191e-27,1.83617525596824,0.587,0.156,2.0259357894611e-22,"RMDN1"
9.89872988444912e-27,-3.33962080545461,0.192,0.445,2.04913607337981e-22,"CFHR3"
1.081386510499e-26,1.14171415483402,0.808,0.436,2.23857821538398e-22,"CISD2"
1.09990806205874e-26,1.02329082106377,0.843,0.488,2.27691967926779e-22,"MZT2A"
1.13552863929539e-26,1.56365281901662,0.635,0.218,2.35065783620539e-22,"PEF1"
1.16631209284567e-26,1.20120796775549,0.735,0.341,2.41438266339981e-22,"AK6"
1.29374118304178e-26,1.06420882926822,0.787,0.379,2.67817362301479e-22,"FXR1"
1.33309501964524e-26,1.49164775098908,0.621,0.194,2.75964000016762e-22,"GAA"
1.48353648540238e-26,2.05897042905432,0.526,0.104,3.07106887843147e-22,"C11orf74"
1.60545538250311e-26,1.37200857283409,0.695,0.261,3.32345318731969e-22,"COA6"
1.68531771382627e-26,-1.30013937433778,0.769,0.815,3.48877619939176e-22,"BSG"
1.72550017106042e-26,1.68377100450498,0.585,0.166,3.57195790411218e-22,"ACSF2"
1.75713251040742e-26,1.38855936060112,0.65,0.213,3.6374400097944e-22,"MRPL9"
1.8345279243348e-26,2.1700032457116,0.531,0.109,3.79765625616547e-22,"THEM6"
1.99532035962898e-26,3.09674743136687,0.443,0.043,4.13051267646794e-22,"KIAA1143"
2.22641519629464e-26,-0.795968537735852,1,1,4.60890209784953e-22,"MT-CO3"
2.2409344901464e-26,-3.68746047831184,0.103,0.332,4.63895848805205e-22,"MAFB"
2.42466417925355e-26,-3.12887782702046,0.203,0.45,5.01929731747277e-22,"PRG4"
2.44202021133691e-26,1.3958649209035,0.693,0.261,5.05522603948853e-22,"YBEY"
2.58977449944699e-26,-1.98028230998137,0.558,0.692,5.36109219130521e-22,"ACADVL"
2.76961901334253e-26,2.22888947928541,0.504,0.09,5.73338831952036e-22,"LRRC61"
2.77025156356887e-26,0.98570539080837,0.969,0.768,5.73469776174392e-22,"LDHA"
2.79454200907117e-26,1.23746134975194,0.754,0.341,5.78498141297823e-22,"ORMDL2"
2.85742031033458e-26,1.62312115674762,0.571,0.142,5.91514578442362e-22,"ARL16"
3.00622037812584e-26,1.5578305162451,0.622,0.18,6.2231768047583e-22,"COMMD9"
3.01892253803303e-26,-3.02767306421404,0.178,0.427,6.24947154598217e-22,"TPM4"
3.07956869072189e-26,-2.1207640560618,0.41,0.621,6.37501514666339e-22,"SMPDL3A"
3.08606653528036e-26,-2.20367338055673,0.705,0.782,6.38846633468386e-22,"TAT"
3.11182878853347e-26,1.83578664292943,0.524,0.1,6.44179677514314e-22,"ME1"
3.29941229585978e-26,2.28004768169479,0.48,0.071,6.83011339365933e-22,"MTERF3"
3.65179416617952e-26,1.22721809629902,0.74,0.336,7.55957910340822e-22,"RABGGTB"
3.74282111873238e-26,1.17420014657166,0.744,0.327,7.74801399788789e-22,"LINC00116"
3.82204913817131e-26,1.6438955514605,0.589,0.175,7.91202392092843e-22,"NCBP2-AS2"
4.41653895037713e-26,2.03473111713634,0.53,0.114,9.1426772811757e-22,"RNFT1"
4.98997946991735e-26,0.670432858817008,0.967,0.815,1.03297565006759e-21,"ROMO1"
4.9995153627552e-26,1.25809736587538,0.652,0.199,1.03494967524395e-21,"ARSE"
5.08834207885265e-26,2.1456299649043,0.527,0.114,1.05333769374329e-21,"SAC3D1"
5.40562740594295e-26,5.24418054235097,0.383,0.009,1.11901892930425e-21,"CENPM"
6.5807089267725e-26,1.69349651765619,0.62,0.185,1.36227255493118e-21,"MRPS2"
6.77400261375559e-26,1.0547641647402,0.741,0.336,1.40228628107354e-21,"RALY"
6.84808506273e-26,1.13870830086568,0.783,0.436,1.41762208883574e-21,"MRPS26"
6.85563694019766e-26,0.957593129829903,0.812,0.441,1.41918540299032e-21,"HM13"
7.05772172023608e-26,-4.56319809162056,0.063,0.256,1.46101897330607e-21,"AREG"
7.21922815603508e-26,0.908904689492603,0.79,0.403,1.49445242058082e-21,"MARCKSL1"
7.60812880335236e-26,1.81244943666218,0.505,0.09,1.57495874358197e-21,"RFFL"
7.76236001348226e-26,0.441031529499456,1,0.991,1.60688614639096e-21,"RPS27A"
7.82677771006689e-26,1.10902927555285,0.698,0.227,1.62022125376095e-21,"TCEAL8"
8.00933323124048e-26,1.33586800284775,0.622,0.185,1.65801207219909e-21,"DDA1"
8.5435353646578e-26,2.05301021532308,0.531,0.109,1.76859725583781e-21,"MRPS27"
8.69578426942407e-26,3.06975664978096,0.428,0.038,1.80011430161348e-21,"C6orf226"
9.37632749088464e-26,2.04194448959765,0.542,0.128,1.94099355388803e-21,"CIAPIN1"
1.04252519011237e-25,-1.2639714623876,0.886,0.934,2.15813139605162e-21,"DUSP1"
1.06651966816627e-25,-3.51117260949724,0.095,0.313,2.20780236507099e-21,"TMEM86B"
1.24119687173379e-25,1.3831945638257,0.617,0.185,2.56940164417612e-21,"EIF4EBP3"
1.25901805097235e-25,2.10923722034272,0.499,0.09,2.60629326731787e-21,"ACLY"
1.27520483870233e-25,1.59378238264351,0.62,0.194,2.63980153659769e-21,"PCTP"
1.27694098367932e-25,3.49331539414761,0.387,0.014,2.64339553031456e-21,"CBR3"
1.31600179530072e-25,2.35143103456913,0.493,0.09,2.72425531645202e-21,"POLR3H"
1.32043588135367e-25,1.59010125225616,0.526,0.104,2.73343431799023e-21,"UTP6"
1.37509297527309e-25,-5.01484714186104,0.124,0.355,2.84657996811283e-21,"CYR61"
1.43177248908399e-25,1.74495546885213,0.54,0.123,2.96391222965277e-21,"SLC52A2"
1.72035033498308e-25,0.615252729106161,0.981,0.839,3.56129722844847e-21,"ATP5J"
1.82041900190898e-25,-2.17954931844165,0.556,0.701,3.76844937585177e-21,"SDC4"
1.84203976530601e-25,0.834153627066852,0.881,0.621,3.81320651815996e-21,"PSMD8"
1.9189136861121e-25,0.918661237598255,0.859,0.54,3.97234322162065e-21,"HNRNPDL"
1.95708607067273e-25,2.68381074616442,0.415,0.028,4.05136387489961e-21,"DHRS11"
2.0943556191097e-25,2.15669252122887,0.504,0.095,4.33552556711899e-21,"MTMR4"
2.41220751114605e-25,1.3651373055609,0.518,0.095,4.99351076882343e-21,"CDKN2AIPNL"
2.42599515528183e-25,2.41222944881188,0.477,0.076,5.02205257094892e-21,"CHCHD4"
2.68473280410059e-25,1.94901830792829,0.513,0.1,5.55766537776862e-21,"CHDH"
2.7671062900669e-25,1.59395282514707,0.551,0.133,5.72818673106748e-21,"CNP"
2.97831322174903e-25,2.03236561599344,0.53,0.118,6.16540620034267e-21,"C15orf61"
3.09039925407196e-25,1.35800442283324,0.664,0.242,6.39743549585436e-21,"ATG3"
3.21961887278642e-25,-0.931820697131285,0.859,0.872,6.66493302855517e-21,"NDUFA3"
3.44042976167656e-25,1.2452031456635,0.713,0.289,7.12203364964664e-21,"ASPDH"
3.60963983518053e-25,0.81046409859798,0.906,0.64,7.47231542280722e-21,"MRPL20"
3.8058106814601e-25,2.40133141838684,0.448,0.057,7.87840869169054e-21,"EPDR1"
3.8261827590236e-25,5.54785505312131,0.36,0,7.92058092945475e-21,"SSUH2"
3.92764686416592e-25,1.11425356373107,0.726,0.332,8.13062177350987e-21,"POLR1D"
4.41670174660304e-25,-1.2093095634841,0.738,0.82,9.14301428564296e-21,"EEF1G"
5.3359706950992e-25,1.11562050719284,0.777,0.389,1.10459929359249e-20,"ILF2"
5.36439425790222e-25,2.0369564651456,0.491,0.085,1.11048325532834e-20,"MRPL38"
5.96304372240106e-25,3.08627685814014,0.385,0.014,1.23440968097424e-20,"NKD1"
6.10834481965071e-25,3.1070898954849,0.394,0.019,1.26448846111589e-20,"GGT1"
6.24816914668438e-25,0.43026756624708,1,1,1.29343349505513e-20,"APOA2"
6.77552801882589e-25,1.28361652098245,0.695,0.275,1.40260205517715e-20,"CSTA"
7.12686441039186e-25,1.59160313904479,0.589,0.166,1.47533220159522e-20,"ECHDC1"
7.30045050163023e-25,1.58042728224252,0.558,0.133,1.51126625834247e-20,"ARMC6"
7.33151937974624e-25,1.3849276898136,0.684,0.294,1.51769782680127e-20,"MTSS1"
7.34361225986525e-25,1.41676750925887,0.63,0.218,1.52020117391471e-20,"NUDT2"
7.6004777524874e-25,2.0911084887743,0.513,0.104,1.57337489954242e-20,"CCL16"
7.84763507327203e-25,1.28246778180906,0.67,0.251,1.62453893651804e-20,"MRPS25"
8.09004863058926e-25,2.68322793562563,0.43,0.047,1.67472096701828e-20,"KIAA0101"
8.75031893920417e-25,3.14263593680025,0.403,0.028,1.81140352360465e-20,"CCDC51"
8.87265805796088e-25,1.53478914185839,0.676,0.251,1.83672894457848e-20,"TUBA1C"
9.51648342319492e-25,0.914443121879905,0.834,0.55,1.97000723343558e-20,"MRPS34"
9.71842178055767e-25,1.32109868044768,0.689,0.284,2.01181049279324e-20,"NDUFA9"
9.89359521965763e-25,-1.80524694745073,0.588,0.687,2.04807314642133e-20,"TMED10"
9.98600857911176e-25,0.63701837369227,0.96,0.81,2.06720363596192e-20,"AURKAIP1"
1.00125943522164e-24,4.61447524251569,0.385,0.019,2.07270715685231e-20,"CCNB1"
1.07400754097238e-24,5.54241382294575,0.363,0.005,2.22330301056693e-20,"UBE2C"
1.11050649041947e-24,1.95923438448266,0.488,0.09,2.29885948581735e-20,"CDC27"
1.17383691989601e-24,2.97161641750059,0.424,0.043,2.42995980787673e-20,"C17orf75"
1.2229739781279e-24,2.09424164046707,0.493,0.09,2.53167843212256e-20,"GEMIN6"
1.24030671376865e-24,1.04477622150438,0.78,0.408,2.56755892817249e-20,"RNF7"
1.26862613964653e-24,1.29219272304975,0.62,0.19,2.62618297168228e-20,"MRPS17"
1.27014325940521e-24,-2.36028455221971,0.346,0.564,2.62932356129473e-20,"LEPROTL1"
1.28385889994677e-24,5.73616157144435,0.362,0.005,2.65771630877981e-20,"CDC20"
1.40907127261091e-24,1.00197250772119,0.827,0.455,2.91691844143184e-20,"CISD1"
1.521232077269e-24,-2.89650058862706,0.212,0.45,3.14910252315456e-20,"EPAS1"
1.53315029197104e-24,1.47994737363658,0.571,0.147,3.17377441940925e-20,"RPUSD3"
1.55293329698021e-24,1.16239820994773,0.746,0.318,3.21472721807873e-20,"NSFL1C"
1.58341387762619e-24,-3.55453672316305,0.073,0.27,3.27782506807398e-20,"AGPAT5"
1.58698042718659e-24,3.79780836327837,0.384,0.019,3.28520818231896e-20,"NOTUM"
1.60940037377402e-24,2.38194864532607,0.469,0.076,3.33161971374961e-20,"HMBS"
1.66612744054042e-24,1.83927776558365,0.502,0.095,3.44905041466273e-20,"TMUB2"
1.67619089772366e-24,-1.1258752414544,0.788,0.815,3.46988277737775e-20,"LAMP1"
1.76441924519736e-24,3.74358622050971,0.389,0.024,3.65252427948306e-20,"FDXR"
1.79596711700925e-24,1.21398373677376,0.737,0.346,3.71783152892084e-20,"MRPL11"
1.82361226708952e-24,1.33686355351188,0.644,0.213,3.77505975410201e-20,"SWI5"
1.8508657765765e-24,2.09548552556016,0.482,0.081,3.83147724409102e-20,"SDAD1"
1.88074831730448e-24,1.9064355000534,0.459,0.066,3.893337091652e-20,"TMEM161B-AS1"
2.01939825492999e-24,0.543985773996392,0.99,0.9,4.18035632753056e-20,"HSPD1"
2.02141790646929e-24,2.54873811678045,0.436,0.052,4.18453720818208e-20,"SLC39A11"
2.09058533162006e-24,-3.42785659762734,0.09,0.299,4.32772069498668e-20,"PPP1R3B"
2.10197168707388e-24,1.43799873483402,0.613,0.199,4.35129158941164e-20,"PHF20L1"
2.13868379700923e-24,1.18364453190488,0.627,0.204,4.42728932818881e-20,"PRMT1"
2.15836733364183e-24,-2.20636032772512,0.363,0.583,4.46803621737196e-20,"ARHGDIB"
2.32722962888534e-24,1.63316118293061,0.623,0.213,4.81759805475553e-20,"CPSF3L"
2.39357315711376e-24,1.7639360437278,0.531,0.118,4.95493579254119e-20,"ZSCAN31"
2.39482950653531e-24,1.21348086365807,0.704,0.322,4.95753656147874e-20,"RAD21"
2.40612267535287e-24,-1.4137540522257,0.732,0.815,4.98091455024797e-20,"PNRC1"
2.42598944683733e-24,-3.51556268832995,0.076,0.275,5.02204075389795e-20,"GZMB"
2.57437536940514e-24,0.958788486359617,0.854,0.545,5.32921445220558e-20,"VDAC2"
2.57460581479757e-24,2.48778527026899,0.437,0.052,5.32969149721244e-20,"GNPDA1"
2.59481892027835e-24,3.61426964715115,0.373,0.014,5.3715346468682e-20,"TOP2A"
2.67488213019043e-24,1.2270976426206,0.567,0.147,5.53727349770721e-20,"RAD50"
2.6923904667482e-24,5.5170322595594,0.351,0,5.57351750521546e-20,"GAGE13"
2.69873789257354e-24,1.02171495801929,0.828,0.517,5.58665731141648e-20,"GLO1"
2.74145725492872e-24,-1.93081799726065,0.652,0.763,5.67509066342795e-20,"ATP1B1"
2.81166240433005e-24,1.04584331494232,0.81,0.445,5.82042234320363e-20,"PPP1CC"
3.19772836973704e-24,-1.72491411474448,0.763,0.806,6.61961749819265e-20,"HSPA1B"
3.2404301694208e-24,1.20027701414815,0.702,0.299,6.708014493718e-20,"OCEL1"
3.2678991024751e-24,1.71423679380597,0.502,0.095,6.7648779320337e-20,"PRR7"
3.68829360022912e-24,2.13622289396564,0.446,0.057,7.63513658183431e-20,"C12orf73"
3.75084195323655e-24,0.402264738745188,1,0.948,7.76461792739498e-20,"COX4I1"
3.76282821879381e-24,1.17833047289563,0.735,0.384,7.78943069572507e-20,"DDAH2"
3.82688131245512e-24,0.818144117160907,0.957,0.749,7.92202700491334e-20,"SLC2A2"
3.84662205459688e-24,1.62502984832089,0.544,0.133,7.962892315221e-20,"AMT"
3.90553792248609e-24,1.28672389625355,0.614,0.204,8.08485405333845e-20,"BOD1"
4.17131993530115e-24,-1.3512844700943,0.697,0.787,8.63504939806691e-20,"C18orf32"
4.19470635447675e-24,1.62910584282921,0.526,0.114,8.68346162440231e-20,"GOSR1"
4.22908768313171e-24,1.73881383348712,0.44,0.052,8.75463441285096e-20,"ENDOV"
4.35191884447718e-24,1.26860062970294,0.653,0.242,9.00890719995221e-20,"NASP"
4.45934997454287e-24,0.96579259024853,0.836,0.507,9.23130038230119e-20,"DNAJC19"
4.48104263755947e-24,-2.5188395907966,0.46,0.635,9.27620636401186e-20,"FXYD1"
4.66024787177266e-24,-3.64488242296399,0.069,0.261,9.64717911935659e-20,"PCOLCE"
4.72975477148426e-24,0.585854265885959,0.923,0.72,9.79106535244956e-20,"DDX5"
4.8285363627321e-24,-1.10724266497231,0.996,0.976,9.99555312449172e-20,"IL32"
4.8834737278853e-24,1.77058793902095,0.553,0.147,1.01092789640954e-19,"SPOP"
5.00643962466459e-24,1.89766265336643,0.51,0.109,1.03638306670182e-19,"CECR5"
5.09473607424369e-24,1.26432382781601,0.543,0.128,1.05466131472919e-19,"PARP10"
5.40927035509677e-24,0.863190447514458,0.962,0.777,1.11977305620858e-19,"HMGN2"
5.5288501177034e-24,1.24355118085499,0.657,0.256,1.14452726286578e-19,"PDHB"
5.69917478556587e-24,3.90639501677877,0.378,0.019,1.17978617235999e-19,"PRRT3-AS1"
5.79365937004078e-24,0.543626053972556,0.915,0.716,1.19934542619214e-19,"HLA-DPA1"
6.14859760743525e-24,1.7755829495733,0.522,0.123,1.27282119071517e-19,"YARS"
6.31440452586424e-24,1.69721362578117,0.535,0.128,1.30714488089916e-19,"RP11-140K17.3"
6.32702885127468e-24,3.68349176726134,0.365,0.009,1.30975824250237e-19,"KCCAT211"
6.82480502637945e-24,0.351369057820951,1,0.995,1.41280288851081e-19,"RPS9"
6.86130517511179e-24,4.06273883936839,0.375,0.019,1.42035878429989e-19,"RNF43"
6.94546206823795e-24,2.74051008967795,0.411,0.038,1.43778010274594e-19,"METTL2A"
7.55768656963198e-24,1.48036462355957,0.49,0.09,1.56451669677952e-19,"NKIRAS2"
9.80251839785069e-24,3.61494204955026,0.383,0.024,2.02921933353907e-19,"WDR4"
1.08826128352336e-23,1.10760541452515,0.615,0.194,2.25280968302171e-19,"CHMP4A"
1.09145701691643e-23,1.84421218928729,0.486,0.09,2.25942517071869e-19,"KAT2A"
1.09644243662776e-23,0.884866329628081,0.862,0.54,2.26974548806313e-19,"HTATIP2"
1.10553909954896e-23,0.932827889930859,0.816,0.502,2.28857648997631e-19,"MRPL37"
1.11477826459093e-23,1.25494447014394,0.598,0.19,2.30770248552968e-19,"BECN1"
1.12523401899363e-23,0.832607102747902,0.802,0.464,2.32934694271872e-19,"AUP1"
1.19422906799108e-23,1.43162238181979,0.492,0.095,2.47217359364834e-19,"IMPA1"
1.47695119055493e-23,0.799118008641349,0.896,0.64,3.05743665956777e-19,"HSD17B10"
1.50848131136818e-23,-1.64194825166497,0.625,0.716,3.12270716266327e-19,"HADHB"
1.64231737799922e-23,1.22976847806759,0.708,0.303,3.39976120419618e-19,"LACTB2"
1.64794739154176e-23,2.14060659452716,0.455,0.076,3.41141589523059e-19,"SLC41A3"
1.67429087988013e-23,1.15032853366359,0.696,0.294,3.46594955043986e-19,"PPM1G"
1.75002223551586e-23,1.32263220590256,0.586,0.185,3.62272102974138e-19,"PRKDC"
1.76894095419029e-23,1.26501765810201,0.636,0.213,3.66188466926932e-19,"QARS"
1.77727616431289e-23,-2.51923576578107,0.297,0.521,3.67913938774411e-19,"LMBRD1"
1.82368946866809e-23,2.35731924990456,0.466,0.085,3.77521956908981e-19,"ST3GAL4"
1.94828070938768e-23,1.46291269173172,0.579,0.171,4.03313589650345e-19,"ITGB3BP"
2.0768959189226e-23,0.999055448478966,0.687,0.265,4.29938224176168e-19,"RCN1"
2.1440331239352e-23,-1.94758624272361,0.533,0.673,4.43836296985827e-19,"COL18A1"
2.25621083835639e-23,2.28997026569728,0.447,0.071,4.67058205648156e-19,"SLC25A38"
2.27216761168274e-23,1.59700313521362,0.624,0.218,4.70361417294444e-19,"HIST1H2AC"
2.77255069916983e-23,1.76079357006129,0.393,0.033,5.73945720235148e-19,"TYMS"
2.86035968870806e-23,4.50192333445039,0.353,0.009,5.92123059159455e-19,"DHRS13"
2.86438646196661e-23,0.92470599907022,0.797,0.45,5.92956641491707e-19,"RAD23A"
2.89663493545633e-23,0.802207870685523,0.877,0.588,5.99632397988814e-19,"SSU72"
3.04920831356961e-23,1.15782475620281,0.656,0.251,6.31216612992045e-19,"PIGP"
3.56374770006536e-23,-3.45657576243245,0.111,0.327,7.37731411390529e-19,"FGF21"
3.58979331389627e-23,-3.28759502142885,0.071,0.261,7.43123113909667e-19,"PALMD"
3.9570939347695e-23,-1.10683697460651,0.894,0.905,8.19158015436634e-19,"HSP90B1"
4.12334786531782e-23,3.34105769448361,0.384,0.028,8.53574241599442e-19,"NME6"
4.37860549464091e-23,0.855926218488459,0.841,0.55,9.06415123445614e-19,"EIF3M"
4.40184794992277e-23,1.19146796496597,0.713,0.313,9.11226544113512e-19,"RTFDC1"
4.41215266744134e-23,1.24412537069157,0.599,0.185,9.13359723687032e-19,"PDK2"
4.96609609399761e-23,2.11916389339828,0.447,0.071,1.02803155241844e-18,"PNO1"
5.5740699255825e-23,4.6086191959488,0.357,0.014,1.15388821529483e-18,"CENPH"
5.67268948711307e-23,1.35708198783861,0.567,0.156,1.17430345072728e-18,"TBRG4"
6.08922418354008e-23,0.770972560782937,0.793,0.427,1.26053029823463e-18,"TMEM70"
6.13480329719608e-23,1.10367073732569,0.646,0.256,1.26996563055256e-18,"ERI3"
6.28550468411044e-23,3.14945368166172,0.402,0.043,1.3011623246577e-18,"NINJ2"
6.42651230553893e-23,-2.30520318106027,0.466,0.616,1.33035231236961e-18,"CLDN1"
6.53309376663278e-23,0.796080907690188,0.872,0.611,1.35241574063065e-18,"NDUFS8"
6.60385021316559e-23,1.53925465420097,0.564,0.156,1.36706303262741e-18,"LINC00261"
6.7692175092814e-23,1.16136099714402,0.711,0.318,1.40129571659634e-18,"RPF2"
7.17321606931457e-23,4.713918180957,0.355,0.014,1.48492745850881e-18,"ZWINT"
7.25707361347406e-23,1.15816547446261,0.668,0.261,1.50228680872527e-18,"OSER1"
7.34862687889714e-23,1.06160759464097,0.789,0.45,1.5212392502005e-18,"EIF3J"
7.39326788899809e-23,1.90218015363957,0.451,0.071,1.53048038570149e-18,"PNPO"
7.46187658934925e-23,1.74604914904018,0.49,0.095,1.54468307276119e-18,"RRP1"
7.92340281465311e-23,1.06893069423229,0.725,0.374,1.64022361666134e-18,"GLYCTK"
8.29779176236548e-23,1.19560631758356,0.705,0.303,1.71772587272728e-18,"AOX1"
8.55546155179829e-23,1.35318667744363,0.591,0.171,1.77106609583776e-18,"MRPS30"
9.19227807050612e-23,1.10364559384211,0.782,0.417,1.90289348337547e-18,"SARS"
9.38783976951968e-23,-1.13144325956235,0.817,0.829,1.94337671068827e-18,"F12"
9.93523680016084e-23,0.805590070065926,0.893,0.626,2.0566933700013e-18,"BCAP31"
1.01121563446905e-22,1.33728051919677,0.543,0.142,2.09331748491438e-18,"ACTL6A"
1.02382048575696e-22,2.28315456893151,0.446,0.071,2.11941078756549e-18,"TIPARP-AS1"
1.02642879711873e-22,3.79958477033782,0.37,0.024,2.12481025291548e-18,"CTBP1-AS2"
1.04919855803445e-22,-3.45012340364475,0.082,0.28,2.17194593498712e-18,"NR4A2"
1.10637890597617e-22,1.16899488501297,0.695,0.336,2.29031497326126e-18,"SYBU"
1.12316363818668e-22,0.841851115191532,0.88,0.588,2.32506104741025e-18,"ATP5F1"
1.13015845208475e-22,-3.30894628682462,0.085,0.284,2.33954101166064e-18,"PLGLB1"
1.15487052109062e-22,3.17291546688844,0.358,0.014,2.39069746570969e-18,"SP5"
1.18118631470863e-22,3.80305104941771,0.349,0.009,2.44517379007834e-18,"CNTNAP2"
1.20216179814096e-22,1.12947009838569,0.721,0.374,2.48859513833161e-18,"CPNE3"
1.20291501482351e-22,1.32267040886934,0.481,0.095,2.49015437218615e-18,"PDLIM3"
1.28810568142941e-22,1.28957999242354,0.59,0.18,2.66650757112702e-18,"GRB2"
1.29651248428373e-22,2.13791158503166,0.508,0.123,2.68391049371575e-18,"CSE1L"
1.32714383739464e-22,5.51098752268306,0.331,0,2.74732045779065e-18,"DKK4"
1.38209487390456e-22,-1.28685698915531,0.739,0.791,2.86107459846982e-18,"TFPI"
1.3948567870855e-22,2.18854313337082,0.443,0.071,2.8874930349457e-18,"SUPT6H"
1.42163058177162e-22,2.09749285999439,0.426,0.057,2.94291746732543e-18,"B9D1"
1.42888832618872e-22,1.21411774586413,0.675,0.27,2.95794172404327e-18,"MMAB"
1.44672237636152e-22,1.50364217592455,0.551,0.156,2.99485999130598e-18,"HGS"
1.55215444704575e-22,3.52651764755223,0.356,0.014,3.21311492082941e-18,"SLC28A1"
1.56993912827873e-22,1.43330448480521,0.481,0.09,3.2499309894498e-18,"COLGALT1"
1.58963990000615e-22,1.63916468339874,0.629,0.256,3.29071355700274e-18,"GPAM"
1.62294953295552e-22,1.0453672823394,0.677,0.275,3.35966782817121e-18,"CUEDC2"
1.62362558458424e-22,1.19315700050545,0.624,0.223,3.36106732264784e-18,"MED10"
1.63587163267892e-22,0.823851717875938,0.74,0.389,3.38641786680863e-18,"EIF4A3"
1.64589674966111e-22,1.16413302865377,0.609,0.199,3.40717086147346e-18,"EFR3A"
1.66009941300874e-22,1.25185492572361,0.646,0.246,3.43657179486939e-18,"NIFK"
1.7209750649354e-22,1.01546087757119,0.774,0.398,3.56259048192277e-18,"MRPL47"
1.87197964666407e-22,1.73869956814566,0.461,0.085,3.8751850665593e-18,"ATAD3A"
1.95400394298211e-22,-3.59150099779826,0.07,0.256,4.04498356236726e-18,"GPC6"
2.01165421192417e-22,1.98048513432183,0.5,0.128,4.16432538410423e-18,"MCM7"
2.05384654220613e-22,-2.4306616130748,0.308,0.521,4.2516677270209e-18,"ACADS"
2.11521696000175e-22,5.37161030092351,0.329,0,4.37871062889962e-18,"GAGE2A"
2.13817571117377e-22,2.60653778802282,0.386,0.033,4.42623753970082e-18,"KLHDC8B"
2.46767489642946e-22,1.47393069641459,0.491,0.1,5.10833380309863e-18,"CWC25"
2.5102372321501e-22,1.26743638221798,0.684,0.318,5.19644209427392e-18,"CLTC"
2.5414625598318e-22,1.60424305386291,0.546,0.156,5.2610816451078e-18,"RBMX2"
2.66454347055614e-22,0.443973715558525,0.99,0.919,5.51587143839826e-18,"CFL1"
2.69877445716476e-22,1.37823774159038,0.533,0.142,5.58673300377677e-18,"SLC35C2"
2.73933961789262e-22,0.702781913782621,0.884,0.597,5.67070694299951e-18,"MORF4L1"
2.9390762834284e-22,0.625218147514098,0.992,0.891,6.08418181432514e-18,"NUPR1"
3.05289564894008e-22,1.32278869758554,0.548,0.152,6.31979928287086e-18,"IMMP1L"
3.07399671316702e-22,-1.29295595213356,0.832,0.806,6.36348059592704e-18,"HRSP12"
3.09196378022097e-22,0.757655161240037,0.892,0.649,6.40067422143544e-18,"OCIAD2"
3.11673905038398e-22,1.30646783626091,0.621,0.213,6.45196150819988e-18,"RP11-792A8.4"
3.20602424007096e-22,0.696010510017177,0.898,0.616,6.6367907793709e-18,"FKBP1A"
3.22402390492672e-22,2.4798495439825,0.402,0.047,6.6740518855888e-18,"HABP4"
3.22514894986154e-22,0.736394851209164,0.942,0.701,6.67638084110837e-18,"SLIRP"
3.27554605986479e-22,1.50136296455336,0.573,0.175,6.7807078985261e-18,"SNHG19"
3.38330776206441e-22,1.30168594675238,0.651,0.256,7.00378539824954e-18,"PDCD10"
3.66802432673187e-22,0.88247147766976,0.872,0.602,7.59317715876765e-18,"TMEM14C"
3.74855533190555e-22,-3.49916343281824,0.083,0.275,7.75988439257769e-18,"EGFR"
3.86140470333002e-22,4.15902998079746,0.359,0.024,7.99349387636348e-18,"MAD2L1"
4.28834812555872e-22,-1.91306283858035,0.443,0.616,8.87730945471911e-18,"YPEL5"
4.30596115290095e-22,1.97323696759386,0.391,0.038,8.91377018262027e-18,"DCAKD"
4.30906364385679e-22,2.50767691510076,0.36,0.019,8.92019264914794e-18,"B3GNTL1"
4.44363704875785e-22,1.53662103287482,0.563,0.161,9.19877305463362e-18,"SNRPA"
5.08777315532731e-22,-3.30730931643016,0.318,0.526,1.05321992088431e-17,"CPS1"
5.33327997973339e-22,1.65976831312012,0.509,0.118,1.10404228860461e-17,"LLNLR-245B6.1"
5.33530498183018e-22,1.5961776763338,0.464,0.09,1.10446148428867e-17,"THOC3"
5.3618822906146e-22,-1.47732108430809,0.65,0.754,1.10996325298013e-17,"TSC22D3"
5.48392295182219e-22,1.21130064059911,0.679,0.289,1.13522689025671e-17,"CYB5B"
6.25738030112338e-22,1.59122375867334,0.549,0.156,1.29534029613555e-17,"DKC1"
6.29197499075014e-22,1.62914559901019,0.573,0.185,1.30250174283519e-17,"WDR61"
6.37070988032319e-22,-1.18835018215995,0.675,0.754,1.3188006523257e-17,"APLP2"
6.45900137053706e-22,1.47580788355514,0.55,0.166,1.33707787371488e-17,"ENOPH1"
6.52271010479243e-22,3.20017887938078,0.364,0.024,1.35026621879308e-17,"LYNX1"
6.87223559582916e-22,-3.43580933628314,0.092,0.289,1.42262149069259e-17,"RND3"
7.44900641591987e-22,-1.76091386891986,0.57,0.668,1.54201881815957e-17,"SAT2"
7.59157481325282e-22,0.974372821926794,0.703,0.322,1.57153190209147e-17,"PDHA1"
7.69870713076256e-22,0.906634958528595,0.78,0.45,1.59370936313916e-17,"HAX1"
7.70346129899093e-22,1.36463997406946,0.55,0.147,1.59469352350411e-17,"LSM12"
7.85266446840575e-22,2.8022977724938,0.371,0.028,1.62558007160467e-17,"CD3EAP"
8.3353129517176e-22,-3.12778988985827,0.179,0.398,1.72549313413506e-17,"CDH1"
8.65086508130689e-22,0.740955807441677,0.76,0.365,1.79081558048134e-17,"RP11-108M9.4"
8.70622365554607e-22,4.93829477757331,0.329,0.005,1.80227535893459e-17,"TMEM52B"
8.83328302283836e-22,1.89203327338296,0.46,0.085,1.82857791855777e-17,"EIF2B1"
8.88777914955729e-22,1.1590963141809,0.556,0.161,1.83985916174985e-17,"GLT8D1"
9.64143194822984e-22,0.669280082881457,0.921,0.664,1.99587282760306e-17,"TUFM"
9.78952712085412e-22,1.17966271271909,0.695,0.303,2.02653000928801e-17,"PDAP1"
1.02368881842778e-21,1.26918504364723,0.613,0.209,2.11913822302734e-17,"ZNF511"
1.0326835567157e-21,2.60025542858166,0.406,0.052,2.13775823075717e-17,"METAP1"
1.05190974820787e-21,1.73215625321782,0.46,0.085,2.17755836976511e-17,"PPIL1"
1.10740184028909e-21,1.07008221700904,0.629,0.237,2.29243254958245e-17,"PDCD2"
1.11097438240359e-21,2.80295343039753,0.353,0.019,2.29982806901366e-17,"WLS"
1.11555985385908e-21,1.00815759605867,0.674,0.265,2.30932045347369e-17,"RUVBL2"
1.12003400890922e-21,0.985976448830578,0.774,0.436,2.31858240184298e-17,"NELFE"
1.14337728096187e-21,0.828184145997061,0.827,0.507,2.36690530931918e-17,"ATP6V1F"
1.1860943898925e-21,1.86864112377877,0.489,0.114,2.45533399651646e-17,"LIPC"
1.22989944636472e-21,-3.24761116134803,0.117,0.327,2.54601484391961e-17,"CROT"
1.35071344437114e-21,-0.896460197520174,0.898,0.882,2.79611190119271e-17,"PLG"
1.41432137043383e-21,1.00087900642565,0.729,0.365,2.92778666893506e-17,"TOMM40"
1.44664806471979e-21,1.15047063694663,0.691,0.303,2.99470615877643e-17,"THUMPD3-AS1"
1.64742449061363e-21,1.61845804338011,0.533,0.156,3.41033343801928e-17,"PLA1A"
1.70608087378545e-21,0.797412311834237,0.889,0.592,3.53175801682327e-17,"MINOS1"
1.71274529963696e-21,1.58876980064118,0.493,0.118,3.54555404477847e-17,"KNOP1"
1.75085298975373e-21,-2.91874716909531,0.14,0.355,3.62444077408919e-17,"PBLD"
1.84333483157097e-21,1.62565972436338,0.484,0.1,3.81588743483506e-17,"REXO4"
1.84692609398567e-21,1.26540527674269,0.581,0.19,3.82332170715973e-17,"GNPAT"
1.84929266652506e-21,0.992952679085279,0.74,0.36,3.82822074897352e-17,"FAM32A"
1.93415193829788e-21,0.599790600181732,0.524,0.128,4.00388792747044e-17,"SOX4"
1.96559020471634e-21,1.00459777163439,0.676,0.294,4.06896828278329e-17,"TRAPPC6A"
1.99468067141765e-21,1.42412612804006,0.645,0.27,4.12918845790167e-17,"TDP2"
2.08149424671457e-21,0.940189478361508,0.722,0.341,4.30890124012383e-17,"NSMCE1"
2.0971928982081e-21,-3.40542500466801,0.073,0.256,4.34139901858059e-17,"SLC2A3"
2.11235158984867e-21,5.63385117973529,0.317,0,4.37277902614572e-17,"GSTA3"
2.2450064277262e-21,1.29902906851355,0.504,0.118,4.64738780603601e-17,"CDK5RAP2"
2.50244971519878e-21,1.00284234533915,0.772,0.45,5.180321155433e-17,"AKR7A2"
2.51247781312566e-21,1.11734471088224,0.751,0.36,5.20108032095142e-17,"RAB8A"
2.57328603977031e-21,1.05301756361209,0.704,0.332,5.32695943092852e-17,"APEX1"
2.64065487810836e-21,1.82131198319587,0.426,0.066,5.46641966317211e-17,"DIMT1"
2.64221773657752e-21,1.27558855449242,0.571,0.171,5.46965493648912e-17,"RNASE1"
2.84621344531496e-21,1.24247414589382,0.651,0.261,5.89194645314649e-17,"DCPS"
3.00137496899065e-21,1.72227822789627,0.512,0.133,6.21314632330754e-17,"PAK1IP1"
3.03889794468721e-21,5.24026133520331,0.315,0,6.290822635297e-17,"TMEM92"
3.07943149761067e-21,2.29043534476151,0.428,0.071,6.37473114320384e-17,"MVK"
3.08960090380673e-21,0.914437677741753,0.865,0.55,6.39578283097031e-17,"LSM3"
3.18487225294614e-21,1.53748530882808,0.542,0.156,6.59300405082381e-17,"SFXN4"
3.22827886034352e-21,2.4332828872619,0.373,0.033,6.68286006879713e-17,"STEAP2"
3.45113827607674e-21,0.871401607562988,0.842,0.545,7.14420134530646e-17,"SULT1A1"
3.53573426316828e-21,1.85972827321193,0.4,0.052,7.31932349818466e-17,"GHDC"
3.54295626091453e-21,1.65892770311385,0.448,0.085,7.33427375571917e-17,"RHOT1"
3.57057204069758e-21,1.24940235772341,0.474,0.1,7.39144118144805e-17,"MTMR14"
3.89676328242087e-21,-2.80101550921093,0.202,0.422,8.06668967093944e-17,"LTBP3"
3.89726059184341e-21,1.88984434279077,0.35,0.019,8.06771915117505e-17,"MAGEH1"
3.92813142977995e-21,-1.07629436340562,0.772,0.81,8.13162487278747e-17,"CYP3A5"
3.96513289598005e-21,1.23380433949681,0.621,0.237,8.2082216079683e-17,"SLC39A3"
3.98416936829022e-21,-1.41589017881004,0.755,0.801,8.24762900929758e-17,"APOA5"
4.83869945787284e-21,2.40722754634362,0.399,0.052,1.00165917477426e-16,"RSAD1"
4.90523574471159e-21,1.49086473712377,0.554,0.171,1.01543285151275e-16,"HSPBP1"
4.94648084811392e-21,1.64905970475187,0.528,0.156,1.02397100036806e-16,"ROBO1"
5.11791892314894e-21,1.65905955151592,0.465,0.095,1.05946039628106e-16,"ZDHHC4"
5.16799497880201e-21,2.66377014856343,0.377,0.038,1.06982664056181e-16,"PYCRL"
5.18671714245966e-21,1.43292559510908,0.523,0.142,1.07370231566057e-16,"COIL"
6.10404427137795e-21,1.83077199157212,0.476,0.109,1.26359820461795e-16,"AKAP1"
6.31108353552254e-21,1.38804791847547,0.546,0.161,1.30645740268852e-16,"GPANK1"
6.37487406866555e-21,3.2176082248649,0.328,0.009,1.31966268095445e-16,"CDHR2"
6.40247081526368e-21,-0.955835709973188,0.845,0.829,1.32537548346773e-16,"CTSB"
6.55617053319249e-21,1.26574332911471,0.544,0.147,1.35719286207618e-16,"DHX30"
7.19442637154721e-21,1.10183682885019,0.658,0.27,1.48931820317399e-16,"LUC7L3"
7.57881626573848e-21,0.955123117521095,0.769,0.427,1.56889075517052e-16,"SRA1"
8.09335073302975e-21,2.37983097302422,0.392,0.047,1.67540453524449e-16,"RBM15B"
8.61197226688436e-21,-2.69850983522497,0.325,0.526,1.78276437896773e-16,"SPP2"
8.69021514493263e-21,0.95632152451299,0.676,0.299,1.7989614371525e-16,"C7orf55"
8.82872516418697e-21,1.77262120120011,0.428,0.071,1.82763439623834e-16,"AKIP1"
9.39698150137268e-21,1.16884401730818,0.589,0.204,1.94526914059916e-16,"EPB41L4A-AS1"
9.5178685840361e-21,3.83278355411496,0.326,0.009,1.97029397558131e-16,"HRASLS2"
9.59126197065899e-21,2.14767002075406,0.395,0.052,1.98548714054612e-16,"TMEM42"
9.91788700027489e-21,3.19376370847484,0.343,0.019,2.05310178792691e-16,"KIF9"
1.01056477024442e-20,0.749311431450719,0.89,0.626,2.09197013088297e-16,"HSBP1"
1.01615162067641e-20,1.74477328151443,0.485,0.118,2.10353546996223e-16,"UGT1A1"
1.06676280145029e-20,1.20973625747411,0.585,0.185,2.20830567528224e-16,"LY96"
1.0682942622883e-20,1.45148335300665,0.423,0.066,2.211475952363e-16,"CANT1"
1.07206965847463e-20,1.26420396404763,0.662,0.27,2.21929140000834e-16,"MED8"
1.09092377438481e-20,2.68558531077327,0.363,0.033,2.25832130535399e-16,"TCEB3-AS1"
1.11218336692425e-20,1.20677629315799,0.637,0.265,2.3023307878699e-16,"SNAP29"
1.11842025396107e-20,1.12406702895459,0.461,0.09,2.31524176772482e-16,"AP006621.5"
1.1386434214389e-20,1.31580129921088,0.556,0.175,2.35710574672067e-16,"NKAP"
1.28467151956631e-20,1.42426221177421,0.515,0.137,2.65939851265422e-16,"SMARCC1"
1.28708169828982e-20,-2.28363271753913,0.361,0.55,2.66438782362975e-16,"ACO1"
1.30561055447202e-20,1.36427264008656,0.501,0.123,2.70274440881253e-16,"NBN"
1.3382807878994e-20,1.39671302678389,0.457,0.095,2.77037505903055e-16,"NUDT9"
1.34416934255436e-20,1.33873887506772,0.628,0.251,2.78256495602179e-16,"TIMM50"
1.38849071823108e-20,1.13223256008681,0.666,0.299,2.87431463581016e-16,"IMP3"
1.4107606607697e-20,2.35679492133497,0.421,0.076,2.92041564385935e-16,"RPP40"
1.47211597302076e-20,1.77381047086614,0.462,0.1,3.04742727575028e-16,"KIAA1429"
1.48059446036823e-20,-1.61723854233887,0.784,0.796,3.06497859240827e-16,"HERPUD1"
1.48153555313967e-20,1.03506071340842,0.764,0.408,3.06692674855443e-16,"EIF2S3"
1.52365078165408e-20,1.1920166756159,0.638,0.237,3.15410948310211e-16,"SNX5"
1.55472703943599e-20,-1.58823989163391,0.668,0.735,3.21844044433645e-16,"TYMP"
1.56994551572063e-20,1.06095916227916,0.667,0.303,3.24994421209327e-16,"GPRC5C"
1.58035584822698e-20,0.900628901959305,0.676,0.289,3.27149464141466e-16,"EIF4E"
1.76868256343455e-20,-2.66502351641371,0.163,0.379,3.66134977456587e-16,"NSUN6"
1.84651205360639e-20,1.87693424366385,0.459,0.095,3.82246460217059e-16,"UBIAD1"
1.94809166113825e-20,1.58160707429567,0.523,0.147,4.0327445477223e-16,"TMEM11"
2.072078481706e-20,0.859992163180087,0.813,0.512,4.28940966497959e-16,"TOMM22"
2.21331246813565e-20,0.816450776225925,0.848,0.531,4.5817781402876e-16,"EIF3L"
2.26084603294645e-20,1.73715780291574,0.485,0.123,4.68017737280244e-16,"SUZ12"
2.27513712613655e-20,2.22389087702647,0.375,0.043,4.70976136481527e-16,"WIPI1"
2.34307066148036e-20,0.628685269664847,0.93,0.711,4.85039057633049e-16,"SF3B5"
2.42178169859524e-20,-2.84104781052541,0.202,0.412,5.013330294262e-16,"RDH10"
2.54618901009811e-20,1.06829876183015,0.727,0.365,5.27086586980409e-16,"PSMC2"
2.57365010098706e-20,1.20648968401504,0.669,0.294,5.32771307405331e-16,"JAGN1"
2.63225590286303e-20,1.95512708284869,0.44,0.09,5.44903294451675e-16,"LAS1L"
2.65923623278844e-20,3.60605604848544,0.335,0.019,5.50488492549534e-16,"CCDC28B"
2.76321571824018e-20,1.56913881279469,0.585,0.223,5.72013285832899e-16,"ITGB1BP1"
2.83196476132179e-20,1.49435275487847,0.47,0.109,5.86245025241224e-16,"NSUN5"
2.97026694419744e-20,-2.02266300026674,0.629,0.692,6.14874960118313e-16,"IER2"
2.97955853378878e-20,1.1566132285658,0.642,0.27,6.16798412079616e-16,"CDK4"
3.00391172227146e-20,1.05241462568335,0.555,0.161,6.21839765627415e-16,"REPIN1"
3.00666513231348e-20,1.29035394653619,0.557,0.175,6.22409749040213e-16,"MRPL17"
3.24610620327587e-20,1.41003983691109,0.512,0.137,6.71976445140137e-16,"PLRG1"
3.44061851526914e-20,1.47738537295108,0.49,0.114,7.12242438845864e-16,"DLGAP1-AS1"
3.5235736907268e-20,2.34384081070373,0.406,0.066,7.29414989717355e-16,"CHCHD6"
3.60321271931274e-20,1.68681915195682,0.372,0.038,7.45901065024931e-16,"CCDC88B"
3.9023385495913e-20,1.86414705171269,0.423,0.076,8.07823103150894e-16,"ASAP1"
4.00649565463209e-20,2.20736106796893,0.391,0.052,8.29384665465389e-16,"DUSP14"
4.02645648993341e-20,1.3818097758926,0.534,0.161,8.33516757981115e-16,"SCAMP2"
4.22281086508073e-20,1.41175233814501,0.479,0.114,8.74164077180361e-16,"APPL1"
4.37411225403609e-20,0.910773458695404,0.742,0.398,9.0548497770801e-16,"EIF2A"
4.51202790426102e-20,2.63307199266341,0.372,0.043,9.34034896461073e-16,"MESP1"
4.52829352721985e-20,1.90785960011656,0.461,0.109,9.37402043069781e-16,"GYG1"
4.661940010551e-20,0.665865617012229,0.913,0.687,9.65068201584162e-16,"CSNK2B"
4.69926222039555e-20,1.42916931231952,0.442,0.09,9.72794272244083e-16,"SNX1"
4.84026706257855e-20,1.02885619579454,0.701,0.303,1.00198368462439e-15,"AFMID"
5.13845221605995e-20,3.62395815545064,0.325,0.014,1.06371099324657e-15,"RP1-28O10.1"
5.22772369570489e-20,2.2957935752575,0.424,0.085,1.08219108224787e-15,"RFC4"
5.48430976712039e-20,2.52871689876366,0.335,0.019,1.13530696489159e-15,"G6PC3"
5.69680957315699e-20,1.25015953964012,0.534,0.156,1.17929654973923e-15,"PTK2"
5.79326868100145e-20,1.4003030014886,0.525,0.152,1.19926454965411e-15,"WDR46"
5.94960216801809e-20,1.66092437572285,0.444,0.085,1.23162714480142e-15,"FAM83H"
5.9798224088456e-20,-3.40186584886627,0.167,0.374,1.23788303685513e-15,"ARL5B"
6.07466704429266e-20,3.09271784524675,0.344,0.028,1.25751682483902e-15,"UBE2T"
6.11234520584487e-20,1.67147609315896,0.511,0.142,1.26531658106195e-15,"DHFR"
6.28816667252176e-20,3.43712424995478,0.331,0.019,1.30171338287873e-15,"SLC25A19"
6.85074629895608e-20,-3.05001000606758,0.208,0.417,1.4181729913469e-15,"TSPAN13"
6.90189701427633e-20,4.75503305465474,0.306,0.005,1.42876170092534e-15,"LINC00176"
7.08515001030635e-20,1.30047388399272,0.593,0.227,1.46669690363352e-15,"PMPCB"
7.29053524749622e-20,-1.3523320929441,0.693,0.725,1.50921370158419e-15,"CD164"
7.32289237160353e-20,1.45935347028824,0.447,0.09,1.51591194984565e-15,"MIIP"
7.77412298285732e-20,3.06812805137872,0.316,0.009,1.60932119868129e-15,"YTHDF3-AS1"
8.29218130365456e-20,0.774472002187265,0.876,0.602,1.71656445166953e-15,"MRPL57"
8.34319756147002e-20,2.16799838507316,0.418,0.076,1.72712532719991e-15,"PDRG1"
8.52221804155449e-20,-0.853400640316904,0.881,0.882,1.7641843567822e-15,"FKBP2"
8.52928878525875e-20,1.2921037325881,0.52,0.147,1.76564807143641e-15,"ADPRHL2"
8.57792378941585e-20,0.961567449373702,0.628,0.237,1.77571600364698e-15,"B3GAT3"
8.63194305261679e-20,1.15555583120096,0.68,0.322,1.7868985313222e-15,"MTX1"
8.67642715729196e-20,1.16322535887556,0.525,0.142,1.79610718583101e-15,"SDCCAG8"
8.76234050807726e-20,1.35539061889764,0.513,0.142,1.81389210857707e-15,"GARS"
8.92302402035544e-20,1.81287997233339,0.469,0.114,1.84715520245378e-15,"FARSB"
8.96985426371221e-20,2.2069507216134,0.393,0.062,1.85684953113106e-15,"CENPN"
8.9890260551949e-20,1.44373376279238,0.574,0.199,1.8608182836859e-15,"PHF5A"
9.07174952130657e-20,1.41706599640291,0.414,0.066,1.87794286840567e-15,"FAM84B"
9.45981136615262e-20,1.78796015364204,0.473,0.118,1.95827555090725e-15,"TRIM55"
9.91207653776076e-20,-2.4413881196607,0.366,0.555,2.05189896408186e-15,"INSR"
1.03389115034522e-19,0.799854421810051,0.879,0.64,2.14025807032963e-15,"NCL"
1.03426769479218e-19,1.37655977483122,0.614,0.242,2.1410375549893e-15,"CDKN2A"
1.05863965306002e-19,1.22144314164817,0.576,0.185,2.19148994579954e-15,"TXNDC9"
1.07553865478407e-19,3.63149365455591,0.334,0.024,2.2264725692685e-15,"MPI"
1.11107036537213e-19,1.06724616818239,0.694,0.336,2.30002676335685e-15,"ASNA1"
1.11256989585944e-19,0.872112911071951,0.827,0.521,2.30313094141864e-15,"MEA1"
1.13358005437232e-19,1.26248616473746,0.635,0.275,2.34662407055615e-15,"CRTAP"
1.20906233464946e-19,1.51280788194567,0.455,0.1,2.50287993895785e-15,"POLR3K"
1.21912343158803e-19,-3.31512942750796,0.085,0.265,2.52370741573038e-15,"SHBG"
1.29675544571532e-19,1.01849529264209,0.693,0.313,2.68441344817528e-15,"HSPA4"
1.31522475120124e-19,-0.803316589805323,0.994,0.962,2.72264675746168e-15,"HSP90AA1"
1.33323414746069e-19,0.676302075792093,0.913,0.659,2.75992800865838e-15,"RHOA"
1.40055184814183e-19,-2.12425604037655,0.365,0.559,2.89928238083839e-15,"EIF5AL1"
1.40609571909641e-19,1.72235081292125,0.491,0.142,2.91075874810149e-15,"OTULIN"
1.40700611817238e-19,1.67897488740272,0.424,0.081,2.91264336522865e-15,"PEX10"
1.4248423280476e-19,1.17978252830313,0.642,0.275,2.94956610329134e-15,"DCTN2"
1.45664598554616e-19,-1.16674058114135,0.783,0.787,3.0154028546791e-15,"VAMP5"
1.54161199388009e-19,0.551602859942092,0.861,0.493,3.19129098853118e-15,"TSPAN8"
1.5629847150938e-19,1.44010129692768,0.431,0.081,3.23553465871567e-15,"C2orf82"
1.56763020738037e-19,1.53042385876052,0.454,0.1,3.24515129229811e-15,"SNAPC5"
1.58037077254663e-19,0.642221804168922,0.913,0.725,3.27152553624878e-15,"MRPL55"
1.5852590415436e-19,1.15925591859406,0.635,0.28,3.28164474189941e-15,"NFE2L1"
1.59345785739241e-19,1.53424194189575,0.481,0.118,3.29861711058803e-15,"UBE2Z"
1.64554650233695e-19,-3.16661122905204,0.106,0.299,3.40644581448772e-15,"CPE"
1.67401291311566e-19,1.20653766288958,0.602,0.218,3.46537413144073e-15,"PAFAH1B3"
1.73523754115194e-19,-3.03655507356776,0.154,0.36,3.59211523393864e-15,"KLRB1"
1.78811595502709e-19,2.49824897222742,0.333,0.024,3.70157883850158e-15,"HLA-DOB"
1.8125212181501e-19,1.87150551634602,0.406,0.066,3.75210017369252e-15,"PAOX"
1.87791224094776e-19,1.21620627417119,0.625,0.246,3.88746612998595e-15,"RBBP7"
1.88816237659333e-19,1.78004260879076,0.463,0.114,3.90868493578585e-15,"CDC42EP4"
1.91826313603874e-19,1.43313731181072,0.538,0.171,3.97099651791379e-15,"UBE2E2"
1.93644465747327e-19,1.27464210859271,0.525,0.152,4.00863408543541e-15,"EXOSC7"
1.93969247302877e-19,3.64765071461965,0.318,0.014,4.01535738841687e-15,"SLC16A4"
2.04511302434147e-19,0.94309695902492,0.706,0.351,4.23358847168928e-15,"CTNNA1"
2.07809617263849e-19,1.32875988743472,0.571,0.199,4.30186688697893e-15,"LZIC"
2.10669583300979e-19,1.33105492958162,0.52,0.152,4.36107104391357e-15,"LARS"
2.17261185801318e-19,5.31876535748127,0.292,0,4.49752380727308e-15,"RP11-20G13.3"
2.21148081117615e-19,3.10346625933745,0.319,0.014,4.57798642721575e-15,"RHBG"
2.23797689869233e-19,0.980521090208363,0.603,0.242,4.63283597798299e-15,"NDUFAF6"
2.27373354726928e-19,1.50634307978593,0.437,0.09,4.70685581620213e-15,"PTRH1"
2.50412193766705e-19,-2.04149316661123,0.381,0.55,5.18378282316455e-15,"SLC37A4"
2.63804437889583e-19,0.916594106995569,0.732,0.365,5.46101566875225e-15,"NUDT16"
2.70871626245794e-19,0.96189013118477,0.789,0.46,5.60731353491418e-15,"SSB"
2.78181538010416e-19,1.45887124315252,0.468,0.109,5.75863601835363e-15,"FLYWCH2"
2.8257827659729e-19,2.33927079121621,0.335,0.024,5.8496529038405e-15,"RCCD1"
2.87607112443789e-19,1.11862896496288,0.642,0.261,5.95375483469888e-15,"SCOC"
3.01638421555532e-19,1.04140334304501,0.747,0.374,6.24421696462107e-15,"PFDN4"
3.15479812320601e-19,0.748645092945304,0.845,0.536,6.53074759484876e-15,"PRDX4"
3.16021009400072e-19,-2.09252250184218,0.453,0.607,6.54195091559089e-15,"CTSS"
3.21935813765073e-19,1.52470679569709,0.426,0.081,6.66439328075078e-15,"ANKRD40"
3.26826727623398e-19,1.52961535334144,0.492,0.133,6.76564008853196e-15,"C21orf59"
3.32903527091007e-19,2.19932622400243,0.342,0.028,6.89143591431093e-15,"CTC-338M12.5"
3.35715439010577e-19,1.165058973086,0.564,0.185,6.94964530295795e-15,"SNX10"
3.3914031633537e-19,1.90873229759389,0.393,0.062,7.0205436884585e-15,"FADS1"
3.40748745581023e-19,0.702860175549617,0.866,0.54,7.05383978227275e-15,"UGDH"
3.5715100158791e-19,2.095638166701,0.436,0.1,7.39338288387132e-15,"THUMPD3"
3.60370083158926e-19,0.761634141107977,0.821,0.502,7.46002109147292e-15,"MRPL33"
3.64257713222713e-19,1.69564892545598,0.422,0.081,7.54049892142339e-15,"CCDC43"
3.69768485187053e-19,1.01625594909801,0.66,0.265,7.65457741185718e-15,"DDX1"
3.77513233027408e-19,1.4442379743027,0.441,0.095,7.81490143690037e-15,"RCC1"
3.89081013107428e-19,0.98634403962918,0.685,0.289,8.05436605233688e-15,"GTF2A2"
3.93300026250962e-19,0.814459219561129,0.685,0.313,8.14170384342116e-15,"NEU1"
4.01685337707362e-19,1.19236893079999,0.514,0.156,8.3152881758801e-15,"EPRS"
4.0738214147352e-19,1.37242920116071,0.418,0.081,8.43321771064334e-15,"LRRC14"
4.08277128795498e-19,2.37100990231569,0.38,0.057,8.45174484319561e-15,"RP11-539L10.3"
4.09505692693299e-19,1.62973756436789,0.437,0.09,8.47717734444398e-15,"TRMT6"
4.19873703841322e-19,0.847932180370218,0.808,0.498,8.6918055432192e-15,"PGAM1"
4.27166013102118e-19,1.39160872463834,0.422,0.081,8.84276363722694e-15,"NUDCD1"
4.34692863672835e-19,0.985832297451524,0.756,0.431,8.99857697089136e-15,"UBE2I"
4.55227787346918e-19,0.544665948184992,0.928,0.744,9.42367042586856e-15,"NDUFB10"
4.55378797656399e-19,1.27642434610747,0.541,0.171,9.42679649028511e-15,"C17orf62"
4.63021006612572e-19,1.29675879680084,0.533,0.171,9.58499785788685e-15,"TMEM64"
4.66323195986744e-19,2.92789971588025,0.323,0.019,9.65335648012158e-15,"RP11-410L14.2"
4.73353039014777e-19,1.19140650993789,0.58,0.204,9.79888126064491e-15,"SF3B4"
4.91458829922904e-19,1.92952000951621,0.417,0.081,1.0173689238234e-14,"SUSD3"
5.00108376252842e-19,0.788044636743436,0.625,0.251,1.03527434968101e-14,"ETHE1"
5.04537233647222e-19,2.03968583589833,0.336,0.028,1.04444252737312e-14,"CBX8"
5.19244831245924e-19,3.34888161233026,0.324,0.024,1.07488872516219e-14,"RRM2"
5.24582845608311e-19,1.38650823106004,0.593,0.223,1.08593894869376e-14,"BAG2"
5.25011214618535e-19,1.44469413326167,0.451,0.1,1.08682571538183e-14,"YDJC"
5.25799336621603e-19,1.06798493842771,0.61,0.232,1.08845720674038e-14,"DAP"
5.28428682588848e-19,1.46337632828307,0.506,0.147,1.09390021582717e-14,"MED19"
5.34701170405125e-19,0.483726995727948,0.983,0.882,1.10688489285565e-14,"MPC2"
5.48826689667247e-19,0.753334162661993,0.869,0.607,1.13612613028017e-14,"EIF3G"
5.50590413234809e-19,0.745993543124715,0.836,0.564,1.13977721443738e-14,"ZNF593"
5.88774293588848e-19,0.990599908771621,0.645,0.27,1.21882166515827e-14,"EBAG9"
6.09761451696867e-19,4.13703273341742,0.302,0.009,1.26226718115768e-14,"RP11-166P13.3"
6.15867676925188e-19,1.52397950449218,0.434,0.09,1.27490767800283e-14,"C15orf40"
6.16275062724854e-19,1.45035680439078,0.457,0.109,1.27575100734672e-14,"RP11-119D9.1"
6.28659711630506e-19,1.26978405305385,0.5,0.137,1.30138846904631e-14,"SLC35B2"
6.36645207722086e-19,1.29544193307652,0.52,0.161,1.31791924450549e-14,"SURF2"
6.42171567672707e-19,1.08887839739812,0.619,0.256,1.32935936223927e-14,"ZCCHC6"
6.69941395271432e-19,0.789776609434103,0.654,0.261,1.38684568235139e-14,"RAB32"
6.87278690996559e-19,1.45657950084106,0.449,0.1,1.42273561823198e-14,"KDELR3"
7.07833801555106e-19,-3.08048540281134,0.097,0.28,1.46528675259923e-14,"SLC7A2"
7.52392701238793e-19,1.30752555131046,0.479,0.118,1.55752813083443e-14,"DDC"
7.60159768673492e-19,0.36187329364214,1,0.986,1.573606737131e-14,"RPS24"
7.79258812827908e-19,0.84894862806846,0.794,0.431,1.61314366843505e-14,"YWHAQ"
7.82868214157585e-19,0.74831085629136,0.872,0.63,1.62061549012762e-14,"ATP5A1"
8.12347459400069e-19,1.07988961270588,0.576,0.204,1.68164047570408e-14,"GLRX2"
8.7043375537364e-19,0.662156436672786,0.822,0.493,1.80188491699897e-14,"C16orf13"
9.071310587482e-19,1.54777474999907,0.41,0.076,1.87785200471465e-14,"TCOF1"
9.17156187599903e-19,0.724843268008816,0.921,0.711,1.89860502395056e-14,"SNRPG"
9.45989266566277e-19,2.07092506594192,0.385,0.062,1.95829238071885e-14,"NUSAP1"
9.54572080557138e-19,1.52809178498761,0.455,0.109,1.97605966396133e-14,"COQ10A"
9.69546816498483e-19,1.04793843396591,0.553,0.19,2.00705886483351e-14,"RRP7A"
9.93550545790051e-19,1.48013489790734,0.542,0.18,2.05674898483998e-14,"HCCS"
1.02161514296832e-18,0.782752903750167,0.744,0.37,2.11484550745872e-14,"MSMO1"
1.02428478929647e-18,-2.54359323609582,0.168,0.374,2.12037194232261e-14,"SLC10A1"
1.03439109219744e-18,0.873598962462871,0.733,0.393,2.14129299995792e-14,"MALSU1"
1.05043137466795e-18,1.31296031205285,0.565,0.194,2.17449798870012e-14,"SLU7"
1.0793085914869e-18,2.33547873643472,0.362,0.047,2.23427671523703e-14,"UCK2"
1.22830578328568e-18,1.33929449572927,0.464,0.114,2.5427158019797e-14,"PALLD"
1.25621698160054e-18,1.69359509928352,0.437,0.095,2.60049477361128e-14,"STK3"
1.26066168946936e-18,2.07582989941887,0.381,0.057,2.60969576337052e-14,"RAE1"
1.31460118178001e-18,1.02888993020878,0.643,0.28,2.7213559064028e-14,"SPNS1"
1.31750329890274e-18,1.46526698688186,0.531,0.175,2.72736357905856e-14,"DDX54"
1.35383342176849e-18,-1.70556194892192,0.513,0.645,2.80257056640294e-14,"CCL4"
1.37851437765932e-18,1.41229839783289,0.474,0.123,2.85366261319256e-14,"DPH5"
1.49486802814651e-18,1.03083414412347,0.613,0.242,3.0945263050661e-14,"PEX2"
1.49679421681451e-18,0.684341759793113,0.912,0.711,3.09851370822772e-14,"TMEM230"
1.52900931854808e-18,-1.34938365209843,0.638,0.706,3.16520219032637e-14,"CERS2"
1.53521870762312e-18,0.882489962434554,0.74,0.412,3.17805624665063e-14,"UBE2L6"
1.55991335226779e-18,1.05591378985403,0.548,0.18,3.22917663052956e-14,"NADK"
1.56406931275134e-18,0.672345796462934,0.908,0.706,3.23777988432654e-14,"TMED9"
1.59857495935556e-18,1.46639654028946,0.427,0.085,3.30921002336194e-14,"BORCS8"
1.64269229516229e-18,0.675062686887295,0.903,0.682,3.40053732021545e-14,"FKBP8"
1.67189334628366e-18,0.676939341493421,0.827,0.55,3.4609864161418e-14,"NDUFS2"
1.71750938073454e-18,1.38785615336952,0.572,0.209,3.55541616905857e-14,"UTP11L"
1.76292710256318e-18,1.5708737857315,0.462,0.118,3.64943539501604e-14,"HDDC3"
1.77953195320408e-18,0.673983242875741,0.895,0.545,3.68380909632778e-14,"AKR1B10"
1.80016952313964e-18,1.9677187414388,0.371,0.052,3.72653092985138e-14,"ALG12"
1.80683082054211e-18,2.48765146632489,0.34,0.033,3.74032048160422e-14,"RP11-1094M14.11"
2.03826308275514e-18,1.03985705387986,0.612,0.242,4.21940840761142e-14,"RPP25L"
2.04912310463624e-18,1.79451869847927,0.379,0.062,4.24188973890747e-14,"LCMT1"
2.09869185932915e-18,4.27067090828345,0.288,0.005,4.34450201799728e-14,"RP1-27K12.2"
2.11556822224349e-18,1.02744793092919,0.683,0.332,4.37943777686625e-14,"POLD2"
2.21880378668134e-18,1.33376876256484,0.509,0.156,4.59314571880904e-14,"PGP"
2.30161357222173e-18,1.32926047171529,0.506,0.147,4.76457025585621e-14,"PRPF19"
2.36303362194993e-18,1.30888530314454,0.561,0.194,4.89171590079856e-14,"UBE2W"
2.38065588970216e-18,3.48289472521689,0.303,0.014,4.92819575727245e-14,"CBX2"
2.42328411987437e-18,4.77916215587016,0.278,0,5.01644045655193e-14,"TSACC"
2.49277599990271e-18,1.78563638008598,0.415,0.081,5.16029559739861e-14,"GTPBP3"
2.54558330414322e-18,1.05851793178538,0.564,0.204,5.26961199790688e-14,"MAGED1"
2.59103627996935e-18,0.594604543869219,0.845,0.564,5.36370420316456e-14,"PDLIM1"
2.61724258839688e-18,1.12072807417272,0.47,0.114,5.41795388224039e-14,"WDR77"
2.64346341899841e-18,0.830554599148304,0.757,0.427,5.47223362366861e-14,"TXN2"
2.90077682179246e-18,3.52016877347184,0.309,0.019,6.00489809879256e-14,"TEFM"
2.90196937772602e-18,2.29462847377078,0.382,0.066,6.00736680883063e-14,"COG4"
3.08535940140809e-18,1.39016028949513,0.537,0.185,6.38700249685489e-14,"CYP4F12"
3.12155562929337e-18,1.65712370790166,0.435,0.095,6.46193230820021e-14,"AAED1"
3.25618553065198e-18,1.1099657570915,0.528,0.166,6.74062966700266e-14,"ZMAT5"
3.28458655278238e-18,-1.36619908601808,0.629,0.692,6.79942262291481e-14,"DAZAP2"
3.2889907387304e-18,3.09191108329394,0.31,0.019,6.8085397282458e-14,"CCDC86"
3.4885293666623e-18,2.21135980389273,0.301,0.014,7.22160464192762e-14,"TCTEX1D2"
3.56111034105939e-18,-1.47628455286109,0.648,0.706,7.37185451702705e-14,"UGT2B7"
3.70568896822179e-18,2.08266868230424,0.4,0.076,7.67114673311593e-14,"ING4"
3.93163729467448e-18,0.862205729492491,0.691,0.332,8.13888236370564e-14,"IMP4"
4.54381072461753e-18,1.15914404433865,0.499,0.152,9.40614258103076e-14,"LIN7A"
4.86709671914095e-18,0.954769927878189,0.638,0.27,1.00753769182937e-13,"ADCK3"
4.97986919703301e-18,1.3880171532993,0.5,0.147,1.0308827224778e-13,"TFDP2"
5.13524698944543e-18,0.541077575193547,0.97,0.82,1.0630474792851e-13,"BLVRB"
5.21386536230903e-18,1.36951738642906,0.413,0.085,1.07932226865159e-13,"HLTF"
6.05423455919916e-18,2.58362834184909,0.345,0.043,1.25328709609982e-13,"CKMT2-AS1"
6.29276126855033e-18,0.877331529952161,0.58,0.209,1.3026645102026e-13,"SSRP1"
6.63932755540027e-18,1.93556028302018,0.344,0.038,1.37440719724341e-13,"RP11-545E17.3"
6.77392278581793e-18,0.894934401696228,0.565,0.204,1.40226975589217e-13,"SLTM"
6.80917615476836e-18,1.40694347704933,0.423,0.09,1.4095675557986e-13,"TAOK1"
6.93884557230538e-18,0.830349869822437,0.795,0.46,1.43641042192294e-13,"DNAJC8"
7.22425630194284e-18,1.93956733231604,0.34,0.038,1.49549329706519e-13,"PPARG"
7.31047383112542e-18,1.31921922118591,0.529,0.175,1.51334118778127e-13,"DUS1L"
7.52300466333989e-18,0.714356459681064,0.551,0.18,1.55733719535799e-13,"SEPT9"
7.5466245553122e-18,0.768893040749982,0.761,0.408,1.56222674919518e-13,"ELOVL5"
7.75879347686095e-18,0.806052779950663,0.625,0.242,1.60614783764499e-13,"C12orf10"
7.84646727756061e-18,1.11248809982107,0.538,0.175,1.62429719112782e-13,"DDX56"
7.90988087074983e-18,0.947526504490462,0.692,0.322,1.63742443905392e-13,"RBBP4"
8.39087011185396e-18,0.810500952581969,0.653,0.275,1.73699402185489e-13,"TRIAP1"
8.6215423805538e-18,0.918407670812846,0.673,0.336,1.78474548819844e-13,"LAP3"
8.97268270563354e-18,1.20478723852103,0.452,0.109,1.8574350468932e-13,"CDK12"
9.00672865756352e-18,-2.16342677137679,0.308,0.493,1.86448289940222e-13,"SMIM19"
9.20001114155075e-18,2.53507193229236,0.343,0.043,1.90449430641242e-13,"INTS12"
9.28275900190118e-18,-3.56809574464061,0.116,0.299,1.92162394098356e-13,"RAB11FIP1"
1.01352303479936e-17,-2.733791537302,0.106,0.289,2.09809403433816e-13,"C6"
1.04612756658737e-17,1.97277893229868,0.352,0.047,2.16558867559252e-13,"AARSD1"
1.04963808676553e-17,1.31780672878081,0.401,0.076,2.17285580341333e-13,"CH17-340M24.3"
1.06725592502115e-17,1.02642953009966,0.587,0.232,2.20932649038629e-13,"AIP"
1.07365121794834e-17,1.4241146645488,0.434,0.104,2.22256538627485e-13,"AGTRAP"
1.10221454430886e-17,0.7423078696489,0.962,0.787,2.28169432817378e-13,"UGT2B4"
1.11285742902312e-17,0.968670331590763,0.711,0.37,2.30372616382077e-13,"GLRX3"
1.13942371080196e-17,-2.64835899410032,0.125,0.313,2.35872102373114e-13,"SLC6A1"
1.15186074167942e-17,0.783629282461566,0.751,0.431,2.38446692135057e-13,"UQCRC2"
1.16771223578599e-17,1.19581827543319,0.528,0.166,2.41728109930058e-13,"ARFIP2"
1.22165302325802e-17,0.901189440307315,0.679,0.322,2.52894392344643e-13,"CMTM8"
1.23406123576268e-17,1.19304291062267,0.543,0.19,2.55463016415232e-13,"BAIAP2"
1.29088919123408e-17,1.05595911070988,0.632,0.28,2.67226971477367e-13,"RFC1"
1.30109447496713e-17,-0.573019170061741,0.998,0.986,2.69339567262945e-13,"MT-ND2"
1.31083946725873e-17,0.847227318452956,0.792,0.502,2.71356878117231e-13,"AK2"
1.35222420811346e-17,4.19734674440991,0.277,0.005,2.79923933321568e-13,"HSPB9"
1.35624734287335e-17,0.797366237468736,0.792,0.431,2.80756762448213e-13,"LINC00152"
1.42462736718685e-17,0.826364086921016,0.661,0.284,2.94912111281349e-13,"ATP6V1E1"
1.46681445786499e-17,1.17485050162789,0.435,0.1,3.03645260922631e-13,"CASC3"
1.48191531241449e-17,1.18089669495165,0.484,0.133,3.06771288822923e-13,"NFKBIL1"
1.53516737516342e-17,1.04730759734831,0.502,0.152,3.17794998332579e-13,"NPEPPS"
1.53544639071398e-17,0.99225689221618,0.728,0.384,3.17852757341702e-13,"NARS"
1.55187187774444e-17,1.8024406967973,0.359,0.052,3.21252997411876e-13,"LRRC45"
1.58606637856879e-17,-2.71900571536151,0.183,0.379,3.28331601027526e-13,"EPSTI1"
1.6036087850227e-17,-1.22186502795209,0.751,0.754,3.31963054587549e-13,"CMPK1"
1.61376055516866e-17,-2.97818772758719,0.214,0.408,3.34064572525463e-13,"MIDN"
1.67331614243382e-17,0.782869612467102,0.563,0.19,3.46393174645225e-13,"PTPMT1"
1.68823517683573e-17,0.933092859436579,0.545,0.18,3.49481563956764e-13,"PRKAG1"
1.7372782751073e-17,0.820918805807839,0.521,0.156,3.59633975729962e-13,"EXOSC1"
1.76350319450893e-17,0.954994591130802,0.536,0.18,3.65062796295294e-13,"CCDC34"
1.87642592272715e-17,2.48461942258328,0.359,0.057,3.88438930263747e-13,"CRYM"
1.9766813201514e-17,1.75993162071965,0.364,0.057,4.0919280008454e-13,"SLC39A6"
2.02150692726121e-17,1.7843290798829,0.408,0.09,4.18472149012343e-13,"TMEM52"
2.1157263417414e-17,1.81807510497131,0.363,0.057,4.37976510003888e-13,"ARSB"
2.16331739607972e-17,4.92301420455234,0.266,0,4.47828334162463e-13,"EGFR-AS1"
2.21607410153984e-17,-1.62405692543933,0.501,0.626,4.58749499759762e-13,"EIF4EBP2"
2.24243904216024e-17,2.30137766253703,0.339,0.043,4.64207306117592e-13,"SYNE4"
2.24540663691249e-17,-0.688705719809468,0.902,0.872,4.64821627907254e-13,"PSME1"
2.25806457422279e-17,1.26180746817319,0.467,0.123,4.67441947509859e-13,"TMEM82"
2.37077456229314e-17,1.82345829803699,0.392,0.076,4.90774042140302e-13,"PDK1"
2.37877806190869e-17,2.14604819724301,0.34,0.043,4.92430846595718e-13,"MAP7D3"
2.47226514413769e-17,1.09657646451876,0.597,0.232,5.11783607487942e-13,"MRPS22"
2.50179671780171e-17,1.02852228233031,0.528,0.166,5.17896938552133e-13,"RIPK2"
2.50983022757632e-17,0.765723416681688,0.832,0.526,5.19559955410573e-13,"CAPZB"
2.74568985440436e-17,0.883246952781972,0.649,0.294,5.68385256760246e-13,"APEH"
2.79019881064526e-17,1.40003262735923,0.502,0.156,5.77599055791675e-13,"ACOT7"
2.82783143431496e-17,1.48359165391403,0.482,0.142,5.8538938521754e-13,"CHRAC1"
2.983471460126e-17,0.686289801593657,0.836,0.569,6.17608426960684e-13,"KDELR1"
3.10513446919391e-17,1.07207826646889,0.581,0.218,6.42793886467831e-13,"SRSF1"
3.1408283009836e-17,-2.80199757559096,0.186,0.384,6.50182866586615e-13,"FXYD5"
3.14432595996326e-17,0.613743669300096,0.685,0.332,6.50906916971995e-13,"SMS"
3.15365433469579e-17,2.78470356470332,0.314,0.028,6.52837983825376e-13,"DDX55"
3.23318030892117e-17,1.15229194243629,0.442,0.109,6.69300655749772e-13,"COMMD8"
3.27884824990255e-17,1.10556978866688,0.507,0.156,6.78754376212326e-13,"GMPS"
3.28280280765401e-17,1.30136212877639,0.476,0.142,6.79573009212457e-13,"DFFA"
3.33589145663381e-17,1.45226091672528,0.444,0.114,6.90562890437765e-13,"FAM21A"
3.49851910701652e-17,2.00825297100103,0.33,0.038,7.2422844034349e-13,"MCM3"
3.5172550180433e-17,1.3327766287855,0.465,0.128,7.28106961285144e-13,"CHD1L"
3.55672909989445e-17,1.18087500176358,0.489,0.142,7.3627849096915e-13,"RNASEH1"
3.59389220507969e-17,1.00366974943888,0.611,0.261,7.43971625373547e-13,"XRN2"
3.62915613985781e-17,1.96863916678554,0.373,0.066,7.51271612511965e-13,"APEX2"
3.7406070825764e-17,0.857228943657722,0.446,0.114,7.7434307216414e-13,"OGG1"
3.76628721266855e-17,0.37442628100619,0.994,0.953,7.79659115894517e-13,"ATP5L"
4.08068478299518e-17,1.86024195034373,0.354,0.052,8.44742556927831e-13,"C7orf49"
4.21778141183117e-17,0.976773671456834,0.628,0.28,8.7312293006317e-13,"FUNDC2"
4.33958030428291e-17,0.908841170141444,0.704,0.36,8.98336518789606e-13,"DAP3"
4.46765350275982e-17,0.884676003331221,0.475,0.137,9.24848951606311e-13,"C8orf76"
4.47787326218675e-17,1.37995518061133,0.522,0.175,9.26964544005278e-13,"SCO2"
4.67610491795235e-17,1.32836132309388,0.448,0.114,9.68000479065316e-13,"B4GALT3"
4.83449731916997e-17,0.318920533384619,1,0.991,1.00078929004138e-12,"EEF1A1"
4.92899304729313e-17,1.51412015060479,0.416,0.095,1.02035085072015e-12,"ABHD8"
4.9481946383707e-17,-0.823409277042765,1,1,1.02432577208912e-12,"SERPINA1"
5.04832898261025e-17,0.750711603809247,0.522,0.175,1.04505458269015e-12,"TADA3"
5.17561675559353e-17,-1.30310291824856,0.889,0.882,1.07140442457542e-12,"HSPA5"
5.2084296914718e-17,3.14835273398388,0.287,0.014,1.07819703043158e-12,"RP11-128M1.1"
5.44552793118594e-17,1.74624988034538,0.361,0.057,1.1272787370348e-12,"SLC46A1"
5.45626589686096e-17,0.950909901969674,0.587,0.227,1.12950160330919e-12,"CALCOCO2"
5.51917459443071e-17,2.66233814855492,0.343,0.052,1.1425243327931e-12,"EEF2KMT"
5.52164093223355e-17,1.37760457868401,0.392,0.076,1.14303488938167e-12,"SUGP2"
5.52725136028314e-17,1.67306826919032,0.355,0.052,1.14419630409221e-12,"PAAF1"
5.58859355979889e-17,0.91113735172633,0.727,0.374,1.15689475281397e-12,"SRPRB"
5.66949585978624e-17,0.97751479966905,0.646,0.299,1.17364233793435e-12,"MRPL4"
5.67842162985999e-17,0.758203045332897,0.656,0.284,1.17549006159732e-12,"NCBP2"
5.69206669732408e-17,0.860110198590247,0.657,0.308,1.17831472701306e-12,"PARP1"
5.78761958612359e-17,0.952959470273818,0.621,0.261,1.19809513052344e-12,"ABHD12"
5.80834781675758e-17,-2.85745539542533,0.134,0.318,1.20238608154699e-12,"PRRG4"
5.81812031505655e-17,1.00493536115107,0.512,0.156,1.20440908641986e-12,"GLB1"
5.87624700878938e-17,0.598710453309523,0.948,0.782,1.21644189328949e-12,"EIF4A2"
6.12041422930772e-17,2.0230845189259,0.333,0.043,1.26698694960899e-12,"KANSL1-AS1"
6.21596390566153e-17,1.45788244891096,0.489,0.152,1.28676668811099e-12,"PPIH"
6.25233397606163e-17,0.795484287424276,0.753,0.431,1.29429565638452e-12,"SF3B2"
6.3049214639857e-17,1.58052121311837,0.328,0.038,1.30518179225968e-12,"GSDMB"
6.32891110343708e-17,0.748199351977662,0.409,0.085,1.31014788752251e-12,"UTP23"
6.53114499433343e-17,1.65545872201266,0.379,0.071,1.35201232527696e-12,"MFAP1"
6.58383550868142e-17,0.848388938878411,0.761,0.427,1.36291978865214e-12,"RPA3"
6.66893410767832e-17,0.891445698132579,0.554,0.19,1.38053604963049e-12,"ZRANB2"
6.7798362704545e-17,0.935432693469053,0.491,0.147,1.40349390634679e-12,"DCAF7"
6.91246579864776e-17,-2.15524007739904,0.329,0.512,1.43094954497807e-12,"ISG20"
7.05295587963325e-17,-1.81079284308582,0.491,0.607,1.46003239664288e-12,"DNAJB9"
7.05903891363893e-17,2.0535811904845,0.376,0.071,1.46129164551239e-12,"ZNHIT2"
7.23999173306037e-17,-1.76499474972087,0.504,0.607,1.49875068866083e-12,"CFL2"
7.47536206629774e-17,1.27590328162446,0.544,0.194,1.54747470134429e-12,"FAM207A"
7.57910505374556e-17,0.854871579529621,0.645,0.303,1.56895053717587e-12,"RTF1"
7.79754323776408e-17,1.1102784413439,0.543,0.19,1.61416942564954e-12,"PDXK"
7.91920133545144e-17,0.926814477884483,0.563,0.209,1.6393538684518e-12,"SAMM50"
8.1232290566297e-17,0.778367564778531,0.755,0.455,1.68158964701292e-12,"CAP1"
8.12690276724284e-17,4.75347241079743,0.258,0,1.68235014184694e-12,"SLC22A11"
8.30966872311769e-17,0.593282717296278,0.954,0.782,1.72018452237259e-12,"BNIP3"
8.4158914559201e-17,1.04560795495809,0.535,0.18,1.74217369029002e-12,"SNRPA1"
8.46285532076853e-17,0.718085853642376,0.831,0.488,1.75189567995229e-12,"TCP1"
8.49579030058793e-17,-2.63616734026722,0.201,0.398,1.75871355012471e-12,"MS4A6A"
8.67233563036692e-17,1.25823195026547,0.483,0.147,1.79526019884226e-12,"B4GALT7"
8.83775956272975e-17,0.792154745827527,0.817,0.555,1.82950460708069e-12,"POLR2E"
9.07995151182633e-17,0.54919645569334,0.973,0.81,1.87964076246317e-12,"ATPIF1"
9.84462686178144e-17,-2.30259010830954,0.817,0.81,2.03793620665738e-12,"MT1E"
9.98368225323249e-17,1.86466106594852,0.367,0.066,2.06672206324166e-12,"WDR12"
1.00421497778955e-16,3.38179907656105,0.289,0.019,2.07882542552216e-12,"KRT222"
1.00534644161094e-16,1.59213476842806,0.397,0.085,2.08116766877881e-12,"ZNF503"
1.00550946847881e-16,1.27092073016874,0.369,0.062,2.08150515069798e-12,"RHBDF2"
1.01219699440436e-16,2.98985360604253,0.291,0.019,2.09534899811646e-12,"HIST1H2AE"
1.0330403961039e-16,1.7730210276637,0.334,0.043,2.13849692397468e-12,"HEXDC"
1.12592632950781e-16,0.921795294615496,0.699,0.379,2.33078009471412e-12,"NUBP2"
1.14471286205062e-16,0.737888163915166,0.823,0.531,2.369670095731e-12,"PIN4"
1.1479924686893e-16,1.24685231393193,0.445,0.114,2.37645920943371e-12,"ARIH2"
1.16544363471194e-16,1.90903535078794,0.346,0.052,2.41258486821718e-12,"HS1BP3"
1.1851942322069e-16,1.17789716306994,0.551,0.199,2.4534705800915e-12,"TIMM9"
1.20817669422988e-16,1.52465831403438,0.437,0.114,2.50104657472528e-12,"WDR55"
1.21710391518791e-16,1.53169338151426,0.447,0.118,2.5195268148305e-12,"EXOSC3"
1.23395762550346e-16,-0.880065250698563,0.821,0.806,2.55441568055471e-12,"TMEM205"
1.28457374735249e-16,1.36036923955573,0.463,0.137,2.6591961143944e-12,"NLN"
1.2934243066568e-16,0.578594367840659,0.961,0.763,2.67751765721025e-12,"BAAT"
1.30083601205918e-16,-1.01346852817578,0.78,0.768,2.6928606285637e-12,"CARHSP1"
1.30182273009236e-16,1.09897435943975,0.536,0.19,2.69490323356419e-12,"EIF2S1"
1.3429405126268e-16,0.686142307204626,0.818,0.569,2.78002115518874e-12,"C19orf24"
1.36720733349508e-16,2.95131795037477,0.296,0.024,2.83025590106818e-12,"TGM3"
1.38392123458083e-16,-2.65924882020354,0.346,0.521,2.86485534770577e-12,"NNMT"
1.4209266265261e-16,0.787735676152558,0.536,0.18,2.94146020957167e-12,"HPRT1"
1.43409099412079e-16,2.03140189106099,0.332,0.043,2.96871176692945e-12,"TTLL12"
1.46179317222841e-16,0.851527609929144,0.497,0.156,3.02605804583004e-12,"AGGF1"
1.52179305804592e-16,0.910338891284771,0.729,0.379,3.15026380946085e-12,"OLA1"
1.52521055076868e-16,0.665950952527165,0.755,0.436,3.15733836114625e-12,"SRRM1"
1.54805482049592e-16,0.748751107505354,0.491,0.152,3.20462828390861e-12,"FAM104B"
1.56480192522005e-16,1.39069098530365,0.475,0.147,3.23929646539803e-12,"NRBP2"
1.58412535886085e-16,0.522089300041151,0.987,0.91,3.27929790537786e-12,"HNRNPA1"
1.62207570397602e-16,-1.75107690421249,0.598,0.649,3.35785891480075e-12,"SMIM14"
1.69075774387132e-16,1.334919293779,0.407,0.09,3.50003760558802e-12,"PIGU"
1.70163935574009e-16,0.738450466088079,0.793,0.483,3.52256363031755e-12,"HNRNPM"
1.72219511516308e-16,0.81198111557474,0.59,0.237,3.56511610789909e-12,"RABEPK"
1.76456985234813e-16,1.0333714719503,0.526,0.18,3.65283605134587e-12,"GNL2"
1.82913048217898e-16,-3.10841118542088,0.087,0.251,3.78648301115871e-12,"NHSL1"
1.84194464777227e-16,4.68591470308379,0.253,0,3.81300961535337e-12,"SPESP1"
1.85652609331688e-16,-0.616948725914114,0.958,0.938,3.84319466577527e-12,"CALM2"
1.91235723838332e-16,1.37652435122216,0.456,0.128,3.95877071917731e-12,"EIF2B3"
1.95580322012543e-16,1.06316154961182,0.576,0.223,4.04870824598165e-12,"PTGES2"
1.95860366688268e-16,-2.86221364738825,0.205,0.393,4.05450545081383e-12,"REL"
1.99394137506218e-16,0.568993931487187,0.476,0.133,4.12765804051622e-12,"EXOC7"
2.01976964576608e-16,0.677946625446462,0.783,0.417,4.18112514370036e-12,"GCHFR"
2.04261047466882e-16,1.40251719595467,0.441,0.118,4.22840794361192e-12,"RP4-710M16.2"
2.0510132170931e-16,1.27171281689779,0.445,0.118,4.24580246070442e-12,"DDX42"
2.06025084046606e-16,0.62758521485279,0.874,0.645,4.26492526484878e-12,"DRAP1"
2.12219563539002e-16,1.37629143513269,0.323,0.038,4.39315718482088e-12,"PAGE4"
2.13492626401407e-16,1.69217064221839,0.41,0.1,4.41951085913553e-12,"GPKOW"
2.14815915220374e-16,0.778342114877722,0.703,0.37,4.44690426097696e-12,"ANXA6"
2.18250353346088e-16,1.19897831148396,0.429,0.109,4.51800056461737e-12,"GAR1"
2.21054843697329e-16,-0.467331187819024,0.961,0.934,4.57605631937841e-12,"UBL5"
2.50813874594178e-16,0.590144486386899,0.824,0.531,5.19209801797407e-12,"LBP"
2.50866590621354e-16,1.15357725715507,0.447,0.118,5.19318929245264e-12,"EIF2D"
2.52951425293894e-16,0.976170838983019,0.586,0.237,5.2363474550089e-12,"HACL1"
2.65857816352853e-16,0.616627407553281,0.774,0.479,5.50352265632041e-12,"TIMM17A"
2.66709840348829e-16,0.924923090007714,0.616,0.265,5.52116040506112e-12,"SLC50A1"
2.68965327832606e-16,1.04296563036072,0.545,0.194,5.56785125146278e-12,"C1orf35"
2.71386436536155e-16,1.24065393406313,0.516,0.175,5.61797062273495e-12,"VPS72"
2.96265996967199e-16,1.09525872042893,0.54,0.185,6.13300240321798e-12,"SLC38A10"
2.99958786085613e-16,4.74182962521876,0.25,0,6.20944683075828e-12,"UGT3A2"
3.0214146221218e-16,0.77330592480373,0.687,0.341,6.25463040925435e-12,"DPM1"
3.09249441308228e-16,0.89347292228524,0.502,0.161,6.40177268452163e-12,"JMJD6"
3.16580229376731e-16,3.08031536284402,0.284,0.019,6.55352732832771e-12,"ZC2HC1A"
3.21402426824816e-16,0.970526711586636,0.649,0.294,6.65335163770051e-12,"CPQ"
3.232530394241e-16,0.572810527551394,0.629,0.242,6.69166116911829e-12,"C1orf21"
3.23897113721937e-16,0.80289760023798,0.783,0.498,6.70499415115782e-12,"LAMTOR1"
3.26671395280274e-16,1.63402816783494,0.319,0.038,6.76242455369696e-12,"FAM3B"
3.28448523012873e-16,-1.88898488725624,0.44,0.573,6.79921287488948e-12,"LONP2"
3.37765594849518e-16,0.824757530728593,0.602,0.242,6.99208557897987e-12,"ERGIC2"
3.38214875405744e-16,1.65006946431226,0.368,0.071,7.0013861357743e-12,"WDR41"
3.6207837896051e-16,2.51363704089516,0.315,0.038,7.49538452286152e-12,"INTS8"
3.64701256404879e-16,1.4311965479353,0.397,0.085,7.54968070883739e-12,"MFSD11"
3.82535325329889e-16,3.42175768597385,0.273,0.014,7.91886376965403e-12,"GALNS"
3.82927640188545e-16,1.41153001623453,0.428,0.109,7.92698507954307e-12,"ATP5SL"
3.90841515700536e-16,0.776106171986314,0.758,0.427,8.0908102165168e-12,"MAGOH"
3.98042468224271e-16,0.955808818395627,0.506,0.175,8.23987713471064e-12,"DNAJC2"
4.53959881466397e-16,2.51793042060913,0.308,0.033,9.39742350623588e-12,"MYO19"
4.5710970099778e-16,0.87147215957243,0.583,0.237,9.46262792035504e-12,"VMA21"
4.63866183430464e-16,0.466289971720559,0.482,0.142,9.60249386319403e-12,"SPAG9"
4.7772618085202e-16,1.01362913199827,0.585,0.232,9.88940966981766e-12,"AKT1S1"
4.9048551982729e-16,1.98461791220285,0.337,0.052,1.01535407459447e-11,"SNUPN"
4.93737042711472e-16,1.3088088088262,0.409,0.095,1.02208505211702e-11,"TRAF7"
4.99850803620906e-16,0.999079368338818,0.617,0.27,1.03474114857564e-11,"ZCCHC10"
5.01724117349979e-16,-4.23231612241832,0.091,0.256,1.03861909532619e-11,"CXCL10"
5.09382258985719e-16,1.87383741812058,0.365,0.071,1.05447221432634e-11,"TSSC1"
5.23674841006897e-16,1.11307002568786,0.513,0.166,1.08405928836838e-11,"MAN1B1"
5.32597368535206e-16,1.719435828947,0.389,0.085,1.10252981260473e-11,"TRIB3"
5.38834256863227e-16,1.98451940114884,0.338,0.052,1.11544079513257e-11,"HGH1"
5.43692054358265e-16,1.33564877015766,0.385,0.081,1.12549692172704e-11,"ZFYVE19"
5.68626680752506e-16,-1.97765066136604,0.462,0.578,1.17711409182576e-11,"DHRS1"
5.73449002143599e-16,0.65998760452134,0.884,0.673,1.18709677933746e-11,"PAH"
5.84596476406753e-16,1.65177997575812,0.355,0.062,1.21017316580962e-11,"THAP3"
6.00746582660282e-16,2.96478132280901,0.295,0.028,1.24360550076505e-11,"RP5-827C21.4"
6.04274427090048e-16,1.12328471580825,0.379,0.076,1.25090849151911e-11,"UBLCP1"
6.0742500404969e-16,1.40836559807724,0.338,0.052,1.25743050088326e-11,"RFT1"
6.44568027153601e-16,0.778550256703527,0.733,0.412,1.33432027301067e-11,"CMC1"
6.674478121964e-16,1.10373542965055,0.467,0.133,1.38168371602777e-11,"FHIT"
6.73676318890828e-16,1.64919783950536,0.283,0.019,1.3945773477359e-11,"PCSK1N"
6.75540482262519e-16,0.738870403279498,0.699,0.389,1.39843635233164e-11,"TRIB1"
6.83719552763394e-16,1.27574835793932,0.44,0.118,1.4153678461755e-11,"CSTF3"
6.91236922947043e-16,0.993054919277391,0.434,0.114,1.43092955419267e-11,"RNF145"
7.01622399584595e-16,1.06759891016537,0.598,0.261,1.45242852938007e-11,"FASTK"
7.02853687131635e-16,0.882637617038135,0.707,0.365,1.4549774177312e-11,"TCEAL4"
7.23845018994683e-16,1.33431025234396,0.486,0.156,1.49843157382089e-11,"ARL3"
7.46022410585293e-16,-1.01205001643971,0.765,0.777,1.54434099215261e-11,"APOC4-APOC2"
7.61613790215039e-16,-3.26161214087033,0.099,0.265,1.57661670712415e-11,"LINC00844"
7.70820814361723e-16,0.946823514881182,0.64,0.299,1.5956761678102e-11,"DPM2"
7.74359233731986e-16,0.646282052735941,0.755,0.408,1.60300104974858e-11,"FMO3"
7.87495950105442e-16,1.93498265660825,0.348,0.062,1.63019536631328e-11,"ENPP7"
7.88396625264642e-16,0.67383506310517,0.775,0.427,1.63205985396033e-11,"NDUFV3"
7.90481354946723e-16,1.57878217909657,0.435,0.118,1.63637545287521e-11,"LTV1"
7.94147343007283e-16,-3.3927485935754,0.116,0.289,1.64396441475938e-11,"RASD1"
8.21216999532808e-16,2.22411787412804,0.328,0.047,1.70000131073287e-11,"CTD-2015H6.3"
8.46503175054356e-16,0.904904904739094,0.472,0.147,1.75234622268002e-11,"GTPBP4"
8.63610670741519e-16,2.29266375640611,0.336,0.057,1.78776044950202e-11,"GATB"
8.74089296581309e-16,0.714107855288206,0.756,0.436,1.80945225285297e-11,"LYPLA1"
9.49075569099518e-16,1.33583180052948,0.397,0.095,1.96468133559291e-11,"NOC4L"
9.59984774727748e-16,1.26647302780364,0.433,0.123,1.98726448216391e-11,"CENPW"
1.02736047581575e-15,3.13444670928852,0.269,0.014,2.12673892098618e-11,"NUDT6"
1.09024278699802e-15,-1.19628953039532,0.7,0.72,2.2569115933646e-11,"POLD4"
1.09416728341124e-15,1.31820608585952,0.432,0.118,2.26503569338962e-11,"ABCF3"
1.1006432991028e-15,0.941144271311654,0.429,0.109,2.27844169347271e-11,"DYNC1LI1"
1.10466641226915e-15,1.29766434575607,0.471,0.147,2.28676994003836e-11,"MPHOSPH10"
1.11230772901507e-15,3.48700835344385,0.26,0.009,2.30258822983409e-11,"HHIPL2"
1.12630345601707e-15,0.602761898295638,0.886,0.602,2.33156078430094e-11,"HGD"
1.13026582361025e-15,-1.23788858682528,0.657,0.687,2.33976328145558e-11,"MRPL23"
1.13378862846043e-15,1.02488588688906,0.438,0.118,2.34705583977594e-11,"CCDC57"
1.20745014007857e-15,2.96590546023983,0.267,0.014,2.49954253497666e-11,"CDK1"
1.21289515878507e-15,1.22419626756425,0.345,0.057,2.51081426820096e-11,"ZNF7"
1.222942881903e-15,0.458785654373675,0.864,0.583,2.53161405982741e-11,"SEC11C"
1.22780722986093e-15,0.90790723585464,0.55,0.199,2.5416837465351e-11,"CIAO1"
1.23527466614701e-15,3.10286581028508,0.26,0.009,2.55714208639093e-11,"FADS6"
1.24279428441071e-15,0.778215574430091,0.673,0.341,2.57270844815862e-11,"MRPS28"
1.25823675719613e-15,1.54770960737992,0.432,0.123,2.6046759110717e-11,"CUTC"
1.37784676067894e-15,1.04201150931431,0.39,0.09,2.85228057928147e-11,"LYAR"
1.38765844693645e-15,0.691781181577219,0.593,0.242,2.87259175100314e-11,"SLC39A5"
1.3990512338313e-15,0.876186856813305,0.709,0.384,2.89617595915418e-11,"THOC7"
1.42404911884281e-15,0.47503717939143,0.923,0.706,2.94792408091651e-11,"COMMD6"
1.46524917003431e-15,-1.94468659011873,0.411,0.564,3.03321230688802e-11,"ASAH1"
1.4776146544745e-15,0.991664030030627,0.612,0.256,3.05881009622766e-11,"PRELID3B"
1.52956484041524e-15,0.848906050775625,0.591,0.246,3.16635217614358e-11,"DUSP3"
1.54747301372455e-15,0.994578864101137,0.659,0.313,3.20342388571119e-11,"METTL5"
1.56913517911864e-15,0.844235055287918,0.403,0.095,3.2482667342935e-11,"BCL2L13"
1.62642970848247e-15,1.688411103147,0.357,0.066,3.36687213952956e-11,"NEU4"
1.63117560002581e-15,2.02666963307769,0.35,0.066,3.37669660961343e-11,"RP5-940J5.9"
1.64303495320709e-15,1.23330037857126,0.368,0.071,3.401246656634e-11,"KIAA0196"
1.65330482481393e-15,0.738146176824619,0.438,0.118,3.42250631784731e-11,"TNFAIP1"
1.79824203685186e-15,0.745601672970332,0.777,0.431,3.72254084048703e-11,"ACOT13"
1.81765552448259e-15,0.789685569608638,0.76,0.427,3.76272870123142e-11,"ARHGDIA"
1.82670084286518e-15,1.0374351852352,0.475,0.147,3.78145341481522e-11,"CCDC174"
1.9162719755772e-15,1.2047910911929,0.346,0.062,3.96687461664236e-11,"HAUS1"
1.94972258273044e-15,0.75415297086601,0.568,0.223,4.03612071851028e-11,"TSSC4"
1.95681031656661e-15,0.792388873082898,0.66,0.299,4.05079303632455e-11,"UPB1"
1.96075563802162e-15,1.47370190688685,0.356,0.071,4.05896024626855e-11,"NIPA2"
2.01708461138244e-15,-2.81666961741616,0.091,0.251,4.1755668540228e-11,"IFI16"
2.02424188423241e-15,1.06543796370676,0.344,0.057,4.19038312454952e-11,"PRMT5"
2.02693510779774e-15,0.789626659229361,0.536,0.19,4.1959583666521e-11,"DDX27"
2.04006471950328e-15,1.34894241254466,0.43,0.118,4.22313797584374e-11,"PACSIN2"
2.04749942182106e-15,2.44199421711584,0.282,0.024,4.23852855311178e-11,"PXN-AS1"
2.07466525166689e-15,0.679567013782607,0.474,0.147,4.29476453747563e-11,"TYW3"
2.07790176558002e-15,0.605051573438335,0.625,0.275,4.3014644449272e-11,"SLC3A2"
2.10973999115181e-15,1.9063164411828,0.308,0.038,4.36737275568336e-11,"TAF6"
2.15516525160001e-15,0.619402838347113,0.605,0.242,4.46140758733718e-11,"FAM200B"
2.17192817375857e-15,1.61663019032096,0.394,0.1,4.49610851249761e-11,"PKLR"
2.21126441326653e-15,1.49009676895108,0.359,0.071,4.57753846190305e-11,"NCAPH2"
2.21876481033458e-15,1.68531540123695,0.413,0.114,4.59306503387362e-11,"PNPLA4"
2.22498131280692e-15,0.819578496327567,0.492,0.156,4.6059338156416e-11,"EMC8"
2.23700058033513e-15,0.607883175425044,0.596,0.242,4.63081490135175e-11,"CTNNBL1"
2.25745454459061e-15,2.10354020650993,0.326,0.052,4.67315665275703e-11,"KRT23"
2.2878298312192e-15,-1.33370339182748,0.557,0.678,4.73603653360687e-11,"EIF5A"
2.29789869696328e-15,1.67424638889081,0.372,0.081,4.75688009258369e-11,"THG1L"
2.40342613077501e-15,1.47427655895741,0.355,0.066,4.97533243331736e-11,"ASUN"
2.40516679386695e-15,0.455970733604942,0.972,0.834,4.97893577998396e-11,"TMEM258"
2.46055183400972e-15,1.37895168370995,0.416,0.104,5.09358835158352e-11,"CCDC130"
2.59066149472846e-15,0.836709265039258,0.702,0.365,5.36292836023739e-11,"PPP2R1A"
2.62043657728763e-15,1.55391185198701,0.346,0.062,5.42456575864312e-11,"TBCE"
2.71438130307688e-15,-2.17975992195809,0.364,0.512,5.61904073549946e-11,"GPT2"
2.72199565119454e-15,1.75555850188805,0.317,0.043,5.63480319753783e-11,"CCBL1"
2.79640709464753e-15,0.984843408090141,0.572,0.232,5.78884232662985e-11,"POP4"
2.85575993310829e-15,0.817285266105687,0.589,0.237,5.91170863752746e-11,"GNPNAT1"
2.87186890716074e-15,0.680347434228866,0.713,0.36,5.94505582471345e-11,"GRPEL1"
2.89490322869625e-15,-2.7487132973891,0.134,0.308,5.9927391737241e-11,"N4BP2L1"
2.91369569998142e-15,0.825234794723818,0.702,0.355,6.03164146853154e-11,"CHCHD1"
2.95948541916974e-15,1.36920063496382,0.487,0.166,6.12643076622328e-11,"NOLC1"
3.07077431070215e-15,-0.884927441478034,0.845,0.787,6.35680990058453e-11,"PET100"
3.09565708745158e-15,-0.879958649289661,0.916,0.886,6.40831973673352e-11,"MYL12A"
3.14968043089822e-15,0.885574507427173,0.607,0.275,6.52015346000241e-11,"RNF213"
3.16280172297161e-15,1.34914077961469,0.333,0.052,6.54731584672353e-11,"MPP6"
3.2569350554141e-15,1.28885505187786,0.34,0.057,6.74218125821273e-11,"ADCK5"
3.35943642595207e-15,1.52736340006622,0.371,0.081,6.95436934536337e-11,"TRMT2A"
3.48048178094304e-15,1.92495313883608,0.272,0.019,7.20494533473018e-11,"NNT-AS1"
3.53692515888452e-15,1.34025645098076,0.474,0.156,7.32178877140684e-11,"DCUN1D5"
3.67506080856988e-15,1.55212837235411,0.397,0.1,7.6077433798205e-11,"TP53RK"
3.68581579558811e-15,0.7154637556969,0.609,0.256,7.63000727844695e-11,"USP16"
3.96162025992886e-15,0.594279371165437,0.859,0.616,8.20095010007874e-11,"RER1"
4.03870403208187e-15,1.0472802995167,0.487,0.156,8.36052121681267e-11,"TMED1"
4.19208716250776e-15,0.749626668361355,0.572,0.227,8.67803963510731e-11,"ACO2"
4.20917369795301e-15,1.47903117619959,0.381,0.085,8.71341047213253e-11,"RRAGD"
4.28786679149145e-15,1.27908292568446,0.499,0.171,8.87631304506645e-11,"UBE2S"
4.30879597816521e-15,1.83405680803198,0.374,0.09,8.91963855439981e-11,"RP11-238F2.1"
4.33285329639583e-15,1.33102461058432,0.399,0.1,8.96943960886902e-11,"ZNF581"
4.34624387461652e-15,1.15823907465327,0.472,0.156,8.99715944484366e-11,"DNAJA3"
4.52320275039303e-15,-2.57238602697378,0.207,0.384,9.3634820135886e-11,"PER1"
4.53221575575484e-15,0.93998275695126,0.479,0.156,9.38213983598808e-11,"BCL2L12"
4.53288484095326e-15,2.65526948484966,0.278,0.024,9.38352490925735e-11,"TRMT61A"
4.54220637325141e-15,0.774973707751018,0.59,0.251,9.40282141326774e-11,"BAG6"
4.58156679207223e-15,-0.634972993078943,0.94,0.872,9.48430141626873e-11,"DYNLL1"
4.64960474520499e-15,1.2999904706706,0.4,0.1,9.62514678304884e-11,"C16orf91"
4.69746889565439e-15,0.508962014569389,0.43,0.114,9.72423036089416e-11,"CA2"
4.70258505152588e-15,1.48232295536601,0.328,0.052,9.73482131516372e-11,"IL1R2"
4.73055676271034e-15,1.56371212013868,0.341,0.062,9.79272555448668e-11,"MAPKAPK5-AS1"
4.81581521831314e-15,0.661299030367496,0.795,0.536,9.96921908343003e-11,"UQCRFS1"
4.926765633168e-15,1.33743733047712,0.319,0.047,1.01988975372211e-10,"MAPKAPK3"
4.94919778125665e-15,0.941826784689122,0.334,0.057,1.02453343269794e-10,"CHD7"
5.19465893850011e-15,2.4687756598512,0.277,0.024,1.07534634685891e-10,"ZNRF3"
5.41195568251272e-15,0.897262746640342,0.644,0.336,1.12032894583696e-10,"RALBP1"
5.73358367390377e-15,0.623178680284474,0.745,0.412,1.18690915633482e-10,"TIMM17B"
5.80278885812487e-15,0.784781437274135,0.659,0.313,1.20123532152043e-10,"ZBTB8OS"
5.84664701554341e-15,1.6399328158001,0.33,0.052,1.21031439868764e-10,"RP11-49I11.1"
5.84706454717215e-15,0.90100568301277,0.541,0.209,1.21040083191011e-10,"SMARCB1"
5.86852824349524e-15,1.80059685874559,0.325,0.052,1.21484403168595e-10,"TMEM177"
6.02897459786678e-15,1.7472723266008,0.334,0.057,1.2480580315044e-10,"LSS"
6.14517512460644e-15,1.42659390200612,0.42,0.118,1.27211270254478e-10,"ABCC2"
6.23684175862493e-15,0.949831840327105,0.449,0.137,1.29108861245295e-10,"MCCC1"
6.25897001982517e-15,0.649760700727937,0.811,0.498,1.29566938380401e-10,"APOA1BP"
6.26998209823229e-15,0.760565504136989,0.5,0.166,1.29794899415507e-10,"SNW1"
6.60899103022948e-15,-2.16432575872349,0.301,0.479,1.36812723316781e-10,"ID1"
6.68142191541671e-15,1.62086724712762,0.351,0.071,1.38312115071041e-10,"JMJD4"
6.75476677521993e-15,1.73420484707717,0.372,0.085,1.39830427013828e-10,"ELP6"
6.82799160734124e-15,0.654386345822973,0.557,0.209,1.41346254263571e-10,"GBA"
6.90121625358866e-15,1.65435142244015,0.384,0.095,1.42862077665539e-10,"NUDT1"
7.05068088428963e-15,0.895114427350068,0.48,0.156,1.4595614498568e-10,"CHCHD3"
7.08434551045409e-15,1.53355576039195,0.439,0.133,1.4665303641191e-10,"FBXO31"
7.14389999219983e-15,-1.51929574720314,0.615,0.649,1.47885873738529e-10,"KHK"
7.23534372494697e-15,1.53039195351991,0.292,0.033,1.49778850450127e-10,"HPS4"
7.41007090846994e-15,2.48463397527931,0.309,0.047,1.53395877876236e-10,"MCM5"
7.48524669150743e-15,0.746359597283853,0.65,0.308,1.54952091760895e-10,"NME3"
7.56527296747537e-15,0.528028884710416,0.897,0.687,1.56608715699708e-10,"LAMTOR4"
7.62597955182164e-15,0.924273687465338,0.514,0.19,1.5786540270226e-10,"FBXO2"
7.7814375046818e-15,0.693318430389302,0.669,0.322,1.61083537784418e-10,"MESDC2"
7.83868706174022e-15,-2.19167177524566,0.436,0.564,1.62268660865084e-10,"VIM"
7.90583303361718e-15,0.692030406144831,0.554,0.209,1.63658649628909e-10,"FAM192A"
7.91858415938799e-15,1.22561533608982,0.405,0.104,1.63922610683491e-10,"RP11-660L16.2"
7.9464965920677e-15,3.9869040676608,0.262,0.019,1.64500425952393e-10,"AURKA"
8.18078828552735e-15,0.623890497194362,0.828,0.526,1.69350498298702e-10,"PSMB9"
8.32002796392051e-15,0.80324111112397,0.76,0.427,1.72232898881118e-10,"CKS1B"
8.40846086718049e-15,0.809582160186892,0.774,0.483,1.74063548411503e-10,"HSPB11"
8.5091799555919e-15,0.882512760763967,0.457,0.142,1.76148534260708e-10,"AKAP8L"
8.73670255310196e-15,-2.33371049182514,0.358,0.493,1.80858479551764e-10,"RHOU"
8.88164382685302e-15,1.2950946884303,0.382,0.09,1.83858908859684e-10,"SRXN1"
9.20419494006488e-15,-0.839644905212793,0.902,0.863,1.90536039454283e-10,"ITIH1"
9.2933056890541e-15,0.596258651699018,0.925,0.711,1.92380721069109e-10,"GPX3"
9.72955135757506e-15,0.934683360166824,0.485,0.161,2.01411442653161e-10,"PPIL3"
9.83452662594787e-15,0.876761386472621,0.534,0.209,2.03584535683747e-10,"NBR1"
9.8669655953816e-15,-1.41754310665434,0.655,0.687,2.04256054789994e-10,"TAPBP"
1.00876097715686e-14,0.874234130043366,0.369,0.081,2.08823609881242e-10,"GPATCH8"
1.01033242769824e-14,-0.831004474062248,0.847,0.853,2.09148915857812e-10,"NUCKS1"
1.03642233122508e-14,1.16560647020514,0.39,0.095,2.14549786786904e-10,"MRRF"
1.03956120282127e-14,1.6150537636937,0.289,0.033,2.1519956459603e-10,"SPATA20"
1.09403642799808e-14,0.683040010199066,0.848,0.545,2.26476480959883e-10,"SDHB"
1.10244486205788e-14,0.655912858708991,0.78,0.445,2.28217110894602e-10,"TPD52"
1.124433245109e-14,-1.90228695792021,0.423,0.564,2.32768926070013e-10,"EZR"
1.12500958139639e-14,-2.94107223285131,0.104,0.265,2.32888233444866e-10,"DUSP6"
1.18435028281423e-14,1.375626927728,0.291,0.033,2.45172352045374e-10,"CCDC71"
1.23558993658187e-14,2.14228501060606,0.31,0.047,2.55779472771814e-10,"METTL1"
1.24730101501216e-14,1.03166562568498,0.448,0.133,2.58203783117668e-10,"PBDC1"
1.27305773052775e-14,1.09555037927304,0.505,0.185,2.6353568079655e-10,"ZNF622"
1.29364850675079e-14,0.533227435697813,0.815,0.531,2.6779817738248e-10,"C19orf70"
1.30739747239922e-14,2.32039376418914,0.295,0.038,2.70644350761363e-10,"LINC00649"
1.36146693588049e-14,0.539120945898694,0.437,0.123,2.81837270396619e-10,"MAP7D1"
1.38602426094556e-14,0.867169164105059,0.521,0.194,2.8692088225834e-10,"HLA-DMB"
1.48669589421027e-14,1.64170894170763,0.311,0.047,3.07760917060468e-10,"FN3K"
1.49620964245668e-14,0.627492159634473,0.776,0.493,3.09730358084957e-10,"PHB2"
1.54511764963958e-14,1.40693287897607,0.366,0.081,3.19854804651889e-10,"LINC01184"
1.5649712580035e-14,-0.748375328669066,0.852,0.853,3.23964700119305e-10,"ARL6IP1"
1.5701096824359e-14,0.691095257991135,0.539,0.213,3.25028405361057e-10,"ODC1"
1.59004193969308e-14,0.627163679509569,0.824,0.526,3.29154581935865e-10,"MEAF6"
1.65485027690622e-14,1.23401018892438,0.475,0.161,3.42570555822357e-10,"FARSA"
1.69051361750156e-14,1.25486534066111,0.462,0.152,3.49953223958999e-10,"CYB561D2"
1.70249096655439e-14,0.826225708268409,0.728,0.412,3.52432654986424e-10,"PEPD"
1.72008780415849e-14,-0.974658530991018,0.835,0.829,3.56075376338849e-10,"RTN4"
1.74185803415323e-14,2.899587658197,0.26,0.019,3.60582031650061e-10,"XYLT2"
1.79328299597248e-14,0.572668772462289,0.782,0.464,3.71227512996263e-10,"NUDT5"
1.79553218222024e-14,1.38792884028997,0.36,0.081,3.71693117041412e-10,"AC098973.2"
1.81098277320686e-14,0.95392223969179,0.605,0.27,3.74891543881553e-10,"C5orf15"
1.81765772311197e-14,2.77355482084003,0.252,0.014,3.76273325261409e-10,"MALL"
1.82293741464914e-14,1.22256885114859,0.365,0.081,3.77366274206518e-10,"FAM58A"
1.8283348334123e-14,0.459647904318619,0.956,0.825,3.78483593864681e-10,"POMP"
1.8429654660436e-14,0.919010235006332,0.533,0.199,3.81512281125686e-10,"DAG1"
1.84798902536502e-14,1.16350036946305,0.474,0.161,3.82552208140813e-10,"PXMP4"
1.89897717790322e-14,1.04122167915596,0.389,0.095,3.93107265597745e-10,"CEP63"
1.91485941290444e-14,1.03694377179792,0.415,0.114,3.96395047065349e-10,"FAM134C"
1.9498717474848e-14,0.818402783809013,0.586,0.256,4.03642950446829e-10,"PIH1D1"
1.98098430876649e-14,0.853758981365061,0.61,0.284,4.10083561757751e-10,"PPA2"
1.99694662553614e-14,0.802892960029236,0.51,0.185,4.13387920952235e-10,"SCNM1"
2.05522922280584e-14,-2.05093990691514,0.345,0.502,4.25453001413037e-10,"IGFBP7"
2.0643822653469e-14,1.52335473227168,0.327,0.057,4.27347772749462e-10,"AC091729.9"
2.06871023971459e-14,0.949058393345502,0.51,0.185,4.28243706723316e-10,"RING1"
2.07039693229139e-14,1.27681192918302,0.653,0.318,4.28592868953642e-10,"CKS2"
2.08330823579306e-14,2.76632847192804,0.281,0.033,4.31265637891522e-10,"LMNB1"
2.10103221397632e-14,1.59993411751912,0.325,0.057,4.34934678615238e-10,"WDR5"
2.13259348444753e-14,0.868939931313081,0.522,0.19,4.41468177215483e-10,"LARP7"
2.13519233776123e-14,-3.18626349900252,0.18,0.351,4.42006165839952e-10,"BTG2"
2.1618717076002e-14,0.562135327512425,0.78,0.469,4.47529062190318e-10,"NDUFA10"
2.17710358507381e-14,0.59692965541799,0.647,0.303,4.50682213146128e-10,"LYRM4"
2.19795158742739e-14,0.747153503388241,0.538,0.199,4.54997958113344e-10,"SF3A3"
2.20733338448315e-14,2.36404574295993,0.269,0.024,4.56940083921856e-10,"ACACA"
2.2391248851539e-14,-1.46807762911026,0.637,0.659,4.63521242475709e-10,"FDX1"
2.31297710264847e-14,-1.31052679225974,0.661,0.711,4.7880939001926e-10,"FAM177A1"
2.32450586573497e-14,2.19251963808253,0.304,0.047,4.81195959265796e-10,"ACTA2"
2.34017417187587e-14,2.5316884023361,0.268,0.024,4.84439455320024e-10,"TMEM44-AS1"
2.3642165341858e-14,1.30938027783802,0.369,0.085,4.89416464741802e-10,"USP22"
2.44495871455277e-14,2.02720163340113,0.283,0.033,5.0613090349957e-10,"TBC1D16"
2.47428356772222e-14,0.834906208508888,0.596,0.261,5.12201441354176e-10,"DENR"
2.54071113137794e-14,0.880784867901704,0.513,0.19,5.25952611306548e-10,"AARS"
2.55705902173646e-14,0.919339360552808,0.495,0.175,5.29336788089664e-10,"EIF2B5"
2.56079532372218e-14,-1.79196658466774,0.364,0.507,5.30110239963728e-10,"SMCO4"
2.56681429090179e-14,-3.00208072235287,0.122,0.284,5.31356226359579e-10,"NFKB1"
2.58403255180126e-14,1.38547316863246,0.322,0.057,5.34920578548378e-10,"CDC23"
2.62436960412137e-14,0.779458557063851,0.787,0.488,5.43270751749165e-10,"FBL"
2.6673373508745e-14,0.829401942065403,0.618,0.284,5.5216550500453e-10,"SS18L2"
2.71097309231161e-14,0.605234855947065,0.425,0.118,5.61198539839426e-10,"FLOT2"
2.75893322775174e-14,-2.70136169732392,0.389,0.512,5.71126767476888e-10,"NEDD9"
2.88055078859082e-14,0.908962972518429,0.628,0.303,5.96302818746186e-10,"FIBP"
2.89294645770151e-14,0.449317962365361,0.973,0.829,5.9886884620879e-10,"PCBD1"
2.92041522248039e-14,0.975174448328804,0.486,0.171,6.04555155205666e-10,"PRPF38A"
3.0761817286748e-14,0.75834837954406,0.509,0.185,6.3680037965297e-10,"SLC25A26"
3.11411129516283e-14,0.690293373897191,0.333,0.062,6.44652179211656e-10,"LEO1"
3.20648756568854e-14,1.11463548771228,0.546,0.223,6.63774990973185e-10,"NCOA2"
3.25869491126916e-14,-1.90493836008013,0.589,0.64,6.74582433581829e-10,"ZFAND2A"
3.26416058149149e-14,1.36537333766892,0.371,0.09,6.75713881974553e-10,"EHMT2"
3.26943571440225e-14,0.954998110217128,0.622,0.299,6.76805887238411e-10,"NTPCR"
3.52760481639796e-14,-0.638043917176493,0.857,0.829,7.30249473042542e-10,"SRP9"
3.68134942128242e-14,-0.508746137911909,0.99,0.953,7.62076143699673e-10,"KNG1"
3.83903449506856e-14,1.89507606284592,0.282,0.033,7.94718530824142e-10,"ADAL"
3.85829003727169e-14,0.806541800502916,0.57,0.232,7.98704620615612e-10,"RPF1"
3.94454824091084e-14,0.724821890418623,0.73,0.431,8.16560931350953e-10,"TGFBI"
3.96728474125605e-14,0.88813821974071,0.503,0.18,8.21267614287416e-10,"PPID"
3.98472775810246e-14,2.24095426965215,0.315,0.057,8.2487849320479e-10,"SLC13A3"
3.98481743739455e-14,2.83497074722473,0.262,0.024,8.24897057715045e-10,"COG1"
4.02160764185224e-14,0.779187996768264,0.676,0.36,8.32512997939833e-10,"HADH"
4.06077864269907e-14,0.844304757663917,0.45,0.142,8.40621786825134e-10,"MVD"
4.07390853688915e-14,0.899493414158763,0.524,0.204,8.43339806221423e-10,"SAE1"
4.08164436321954e-14,0.752777136463033,0.488,0.171,8.44941199630077e-10,"RBM22"
4.15638804076817e-14,0.644301370098385,0.663,0.341,8.60413888319418e-10,"DARS"
4.20010462752119e-14,1.19235436236107,0.44,0.133,8.69463658943161e-10,"ACOT8"
4.27710461054341e-14,0.572184350058987,0.841,0.583,8.85403425428591e-10,"TMEM208"
4.32812237328172e-14,-2.02622929968341,0.453,0.559,8.95964612493048e-10,"APP"
4.38988543784082e-14,1.39153054078822,0.322,0.057,9.08750184487427e-10,"MTSS1L"
4.44244397524755e-14,1.26620649436526,0.346,0.071,9.19630327315996e-10,"RPS6KB1"
4.48731691838495e-14,-0.461543656184948,1,0.995,9.28919475274870e-10,"MT-ND4"
4.50240994460344e-14,1.38744988312401,0.33,0.062,9.32043882632359e-10,"CPSF3"
4.53327817767472e-14,-1.71597772743751,0.572,0.645,9.38433915560443e-10,"DNAJB6"
4.54919276585058e-14,1.13173570046405,0.482,0.175,9.41728394458729e-10,"C12orf45"
4.59288603038082e-14,-2.69181988937523,0.243,0.408,9.50773337149133e-10,"TACC1"
4.6396796105567e-14,-1.60605256514631,0.609,0.659,9.60460076181343e-10,"ASL"
4.64718550034256e-14,2.3019018689979,0.286,0.038,9.62013870425914e-10,"PRIM1"
4.74240427685576e-14,0.990442122543061,0.413,0.118,9.81725109351911e-10,"ACAD9"
4.82130596855369e-14,-1.6945088822617,0.447,0.569,9.980585485503e-10,"NFIA"
4.87430027322981e-14,1.12305325314636,0.396,0.104,1.0090288995613e-09,"PNMA6A"
4.90020527467075e-14,0.443864439690872,0.949,0.796,1.01439149390959e-09,"SLC25A3"
4.91718161067049e-14,1.59081812634409,0.326,0.062,1.0179057652249e-09,"C3orf17"
5.10369839163453e-14,0.574521636337184,0.889,0.659,1.05651660405226e-09,"TRAM1"
5.19526969619495e-14,0.746163075037083,0.702,0.374,1.07547277980932e-09,"KHDRBS1"
5.22035162236411e-14,0.668535086998873,0.657,0.322,1.0806649893456e-09,"PCCB"
5.36293413475635e-14,0.729861895774801,0.714,0.408,1.11018099523591e-09,"DDX21"
5.43126790483655e-14,1.53671806054882,0.375,0.095,1.12432676898021e-09,"PUM3"
5.50682126197345e-14,1.38514586246033,0.339,0.071,1.13996706944112e-09,"MAP1S"
5.72648408755085e-14,2.35462845784729,0.27,0.028,1.1854394709639e-09,"CTD-3138B18.5"
5.75966010897333e-14,0.651072727749733,0.458,0.152,1.19230723915857e-09,"HDDC2"
5.78761699191629e-14,0.543321754105428,0.901,0.687,1.19809459349659e-09,"PSMB7"
5.9023273401682e-14,-3.16636980802123,0.128,0.289,1.22184078268822e-09,"SORBS3"
5.97098948756291e-14,1.23682036688223,0.338,0.071,1.2360545338204e-09,"UTP4"
5.9839320953705e-14,1.54647467708313,0.348,0.076,1.23873378306265e-09,"AC009403.2"
6.19400241524919e-14,0.751605982580287,0.396,0.109,1.28222043998074e-09,"NAA15"
6.37762605767148e-14,1.5518116990092,0.328,0.062,1.32023237019857e-09,"FOXK2"
6.40938910705934e-14,0.890786785725206,0.462,0.156,1.32680763905235e-09,"TPGS2"
6.43683850709613e-14,0.774484643745365,0.561,0.223,1.33248993935397e-09,"SZRD1"
6.62541832489685e-14,0.509978456125372,0.92,0.754,1.3715278474369e-09,"POLR2F"
6.65601259985506e-14,0.279975394138747,1,0.976,1.37786116829599e-09,"RPL21"
6.74467893729965e-14,0.729359064467201,0.544,0.213,1.3962159868104e-09,"MLST8"
6.75378431485444e-14,0.951684337350395,0.441,0.133,1.39810089101802e-09,"PRMT2"
6.79664307719565e-14,0.73854871138322,0.661,0.322,1.40697308341027e-09,"ESF1"
6.91578800145952e-14,0.997237551492318,0.46,0.156,1.43163727418214e-09,"TMEM203"
6.95317274087291e-14,0.679746546820575,0.703,0.403,1.4393762890881e-09,"UROD"
6.99211364495212e-14,0.988900511082962,0.499,0.18,1.44743744564154e-09,"ZNF277"
7.08857280558246e-14,0.826535711429953,0.59,0.256,1.46740545648363e-09,"PFDN1"
7.09902848637542e-14,1.26930196320871,0.376,0.095,1.46956988696458e-09,"BRD9"
7.23629188909353e-14,-2.24790159527456,0.265,0.431,1.49798478396125e-09,"GOLGA7"
7.31524448084559e-14,2.60811656903035,0.268,0.028,1.51432875997985e-09,"SRD5A2"
7.32248860511675e-14,0.834384994130915,0.52,0.19,1.51582836614522e-09,"SYS1"
7.99859032312116e-14,1.61208250257605,0.294,0.043,1.65578818278931e-09,"FOLR2"
8.01222791947942e-14,0.732612844099534,0.474,0.156,1.65861130161144e-09,"MED13"
8.04924121867454e-14,0.729060073686008,0.663,0.313,1.66627342467782e-09,"MID1IP1"
8.19904747958519e-14,0.744850267176091,0.707,0.393,1.69728481874893e-09,"MRPS5"
8.38378437966777e-14,0.75898274349964,0.678,0.351,1.73552720443503e-09,"GGCT"
8.43302560058733e-14,0.992741017884739,0.48,0.166,1.74572062957758e-09,"IFT27"
8.44011295690887e-14,0.988075889210412,0.525,0.204,1.7471877832097e-09,"RP11-295G20.2"
8.73674149717198e-14,2.11030429317837,0.258,0.024,1.80859285732957e-09,"NDC1"
9.09012595647946e-14,0.664733451925196,0.836,0.602,1.88174697425081e-09,"NONO"
9.23296114857088e-14,0.58473039558882,0.511,0.185,1.91131528736566e-09,"IP6K2"
9.30098701134569e-14,0.623051226785217,0.721,0.436,1.92539732121867e-09,"PLPP1"
9.65373398272441e-14,0.923675439915601,0.619,0.294,1.99841947176378e-09,"TPRKB"
9.73070790395255e-14,0.788048130403608,0.453,0.142,2.01435384319722e-09,"SDHAF1"
9.81866099416051e-14,0.750164203766603,0.474,0.161,2.03256101240117e-09,"SNRNP40"
1.02056639845167e-13,1.49597873403944,0.392,0.114,2.11267450143481e-09,"RRP36"
1.02346084734375e-13,1.36786398522697,0.332,0.066,2.1186663000863e-09,"CTU2"
1.02411768633172e-13,1.05753826457258,0.379,0.095,2.1200260224753e-09,"NPRL2"
1.03489063501277e-13,0.688955169043183,0.506,0.19,2.14232710353993e-09,"CFAP20"
1.04811979407926e-13,1.42105180986118,0.284,0.038,2.16971278572348e-09,"EXOSC2"
1.09961938707928e-13,0.525623974045167,0.846,0.597,2.27632209319282e-09,"CNPY2"
1.10134003082925e-13,0.704721271532235,0.572,0.256,2.27988399781964e-09,"SMIM12"
1.15153160825357e-13,0.655748207830244,0.667,0.351,2.38378558224572e-09,"EWSR1"
1.15803195291421e-13,1.28939818166002,0.338,0.071,2.3972419457277e-09,"SEC22C"
1.16311633580852e-13,1.05320285534739,0.399,0.114,2.40776712675722e-09,"GRWD1"
1.16702463117599e-13,0.546913434481338,0.578,0.246,2.41585768899742e-09,"VAMP3"
1.16847126038961e-13,1.83367520062941,0.276,0.033,2.41885235613254e-09,"PDCD2L"
1.17574171203672e-13,2.62694708032588,0.263,0.028,2.43390291808721e-09,"LDLRAD1"
1.22568063258612e-13,1.17152759403573,0.429,0.133,2.53728147751652e-09,"COA1"
1.25115484396434e-13,0.808761267861521,0.7,0.384,2.59001564249057e-09,"METTL7B"
1.27347376312248e-13,0.378118964057618,0.462,0.152,2.63621803703986e-09,"NUFIP2"
1.30002534459414e-13,0.918535888912942,0.463,0.152,2.69118246584433e-09,"BPTF"
1.30446316046338e-13,1.1316989718868,0.426,0.137,2.70036918847525e-09,"SURF6"
1.3985635388561e-13,0.497953448908046,0.9,0.692,2.89516638178602e-09,"CNBP"
1.40448484541209e-13,1.39505921578459,0.333,0.071,2.90742407848756e-09,"DALRD3"
1.44386288478244e-13,1.44994186610346,0.311,0.057,2.98894055778814e-09,"PUS1"
1.45725332890952e-13,2.26191522633268,0.265,0.028,3.01666011617559e-09,"POLG2"
1.4741396372608e-13,0.723111451842174,0.584,0.256,3.05161646309358e-09,"USP14"
1.49142499173491e-13,0.782976665318327,0.664,0.341,3.08739887539043e-09,"TOMM5"
1.50712970774333e-13,0.94456680009191,0.393,0.109,3.11990920799947e-09,"ACBD4"
1.53028740389743e-13,1.1450723077854,0.33,0.066,3.16784795480807e-09,"FARS2"
1.57449371492115e-13,1.03509854777231,0.431,0.137,3.25935943925826e-09,"PET117"
1.58310418379858e-13,0.76859049889089,0.726,0.398,3.27718397088144e-09,"RNF114"
1.58412289186556e-13,1.81005404818855,0.323,0.066,3.2792927984509e-09,"NACC1"
1.58500739049725e-13,1.03428911751959,0.502,0.19,3.28112379906835e-09,"PLA2G12A"
1.67713002332301e-13,1.60627866472939,0.297,0.047,3.47182686128097e-09,"NOP2"
1.69842723011165e-13,1.19945126498168,0.354,0.081,3.51591420905414e-09,"CDK5"
1.75084423626335e-13,0.690591874371161,0.724,0.408,3.62442265348876e-09,"MRPL43"
1.75880938202768e-13,1.01479112691739,0.539,0.232,3.6409113017355e-09,"ABCC3"
1.76535777493131e-13,1.35664481405335,0.383,0.104,3.6544671298853e-09,"RFNG"
1.77895759158259e-13,-0.976340315150734,0.724,0.735,3.68262011033513e-09,"EIF4G2"
1.85658300669002e-13,0.741320622923583,0.75,0.445,3.84331248214902e-09,"PSMD14"
1.94121187560713e-13,0.755934025340948,0.538,0.209,4.01850270369431e-09,"TWF2"
1.94436733478055e-13,0.749296247469917,0.485,0.175,4.02503481972921e-09,"MAP4"
1.96931382843693e-13,1.41994549075814,0.298,0.047,4.07667655624729e-09,"PIGV"
1.99593943301044e-13,0.595995875176351,0.922,0.73,4.13179422027492e-09,"NUDC"
2.03600971770719e-13,0.781893476334252,0.675,0.351,4.21474371662565e-09,"TMEM126A"
2.06518883509137e-13,0.98367120275616,0.393,0.109,4.27514740752264e-09,"HIST1H2BD"
2.07885535585346e-13,0.817135499172228,0.602,0.275,4.30343847215225e-09,"NOP58"
2.08171876037474e-13,0.470370129575879,0.603,0.256,4.30936600585174e-09,"AP1M1"
2.09367751342724e-13,1.26187406570186,0.363,0.095,4.33412182054573e-09,"PITPNC1"
2.1124259505629e-13,1.01541239680234,0.517,0.218,4.37293296026026e-09,"ACOX2"
2.16073588933223e-13,1.25422989478631,0.394,0.109,4.47293936450665e-09,"TBC1D7"
2.18567491744565e-13,1.59339384447504,0.256,0.024,4.52456564660425e-09,"ZNF579"
2.20759065441077e-13,-2.29195789623726,0.284,0.441,4.56993341369573e-09,"SLC39A14"
2.21616833165421e-13,1.65097717861095,0.318,0.062,4.58769006335737e-09,"UTP15"
2.22327839017275e-13,1.36819886526802,0.385,0.104,4.60240859549661e-09,"RPP38"
2.41441146813845e-13,0.560654461592721,0.889,0.687,4.9980731801934e-09,"TIMM8B"
2.48111378817991e-13,-0.983823468840646,0.845,0.806,5.13615365291123e-09,"CD59"
2.50254867876055e-13,0.937592414294159,0.513,0.199,5.18052601990222e-09,"CPPED1"
2.57916777825337e-13,0.911444695257275,0.4,0.114,5.33913521776229e-09,"ZNF652"
2.59403954159074e-13,0.500957413111817,0.678,0.374,5.369921255047e-09,"SIGIRR"
2.59419156509522e-13,1.22373158615213,0.397,0.114,5.37023595890361e-09,"NGLY1"
2.62461200452073e-13,1.96842706822931,0.269,0.033,5.43320931055837e-09,"LIG3"
2.63929001510641e-13,1.27251263131315,0.424,0.137,5.46359426027178e-09,"SLC12A7"
2.64528262975684e-13,0.649580085185084,0.508,0.199,5.47599957185964e-09,"TMA16"
2.67399069521706e-13,0.920593162625192,0.399,0.109,5.53542813816884e-09,"TUBGCP2"
2.68781363491999e-13,1.03248065255352,0.399,0.114,5.56404300564787e-09,"HRAS"
2.73768188571943e-13,1.58715724031329,0.308,0.057,5.66727527162779e-09,"RIOK1"
2.76887926887584e-13,1.56046707975009,0.288,0.043,5.73185697449988e-09,"TRIM37"
2.87331183640615e-13,1.52343948183166,0.308,0.057,5.94804283254437e-09,"CCDC127"
2.91351569996583e-13,0.532971613392712,0.423,0.128,6.03126885049926e-09,"CCDC58"
3.01474513041858e-13,1.71251667284272,0.3,0.052,6.24082389447949e-09,"AFP"
3.12680184915975e-13,0.790295481634375,0.691,0.398,6.47279250794561e-09,"ZNF428"
3.2229985870188e-13,0.909530756635528,0.456,0.156,6.67192937498761e-09,"NPLOC4"
3.23492785560609e-13,0.398371337178781,0.557,0.242,6.69662415389016e-09,"CCND1"
3.2769384506487e-13,0.619973102455057,0.801,0.555,6.78359028668787e-09,"TFG"
3.35446270714091e-13,-0.510371712982647,0.976,0.953,6.94407325005239e-09,"TMEM176B"
3.36248465856206e-13,0.604659233779311,0.501,0.185,6.96067949168932e-09,"SDHAF3"
3.36281379997369e-13,0.639330635694959,0.774,0.483,6.96136084732554e-09,"MRPS36"
3.43028315049754e-13,0.960905594970704,0.561,0.242,7.10102914984496e-09,"PSMG3"
3.44143127670157e-13,2.21179821363633,0.257,0.028,7.12410688589993e-09,"TMPRSS3"
3.47656164432909e-13,0.841115535065503,0.569,0.251,7.19683025992566e-09,"RPL7L1"
3.49145595258133e-13,1.22465164090985,0.292,0.047,7.2276629674386e-09,"GS1-124K5.4"
3.59707705392053e-13,0.839527956696,0.702,0.393,7.4463092093209e-09,"SSNA1"
3.5983221044748e-13,1.09812209382471,0.371,0.1,7.44888658847328e-09,"ANXA9"
3.69658715580677e-13,0.501404318888084,0.848,0.588,7.65230507123559e-09,"COX14"
3.72579330124449e-13,0.807984449874636,0.547,0.232,7.71276471290622e-09,"CDC26"
3.77563436041651e-13,0.940965312717178,0.34,0.076,7.81594068949822e-09,"APPBP2"
3.84269259545717e-13,0.981999826473775,0.494,0.19,7.9547579418559e-09,"DNTTIP1"
3.86925946165494e-13,1.02535603626879,0.322,0.066,8.0097540115719e-09,"SHISA4"
4.04093330111097e-13,1.73448796057002,0.319,0.066,8.36513602662982e-09,"TFB1M"
4.10617929550202e-13,0.382478829471319,0.768,0.46,8.50020175961873e-09,"HLA-DQB1"
4.10968017071221e-13,1.84619271449135,0.291,0.047,8.50744892139134e-09,"TYSND1"
4.13553261833268e-13,0.978252546150573,0.531,0.223,8.56096607321048e-09,"DYNLL2"
4.54264821012392e-13,0.768806799570346,0.61,0.284,9.40373605977752e-09,"DPH3"
4.55038001681008e-13,3.28846363385981,0.256,0.033,9.41974167279854e-09,"GINS2"
4.59081971062297e-13,-1.85777617805934,0.554,0.607,9.50345588296061e-09,"TOR1AIP2"
4.6319230903028e-13,0.752338444951921,0.655,0.336,9.58854398923582e-09,"GALE"
4.67611191566251e-13,0.635954281421121,0.41,0.118,9.68001927661296e-09,"ROGDI"
4.74787212807784e-13,0.696605338115812,0.617,0.289,9.82857009233394e-09,"NUDT16L1"
4.80787475489699e-13,0.822023651791173,0.521,0.213,9.95278153011227e-09,"PHF14"
4.92149303340848e-13,-1.86014758939066,0.405,0.521,1.01879827284589e-08,"ENTPD5"
5.00190588186666e-13,1.85301720589973,0.266,0.033,1.03544453660522e-08,"FEN1"
5.00688458815565e-13,1.1494074417685,0.353,0.09,1.0364751785941e-08,"DNMT1"
5.05464729754035e-13,0.567418274775342,0.825,0.55,1.04636253706383e-08,"UBXN1"
5.29161846776112e-13,0.814001624597611,0.458,0.156,1.09541793901123e-08,"TMEM115"
5.37640941258367e-13,-2.54991742336547,0.131,0.289,1.11297051249895e-08,"CLEC2B"
5.42398084420669e-13,-2.85413389182515,0.106,0.256,1.12281827455923e-08,"GCH1"
5.52430727041087e-13,1.41898843806606,0.314,0.062,1.14358684804775e-08,"ICMT"
5.57913711634043e-13,-2.04999439354134,0.314,0.46,1.15493717445363e-08,"CCDC25"
5.58760409531831e-13,0.57335033061839,0.91,0.725,1.15668992377184e-08,"SF3B6"
5.63312319898838e-13,0.779632314292616,0.437,0.147,1.16611283342258e-08,"MTFP1"
5.89836556683249e-13,-0.457114528418231,1,0.995,1.22102065598999e-08,"RPS29"
5.97867474887466e-13,1.33473146018768,0.366,0.095,1.23764545976454e-08,"MRGBP"
6.00451329835407e-13,0.577591023320252,0.382,0.1,1.24299429789228e-08,"FDX1L"
6.10930859433214e-13,2.31867509479858,0.264,0.033,1.2646879721127e-08,"SYNRG"
6.24979277800153e-13,0.821031013888208,0.418,0.133,1.2937696029741e-08,"RDH14"
6.29153471612814e-13,1.16175658590612,0.355,0.09,1.30241060158569e-08,"MED7"
6.35931606063996e-13,0.575942064990187,0.605,0.28,1.31644201771308e-08,"MRPL16"
6.40439764039384e-13,0.604182875673692,0.702,0.374,1.32577435553793e-08,"PQBP1"
6.41806698727602e-13,-2.50817690026289,0.184,0.346,1.32860404703601e-08,"GNAQ"
6.43443098149007e-13,1.61785761363357,0.317,0.066,1.33199155747826e-08,"ABCF2"
6.47238576011141e-13,-1.24419417231394,0.64,0.659,1.33984857620066e-08,"ESPN"
6.5110326193351e-13,1.69698114622152,0.273,0.038,1.34784886252856e-08,"OBFC1"
6.58640602581573e-13,0.54472832327363,0.884,0.664,1.36345191140411e-08,"ERGIC3"
6.64531982856838e-13,-0.598491491785094,0.9,0.877,1.37564765771194e-08,"ATP5D"
7.13967663426885e-13,0.889837052899037,0.463,0.161,1.47798446005999e-08,"BRE"
7.38597721873874e-13,1.02490488004063,0.387,0.114,1.52897114405111e-08,"PYCR2"
7.50960236320827e-13,-0.617470293001965,0.937,0.905,1.55456278520774e-08,"TMEM59"
7.602375073204e-13,0.46724669165317,0.68,0.36,1.57376766390396e-08,"CCDC85B"
7.61283314985877e-13,0.7222522678155,0.505,0.194,1.57593259035226e-08,"STAMBP"
7.66800997645269e-13,-0.700301898993807,0.92,0.858,1.58735474522547e-08,"PTP4A1"
7.70735491359543e-13,1.21742409124369,0.384,0.109,1.59549954066339e-08,"ARFGEF1"
7.71126919466691e-13,0.736428737320265,0.538,0.218,1.596309835988e-08,"COMMD2"
7.73513621941471e-13,0.62720572260018,0.701,0.393,1.60125054878104e-08,"C8orf82"
7.7787646615685e-13,0.8545426819963,0.434,0.142,1.6102820725913e-08,"ZNF330"
7.96177156409747e-13,0.44627878626511,0.906,0.701,1.64816633148382e-08,"LAMTOR2"
7.97122819748912e-13,0.414957425209117,0.983,0.905,1.65012394916222e-08,"HSPA8"
8.03317565248685e-13,1.2410695537441,0.318,0.066,1.6629476918213e-08,"FTSJ2"
8.10172435660998e-13,0.753774227976776,0.522,0.209,1.67713795906183e-08,"SMUG1"
8.23564317252251e-13,2.34147434002178,0.266,0.038,1.70486049314388e-08,"PITPNA-AS1"
8.26481597011674e-13,1.14655134869276,0.334,0.076,1.71089955397387e-08,"UNC45A"
8.49634784902385e-13,-1.5726249636856,0.507,0.592,1.75882896822643e-08,"SLC38A3"
8.66851972173695e-13,1.41473632910126,0.311,0.062,1.79447026759677e-08,"SCRIB"
8.74655798348452e-13,1.19728062662576,0.321,0.071,1.81062496816113e-08,"BRD8"
8.85502949449228e-13,0.895131511761375,0.446,0.156,1.83307965565485e-08,"UBXN2B"
9.27199493284638e-13,0.758147439032197,0.505,0.199,1.91939567104853e-08,"COMMD10"
9.27909326345932e-13,1.4473642585423,0.286,0.047,1.92086509646871e-08,"ARL17A"
9.33670385828371e-13,0.396505913384768,0.934,0.782,1.93279106570331e-08,"ZFAND5"
9.34773037229342e-13,1.43301896055036,0.339,0.081,1.93507366436846e-08,"SRRD"
9.44054961363981e-13,1.04948819987686,0.481,0.19,1.95428817551958e-08,"RTCA"
9.50787988287531e-13,1.692567083799,0.263,0.033,1.96822621455402e-08,"EXOSC9"
1.0076515720059e-12,0.592377754802691,0.563,0.242,2.08593951920941e-08,"DESI1"
1.02105583262209e-12,0.479997531488152,0.709,0.365,2.11368767911099e-08,"MCTS1"
1.02341554394758e-12,-1.31863865541548,0.644,0.678,2.11857251752588e-08,"ARF6"
1.03841337690075e-12,0.513115297345051,0.83,0.555,2.14961953152224e-08,"CCNG1"
1.04797660637538e-12,1.09080815120939,0.346,0.085,2.16941637285768e-08,"PGAP2"
1.06760570143644e-12,-2.33005059046687,0.231,0.389,2.21005056254358e-08,"MAP1LC3A"
1.08303756247262e-12,-0.969864589200196,0.75,0.754,2.24199605807458e-08,"ACAA2"
1.11453372666848e-12,2.16593533885879,0.267,0.038,2.30719626757641e-08,"MKRN2"
1.1383395506673e-12,-2.39697624746012,0.269,0.427,2.35647670383638e-08,"DUSP2"
1.15361897070337e-12,2.47749724760447,0.256,0.033,2.38810663125304e-08,"CTD-2020K17.4"
1.16291662971422e-12,0.793033337379973,0.497,0.194,2.4073537151714e-08,"SIKE1"
1.19378358264055e-12,-0.764452107924492,0.885,0.82,2.4712513944242e-08,"KDELR2"
1.21270622428305e-12,0.535040888896098,0.846,0.602,2.51042315488834e-08,"AP3S1"
1.22762078207893e-12,1.237688742087,0.252,0.028,2.5412977809816e-08,"ZBTB17"
1.25811615432292e-12,0.752822058570489,0.359,0.09,2.60442625106387e-08,"AAAS"
1.26864539174932e-12,0.810572414909036,0.504,0.199,2.62622282546026e-08,"LETMD1"
1.27114795487822e-12,0.79389182845839,0.578,0.261,2.6314033813934e-08,"C1orf123"
1.29557486545507e-12,-1.65914710450547,0.427,0.536,2.68196952897854e-08,"GUSB"
1.35273251527254e-12,0.809071198268384,0.591,0.27,2.80029157986568e-08,"DRAM2"
1.36633644854762e-12,1.05080805285267,0.512,0.223,2.82845308213843e-08,"DIAPH1"
1.39109763797615e-12,0.741712599164507,0.376,0.104,2.87971122037443e-08,"RMND5B"
1.46045927850636e-12,0.813406657494348,0.512,0.204,3.02329675243601e-08,"FGFR4"
1.5007476719632e-12,0.483703511473149,0.924,0.739,3.10669775573103e-08,"ARPC3"
1.51011620183798e-12,0.740342091753794,0.566,0.256,3.12609154942481e-08,"CYP4F2"
1.53311071254976e-12,0.335457403526847,0.999,0.953,3.17369248604925e-08,"EPHX1"
1.64087166362034e-12,1.57871625012774,0.251,0.028,3.39676843086046e-08,"PPOX"
1.64541362462852e-12,1.0491882992556,0.334,0.081,3.4061707443435e-08,"RFTN1"
1.6506517943409e-12,1.13441230909622,0.433,0.152,3.41701427946509e-08,"NSDHL"
1.76220662184027e-12,0.486341335036321,0.869,0.659,3.64794392787155e-08,"HINT2"
1.79278247846532e-12,0.508599454300082,0.317,0.066,3.71123900867107e-08,"MSTO1"
1.79850933732448e-12,0.836963030548198,0.563,0.251,3.7230941791954e-08,"HCFC1R1"
1.82571670652385e-12,-1.89869056262234,0.43,0.531,3.77941615417501e-08,"CLDN7"
1.83695948251137e-12,0.785832535027037,0.602,0.289,3.8026898247468e-08,"SCAMP3"
1.84443728964747e-12,0.937529369249902,0.435,0.147,3.81816963329922e-08,"COPS7A"
1.87273807834525e-12,1.33191400604925,0.275,0.043,3.87675509598251e-08,"CSPP1"
1.88360517161512e-12,0.807687258452575,0.48,0.185,3.89925106576046e-08,"LRRC47"
1.90962150534872e-12,0.693288654223692,0.435,0.142,3.95310747822239e-08,"CFAP97"
1.91867163168531e-12,0.651101508094163,0.674,0.379,3.97184214475177e-08,"FAM173A"
1.91954132471733e-12,0.653267179035329,0.445,0.152,3.97364249629735e-08,"PELO"
1.91987323742511e-12,0.686892012506255,0.477,0.175,3.97432958879372e-08,"CHD4"
1.95767719143402e-12,1.12307526129465,0.385,0.114,4.05258755398757e-08,"USP3"
2.00700147765196e-12,-2.29600204281322,0.305,0.445,4.15469375888733e-08,"DCAF11"
2.02170694354309e-12,0.638069399266505,0.593,0.27,4.18513554382855e-08,"HSBP1L1"
2.06970082187407e-12,1.34919577405119,0.316,0.071,4.28448767136152e-08,"MPV17L2"
2.12143699621864e-12,0.549494585754736,0.915,0.744,4.39158672587221e-08,"CYP27A1"
2.14067861475348e-12,1.29731638228766,0.368,0.104,4.43141880040117e-08,"RAB24"
2.20522999494771e-12,-2.59514684068115,0.113,0.261,4.56504661254126e-08,"UBXN8"
2.21103153494209e-12,0.838213243683566,0.536,0.232,4.57705638048361e-08,"PHGDH"
2.24410161093077e-12,0.975632379675646,0.344,0.09,4.64551474478778e-08,"SLC35E1"
2.25383585721581e-12,0.726575304763518,0.653,0.36,4.66566560802246e-08,"YTHDF2"
2.2677469757372e-12,0.962465040686801,0.296,0.057,4.69446301447357e-08,"DONSON"
2.32086095876079e-12,0.824334556888286,0.615,0.294,4.80441427073071e-08,"PFKL"
2.32759252967976e-12,-2.96946390557976,0.261,0.431,4.81834929569007e-08,"CYP3A4"
2.34148780315025e-12,1.01293879546668,0.397,0.123,4.84711390130133e-08,"RMND1"
2.36499371077359e-12,1.11305096882383,0.344,0.085,4.89577348067241e-08,"WDYHV1"
2.36833430296426e-12,1.0684995390566,0.325,0.076,4.90268884056631e-08,"BAP1"
2.45059433329766e-12,1.11038329191233,0.306,0.062,5.07297532935949e-08,"PIGBOS1"
2.46857953425955e-12,1.46713723704786,0.338,0.085,5.1102064938707e-08,"PUSL1"
2.5409188941805e-12,0.52593617305326,0.85,0.649,5.25995620284306e-08,"YWHAB"
2.57410419643439e-12,0.56502144661044,0.498,0.194,5.32865309703883e-08,"C11orf1"
2.57811437291093e-12,0.987146351305771,0.477,0.18,5.33695456336292e-08,"COMTD1"
2.580000266743e-12,0.623856923340012,0.522,0.218,5.34085855218469e-08,"URM1"
2.59999079594407e-12,0.498871024132591,0.675,0.365,5.38224094668382e-08,"ZNF207"
2.6175452164432e-12,0.840955476834034,0.357,0.095,5.41858035255907e-08,"CLN6"
2.62406391340708e-12,1.43403385040152,0.296,0.057,5.43207470714399e-08,"SLC7A6OS"
2.64151556748303e-12,1.69399578681971,0.255,0.033,5.46820137624663e-08,"FAM43A"
2.72542422452489e-12,1.27121885410678,0.352,0.095,5.64190068718897e-08,"WBSCR16"
2.85792935891981e-12,1.1558063695737,0.326,0.076,5.91619956589989e-08,"NOA1"
2.87716312542637e-12,0.814886927431088,0.364,0.1,5.95601538594512e-08,"PQLC2"
2.87914656593034e-12,0.655049366946727,0.429,0.142,5.9601213061324e-08,"DMAP1"
2.89797603089263e-12,1.31466276940302,0.317,0.071,5.99910018155083e-08,"ZNF626"
2.95142055122846e-12,-2.39498994981121,0.272,0.417,6.10973568309804e-08,"NFKBIZ"
2.95435741581107e-12,0.826090510064951,0.431,0.152,6.11581528647049e-08,"SMARCA4"
2.97876224417678e-12,-2.81564685450214,0.2,0.355,6.16633572167036e-08,"COTL1"
3.02290797936956e-12,1.48009397263298,0.35,0.095,6.25772180809293e-08,"ZNF576"
3.04679920597925e-12,0.851816034059601,0.353,0.09,6.30717903629764e-08,"MSL1"
3.15112233339678e-12,0.971550659062913,0.432,0.152,6.52313834236467e-08,"GGPS1"
3.30073697290285e-12,1.14693622675947,0.346,0.09,6.83285560760619e-08,"SRFBP1"
3.32154994282043e-12,0.831256559669414,0.354,0.095,6.87594053663257e-08,"GTF3C5"
3.42238384234167e-12,1.15048913196416,0.299,0.062,7.08467679203149e-08,"TGS1"
3.45231507402014e-12,0.907328912619506,0.476,0.185,7.14663743472909e-08,"DHRSX"
3.54062833144496e-12,0.750037382972399,0.376,0.109,7.32945470892421e-08,"MAFG"
3.57584124917496e-12,0.911720172985911,0.434,0.152,7.40234896991708e-08,"C1orf50"
3.59283959744374e-12,1.58610710310388,0.306,0.066,7.43753725066829e-08,"CDK5RAP1"
3.60437329695517e-12,-1.72930670099395,0.476,0.569,7.4614131620269e-08,"SLC40A1"
3.6064537842929e-12,0.927012684997539,0.353,0.095,7.46571997886473e-08,"ZNF771"
3.62860216187743e-12,2.03513954240767,0.261,0.038,7.51156933530247e-08,"FAAP100"
3.64176010010926e-12,1.25295743892943,0.306,0.066,7.53880758323618e-08,"ADA"
3.66112736459817e-12,0.680361081158943,0.437,0.152,7.57889975745466e-08,"PBRM1"
3.74690068528284e-12,1.01766272179182,0.383,0.114,7.75645910860402e-08,"STYXL1"
3.78394110619546e-12,0.954661723281931,0.345,0.09,7.83313648393521e-08,"CTNNAL1"
3.95151308099469e-12,-2.76903751529911,0.123,0.27,8.1800272289671e-08,"IL7R"
3.95815227964356e-12,0.820859902930616,0.408,0.133,8.19377103409013e-08,"TCERG1"
4.07686990941782e-12,0.816412634236927,0.463,0.171,8.43952839948582e-08,"PLGRKT"
4.09112047278196e-12,0.647644244220145,0.536,0.227,8.46902849070593e-08,"GSTM4"
4.12445718486353e-12,0.603732384541749,0.707,0.412,8.538038818386e-08,"STIP1"
4.19277310583709e-12,0.589178793264467,0.66,0.36,8.67945960639336e-08,"PSMD6"
4.20042150340369e-12,0.820975569007963,0.371,0.104,8.69529255419598e-08,"BDH2"
4.23744013303823e-12,0.467593910847712,0.928,0.716,8.77192481940243e-08,"CSTB"
4.25877126158235e-12,1.084374274871,0.334,0.081,8.81608238860162e-08,"RRP8"
4.39961867966529e-12,1.44922982868161,0.341,0.09,9.10765062877511e-08,"WDR70"
4.40798594361556e-12,-2.39716822308967,0.162,0.318,9.12497170187856e-08,"CNKSR3"
4.44530705721374e-12,0.780438956000733,0.511,0.209,9.20223013913817e-08,"TSPAN4"
4.6844977379393e-12,-1.37153257884673,0.731,0.711,9.69737876730814e-08,"PPDPF"
4.72820342770595e-12,0.82650866089847,0.391,0.118,9.78785391569409e-08,"MPV17"
4.74705864679561e-12,0.572046932729244,0.606,0.294,9.82688610473159e-08,"RNPS1"
4.78654112428129e-12,0.569126453483863,0.639,0.318,9.90861878137471e-08,"TUSC2"
4.87429640816888e-12,0.981992601282604,0.337,0.085,1.00902809945504e-07,"FADD"
4.93063541145134e-12,1.33911675311409,0.336,0.085,1.02069083652454e-07,"TTC9C"
4.97006850137518e-12,0.748655311229178,0.403,0.128,1.02885388046968e-07,"RIC8A"
5.01162423763556e-12,0.726810779902212,0.453,0.166,1.03745633343294e-07,"CAMK1"
5.08172551587504e-12,0.596552029587246,0.839,0.602,1.05196799904129e-07,"NDUFA12"
5.14927254354202e-12,0.375394167326441,0.471,0.175,1.06595090923863e-07,"HTATSF1"
5.2386001541515e-12,1.17947844231028,0.394,0.123,1.0844426179109e-07,"FOXRED1"
5.34011727002329e-12,1.12148990576915,0.313,0.071,1.10545767606752e-07,"CDC25B"
5.35461977756405e-12,0.977224644418907,0.434,0.152,1.10845984015353e-07,"LONP1"
5.39478634162808e-12,0.485715923218779,0.867,0.654,1.11677472058043e-07,"MRFAP1"
5.52389219188688e-12,0.345744348768503,0.902,0.697,1.1435009226425e-07,"HMGN1"
5.65112166992922e-12,1.25584512753124,0.344,0.09,1.16983869689205e-07,"RIOK2"
5.71128433305066e-12,1.34569386920136,0.327,0.081,1.18229296978482e-07,"ZNF639"
5.8101867974858e-12,-1.32547354719201,0.624,0.654,1.20276676894754e-07,"SBDS"
5.82833242705897e-12,0.878390365233522,0.338,0.085,1.20652309572548e-07,"UBL4A"
6.02128097767683e-12,0.828465209296602,0.433,0.152,1.24646537518888e-07,"NUBP1"
6.08968770086323e-12,0.466337539016013,0.861,0.64,1.2606262509557e-07,"ANAPC16"
6.11277112975218e-12,0.738315738150238,0.456,0.166,1.26540475157e-07,"NECAB3"
6.14895518323317e-12,1.7324041232682,0.256,0.038,1.2728952124811e-07,"DDX28"
6.15469317019239e-12,0.579565816452776,0.641,0.341,1.27408303316153e-07,"SEC61A1"
6.23749976490153e-12,1.55171014244135,0.312,0.071,1.29122482633227e-07,"HDAC5"
6.24501556649368e-12,2.12851186361088,0.264,0.043,1.29278067241986e-07,"OTUD6B"
6.29083603025419e-12,0.727014886094209,0.437,0.156,1.30226596662292e-07,"TMOD3"
6.39470138517209e-12,0.637415993520597,0.373,0.109,1.32376713374447e-07,"DEF8"
6.43268104689184e-12,1.2684649794897,0.297,0.062,1.33162930351708e-07,"RPUSD4"
6.49572594805993e-12,1.8825706268534,0.263,0.043,1.34468022850789e-07,"TMEM150C"
6.60064012358589e-12,0.934768991862893,0.454,0.171,1.36639851198352e-07,"PPARA"
6.67382310628695e-12,-2.23345309103494,0.302,0.431,1.38154812123246e-07,"APOL6"
6.78538487104299e-12,0.670159248513636,0.5,0.209,1.40464252215461e-07,"TRUB2"
6.91324714727085e-12,0.461825192409711,0.895,0.706,1.43111129195654e-07,"PSMA1"
6.98260414591051e-12,0.568331235375506,0.449,0.156,1.44546888424493e-07,"ENTPD3-AS1"
7.13081107364638e-12,1.09543372168604,0.309,0.071,1.47614920035554e-07,"SNAPC2"
7.29293520388275e-12,0.913139928613389,0.419,0.142,1.50971051655577e-07,"BRD7"
7.41472487581387e-12,0.844726932316723,0.48,0.19,1.53492219654223e-07,"ECSIT"
7.43817276780761e-12,1.22465740164065,0.33,0.081,1.53977614466385e-07,"TXLNG"
7.71395123766853e-12,1.83912165763392,0.255,0.038,1.59686504570976e-07,"ANO10"
7.79791870642244e-12,0.646641188996294,0.764,0.474,1.61424715141651e-07,"ZC3H15"
7.98917887806257e-12,1.27178207081083,0.317,0.076,1.65383991954773e-07,"DDX50"
7.99374385002369e-12,0.599933321483901,0.504,0.204,1.6547849143934e-07,"LLPH"
8.20437296014097e-12,1.1199304269626,0.321,0.081,1.69838724647878e-07,"ZC3H3"
8.29891163241415e-12,0.471911160332039,0.86,0.645,1.71795769702605e-07,"UXT"
8.38183961635686e-12,1.07767404694162,0.432,0.156,1.73512461898203e-07,"UBA5"
8.61793275255601e-12,-2.41901205783039,0.152,0.303,1.78399825910662e-07,"GPLD1"
8.64970975404011e-12,0.742722962739489,0.669,0.374,1.79057641618384e-07,"AAMP"
8.7997936171182e-12,-2.21128031859466,0.346,0.474,1.82164527667964e-07,"SERPINH1"
8.83921081275882e-12,0.732716302308253,0.457,0.171,1.8298050303492e-07,"LINC00667"
8.90557189175632e-12,0.856506923634723,0.443,0.161,1.84354243731248e-07,"ABCE1"
8.93203360311575e-12,1.03465670958492,0.304,0.066,1.84902027618099e-07,"TEX2"
8.99272834556748e-12,0.644595864747008,0.581,0.265,1.86158469481592e-07,"FAM136A"
9.12808418032279e-12,0.650943898657458,0.578,0.265,1.88960470616862e-07,"MTHFD1"
9.13524422453234e-12,-0.709608077411647,0.971,0.91,1.89108690692044e-07,"CALR"
9.18278506973961e-12,1.11201899939863,0.368,0.109,1.9009283372868e-07,"ABCA8"
9.3143690501709e-12,0.745876267158117,0.648,0.365,1.92816753707588e-07,"SERINC5"
9.31541823005794e-12,0.823751902867374,0.354,0.1,1.92838472780429e-07,"FAF2"
9.40424501992758e-12,1.43134352291891,0.303,0.066,1.94677276157521e-07,"DDX19B"
9.45692899254093e-12,0.782579539966222,0.515,0.209,1.9576788707459e-07,"PWP1"
9.50995566439284e-12,1.345129352833,0.284,0.057,1.96865592208596e-07,"UNK"
9.69331568335913e-12,0.875748849682181,0.453,0.18,2.00661327961217e-07,"LARP1"
9.84417030932578e-12,1.18435164906218,0.345,0.095,2.03784169573353e-07,"TAF2"
9.94656140692008e-12,0.726530871765275,0.568,0.251,2.05903767684653e-07,"OGFR"
9.96699776346728e-12,0.499132578709985,0.749,0.427,2.06326820701536e-07,"ANAPC13"
1.00021416872365e-11,0.829784111914307,0.538,0.237,2.07054335067484e-07,"FAHD1"
1.01402639207609e-11,0.441006946062994,0.699,0.408,2.09913603423671e-07,"PPCS"
1.01808421957863e-11,0.513516660038934,0.765,0.493,2.10753614294972e-07,"VIMP"
1.01998533295679e-11,1.93639415208713,0.26,0.043,2.11147163775385e-07,"KNSTRN"
1.02584239605091e-11,0.625352536865182,0.49,0.185,2.12359634406499e-07,"FAM127B"
1.03974504189359e-11,1.09936877461982,0.341,0.09,2.15237621122392e-07,"TBC1D1"
1.04437227232396e-11,0.994406929468193,0.372,0.114,2.16195504093784e-07,"GPN1"
1.0625302291466e-11,0.627023108553246,0.821,0.536,2.19954382735637e-07,"LSM5"
1.07788576119019e-11,0.60027194254171,0.767,0.479,2.23133131423982e-07,"TRAPPC2L"
1.07981354863905e-11,0.489426717933421,0.702,0.412,2.2353220270377e-07,"PRKAR1A"
1.11702032068199e-11,0.9597873798928,0.367,0.104,2.31234376584378e-07,"RNF26"
1.13781588650419e-11,0.827398673101382,0.397,0.128,2.35539266665233e-07,"ACBD6"
1.14337345999698e-11,0.684020277203987,0.677,0.37,2.36689739953975e-07,"DPYS"
1.1444244276824e-11,0.797151875246283,0.422,0.142,2.36907300774533e-07,"NSUN2"
1.19884914661702e-11,0.454254633531207,0.251,0.038,2.4817376184119e-07,"GAS2L1"
1.28157001207024e-11,0.854961236000723,0.5,0.204,2.65297808198661e-07,"GTPBP6"
1.28295823368604e-11,0.264088658283097,0.375,0.109,2.65585183955347e-07,"MAGEA6"
1.29706380735657e-11,0.263479194181185,0.999,0.976,2.68505178760883e-07,"PEBP1"
1.33243508620987e-11,0.675683098572871,0.378,0.114,2.75827387196305e-07,"PCYT1A"
1.36206054862439e-11,-3.03451278648915,0.15,0.294,2.81960154170735e-07,"WHSC1L1"
1.38006305124784e-11,0.925533731661167,0.461,0.18,2.85686852238816e-07,"CD2BP2"
1.38149265447953e-11,0.655477760670937,0.649,0.346,2.85982794403809e-07,"BTF3L4"
1.41348484645273e-11,-1.71903599675394,0.46,0.54,2.92605498064181e-07,"TM9SF2"
1.51183550555209e-11,1.81026648175986,0.274,0.052,3.12965068004339e-07,"FAM169A"
1.52467478217416e-11,0.707536605595434,0.59,0.289,3.15622926657873e-07,"FAM103A1"
1.53381253401003e-11,0.696728681235409,0.529,0.232,3.17514532665417e-07,"IMPAD1"
1.5608205125723e-11,1.28784381413959,0.285,0.057,3.23105454307592e-07,"DPH6"
1.57812481484133e-11,0.981565791457633,0.36,0.104,3.26687617920303e-07,"USP5"
1.59159100303e-11,0.523252090303441,0.37,0.109,3.2947525353724e-07,"MSI2"
1.59714504564139e-11,-0.640458156389575,0.821,0.796,3.30624995898225e-07,"WDR83OS"
1.62224890404005e-11,0.58470411500227,0.447,0.171,3.35821745625331e-07,"CPSF6"
1.63467520557077e-11,0.350346067411499,0.969,0.863,3.38394114305205e-07,"PRDX5"
1.65317572878373e-11,0.870927955212482,0.427,0.152,3.42223907615521e-07,"MTIF2"
1.68311109994181e-11,1.32315667318489,0.353,0.104,3.48420828798954e-07,"C12orf65"
1.7067637025445e-11,0.672154084428926,0.53,0.227,3.53317154063738e-07,"SNAPIN"
1.73879866301045e-11,1.47375418601204,0.296,0.066,3.59948711229793e-07,"ZNF672"
1.74866758870939e-11,0.652287747339162,0.586,0.289,3.61991677538732e-07,"PSMD1"
1.75436214400319e-11,1.26313814981241,0.329,0.085,3.63170507430099e-07,"DHDDS"
1.76849608688382e-11,1.51536686434922,0.28,0.057,3.66096374945819e-07,"NARS2"
1.81471126674957e-11,0.548971495210541,0.655,0.355,3.75663379329828e-07,"LSM8"
1.82036271425117e-11,-1.84585129656024,0.392,0.498,3.76833285477135e-07,"DDAH1"
1.82617632417037e-11,-1.44640494433801,0.623,0.649,3.78036760866508e-07,"A2M"
1.86311702859777e-11,1.17713147327719,0.355,0.109,3.85683856090025e-07,"PRPS2"
1.89517956371421e-11,-2.21488082196874,0.294,0.427,3.92321121484479e-07,"F11R"
1.9024365051365e-11,0.370019624069133,0.79,0.531,3.93823380928308e-07,"ATF4"
1.90351973483439e-11,0.791491454887854,0.41,0.137,3.94047620308066e-07,"VSIG10"
1.90959324798829e-11,0.665172201639481,0.594,0.299,3.95304898266055e-07,"TPD52L1"
2.00174567169915e-11,1.38349383412921,0.317,0.081,4.1438137149844e-07,"SEC22A"
2.09012198863563e-11,0.387322100003326,0.808,0.536,4.32676152867461e-07,"MAP3K13"
2.11354057464704e-11,0.527414249342576,0.598,0.294,4.37524034357685e-07,"MVP"
2.13730975023794e-11,0.751678259733435,0.452,0.171,4.42444491396756e-07,"ZCCHC17"
2.1769854788642e-11,0.887426763070931,0.396,0.128,4.50657763979678e-07,"UBTF"
2.17983372719401e-11,-1.7321195691767,0.331,0.474,4.51247379866432e-07,"CFHR5"
2.2811548347986e-11,1.37251480752522,0.282,0.057,4.72221862351658e-07,"UTP14A"
2.29417076769454e-11,0.616009021775978,0.684,0.384,4.74916290620448e-07,"ATP6AP1"
2.31207939494114e-11,0.496728142477845,0.509,0.223,4.78623555546766e-07,"NR1H2"
2.34530294396174e-11,1.51159641306409,0.285,0.062,4.85501162429521e-07,"MUL1"
2.38242223372542e-11,1.30356009649928,0.305,0.071,4.93185226603499e-07,"TFIP11"
2.392646929228e-11,0.767148765941062,0.492,0.204,4.95301840819489e-07,"SRPK1"
2.3997549745584e-11,-0.871733250455296,0.74,0.739,4.96773277283334e-07,"PCBP1"
2.41684956615333e-11,0.770002111607796,0.29,0.062,5.00312028689401e-07,"HMGXB3"
2.43338347374001e-11,0.456516568456104,0.481,0.194,5.0373471289892e-07,"WASF2"
2.45707150904282e-11,1.27326445334933,0.265,0.047,5.08638373086953e-07,"SLC35G2"
2.49146985004831e-11,0.675376695139381,0.367,0.109,5.15759173658502e-07,"CASP3"
2.53040836083258e-11,-1.04862191167225,0.652,0.678,5.23819834775951e-07,"ITGB1"
2.54567380324914e-11,1.12036400352214,0.341,0.095,5.26979934010605e-07,"WBSCR27"
2.63436167929865e-11,0.473081072308875,0.893,0.711,5.45339211231613e-07,"FAM96B"
2.63638459847324e-11,0.963295528633975,0.326,0.085,5.45757975729945e-07,"APOO"
2.69423019551672e-11,0.867539645828567,0.385,0.123,5.57732592773916e-07,"ANAPC10"
2.71213422192914e-11,1.31467449485457,0.289,0.062,5.61438905281552e-07,"WRAP73"
2.72337379482562e-11,1.51042021212286,0.279,0.057,5.63765609266852e-07,"CIZ1"
2.81072101877161e-11,0.539425071834395,0.838,0.559,5.81847358095912e-07,"ESD"
2.86289394879517e-11,0.710853175859306,0.444,0.166,5.92647676340089e-07,"GEMIN7"
2.96009574732274e-11,0.826011919375223,0.467,0.185,6.12769420653281e-07,"SMIM10L1"
3.00988494732703e-11,1.2289192335489,0.347,0.1,6.23076282946169e-07,"TRAPPC13"
3.01152533329076e-11,0.430485958951367,0.9,0.72,6.2341585924452e-07,"CD99"
3.05183087567415e-11,0.492655312226225,0.745,0.431,6.31759509573306e-07,"MKKS"
3.07907990182856e-11,1.05868848282908,0.468,0.194,6.37400330477531e-07,"HPS1"
3.11821979444866e-11,1.08752522420002,0.308,0.076,6.45502679648818e-07,"GPATCH3"
3.17887805121147e-11,1.08651876531153,0.466,0.19,6.58059545381287e-07,"COPS2"
3.17930781547961e-11,0.731956152782724,0.418,0.142,6.58148510882434e-07,"SOWAHC"
3.19836822139737e-11,0.380201079212582,0.563,0.256,6.62094205511469e-07,"UBE2J2"
3.23643078600939e-11,-2.16916638551383,0.192,0.341,6.69973537011804e-07,"PDCD4"
3.24976014852001e-11,0.885858482657881,0.39,0.133,6.72732848345127e-07,"IKBKG"
3.25072227376723e-11,1.14396829103397,0.346,0.1,6.72932017892554e-07,"ATG10"
3.25331232482967e-11,-0.787478036789591,0.801,0.763,6.7346818436299e-07,"REEP6"
3.30328123862059e-11,1.23226546761607,0.278,0.057,6.83812249206849e-07,"CAMK2G"
3.30672485225886e-11,0.562256622045795,0.574,0.261,6.84525111666106e-07,"FRG1"
3.31635361855507e-11,0.938244494476693,0.438,0.166,6.86518362577085e-07,"PPP1R35"
3.35699589664898e-11,1.24489331733241,0.271,0.052,6.94931720565304e-07,"LMCD1"
3.38707307523127e-11,0.416223091065954,0.924,0.749,7.01157997303626e-07,"HNRNPC"
3.45442827846752e-11,0.928715945906227,0.414,0.142,7.15101197925561e-07,"ANKRA2"
3.45444977668969e-11,0.530543338595989,0.485,0.19,7.15105648272533e-07,"GSTZ1"
3.48969589249998e-11,0.540522484257641,0.834,0.583,7.22401946706421e-07,"PDCD5"
3.51433918807002e-11,0.580507928237866,0.615,0.308,7.27503355322376e-07,"TSG101"
3.52186053607221e-11,0.810709041009721,0.532,0.237,7.29060349572307e-07,"CTNNBIP1"
3.57918388739915e-11,0.935021523234762,0.364,0.114,7.40926856530498e-07,"INO80C"
3.58662884541585e-11,0.38504130818407,0.849,0.678,7.42468037289534e-07,"PSMB5"
3.66522328660754e-11,0.433092571800048,0.379,0.118,7.58737872560627e-07,"TP53BP2"
3.7709523032471e-11,0.819817723218725,0.47,0.185,7.80624836295181e-07,"TRABD"
3.80639262129137e-11,1.50274573359734,0.266,0.052,7.87961336533527e-07,"HEATR1"
3.97559596238643e-11,1.16113089481513,0.321,0.085,8.22988120173614e-07,"MZT1"
4.01818326011063e-11,1.42275120496466,0.264,0.047,8.31804116675502e-07,"SPHK2"
4.04924787633925e-11,1.29357369875691,0.285,0.062,8.38234802880988e-07,"CYP7B1"
4.11050407336682e-11,0.515749687950827,0.83,0.592,8.50915448227665e-07,"TCEA3"
4.20264741333697e-11,0.614275258376747,0.514,0.218,8.69990041034885e-07,"HYAL1"
4.24312098441207e-11,0.859926685121331,0.371,0.118,8.78368474983143e-07,"ELMO1"
4.27965065150121e-11,0.510742641777209,0.624,0.313,8.85930481367265e-07,"C7orf50"
4.34687589721874e-11,-1.93212814494872,0.414,0.517,8.99846779483252e-07,"B4GALT1"
4.38413150870351e-11,0.486046350335608,0.402,0.133,9.07559063616714e-07,"AP3B1"
4.39201894710038e-11,1.4096571218728,0.25,0.043,9.09191842239249e-07,"TMEM186"
4.42252797836745e-11,0.525733530350378,0.351,0.1,9.15507516801847e-07,"NF1"
4.42675126794825e-11,0.488381694137995,0.608,0.294,9.16381779977967e-07,"MRPL1"
4.45083304175102e-11,0.626256692143216,0.618,0.308,9.21366947972878e-07,"TSEN34"
4.46826169537548e-11,0.419933755144252,0.725,0.436,9.24974853559677e-07,"HMGCL"
4.57191484906151e-11,-1.24730816366183,0.666,0.654,9.46432092904223e-07,"C8B"
4.60244051568991e-11,0.98831555606373,0.255,0.043,9.52751211152969e-07,"CA11"
4.63883590692119e-11,0.817505712493406,0.5,0.223,9.60285421091756e-07,"FEZ2"
4.66190723917448e-11,1.1926360182696,0.296,0.071,9.65061417581509e-07,"C5orf63"
4.66344125936356e-11,0.501675299283271,0.447,0.161,9.65378975100851e-07,"PDCL3"
4.86725503921201e-11,1.38167957638357,0.313,0.081,1.00757046566728e-06,"TCTA"
4.91764355858885e-11,1.20540458270881,0.251,0.043,1.01800139306348e-06,"GRPEL2"
4.94732284111743e-11,0.648228665182862,0.367,0.114,1.02414530133972e-06,"ARL2"
4.95546168744695e-11,0.637833497719229,0.402,0.137,1.02583012391839e-06,"SMARCD2"
4.98390196513463e-11,0.3383087839999,0.428,0.152,1.03171754580252e-06,"ZNRD1"
5.20940330493831e-11,0.84019108284217,0.458,0.18,1.07839857815528e-06,"PRCC"
5.25962685056882e-11,0.766275088511142,0.333,0.09,1.08879535433625e-06,"DOHH"
5.40574984187779e-11,0.468281924410623,0.474,0.194,1.11904427476712e-06,"TOM1"
5.4432350910329e-11,0.678729061139916,0.354,0.104,1.12680409619472e-06,"TRNAU1AP"
5.44923717957815e-11,0.504297274586341,0.46,0.175,1.12804658854447e-06,"CSNK2A1"
5.45626785248895e-11,0.737233355958617,0.427,0.166,1.12950200814374e-06,"TOPORS-AS1"
5.592975913008e-11,0.648725583207586,0.369,0.118,1.15780194375179e-06,"GART"
5.78157578259884e-11,1.03176591499856,0.343,0.1,1.19684400275579e-06,"CRNKL1"
5.78183201503061e-11,0.652276400563473,0.45,0.175,1.19689704543149e-06,"M6PR"
5.88368451536801e-11,-2.75547450944082,0.114,0.251,1.21798153152633e-06,"IL1RN"
6.12194198000049e-11,0.635728487291261,0.253,0.043,1.2673032092799e-06,"LYRM9"
6.29704347460398e-11,0.734717613819395,0.53,0.242,1.30355096967777e-06,"MRPL48"
6.32146250244923e-11,0.749795250525359,0.447,0.166,1.30860595263202e-06,"PLIN3"
6.35289667143554e-11,0.797375346723662,0.528,0.246,1.31511313995387e-06,"SNX4"
6.40858797095275e-11,1.11170677570408,0.361,0.114,1.32664179586693e-06,"EDEM2"
6.57151185343087e-11,0.574291804220735,0.368,0.114,1.36036866877872e-06,"SIRT5"
6.60943064938141e-11,-1.50285109632656,0.52,0.588,1.36821823872845e-06,"TMEM56"
6.71530532378631e-11,0.496731484887736,0.401,0.137,1.390135355077e-06,"USP1"
6.74655155682635e-11,0.713705463346805,0.576,0.27,1.39660363777862e-06,"TSN"
6.74704247234092e-11,-1.26760765401441,0.633,0.649,1.39670526219929e-06,"LSR"
6.80754024782047e-11,0.961588859958483,0.297,0.071,1.40922890670131e-06,"PDCD11"
6.9698945813327e-11,0.500073001535422,0.86,0.659,1.44283787728168e-06,"TOMM20"
7.06187411870434e-11,1.00624017648553,0.268,0.052,1.46187856131298e-06,"KDM1A"
7.30055822149078e-11,1.44479731194826,0.256,0.047,1.51128855743081e-06,"RP11-390F4.6"
7.35173642368176e-11,0.964202564418199,0.383,0.133,1.52188295706636e-06,"SCLY"
7.46771089325051e-11,0.618354138750413,0.531,0.237,1.54589083201179e-06,"NUDT7"
7.71559791693988e-11,0.53592800349736,0.724,0.464,1.59720592478572e-06,"XRCC5"
7.7636438770901e-11,1.60164774347808,0.255,0.047,1.60715191899642e-06,"AGAP3"
7.81812647712636e-11,0.727790276201083,0.574,0.28,1.61843036202993e-06,"AIFM1"
7.9397972341867e-11,-2.62516763776602,0.215,0.36,1.64361742544899e-06,"CCL5"
7.96127544735645e-11,0.395396658042014,0.786,0.573,1.64806363035726e-06,"TOB1"
8.15624169025991e-11,-2.00143063842131,0.259,0.398,1.6884235923007e-06,"ACMSD"
8.26436156654583e-11,0.737135421147663,0.408,0.147,1.71080548789065e-06,"PGPEP1"
8.59297605744557e-11,1.38560927872642,0.372,0.128,1.77883197365181e-06,"NUP37"
8.62213129008951e-11,1.03605463061646,0.278,0.062,1.78486739836143e-06,"FAM83D"
8.66597254310313e-11,0.50437750329198,0.356,0.109,1.79394297614778e-06,"DNAJC30"
8.67817369284662e-11,1.15208628445722,0.315,0.085,1.79646873615618e-06,"EFNA4"
8.70486406525153e-11,0.56528041886337,0.373,0.118,1.80199391014772e-06,"VGLL4"
8.73676195502154e-11,0.736464964504087,0.537,0.246,1.80859709230901e-06,"BTD"
9.20393324536464e-11,-0.27400337266853,1,0.995,1.90530622112293e-06,"APOE"
9.46102316578476e-11,0.500472603366975,0.859,0.597,1.9585264055491e-06,"NDUFB3"
9.53685586703775e-11,0.697381000781469,0.254,0.047,1.97422453303548e-06,"SMC2"
9.54823100148394e-11,-2.0490883565931,0.337,0.445,1.97657929961719e-06,"SEC23A"
9.83301992764945e-11,0.697903750396039,0.579,0.294,2.03553345522271e-06,"AHCYL1"
9.84977738595012e-11,0.602172161045495,0.47,0.19,2.03900241666553e-06,"ST3GAL6"
1.00340823931953e-10,0.627120491396076,0.689,0.398,2.07715539621536e-06,"PPIC"
1.0175584033058e-10,0.738088765690232,0.438,0.171,2.10644765068333e-06,"THAP7"
1.09833959843899e-10,0.661160068010815,0.655,0.365,2.27367280272855e-06,"SNX17"
1.10634605914081e-10,0.958284478663886,0.279,0.062,2.2902469770274e-06,"RAP1GDS1"
1.12301803425276e-10,0.745334828010241,0.453,0.18,2.32475963270664e-06,"RALA"
1.13530428405063e-10,-1.59461953938116,0.454,0.536,2.35019339841321e-06,"GGCX"
1.15301543329855e-10,0.921076046709934,0.287,0.066,2.38685724847132e-06,"SLC25A53"
1.17321701889765e-10,0.377833913459227,0.838,0.573,2.42867655082002e-06,"AKR1A1"
1.1790301372001e-10,0.796477089145988,0.398,0.142,2.44071028701792e-06,"WDR6"
1.19724479183574e-10,0.818374002536053,0.474,0.194,2.47841644357916e-06,"KEAP1"
1.19791027616215e-10,1.00512791598233,0.255,0.047,2.47979406268328e-06,"PRAF2"
1.19974832141778e-10,0.842542984056898,0.311,0.081,2.48359900016695e-06,"KAT7"
1.20271892912329e-10,0.97375686941267,0.367,0.118,2.48974845517813e-06,"ZNF33A"
1.2441319728261e-10,0.99359243892524,0.316,0.085,2.57547759694732e-06,"SLC25A17"
1.24455437354541e-10,0.679123771758927,0.534,0.246,2.57635200867636e-06,"NAE1"
1.27917443527401e-10,-0.798060682202017,0.84,0.796,2.64801899846072e-06,"SULT2A1"
1.28367170967236e-10,1.10584695102291,0.287,0.066,2.65732880619276e-06,"RNF44"
1.28407698604962e-10,-1.30187304706062,0.648,0.678,2.65816776882131e-06,"CTSL"
1.2880365282573e-10,-2.35092680299561,0.204,0.346,2.66636441714543e-06,"TMEM45A"
1.31274846212404e-10,1.29097053103435,0.269,0.057,2.71752059144299e-06,"COG2"
1.32035521505859e-10,0.57717794221904,0.576,0.289,2.73326733069279e-06,"MCUR1"
1.32063902274171e-10,0.30536530412621,0.325,0.09,2.73385484097762e-06,"PIGX"
1.34400809526394e-10,0.71458919227453,0.386,0.128,2.78223115800588e-06,"LLGL2"
1.3557482173008e-10,0.522499748968438,0.714,0.422,2.80653438463439e-06,"STRAP"
1.36651906085248e-10,1.24669148834973,0.263,0.052,2.82883110787072e-06,"TARS2"
1.38591133567015e-10,1.6778118497269,0.258,0.052,2.86897505597078e-06,"NSMCE3"
1.40365573995339e-10,1.0560558076379,0.298,0.076,2.90570774727751e-06,"RRNAD1"
1.40948231449891e-10,0.591921011690155,0.388,0.133,2.91776933924419e-06,"OSGIN2"
1.42056177515346e-10,0.504017325344698,0.402,0.142,2.94070493074517e-06,"CHTF8"
1.51492091215663e-10,-1.00286420262221,0.716,0.711,3.13603778025545e-06,"CD151"
1.51750298664786e-10,0.40658148498659,0.437,0.161,3.14138293265974e-06,"P4HA2"
1.53855191327256e-10,0.401257263442578,0.379,0.123,3.18495631566552e-06,"USP36"
1.54657295550627e-10,-1.08106776730077,0.657,0.692,3.20156067519353e-06,"CTSZ"
1.55396050863807e-10,0.359764526811058,0.385,0.128,3.21685364893167e-06,"MANBAL"
1.5711757462132e-10,1.32498498673822,0.267,0.057,3.25249091223595e-06,"TMEM55A"
1.57272940169069e-10,1.0129227695488,0.275,0.062,3.2557071344399e-06,"HEMK1"
1.59259458963518e-10,0.79041558274057,0.406,0.147,3.29683006000378e-06,"HHLA3"
1.59717691970594e-10,0.689586277954883,0.314,0.085,3.30631594148327e-06,"DTNBP1"
1.60069812968452e-10,0.509664422793767,0.598,0.303,3.31360519825993e-06,"C1orf122"
1.60289827310423e-10,0.798616258531516,0.489,0.209,3.31815971515306e-06,"FLAD1"
1.62391861897496e-10,0.701761850718847,0.541,0.256,3.36167393314007e-06,"TPR"
1.6444106727221e-10,0.930537471205002,0.338,0.1,3.40409453360202e-06,"MAVS"
1.65517910352728e-10,-1.13256665760487,0.645,0.645,3.42638626221182e-06,"HIGD1A"
1.66230411471789e-10,-2.39675375337245,0.177,0.322,3.44113574787751e-06,"SKIL"
1.74002130635449e-10,1.06660243269533,0.259,0.052,3.60201810628443e-06,"FUNDC1"
1.75130667989329e-10,1.22418521360077,0.25,0.047,3.62537995804711e-06,"FEZ1"
1.81911616317683e-10,0.659930528442083,0.388,0.137,3.76575236939236e-06,"RPP30"
1.86144684094691e-10,0.488784230869919,0.434,0.171,3.8533811054442e-06,"CCDC90B"
1.86830707715439e-10,0.480622721310063,0.845,0.555,3.86758248041731e-06,"CBX3"
1.89299326621462e-10,-0.368882920644878,0.991,0.962,3.91868536039089e-06,"MT-ND1"
1.92967440836202e-10,0.431491308186057,0.392,0.133,3.99461899275022e-06,"LYSMD2"
1.93841554213589e-10,1.25473354738413,0.331,0.1,4.01271401377551e-06,"C18orf21"
1.96874416461622e-10,0.624353415666637,0.387,0.137,4.07549729517204e-06,"HTRA2"
2.00263628455116e-10,0.737231412459342,0.463,0.194,4.14565737264936e-06,"FLNB"
2.00505177802642e-10,0.568155034695428,0.359,0.114,4.15065768569249e-06,"UBR5"
2.04327750204497e-10,-1.97047507940305,0.337,0.46,4.22978875698329e-06,"THOP1"
2.05231658337361e-10,1.23442846735645,0.282,0.066,4.2485005592417e-06,"AAR2"
2.06165808554056e-10,0.713798635268265,0.323,0.09,4.26783840287751e-06,"TXLNA"
2.10633729184459e-10,0.436425099738903,0.385,0.133,4.36032882784748e-06,"BDP1"
2.12271092869372e-10,0.799232418796001,0.299,0.076,4.39422389348886e-06,"XPC"
2.13184341843708e-10,1.04438528298958,0.324,0.095,4.4131290605066e-06,"OXNAD1"
2.14825994496913e-10,0.928349638269217,0.282,0.066,4.44711291208059e-06,"HES6"
2.18247347316504e-10,0.824914091607337,0.432,0.171,4.51793833679894e-06,"SVBP"
2.18810373097178e-10,0.318970758218133,0.983,0.9,4.52959353348469e-06,"ATP5J2"
2.20127689499775e-10,1.2562728950823,0.278,0.066,4.55686330033484e-06,"TBL1X"
2.21410541796406e-10,1.25742254960501,0.352,0.114,4.58341962572741e-06,"PANK2"
2.25290956753099e-10,0.573145341574887,0.561,0.265,4.66374809574591e-06,"TRPM4"
2.2939129993573e-10,0.58524359080613,0.535,0.242,4.74862929996954e-06,"DHX29"
2.40399408869152e-10,-1.92513215383761,0.353,0.464,4.97650816300032e-06,"TSHZ2"
2.43934112777312e-10,0.49377592548269,0.386,0.133,5.04968006860314e-06,"GTF2F2"
2.4568485112623e-10,0.383456552091656,0.415,0.152,5.0859221031641e-06,"CDK11B"
2.46740696147108e-10,0.619329969632321,0.32,0.09,5.10777915094128e-06,"VPS16"
2.48419480859274e-10,0.410657551404679,0.462,0.19,5.14253167326784e-06,"AFG3L2"
2.50967958850657e-10,0.478665231696548,0.747,0.483,5.19528771616744e-06,"RBMX"
2.51001940578507e-10,0.736107317743535,0.516,0.242,5.19599117191568e-06,"ALCAM"
2.5133013828175e-10,-2.4704448845634,0.138,0.275,5.20278519257051e-06,"TSPYL2"
2.51467866442471e-10,0.888579130821457,0.307,0.081,5.20563630322559e-06,"MCAT"
2.54459109026988e-10,1.4263885365944,0.254,0.052,5.26755801596768e-06,"ASRGL1"
2.55526541093439e-10,0.87390903504622,0.328,0.095,5.28965492717528e-06,"THAP11"
2.60192264731308e-10,1.19083546273756,0.271,0.062,5.38624007220282e-06,"FAM175A"
2.6902801364694e-10,0.731905831631848,0.514,0.227,5.5691489105053e-06,"RRP15"
2.73017761126508e-10,-2.09714905266613,0.206,0.346,5.65174067307985e-06,"SLC13A5"
2.73959857294306e-10,0.591231422115677,0.432,0.166,5.67124300584943e-06,"SDR39U1"
2.76296177846049e-10,0.808130009819501,0.423,0.166,5.71960717759106e-06,"MRPS9"
2.78743422529604e-10,-2.5499147246818,0.124,0.256,5.77026758978533e-06,"ERO1B"
2.81222807756285e-10,-2.36924598084434,0.292,0.417,5.82159334336285e-06,"DNAJB4"
2.82803518338358e-10,0.5966839313401,0.56,0.265,5.85431563312236e-06,"BRMS1"
2.84151364027829e-10,0.724097883092206,0.367,0.123,5.88221738674009e-06,"THOC6"
2.84589148087523e-10,0.625282007034013,0.338,0.104,5.89127995455981e-06,"PKIB"
2.8627194525025e-10,0.567742797277977,0.649,0.36,5.92611553862542e-06,"SRP19"
2.91657847085177e-10,0.556279721174994,0.844,0.573,6.03760909251025e-06,"GDI2"
2.91876911056552e-10,0.64709903432595,0.373,0.128,6.04214393578168e-06,"SNAP47"
2.9909065574447e-10,0.370677861175612,0.566,0.27,6.19147566456627e-06,"HNRNPH3"
3.07960255885176e-10,0.982023937842639,0.281,0.066,6.37508525707903e-06,"ADORA2A-AS1"
3.09326878797947e-10,0.585103045190921,0.32,0.09,6.4033757179963e-06,"SRRT"
3.11961024156303e-10,-2.32146305375115,0.173,0.313,6.45790516105963e-06,"MBNL3"
3.11961594866479e-10,0.369164210761161,0.479,0.204,6.45791697533098e-06,"WRB"
3.13047253047173e-10,0.478490389666407,0.494,0.213,6.48039118532953e-06,"EIF2B4"
3.19824141883827e-10,0.45772033881115,0.312,0.085,6.6206795611371e-06,"POMGNT1"
3.30543385351136e-10,0.943867375410317,0.358,0.118,6.84257862015387e-06,"MYO9B"
3.31332922908826e-10,0.659983583973823,0.278,0.066,6.8589228371356e-06,"MGME1"
3.32112244048181e-10,0.577343048916182,0.331,0.1,6.87505556404139e-06,"DTWD1"
3.41272590139639e-10,0.677966932937134,0.454,0.185,7.06468388848067e-06,"ATP6V1H"
3.47033850821341e-10,0.615387176470223,0.563,0.27,7.18394774585258e-06,"GCLC"
3.47156546611266e-10,0.389672925570503,0.686,0.389,7.18648767139982e-06,"ARPC1A"
3.47210998190252e-10,1.08976972922628,0.393,0.152,7.1876148735364e-06,"ORC4"
3.5460466744473e-10,-1.25577624179224,0.524,0.573,7.34067122077336e-06,"MAOB"
3.5461114079638e-10,0.850815374241881,0.362,0.123,7.34080522562586e-06,"RAD1"
3.55801074994917e-10,1.29791748354261,0.262,0.057,7.36543805346978e-06,"RPUSD1"
3.56305118866087e-10,0.47155915564615,0.736,0.464,7.37587226564688e-06,"RPS19BP1"
3.60882862763971e-10,0.667999203586638,0.638,0.355,7.47063614207697e-06,"VBP1"
3.70935378851914e-10,0.40644861313959,0.565,0.265,7.67873327761346e-06,"SRSF4"
3.83280401370233e-10,0.612776084972669,0.61,0.332,7.9342875887652e-06,"TMX2"
3.91031048051341e-10,1.5008735485036,0.338,0.118,8.09473372571081e-06,"CDKN3"
3.91490855818888e-10,0.83164047772673,0.319,0.09,8.1042522063068e-06,"QRSL1"
4.00640388044847e-10,0.70651396184871,0.423,0.166,8.29365667291638e-06,"ACTR1A"
4.02392945029375e-10,0.634639066644052,0.334,0.1,8.32993635505309e-06,"ZZZ3"
4.03631868896174e-10,0.804591868742661,0.27,0.062,8.35558331801969e-06,"WDR3"
4.10800701304035e-10,1.06130942042473,0.279,0.066,8.50398531769482e-06,"SPSB2"
4.17998020426451e-10,0.563471220876641,0.437,0.171,8.65297702084795e-06,"JUP"
4.2230896849894e-10,0.604151828899067,0.415,0.161,8.74221795689655e-06,"CBX5"
4.34034278480082e-10,1.23475315388241,0.313,0.09,8.98494359881617e-06,"PCBD2"
4.48762233311828e-10,0.902447069477053,0.39,0.142,9.28982699178815e-06,"SUGCT"
4.51258973338906e-10,0.581344585154416,0.412,0.152,9.3415120070887e-06,"CDS2"
4.57517223341928e-10,-0.678906736569569,0.896,0.834,9.47106404040126e-06,"DNAJA1"
4.60723663732219e-10,1.28191558013062,0.29,0.076,9.53744056292066e-06,"USP4"
4.62938020690529e-10,0.75686362653001,0.335,0.104,9.58327996631465e-06,"C1orf174"
4.64993060776012e-10,1.64813758965105,0.251,0.052,9.62582135112423e-06,"DYRK4"
4.68291927350042e-10,0.501183986693223,0.644,0.332,9.69411118807323e-06,"MRPS10"
4.70474702011416e-10,-1.68992416372359,0.393,0.498,9.73929680633832e-06,"TSPYL1"
4.80178531577887e-10,1.0385841329184,0.319,0.095,9.94017578219383e-06,"NAGPA"
4.82992741634488e-10,1.24813998584047,0.251,0.052,9.99843274457553e-06,"GRK6"
4.84207247405774e-10,0.754382754653794,0.36,0.118,1.00235742285469e-05,"INO80E"
4.88477901612163e-10,1.13002617214007,0.382,0.142,1.01119810412734e-05,"MRPL49"
4.88770379774783e-10,0.467041019266238,0.584,0.28,1.01180356317178e-05,"TM2D3"
4.92551586787091e-10,-1.54077612324593,0.538,0.588,1.01963103980796e-05,"H1F0"
4.99722592898902e-10,0.435163054171299,0.922,0.749,1.03447573956002e-05,"PDIA3"
5.01313408134875e-10,0.545135250501683,0.587,0.294,1.03776888618e-05,"NELFCD"
5.028139730992e-10,-1.96468382585801,0.451,0.521,1.04087520571265e-05,"CITED2"
5.04040348944962e-10,0.694639098738215,0.35,0.114,1.04341392635097e-05,"RNF113A"
5.09948146210809e-10,0.65905638671035,0.492,0.218,1.055643657471e-05,"TCEB3"
5.23466781834864e-10,0.357764707108742,0.692,0.412,1.08362858507635e-05,"MRPL2"
5.31570855811187e-10,0.71073610068163,0.373,0.128,1.10040482861474e-05,"KPNA6"
5.32049934972575e-10,-2.19148964468504,0.209,0.346,1.10139657038673e-05,"GK"
5.3540670955207e-10,0.58625123096423,0.691,0.441,1.10834542944374e-05,"SURF1"
5.36582762511881e-10,0.539419962314017,0.425,0.166,1.11077997667585e-05,"PEA15"
5.3749386365401e-10,1.44719008725478,0.259,0.057,1.11266604715017e-05,"METTL2B"
5.41644612544764e-10,1.00389980374427,0.335,0.104,1.12125851242892e-05,"ABCB7"
5.46871540629159e-10,0.804820466709386,0.423,0.166,1.13207877625642e-05,"COPS4"
5.47068070863431e-10,-0.335466717042737,1,1,1.13248561349439e-05,"MALAT1"
5.48642332129568e-10,-1.60299051757358,0.559,0.588,1.13574449174142e-05,"GOT1"
5.60806806825499e-10,0.384985307026463,0.909,0.697,1.16092617080947e-05,"ERP29"
5.61082257335721e-10,0.658989367411314,0.355,0.118,1.16149638091068e-05,"IQSEC1"
5.70263620414899e-10,0.782935652597245,0.295,0.076,1.18050272062088e-05,"NSD1"
5.73293652692187e-10,0.494154378289605,0.32,0.095,1.1867751904381e-05,"CLK3"
5.82338213425412e-10,0.454768011593126,0.7,0.403,1.20549833561195e-05,"EBPL"
5.87969522465902e-10,0.782791092779908,0.292,0.076,1.21715570845666e-05,"CCDC22"
5.90710960557666e-10,0.491833521262166,0.276,0.066,1.22283075945043e-05,"TOPBP1"
5.92865851767205e-10,0.659915460971605,0.5,0.227,1.22729159974329e-05,"PMM1"
5.93072346991885e-10,-0.330885318960435,0.954,0.953,1.2277190655079e-05,"NEAT1"
5.97930385958663e-10,0.675065999205198,0.656,0.365,1.23777569197303e-05,"FKBP3"
6.01909460365012e-10,0.915283415521089,0.257,0.057,1.24601277390161e-05,"NUP155"
6.23525104530592e-10,0.711082018580435,0.371,0.128,1.29075931888878e-05,"KIAA0141"
6.28289689960021e-10,0.46873645374408,0.517,0.237,1.30062248718624e-05,"UBA2"
6.31699930028137e-10,0.629102528158659,0.577,0.294,1.30768202515125e-05,"MAT2B"
6.3779507026306e-10,0.890371863734423,0.26,0.057,1.32029957495156e-05,"SAP30L"
6.38512862741228e-10,-1.56405517873679,0.762,0.791,1.32178547716062e-05,"KLF6"
6.47247117304673e-10,-0.778046331631753,0.821,0.791,1.3398662575324e-05,"VAMP8"
6.48737691305122e-10,0.433222542161949,0.851,0.602,1.34295189477073e-05,"EBP"
6.55162272924627e-10,0.3714055178007,0.478,0.199,1.35625142118127e-05,"NAP1L4"
6.67074076566717e-10,0.335740921629131,0.512,0.227,1.38091004590076e-05,"NSMCE4A"
6.72776379831979e-10,0.718359398195637,0.318,0.095,1.39271438389018e-05,"EMC1"
6.86754488305914e-10,0.697481973237717,0.551,0.284,1.42165046624207e-05,"SEC14L2"
7.04755665760357e-10,0.392429536625761,0.825,0.583,1.45891470369052e-05,"MRPL18"
7.07673983611071e-10,0.641760138127325,0.603,0.318,1.46495591347328e-05,"MPG"
7.08942618332755e-10,0.378405478472075,0.594,0.308,1.46758211421064e-05,"SMIM15"
7.1252158310238e-10,0.286397140119809,0.338,0.104,1.47499092918024e-05,"GPN2"
7.14110825815203e-10,0.444951047968584,0.794,0.569,1.47828082052005e-05,"MTCH1"
7.18966643866597e-10,0.756682817559773,0.514,0.246,1.48833284946824e-05,"COPS8"
7.21976475254607e-10,0.539465490083783,0.401,0.152,1.49456350142456e-05,"ARFRP1"
7.44974644193115e-10,0.414528302169301,0.499,0.223,1.54217201094417e-05,"TSR2"
7.68694238579487e-10,0.598178353313143,0.433,0.175,1.5912739432834e-05,"ITGA6"
7.71646600380408e-10,0.866675657510324,0.304,0.085,1.59738562744748e-05,"TSPAN17"
7.7982547071966e-10,0.616365232259549,0.546,0.27,1.61431670693677e-05,"ALDH1B1"
7.8488664122742e-10,0.510081824951255,0.632,0.355,1.62479383600488e-05,"NTMT1"
7.8499904177919e-10,1.11061411302981,0.371,0.133,1.6250265163871e-05,"HN1L"
8.13439338495135e-10,-0.511166175379267,0.92,0.886,1.68390077461878e-05,"GUK1"
8.37846485079704e-10,0.406663446078452,0.38,0.133,1.73442600876349e-05,"AIFM2"
8.43061468695949e-10,0.544016147718898,0.259,0.057,1.74522154634748e-05,"TNFRSF21"
8.47242151121351e-10,0.381175670468981,0.795,0.578,1.75387597703631e-05,"HNRNPA0"
8.68463391817762e-10,-1.21699475648213,0.595,0.616,1.79780606740195e-05,"ACADM"
8.74771002397444e-10,0.659321459316303,0.36,0.123,1.81086345206295e-05,"GALK2"
9.20666620189106e-10,1.01648130193462,0.293,0.081,1.90587197045347e-05,"ICE1"
9.37127434598378e-10,0.525716881652489,0.399,0.147,1.9399475023621e-05,"TNIP2"
9.38176408015923e-10,0.814187436706334,0.406,0.152,1.94211898223376e-05,"PDHX"
9.38267951941018e-10,1.45667300375888,0.286,0.081,1.9423084873131e-05,"NEK4"
9.47133487574511e-10,0.494900522817124,0.541,0.265,1.960661032628e-05,"PMPCA"
9.47284360708995e-10,0.647983801665242,0.459,0.199,1.96097335510369e-05,"FOXA2"
9.50515629296249e-10,0.689264241912464,0.586,0.318,1.96766240420616e-05,"IGSF8"
9.56609890560324e-10,0.50769095721142,0.576,0.284,1.98027813444893e-05,"EMC6"
9.65799072324328e-10,0.70514046341128,0.326,0.1,1.99930065961859e-05,"EXOSC10"
9.73534356733876e-10,0.786974142582878,0.505,0.237,2.0153134718748e-05,"COQ5"
9.97010388370746e-10,0.65420724426048,0.389,0.142,2.06391120496628e-05,"RITA1"
1.00574316400488e-09,0.628675779447301,0.267,0.062,2.08198892380651e-05,"CEP104"
1.01244839939748e-09,0.458589864323626,0.662,0.374,2.09586943159272e-05,"SNHG7"
1.02110526414726e-09,0.464494945656604,0.342,0.109,2.11379000731124e-05,"IFNAR2"
1.05055902049966e-09,0.807383730214117,0.33,0.104,2.17476222833635e-05,"NDUFAF1"
1.06673869686239e-09,1.61949932679212,0.279,0.076,2.20825577637484e-05,"CAPN12"
1.08574901771161e-09,0.327322531592301,0.974,0.834,2.24760904156481e-05,"MRPL41"
1.10971985280028e-09,1.35689144553632,0.322,0.104,2.29723106728186e-05,"RFC2"
1.11130045909670e-09,0.74900402073303,0.33,0.104,2.30050308037607e-05,"ANKRD29"
1.12372044184229e-09,0.663986001638388,0.543,0.27,2.32621368665773e-05,"TTPA"
1.13923659796698e-09,0.569127921618807,0.384,0.137,2.35833368145144e-05,"RUFY1"
1.14065933414334e-09,0.532671080118174,0.398,0.147,2.36127888761013e-05,"SHKBP1"
1.1510843234351e-09,0.465351753958078,0.298,0.085,2.38285965794301e-05,"TAZ"
1.188309645865e-09,1.12017155050991,0.276,0.071,2.45991979790513e-05,"SOX12"
1.20356850332697e-09,0.344083130159999,0.434,0.175,2.49150715873717e-05,"NXT1"
1.20751024468702e-09,0.66181765253859,0.517,0.242,2.4996669575266e-05,"STAU2"
1.2126747845719e-09,0.648822564396821,0.381,0.137,2.51035807154229e-05,"ILKAP"
1.21615886319473e-09,0.423208702579452,0.333,0.104,2.51757046269941e-05,"IFI27L1"
1.23060781684159e-09,0.486694149052015,0.602,0.308,2.54748124164378e-05,"ARPP19"
1.235432293737e-09,0.497707469401397,0.4,0.152,2.55746839126497e-05,"CHERP"
1.24061199837621e-09,0.89312584673298,0.305,0.09,2.5681908978386e-05,"BRAT1"
1.2703129885995e-09,0.65826905882611,0.264,0.062,2.62967491769982e-05,"STX18"
1.28895574990818e-09,0.51037571864712,0.376,0.133,2.66826729788491e-05,"ZYG11B"
1.29776472541496e-09,0.549791254772373,0.537,0.265,2.6865027580815e-05,"PKIG"
1.30082395776338e-09,0.565597465089246,0.725,0.502,2.69283567496598e-05,"FBXW5"
1.30371550745079e-09,0.505651241616038,0.308,0.09,2.69882147197388e-05,"SCAMP1"
1.33181150684083e-09,0.434720274092398,0.853,0.654,2.75698300031119e-05,"MRPL52"
1.36764417777251e-09,0.473745796301569,0.4,0.156,2.83116021240688e-05,"WIPF2"
1.36804886430792e-09,0.412942065356159,0.726,0.445,2.83199795400382e-05,"CLPTM1"
1.38728917318776e-09,0.391677109832363,0.735,0.455,2.87182731741599e-05,"KIF22"
1.39201638298990e-09,0.519928166457878,0.488,0.227,2.88161311442738e-05,"PLEC"
1.42048996878647e-09,0.364369258762405,0.736,0.441,2.94055628438487e-05,"ARPC1B"
1.43018788527658e-09,0.270029550547787,0.313,0.095,2.96063194131104e-05,"MED1"
1.43058458647412e-09,0.390931119648274,0.471,0.199,2.96145315246008e-05,"OXR1"
1.43673766623755e-09,-1.02116719834336,0.654,0.668,2.97419064287835e-05,"BRI3"
1.45003739413108e-09,0.385817775681298,0.949,0.806,3.00172240959075e-05,"NDUFA11"
1.46459761135906e-09,0.562152635294554,0.261,0.062,3.03186351527438e-05,"C5orf51"
1.46554935381013e-09,1.30086523705825,0.271,0.071,3.03383371732235e-05,"MUTYH"
1.47176472805413e-09,0.494769594558872,0.386,0.137,3.04670016354485e-05,"KPNA3"
1.48736906834425e-09,0.484964632199577,0.308,0.09,3.07900270837943e-05,"MAD2L1BP"
1.50149460165929e-09,0.54618242279617,0.269,0.066,3.1082439748949e-05,"TRMT10A"
1.52912904654609e-09,0.79328449827736,0.276,0.071,3.16545003925505e-05,"TRAF2"
1.53281885654706e-09,0.397989530576609,0.624,0.346,3.17308831493806e-05,"SLC39A1"
1.53763788073936e-09,0.799309495033358,0.255,0.057,3.18306417691855e-05,"SLC25A43"
1.57598692050613e-09,0.761924275902419,0.329,0.104,3.26245052413974e-05,"AGO2"
1.60176190585918e-09,0.482464929754795,0.806,0.559,3.31580732131908e-05,"UBE2L3"
1.62735007689137e-09,-1.10863976646102,0.619,0.635,3.36877739417282e-05,"FKBP5"
1.63363975764857e-09,0.627643703549145,0.326,0.1,3.3817976623083e-05,"FAM120AOS"
1.63403356781998e-09,0.898338710644128,0.251,0.057,3.38261288874413e-05,"PRR5"
1.64072121025288e-09,0.611776941260333,0.492,0.218,3.39645697734449e-05,"TIPRL"
1.69719622275851e-09,0.458429159799147,0.353,0.118,3.5133659007324e-05,"SLC35A4"
1.72736104838577e-09,0.883496373849378,0.362,0.128,3.57581010626338e-05,"ASF1A"
1.73681046164444e-09,0.762256264679226,0.398,0.152,3.59537133665016e-05,"TP53I3"
1.74009732333562e-09,-2.21837679709173,0.249,0.374,3.60217546903706e-05,"TMPRSS6"
1.7467243675855e-09,0.327960947060611,0.854,0.678,3.61589411333873e-05,"TMCO1"
1.77332287624443e-09,0.549598457371867,0.532,0.251,3.67095568611359e-05,"RP11-345J4.5"
1.78176978835496e-09,0.65883898129246,0.571,0.294,3.6884416388736e-05,"RRAGA"
1.78226124899673e-09,0.451101238528175,0.573,0.289,3.68945901154813e-05,"VPS35"
1.84198198026256e-09,-2.5265221887422,0.145,0.275,3.81308689734153e-05,"TRBC2"
1.84683488702724e-09,-1.83754814929097,0.294,0.417,3.82313289963509e-05,"ATP5EP2"
1.85547706108906e-09,1.07471665814926,0.267,0.066,3.84102306416047e-05,"ZDHHC16"
1.87420418711049e-09,1.1290381299661,0.266,0.066,3.87979008773743e-05,"DTD1"
1.8792534778771e-09,0.484126556765724,0.329,0.104,3.89024262455338e-05,"TMEM218"
1.94028340171542e-09,-1.8466642429994,0.375,0.464,4.01658066989109e-05,"NDRG2"
1.94415981663082e-09,0.48874149816329,0.776,0.493,4.02460523640746e-05,"TCEA1"
1.95876573649277e-09,0.452814790380435,0.681,0.403,4.05484095111368e-05,"POLE4"
1.99056161546342e-09,0.541955979953066,0.633,0.355,4.12066160017082e-05,"CHST13"
2.08390339431567e-09,0.773009393540306,0.308,0.09,4.31388841657286e-05,"OGFOD2"
2.10733413663939e-09,0.586213919835943,0.418,0.161,4.3623923962572e-05,"CINP"
2.12232086626535e-09,0.716579623113689,0.46,0.199,4.39341642525591e-05,"NFYC"
2.14333258795852e-09,0.25113648265496,0.64,0.346,4.43691279033293e-05,"CD47"
2.17078574529842e-09,1.03479542137468,0.298,0.09,4.49374357134226e-05,"TMEM55B"
2.17083938315662e-09,0.342851349183216,0.285,0.076,4.49385460707253e-05,"GSK3A"
2.17938885942351e-09,1.04590096209546,0.301,0.09,4.51155287789261e-05,"SGF29"
2.2400450022699e-09,0.271750184630464,0.713,0.445,4.63711715919893e-05,"AZIN1"
2.24420766480184e-09,0.367553267537935,0.365,0.128,4.6457342869063e-05,"PTCD3"
2.25889722475557e-09,0.399882101415088,0.872,0.749,4.6761431449665e-05,"KTN1"
2.28783960751845e-09,0.910600963286272,0.295,0.085,4.73605677152395e-05,"XPNPEP2"
2.31171670233406e-09,0.358098410580877,0.799,0.498,4.78548474550173e-05,"SLC22A18"
2.31263667478312e-09,0.693197881453236,0.396,0.152,4.78738918046853e-05,"CS"
2.36291238508568e-09,0.653280611482647,0.316,0.1,4.89146492836588e-05,"DUSP22"
2.36586083283912e-09,-4.24559710823398,0.21,0.341,4.89756851006027e-05,"CTGF"
2.37368037112349e-09,-0.495597331506103,0.951,0.915,4.91375573626273e-05,"RPL36AL"
2.3916730433602e-09,1.06292976296182,0.273,0.071,4.95100236705996e-05,"E4F1"
2.39903566282761e-09,0.311682908377851,0.726,0.431,4.96624372561943e-05,"PYURF"
2.46431541666697e-09,0.500053278063756,0.681,0.422,5.1013793440423e-05,"HNRNPAB"
2.46936562968185e-09,0.420329020126236,0.502,0.223,5.1118337900044e-05,"PYM1"
2.50245189900038e-09,0.737622420022678,0.271,0.071,5.18032567612068e-05,"RP11-386G11.10"
2.50947308241783e-09,0.374297904201691,0.5,0.218,5.19486022791316e-05,"PLEKHJ1"
2.52342404398439e-09,-1.51565010886311,0.574,0.597,5.22374011345209e-05,"CCNL1"
2.53158662036069e-09,-1.76667480027451,0.493,0.55,5.24063746280866e-05,"CLK1"
2.54445245655852e-09,-2.15618115391161,0.262,0.384,5.26727103032179e-05,"DEXI"
2.64125990412244e-09,0.505123243406654,0.449,0.19,5.46767212752387e-05,"MYL6B"
2.7115618763732e-09,0.421693047483324,0.423,0.171,5.61320424028016e-05,"PAF1"
2.76070702668491e-09,0.730227879352487,0.411,0.166,5.71493961594043e-05,"ENOSF1"
2.78943091019476e-09,0.575694614315095,0.592,0.313,5.77440092719418e-05,"PSMD9"
2.80714915712607e-09,0.475818199801701,0.586,0.303,5.81107947016668e-05,"ACSL3"
2.82858211615168e-09,0.398365698558585,0.803,0.521,5.85544783864559e-05,"IER3IP1"
2.83812839472915e-09,0.661055333756667,0.578,0.308,5.8752095899288e-05,"UROS"
2.85442532166985e-09,0.393991556155427,0.426,0.175,5.90894585838876e-05,"SRPK2"
2.86249261643987e-09,0.275684137424718,0.367,0.133,5.92564596529218e-05,"ZDHHC3"
2.8647340781256e-09,0.565226712567297,0.833,0.616,5.93028601512781e-05,"CCT4"
2.88283663766754e-09,0.458841876789963,0.331,0.109,5.96776012363557e-05,"POLR3E"
2.914348994313e-09,-2.5368648635781,0.135,0.261,6.03299385312735e-05,"ATP6V1B2"
2.92492941969251e-09,0.798483353415138,0.31,0.1,6.05489639170546e-05,"TRIM47"
2.92536560762462e-09,0.403117380177547,0.523,0.251,6.05579934434372e-05,"MED28"
2.95142302075429e-09,0.463582706818173,0.539,0.265,6.10974079526346e-05,"SMIM1"
2.96876014821924e-09,0.49507115958951,0.358,0.123,6.14563038282865e-05,"C2orf74"
3.01430316159919e-09,0.801960769435789,0.384,0.147,6.23990897482649e-05,"ABHD14A"
3.10565804845008e-09,0.782235151687576,0.271,0.071,6.42902272609651e-05,"YTHDC2"
3.14637118567742e-09,0.487062743760769,0.442,0.185,6.51330299147083e-05,"RPA2"
3.16158922268714e-09,0.615361401346449,0.484,0.223,6.54480584988465e-05,"APOPT1"
3.20026660285649e-09,-0.895016153379753,0.691,0.758,6.62487189457323e-05,"ZFP36L1"
3.30437974528531e-09,1.05737660111357,0.296,0.09,6.84039651071512e-05,"RPIA"
3.31000952853081e-09,0.673530732821642,0.337,0.114,6.85205072501163e-05,"LENG1"
3.3801794218103e-09,0.862552750306791,0.347,0.123,6.9973094210895e-05,"PEX14"
3.4206383743995e-09,0.704194155584658,0.413,0.175,7.0810634988444e-05,"FBXO22"
3.4509671032171e-09,-1.65660482947896,0.44,0.517,7.14384700036972e-05,"HLA-F"
3.46921199698822e-09,0.3983171883379,0.556,0.28,7.1816157549653e-05,"WDR74"
3.50431969345414e-09,-2.26166441594567,0.191,0.322,7.25429219741941e-05,"ALDH8A1"
3.51282371510414e-09,0.763927139866182,0.402,0.161,7.27189637263708e-05,"MITD1"
3.56229837062888e-09,0.478789034049289,0.702,0.436,7.37431385703883e-05,"DCTN3"
3.58064508747457e-09,-2.68270339228062,0.149,0.275,7.41229339558111e-05,"F9"
3.6031222978459e-09,0.996797320701026,0.274,0.076,7.4588234687708e-05,"NUPL2"
3.62608968797287e-09,0.712809472468666,0.269,0.071,7.50636826307264e-05,"FBXO45"
3.63396914313774e-09,-1.73567193803239,0.354,0.455,7.52267952320944e-05,"GPT"
3.6428052483585e-09,0.665328961444506,0.433,0.185,7.54097114462693e-05,"HDAC3"
3.66997579983153e-09,0.521759090760389,0.698,0.431,7.59721690323126e-05,"MRPS35"
3.68194361614081e-09,0.395464634241085,0.75,0.512,7.6219914797731e-05,"CRLS1"
3.73505661783995e-09,0.431723392722533,0.34,0.118,7.73194070459047e-05,"NOL12"
3.76175140813411e-09,-2.31520438350483,0.188,0.313,7.78720158997843e-05,"ARHGAP5"
3.79963975914487e-09,0.737129046302852,0.278,0.076,7.86563426540579e-05,"CHST15"
3.8021443608282e-09,0.972350186082095,0.296,0.09,7.87081904135046e-05,"MNAT1"
3.80702364631691e-09,-1.11775278983869,0.637,0.645,7.88091965024064e-05,"HAAO"
3.83021628348806e-09,0.400755574676506,0.445,0.194,7.92893072844863e-05,"FUBP1"
3.83333363731278e-09,0.380265458742487,0.728,0.445,7.9353839626012e-05,"BAX"
3.85345926427348e-09,0.530323858451756,0.526,0.246,7.97704602297252e-05,"RPP21"
3.89928148499732e-09,0.570251145326594,0.666,0.384,8.07190260209294e-05,"NUTF2"
3.91140289661518e-09,0.431837707544914,0.563,0.28,8.09699513628308e-05,"PPP1R7"
3.91542168319043e-09,1.18779650597422,0.267,0.071,8.1053144263725e-05,"LEMD2"
3.9315127904538e-09,0.896611688866478,0.26,0.066,8.13862462751842e-05,"HIRIP3"
3.94813901541697e-09,0.409707103821384,0.456,0.194,8.17304257581467e-05,"TMEM57"
3.95962604033597e-09,0.43915040939491,0.51,0.237,8.19682186609949e-05,"CMAS"
3.96592118728312e-09,0.471494148014023,0.778,0.474,8.2098534497948e-05,"PCNP"
4.0401452214406e-09,0.720958349200089,0.468,0.223,8.36350462290418e-05,"GRAMD1A"
4.05687074799569e-09,0.602606541703608,0.266,0.071,8.39812813542587e-05,"GTPBP8"
4.05857163002010e-09,0.869902119647798,0.261,0.066,8.4016491313046e-05,"TBC1D22A"
4.07148168670573e-09,0.455573012012537,0.686,0.389,8.42837423964954e-05,"PCMT1"
4.24521543705186e-09,0.386930507664168,0.524,0.265,8.78802047624106e-05,"MGAT4B"
4.24729703881362e-09,0.424482339104395,0.474,0.209,8.79232960004808e-05,"MED29"
4.26701981377892e-09,0.31018375272924,0.534,0.256,8.83315771650375e-05,"PIGR"
4.2770098788337e-09,-0.485619978569147,0.899,0.825,8.85383815017364e-05,"PRDX3"
4.32638761212437e-09,0.621995029574127,0.495,0.227,8.95605499585866e-05,"NAA60"
4.37528489997547e-09,0.430905375527419,0.257,0.062,9.05727727143923e-05,"CTB-50L17.10"
4.3854611714897e-09,0.433209670646772,0.637,0.398,9.07834317110083e-05,"SIAH2"
4.43912921836111e-09,0.409107431856212,0.924,0.73,9.18944139492933e-05,"CTSA"
4.46251429028258e-09,0.616539556834164,0.354,0.128,9.23785083231396e-05,"DNAJC12"
4.51345225250209e-09,0.609620175811824,0.487,0.227,9.34329750790458e-05,"TRIP6"
4.53094625987463e-09,-0.651645863799755,0.916,0.886,9.37951185256647e-05,"PSAP"
4.57276858568426e-09,0.742288082106787,0.3,0.095,9.46608824922499e-05,"IDH3A"
4.74799189377551e-09,0.563398293083194,0.644,0.355,9.82881801930468e-05,"MRPS18A"
4.77578852398474e-09,0.542112666905455,0.408,0.161,9.88635982350081e-05,"PREB"
4.7785939106387e-09,0.384589847979716,0.9,0.716,9.89216725441318e-05,"TIMM13"
4.78384227959693e-09,0.52280575578791,0.359,0.128,9.90303190299361e-05,"TBL3"
4.80242838601456e-09,0.333797244027504,0.46,0.199,9.94150700188874e-05,"ZFPL1"
4.8795691682119e-09,0.421585934904333,0.822,0.578,0.000101011961351155,"DPY30"
4.89837049194715e-09,0.711461405615756,0.397,0.156,0.000101401167553798,"CC2D1A"
4.92788867186841e-09,0.583696372599156,0.321,0.104,0.000102012223396348,"ACD"
4.99470264323299e-09,0.38722174583181,0.469,0.209,0.000103395339417566,"TNPO1"
5.01004022210882e-09,0.416775843411154,0.544,0.27,0.000103712842637875,"DHX36"
5.05087513465516e-09,0.389834957263938,0.491,0.227,0.000104558166162497,"TRIM27"
5.06372579488824e-09,-0.9538222832862,0.702,0.668,0.000104824187679981,"YWHAE"
5.17923093326678e-09,-1.95790579545322,0.286,0.403,0.000107215259549556,"MAT2A"
5.28757641040159e-09,0.329768447620586,0.361,0.128,0.000109458119271723,"ISY1"
5.29343273186782e-09,0.266772140462639,0.735,0.455,0.000109579350982396,"PAICS"
5.35198142520565e-09,0.472511259346977,0.76,0.526,0.000110791367483182,"LRPAP1"
5.40211687236304e-09,0.549001049659063,0.654,0.365,0.000111829221374787,"MRPL42"
5.44007097045324e-09,0.355850578504373,0.399,0.156,0.000112614909159352,"CLPTM1L"
5.45350445377112e-09,1.11167765945579,0.266,0.071,0.000112892995697516,"METTL13"
5.62567676674231e-09,0.575235958169969,0.553,0.28,0.000116457134748332,"C5orf24"
5.65915392214441e-09,0.428818480822967,0.623,0.341,0.000117150145342311,"ORMDL3"
5.67634149606726e-09,0.316755618606726,0.299,0.09,0.000117505945310088,"AKAP8"
5.71819638011499e-09,-1.99766172833949,0.256,0.379,0.00011837238326476,"PLSCR1"
5.72765964277989e-09,-0.56451336477059,0.807,0.791,0.000118568282265187,"CP"
5.83714333448286e-09,0.69097966376107,0.272,0.076,0.00012083470416713,"SLC23A2"
5.8687191697603e-09,-1.55949002984494,0.515,0.559,0.000121488355533208,"RBP5"
5.89662763131871e-09,1.17223200448865,0.278,0.081,0.000122066088595929,"PRKCZ"
5.92708131688054e-09,0.833809457619261,0.455,0.209,0.000122696510340744,"TTC37"
6.00577843236544e-09,0.30147715042368,0.276,0.076,0.000124325619328397,"GOLGA8B"
6.0471266046075e-09,0.51821058028092,0.362,0.133,0.00012518156784198,"NAGK"
6.08466737079535e-09,0.475342231748922,0.654,0.393,0.000125958699242835,"HNRNPD"
6.18016624111643e-09,0.469534677452891,0.265,0.071,0.000127935621357351,"SUGP1"
6.22351819924069e-09,0.800028119117324,0.352,0.128,0.000128833050242481,"USP30-AS1"
6.32733057467436e-09,-1.81095813570559,0.359,0.45,0.000130982070226334,"MUT"
6.34502328942444e-09,0.579747001877614,0.321,0.104,0.000131348327114375,"AGXT2"
6.42272123029049e-09,0.509048712259422,0.386,0.152,0.000132956752188243,"DLGAP4"
6.50997552032184e-09,0.817088349957876,0.273,0.076,0.000134763003246182,"PRKRIP1"
6.51430153221761e-09,0.921430893047254,0.266,0.071,0.000134852556018437,"TIMM21"
6.57502345778319e-09,0.318124322533896,0.526,0.246,0.00013610956059957,"SHTN1"
6.61304710433074e-09,0.368254080318701,0.607,0.313,0.000136896688106751,"SERPINB6"
6.84001942855691e-09,0.392720169633139,0.671,0.384,0.000141595242190557,"AHSA1"
7.03429412495489e-09,0.710913911586564,0.289,0.085,0.000145616922680691,"PRPF3"
7.04531944359196e-09,0.686791350082367,0.274,0.076,0.000145845157801797,"VEZF1"
7.07296574420728e-09,0.47082768717666,0.381,0.147,0.000146417463870835,"EIF2B2"
7.15710193063195e-09,0.326005413088516,0.743,0.483,0.000148159167066012,"ATP6AP2"
7.20566824813935e-09,-2.89202335340136,0.489,0.54,0.000149164538404733,"ATF3"
7.26811773124068e-09,-2.18295772128452,0.133,0.256,0.000150457305154413,"TPP2"
7.27293824504248e-09,0.524134455447591,0.269,0.076,0.000150557094610624,"RCAN3"
7.36719332012252e-09,0.505351752984494,0.397,0.161,0.000152508268919856,"RNF220"
7.561197605357e-09,0.267447645452554,0.732,0.445,0.000156524351628495,"ZSCAN16-AS1"
8.00835146492364e-09,0.509132733416175,0.597,0.332,0.000165780883675384,"ETF1"
8.13271464151972e-09,0.642116741715694,0.516,0.251,0.0001683553257941,"TBL1XR1"
8.21018626725482e-09,0.352069980216728,0.393,0.152,0.000169959065918442,"PPP1R8"
8.27352186366112e-09,-1.62834918840601,0.381,0.469,0.000171270176099649,"RAB6A"
8.35416521273235e-09,-2.0903010630076,0.259,0.374,0.000172939574068772,"C16orf72"
8.52197621942666e-09,0.838171520503842,0.3,0.095,0.000176413429718351,"CSTF1"
8.55740959405482e-09,-1.1780681044401,0.601,0.621,0.000177146936006529,"ATP1A1"
8.62654729291534e-09,1.09325077563181,0.319,0.109,0.00017857815551064,"GNAI1"
8.66950347920951e-09,-1.47768587588434,0.483,0.545,0.000179467391523116,"KLF10"
8.78970393102729e-09,0.376060762329524,0.797,0.55,0.000181955661076196,"NDUFV1"
9.10238639372516e-09,-2.03420115234236,0.205,0.332,0.000188428500736505,"CHIC2"
9.22082416768137e-09,0.443929857918025,0.508,0.246,0.000190880281095172,"TARS"
9.34695065567018e-09,0.374831026017615,0.633,0.374,0.000193491225523028,"PRPF40A"
9.36563643104231e-09,-2.29320225431305,0.175,0.299,0.000193878039759007,"RND1"
9.37756901732304e-09,0.708314792851508,0.531,0.265,0.000194125056227604,"BCCIP"
9.40965646916248e-09,0.27484852188595,0.525,0.256,0.000194789298568133,"MIR4435-2HG"
9.45342800833254e-09,0.410914707985449,0.724,0.45,0.000195695413200492,"PMF1"
9.50229568353201e-09,1.02821819166993,0.31,0.104,0.000196707022944796,"ZCCHC7"
9.58926958789571e-09,0.390701183793261,0.388,0.152,0.000198507469739029,"CTD-2350C19.2"
9.76669190254715e-09,0.588226060251123,0.362,0.137,0.000202180289074629,"KCNJ8"
9.78430935962276e-09,0.543444295282959,0.478,0.227,0.000202544988053551,"WDR43"
9.80171016600707e-09,0.38644381060217,0.512,0.256,0.000202905202146512,"TMEM223"
9.84149204227942e-09,0.252713531250185,0.345,0.118,0.000203728726767226,"LETM1"
9.85004217769588e-09,0.369410412198922,0.665,0.37,0.000203905723120482,"SHISA5"
1.00326080598109e-08,0.44534485912946,0.28,0.081,0.000207685019446145,"CARS"
1.00839918389003e-08,0.705754951914234,0.403,0.171,0.000208748715057075,"TRIM28"
1.01722991931389e-08,0.504316236258275,0.47,0.213,0.000210576765597169,"KLF15"
1.0224378594566e-08,0.476141089327862,0.464,0.209,0.00021165486128611,"LRRC58"
1.04562850668051e-08,-1.67642155716804,0.412,0.488,0.000216455557167932,"ZNF281"
1.04668214642622e-08,0.415496821366871,0.791,0.536,0.000216673671131693,"UFC1"
1.05507870299986e-08,0.830580207845391,0.323,0.114,0.000218411842308,"APTX"
1.05976421364635e-08,0.551829798645958,0.264,0.071,0.000219381789866931,"ZNF580"
1.06568044671211e-08,0.409762553974693,0.912,0.706,0.000220606509273874,"ATP5C1"
1.1079465260831e-08,1.01177848432528,0.27,0.076,0.000229356010364463,"MFN1"
1.11044717478178e-08,0.352353376341597,0.479,0.223,0.000229873669651576,"TMEM69"
1.11100060386862e-08,0.447859451685463,0.556,0.275,0.000229988235006844,"ELAVL1"
1.11554093157637e-08,0.695732988538847,0.256,0.066,0.000230928128245624,"RFX5"
1.12024905924467e-08,0.733921383930665,0.38,0.152,0.000231902757754239,"RWDD4"
1.12071863821376e-08,-0.570869885904158,0.418,0.175,0.00023199996529663,"GPNMB"
1.13610226811608e-08,0.673150397403601,0.4,0.161,0.00023518453052271,"TIMM10B"
1.18997601753504e-08,0.400893268105642,0.644,0.374,0.000246336935389929,"NOSIP"
1.20775137802796e-08,0.835343803772172,0.306,0.1,0.000250016612765569,"C19orf52"
1.21019238592217e-08,0.262709017649349,0.402,0.161,0.000250521925809749,"BZW2"
1.22336733243091e-08,-1.69734056108838,0.332,0.436,0.000253249271486522,"PSAT1"
1.23703013685195e-08,0.561339015414091,0.418,0.175,0.000256077608629723,"USP8"
1.27092349131152e-08,0.300199268407991,0.5,0.232,0.000263093871936398,"FAM3A"
1.27389598336705e-08,0.497336358330595,0.435,0.19,0.000263709207516814,"GPD1"
1.28096662935781e-08,0.503551401024355,0.636,0.355,0.000265172901943359,"HNRNPH2"
1.28165447723872e-08,0.521235052548385,0.37,0.142,0.000265315293333188,"CNOT8"
1.30407374704564e-08,0.314517844271845,0.259,0.071,0.000269956306375917,"ZNF408"
1.30576848695178e-08,0.322168397733021,0.526,0.261,0.000270307134483888,"ATG101"
1.31374665642098e-08,0.701794007355887,0.262,0.071,0.000271958695345708,"PRKAB1"
1.3307833344379e-08,0.645699207695647,0.303,0.1,0.000275485458061989,"SLC39A8"
1.34904561076296e-08,0.457334852560549,0.664,0.384,0.000279265931884041,"PIGT"
1.35325508542018e-08,0.79214551792292,0.329,0.118,0.000280137335232831,"RNF217"
1.36472040959756e-08,0.355987140785077,0.33,0.114,0.000282510771990791,"RTN4RL2"
1.40153256600522e-08,0.445151599982921,0.75,0.512,0.00029013125648874,"NDUFS3"
1.40661646801891e-08,0.746307238047661,0.294,0.095,0.000291183675044595,"EEFSEC"
1.40894817733067e-08,0.579684852774407,0.59,0.322,0.000291666362189222,"CCDC59"
1.42912868362355e-08,0.313345254599374,0.712,0.441,0.000295843928796912,"MRPS6"
1.43904344360596e-08,0.532823439188059,0.381,0.152,0.000297896383260871,"SART1"
1.44051639950707e-08,0.550932024010471,0.643,0.374,0.000298201299861959,"ABCF1"
1.44943191545752e-08,0.603809174743851,0.288,0.09,0.000300046900818862,"CLDND2"
1.44993038639487e-08,0.332932660298348,0.448,0.199,0.000300150089287602,"IFT43"
1.47941878947222e-08,0.505470210794724,0.269,0.076,0.000306254483608644,"WDR36"
1.49920228488794e-08,0.506064340351231,0.27,0.076,0.000310349864994652,"RBM28"
1.50406671172781e-08,0.655339720757659,0.467,0.227,0.000311356849994774,"IMPA2"
1.50945308418899e-08,0.34873397977625,0.778,0.536,0.000312471882957962,"FAH"
1.51242377293049e-08,0.773650122027057,0.429,0.19,0.000313086845234342,"FAM50B"
1.53081621176999e-08,0.657419872084115,0.288,0.09,0.000316894263998505,"NR1D1"
1.5574351849757e-08,0.4946825301261,0.569,0.303,0.000322404657641819,"HMOX2"
1.56105214105438e-08,0.409798783428181,0.801,0.545,0.000323153403719667,"POLR2J"
1.56622036659007e-08,0.421217033657679,0.414,0.175,0.00032422327808781,"GNL1"
1.58129260031979e-08,-1.74379197840713,0.215,0.341,0.0003273433811922,"MSRA"
1.59249695684238e-08,0.408693623497143,0.426,0.185,0.000329662795035941,"CCAR1"
1.59744507839625e-08,0.626171986241449,0.402,0.166,0.000330687105678807,"BFAR"
1.60810502586279e-08,0.634908524619296,0.432,0.194,0.000332893821403857,"PIGF"
1.61412866855009e-08,0.643191522958655,0.46,0.213,0.000334140775676554,"SNRNP200"
1.71750555748233e-08,-0.613619408319432,0.471,0.209,0.000355540825454417,"CD36"
1.76897490458365e-08,0.416342684845544,0.369,0.142,0.000366195494997862,"RTP3"
1.7888338027358e-08,0.415836482389511,0.58,0.318,0.000370306485504337,"MRPS14"
1.80542594955567e-08,0.432066234277527,0.589,0.322,0.000373741225817519,"WIPI2"
1.8165736745806e-08,0.439904090421035,0.311,0.104,0.000376048916374929,"SLC22A18AS"
1.83700903405913e-08,0.332913244567215,0.579,0.322,0.000380279240140579,"SNRNP25"
1.86766109701961e-08,0.366935027819006,0.493,0.227,0.000386624523694028,"SUGT1"
1.88478621034199e-08,0.444728978306229,0.343,0.123,0.000390169593402896,"SSH2"
1.88558730970785e-08,1.03802903061178,0.264,0.076,0.000390335428982622,"KANSL1"
1.88986983613194e-08,0.359014248867529,0.51,0.242,0.000391221954777673,"PPHLN1"
1.91470488281602e-08,-1.90019776679272,0.411,0.488,0.000396363057791745,"IFRD1"
1.94605501956502e-08,1.00553284741285,0.306,0.104,0.000402852849600155,"EXOSC8"
1.96037497118876e-08,0.328879718201911,0.462,0.213,0.000405817222785784,"SDHAF2"
1.99029509443744e-08,0.900464309223604,0.273,0.081,0.000412010987499494,"FANCF"
2.0562802540366e-08,0.642796857244209,0.289,0.09,0.000425670575388116,"GMPPB"
2.06099661037702e-08,0.58609621917344,0.516,0.251,0.000426646908314147,"MPHOSPH6"
2.09392970774717e-08,0.46286073155761,0.613,0.355,0.000433464388800743,"SNTB1"
2.09722214118999e-08,0.387818607623565,0.647,0.379,0.000434145955447739,"RNF13"
2.17993883114618e-08,0.366920568318561,0.397,0.161,0.000451269137435571,"LMO4"
2.18392280489249e-08,0.414330435550268,0.302,0.1,0.000452093859840795,"CPSF1"
2.21468116844732e-08,0.822932498592142,0.264,0.076,0.00045846114868028,"XPNPEP1"
2.23417843884454e-08,0.410901912471264,0.65,0.37,0.000462497278625208,"GID8"
2.24195701348065e-08,0.437735167057946,0.704,0.455,0.00046410752136063,"SRP72"
2.2542225083297e-08,0.881114201693602,0.255,0.071,0.000466646601449332,"RP11-620J15.3"
2.29658890521118e-08,0.504085562405309,0.681,0.46,0.000475416869267766,"EIF3A"
2.32478322220176e-08,0.410429897857085,0.564,0.303,0.000481253374827987,"BRD4"
2.3459437709614e-08,0.439458820018055,0.291,0.09,0.00048563382002672,"SLC1A2"
2.38339193723927e-08,0.307964721863719,0.348,0.128,0.000493385964927901,"VARS"
2.41736196843155e-08,0.548476524566807,0.372,0.147,0.000500418101085016,"FBXO6"
2.4225433282106e-08,0.672186669376515,0.354,0.137,0.000501490694372877,"GM2A"
2.44386267377108e-08,0.356641873432033,0.863,0.63,0.000505904012097351,"CNN3"
2.50536036690351e-08,0.585621655419426,0.254,0.071,0.000518634649552696,"SPG11"
2.51832346914122e-08,0.416503891993496,0.349,0.133,0.000521318141346924,"POLRMT"
2.53910461919455e-08,-2.39879104037745,0.142,0.261,0.000525620047219463,"FBXO25"
2.54640957691234e-08,0.470770753256811,0.599,0.327,0.000527132246516624,"SYNCRIP"
2.55129931173549e-08,0.484145237910259,0.671,0.408,0.000528144470522364,"UFD1L"
2.55314280138061e-08,0.312011603266702,0.364,0.137,0.0005285260913138,"CENPB"
2.56927791410952e-08,0.488743609440231,0.32,0.109,0.000531866220999813,"TAP2"
2.66723860657702e-08,0.498395891216457,0.648,0.374,0.00055214506394751,"WDR1"
2.68154585901257e-08,0.396369588495946,0.58,0.318,0.000555106808274192,"CORO1B"
2.7012236404857e-08,0.44375057162589,0.7,0.431,0.000559180305816944,"SIL1"
2.8149511606097e-08,0.71508754979147,0.252,0.071,0.000582723039757814,"ZNF780A"
2.86239696624247e-08,0.425018296459695,0.336,0.123,0.000592544795981854,"SKIV2L2"
2.89362399790135e-08,0.79865923506852,0.325,0.118,0.000599009103805559,"POLR1C"
2.9241965173991e-08,1.18234062107452,0.293,0.1,0.000605337921066788,"USP39"
2.93155489051448e-08,1.10475000149034,0.265,0.081,0.000606861177885403,"POLR2D"
3.05179015918521e-08,0.576290328959015,0.327,0.118,0.00063175108085293,"SGK2"
3.13858374516528e-08,0.361575175011791,0.613,0.341,0.000649718221086665,"BCKDK"
3.14764761120414e-08,0.358914757107817,0.621,0.346,0.00065159453199537,"PHLDA1"
3.15122589223775e-08,0.467425773558918,0.44,0.199,0.000652335271952137,"LAMA5-AS1"
3.15959249603681e-08,0.415840148643551,0.42,0.18,0.000654067242604581,"EBLN3"
3.16010622503375e-08,0.348462820966348,0.379,0.147,0.000654173589644237,"UBE2G2"
3.22314911051308e-08,-2.13386308089226,0.256,0.37,0.000667224097367312,"BHLHE40"
3.37246982150225e-08,0.567800685382102,0.346,0.133,0.000698134977749181,"IMPACT"
3.41984973056733e-08,0.377420894105124,0.615,0.332,0.000707943092724743,"FUCA2"
3.51595323204219e-08,-0.722100919807852,0.694,0.687,0.000727837478565054,"A1CF"
3.63067811173014e-08,0.982977071113418,0.282,0.095,0.000751586675909256,"FAM98A"
3.68219493818026e-08,0.624107609830147,0.304,0.104,0.000762251174152696,"IARS"
3.69020961225814e-08,1.1279222777781,0.251,0.071,0.000763910291833558,"ICK"
3.69464626421345e-08,0.771158924854106,0.298,0.1,0.000764828723154826,"MARS"
3.72984606862604e-08,0.472543663017347,0.396,0.166,0.000772115434666277,"TMEM167B"
3.76833007649445e-08,0.26124940591122,0.368,0.142,0.000780082009135115,"GPR89A"
3.82314939771019e-08,0.453346879758679,0.389,0.161,0.000791430156819987,"NIP7"
3.90448973140975e-08,0.999780421214523,0.259,0.076,0.000808268419299133,"BNIP1"
4.01188851068155e-08,0.734977709197054,0.36,0.142,0.000830501040596188,"WASH1"
4.08031450196574e-08,0.611633664960461,0.35,0.133,0.000844665905051929,"MTAP"
4.08697427277339e-08,0.351319815053196,0.64,0.355,0.00084604454420682,"ERGIC1"
4.13198313983552e-08,0.2805024243028,0.321,0.114,0.000855361829777351,"C11orf24"
4.22327786897914e-08,0.323015158471495,0.497,0.242,0.000874260751657372,"IFNAR1"
4.25950504530402e-08,0.399194161382457,0.507,0.251,0.000881760139428385,"TRAPPC4"
4.5047186421316e-08,0.375440232627975,0.563,0.303,0.000932521806107663,"MAGED2"
4.51771885107978e-08,0.381340071019049,0.745,0.479,0.000935212979362024,"RAB11A"
4.55125024210773e-08,0.471226509262338,0.357,0.142,0.000942154312618721,"SF3A2"
4.61285143508208e-08,0.591866546891945,0.277,0.085,0.00095490637557634,"POGK"
4.65975115911784e-08,0.474077796965775,0.444,0.204,0.000964615087448985,"MAN1A2"
4.6754170637445e-08,0.579293011631179,0.336,0.128,0.000967858086365749,"DBP"
4.86173959254784e-08,0.607193540310386,0.416,0.185,0.00100642871305333,"TBPL1"
5.08532623446009e-08,0.347872448074292,0.624,0.341,0.00105271338379558,"COMMD3"
5.20276528050158e-08,-0.914522560923422,0.842,0.773,0.00107702444071663,"IFITM2"
5.22365092446072e-08,0.495020112332158,0.391,0.166,0.00108134797787261,"SMC1A"
5.27177267432275e-08,-1.99877623510108,0.362,0.455,0.00109130966131155,"SGK1"
5.28987691493874e-08,0.326127232584551,0.578,0.313,0.00109505742016147,"PIM3"
5.36347558601325e-08,0.395473955426025,0.693,0.422,0.0011102930810606,"AP1S1"
5.4748418077237e-08,0.622703113483843,0.31,0.109,0.00113334700261688,"LINC01006"
5.56405577796249e-08,0.743291855574836,0.261,0.081,0.00115181518659601,"LRWD1"
5.59536546271604e-08,0.773193916612219,0.342,0.133,0.00115829660443685,"THNSL2"
5.60664198631271e-08,0.950665868436947,0.381,0.166,0.00116063095758659,"AGA"
5.68320471305652e-08,-1.70713315899626,0.272,0.379,0.00117648020764983,"HECTD1"
5.78211415536985e-08,0.444625027617632,0.601,0.332,0.00119695545130311,"DNPEP"
5.8622280562412e-08,0.628058385192451,0.544,0.294,0.00121353982992249,"UBE2F"
5.87960479025027e-08,0.401604873977409,0.297,0.1,0.00121713698762971,"SF3B3"
5.94942536214244e-08,0.270679794996285,0.962,0.787,0.00123159054421711,"PSMB1"
5.95975551107789e-08,-1.56192979177487,0.386,0.464,0.00123372898834823,"MARC2"
6.02270975984637e-08,-0.306386029140107,0.283,0.09,0.0012467611473858,"LINC01419"
6.0321928319012e-08,0.467444875231895,0.713,0.455,0.00124872423813187,"ANP32B"
6.0930947928755e-08,0.484153736618549,0.366,0.147,0.00126133155307316,"SMU1"
6.34657893155916e-08,0.586663637329013,0.393,0.166,0.00131380530462206,"PRRC2A"
6.51090034019118e-08,0.898319612709501,0.255,0.076,0.00134782147942298,"NSF"
6.60078126909442e-08,0.395454260810687,0.385,0.161,0.00136642773051524,"TBCC"
6.69280966082559e-08,0.302922110018319,0.401,0.171,0.0013854785278875,"FAM234A"
6.7164086214556e-08,0.6038304961812,0.491,0.246,0.00139036374872752,"ATRX"
7.05600550740305e-08,0.398319146977289,0.389,0.166,0.00146066370008751,"CA5A"
7.31483602655575e-08,0.403845808595146,0.624,0.37,0.00151424420585731,"SMAP1"
7.71844124433696e-08,0.443908538540009,0.332,0.123,0.00159779452199019,"BAIAP2L1"
7.77060220893435e-08,0.409911439505394,0.253,0.076,0.0016085923632715,"ST20"
7.83103196832866e-08,0.339656246218367,0.256,0.076,0.00162110192776372,"DSCR3"
7.84309774260164e-08,-2.85321326720189,0.186,0.299,0.00162359966369597,"MAFF"
7.9228787437768e-08,0.448911296768949,0.536,0.28,0.00164011512874924,"RNF139"
7.98082520720189e-08,0.335134066104468,0.386,0.161,0.00165211062614286,"AZI2"
8.00102392671275e-08,0.473351694623204,0.319,0.118,0.00165629196306881,"SLC35A2"
8.26135098558374e-08,0.492754909031607,0.467,0.227,0.00171018226752569,"FBXL15"
8.27847453590762e-08,0.432002391321139,0.446,0.213,0.00171372701367824,"TIMM44"
8.4374137918309e-08,0.576307153038328,0.312,0.114,0.00174662902904692,"BCS1L"
8.44898184341064e-08,0.590732947153165,0.351,0.142,0.00174902373140444,"MRPS31"
8.50416780062623e-08,-1.73449810599147,0.315,0.417,0.00176044777640764,"ITIH4"
8.55758264325154e-08,0.314427490113253,0.472,0.227,0.0017715051829795,"COQ9"
8.60537091535382e-08,0.495489833952035,0.419,0.185,0.00178139783318739,"AMDHD2"
8.68724997878742e-08,-2.38094718115812,0.137,0.251,0.00179834761810878,"LCP1"
8.69240633683534e-08,0.27758473132215,0.328,0.123,0.00179941503578828,"NUP62"
8.83563549087969e-08,0.447522532159118,0.34,0.133,0.001829064902967,"GFM2"
9.03323071893872e-08,0.449812787346426,0.517,0.275,0.0018699690911275,"ILVBL"
9.09838787289952e-08,-0.381092979491741,0.302,0.104,0.00188345727356893,"SOX9"
9.29063350141658e-08,0.424946862637147,0.654,0.379,0.00192325404112825,"PGM1"
9.42451074030139e-08,0.72044169149603,0.266,0.085,0.00195096796834979,"SS18L1"
9.46486734269484e-08,0.468842893110515,0.306,0.109,0.00195932218861126,"CNOT10"
9.65591508905078e-08,0.301679979452317,0.332,0.123,0.0019988709825844,"DVL3"
9.74197071301057e-08,0.319709529065737,0.421,0.185,0.00201668535730032,"RNF14"
9.97212719581509e-08,0.364242683617976,0.674,0.431,0.00206433005080568,"HACD3"
9.98853610124596e-08,0.256826389860464,0.83,0.616,0.00206772685831893,"YWHAZ"
1.0025958359389e-07,0.606533888591867,0.389,0.171,0.00207547363997712,"GABPB1"
1.00787077374372e-07,0.366929172841012,0.398,0.171,0.00208639328872688,"SPAG16"
1.03795520167289e-07,0.445818441450522,0.324,0.123,0.00214867106298306,"S100A9"
1.03848777846244e-07,0.961028784020391,0.266,0.085,0.0021497735501951,"DEAF1"
1.05159495169154e-07,-2.05989676791393,0.272,0.374,0.00217690670949665,"FOSL2"
1.05989071724844e-07,0.360530463172208,0.583,0.308,0.00219407977377599,"CLPP"
1.06788448037913e-07,-2.05286417313293,0.231,0.341,0.00221062766283283,"OPN3"
1.07037384213945e-07,0.453955832456105,0.31,0.114,0.00221578089061288,"RXRB"
1.08551582387117e-07,0.478313620030216,0.253,0.076,0.00224712630699572,"RP9"
1.09821426735437e-07,0.60691512382142,0.324,0.123,0.00227341335485027,"OMA1"
1.11616623241629e-07,-1.13518620513422,0.534,0.578,0.00231057571772497,"PROX1"
1.11810379733322e-07,-0.565790054018334,0.833,0.791,0.00231458667085949,"NENF"
1.1408158292697e-07,-1.63753243720501,0.529,0.564,0.00236160284817121,"PPP1R15A"
1.15161406252354e-07,0.577082357187317,0.293,0.104,0.00238395627082998,"ACTR1B"
1.17055996535482e-07,0.410914016415036,0.278,0.09,0.00242317618428102,"SLC35E2B"
1.17333864264931e-07,0.893260034959476,0.287,0.1,0.00242892832414833,"DPP3"
1.21675819586513e-07,0.629190942926141,0.359,0.147,0.0025188111412604,"SNX7"
1.22141251521998e-07,0.765780169025569,0.283,0.1,0.00252844604775688,"TOMM34"
1.23231684532382e-07,0.396656231522318,0.709,0.455,0.00255101910150483,"DEK"
1.2325160932041e-07,0.373119454080759,0.333,0.128,0.0025514315645418,"THAP9-AS1"
1.25803270666608e-07,0.54681801641135,0.452,0.218,0.00260425350606945,"LRRC28"
1.26807295435229e-07,0.360059276372986,0.255,0.076,0.00262503782280467,"EXOC3"
1.27997377909539e-07,0.585497746979014,0.273,0.09,0.00264967372010537,"RANBP3"
1.2887637089784e-07,0.58083944736731,0.357,0.147,0.0026678697539562,"NFS1"
1.29936550664584e-07,0.458112392756618,0.588,0.341,0.00268981653530756,"WWP1"
1.32058589897166e-07,0.345546276379629,0.803,0.573,0.00273374486946123,"TMEM50A"
1.32888915176526e-07,0.30438832522676,0.388,0.161,0.00275093343306926,"NGDN"
1.33969145962993e-07,0.397430065486414,0.502,0.261,0.00277329529057991,"AGMAT"
1.37316379888241e-07,-1.24608537812872,0.661,0.645,0.00284258638006648,"FTCD"
1.4239656022319e-07,0.325231106086162,0.573,0.318,0.00294775119318026,"DHPS"
1.43422434629389e-07,0.281334962663139,0.898,0.725,0.00296898781926299,"VAPA"
1.44020790139104e-07,0.36271820329092,0.311,0.114,0.00298137437666959,"CCHCR1"
1.44452973011626e-07,0.997853770111758,0.269,0.09,0.00299032099431367,"RALGAPB"
1.45851584514951e-07,-1.15429288386578,0.518,0.555,0.003019273651044,"GTF2I"
1.48373397790423e-07,0.287395380658179,0.481,0.232,0.00307147770765954,"COA5"
1.49315640259901e-07,0.376655430744874,0.577,0.327,0.00309098306902022,"KLHDC3"
1.49556341928766e-07,0.394732224178214,0.377,0.156,0.00309596583426738,"USP48"
1.51115447578419e-07,0.357938086578893,0.547,0.284,0.00312824088032086,"ERLEC1"
1.53387679876138e-07,0.367245720722027,0.954,0.858,0.00317527836111593,"HNRNPA2B1"
1.55743260780568e-07,0.852657143206242,0.282,0.1,0.00322404124141854,"DYNC2LI1"
1.55796061496221e-07,0.416275975993908,0.566,0.308,0.00322513426903327,"JOSD2"
1.5766394446982e-07,0.479352902115126,0.299,0.109,0.00326380131446975,"ZNF721"
1.5863220868831e-07,0.407981811747882,0.75,0.483,0.00328384535205671,"CWC15"
1.66757835142993e-07,0.251437617387676,0.734,0.488,0.0034520539452951,"TAX1BP1"
1.67302623418105e-07,0.401931695475467,0.706,0.46,0.0034633316073782,"PPP2CA"
1.68397598516934e-07,0.624506687587455,0.279,0.095,0.00348599868689905,"NARFL"
1.69843871370177e-07,0.298190886586525,0.388,0.166,0.00351593798123404,"CAP2"
1.73055403245504e-07,0.425186171792361,0.475,0.237,0.00358241990258518,"MRPL44"
1.73231748216215e-07,-1.29632574265658,0.751,0.744,0.00358607041982386,"INSIG1"
1.77357402918975e-07,0.354313394765669,0.623,0.355,0.00367147559782569,"NMRAL1"
1.85251773606425e-07,0.354126440002753,0.303,0.109,0.0038348969654266,"ZNF280D"
1.8648393555779e-07,-1.01679634909297,0.707,0.682,0.00386040394998181,"H2AFJ"
1.92741196044581e-07,0.634911069553204,0.319,0.123,0.00398993549931887,"NPL"
1.9413326392505e-07,0.716341634251333,0.356,0.152,0.00401875269651247,"GMDS"
1.96624536468973e-07,-2.09953923172998,0.225,0.332,0.00407032452944421,"AES"
1.96654440862221e-07,0.694256853743187,0.282,0.1,0.00407094358028884,"ALPK2"
2.00436006229923e-07,0.41688266970381,0.698,0.427,0.00414922576496563,"BUB3"
2.03437123227881e-07,0.264065556621035,0.354,0.142,0.00421135188794037,"ATP6V0A1"
2.05452495319881e-07,0.28124904730863,0.451,0.209,0.00425307210561685,"TPRA1"
2.1133978512438e-07,0.33296975025416,0.711,0.464,0.00437494489185978,"SPG21"
2.1281587520789e-07,0.324700471650758,0.423,0.194,0.00440550143267852,"GMPPA"
2.14215321399153e-07,0.38348862945753,0.297,0.109,0.00443447136828386,"SUPT7L"
2.19994510235005e-07,0.51815041679268,0.337,0.137,0.00455410635637484,"GSK3B"
2.2316352119432e-07,-1.6030448865239,0.383,0.464,0.00461970805224361,"TRA2A"
2.2496195457604e-07,0.331267359513602,0.861,0.64,0.00465693742167861,"MTCH2"
2.25233327030795e-07,0.488033496439478,0.501,0.256,0.00466255510286449,"NUDT21"
2.30691876642272e-07,-1.41174998947071,0.353,0.441,0.00477555253837167,"ABCD3"
2.33121385125961e-07,-2.4609363264611,0.166,0.275,0.00482584579349251,"CSRNP1"
2.33732224639614e-07,0.31586841541571,0.438,0.213,0.00483849078226464,"HAT1"
2.34772375643244e-07,0.662783848109367,0.313,0.123,0.0048600229481908,"UBQLN2"
2.35526812968448e-07,0.373966106110953,0.373,0.161,0.00487564055525985,"YEATS4"
2.36947744007433e-07,0.314857494747284,0.563,0.303,0.00490505524869787,"SND1"
2.39082897790212e-07,0.522626524301492,0.307,0.114,0.00494925506715517,"NELFB"
2.39175234130983e-07,0.856299429065623,0.253,0.081,0.00495116652174547,"DOLK"
2.41146152046881e-07,-2.81123827409737,0.216,0.322,0.00499196649352248,"GSTP1"
2.54556026316202e-07,-1.79955064699873,0.309,0.398,0.00526956430077169,"SLC29A1"
2.56333248657198e-07,0.472045960010302,0.316,0.123,0.00530635458045265,"ENTPD6"
2.62086687927798e-07,0.70128128008034,0.289,0.104,0.00542545652679334,"ABHD6"
2.65002643669186e-07,0.412641452634455,0.386,0.171,0.00548581972659582,"FOPNL"
2.67969111116403e-07,0.282257377128225,0.606,0.336,0.00554722856922065,"FBXO7"
2.79839026226278e-07,0.592672975424778,0.276,0.095,0.00579294768191017,"CGNL1"
2.80630822430409e-07,0.270579756239779,0.327,0.128,0.00580933865513189,"GNB5"
2.81057962824926e-07,-2.72105150758411,0.179,0.284,0.00581818088843879,"SLC25A37"
2.98602346292768e-07,-1.21336431917491,0.497,0.54,0.0061813671706066,"TGOLN2"
3.00749870398507e-07,0.403167039346071,0.317,0.123,0.0062258230671195,"MRS2"
3.00852344364476e-07,-1.18949083146122,0.534,0.564,0.00622794438068903,"UGT3A1"
3.10317295419889e-07,0.254673823615571,0.321,0.123,0.00642387833248712,"DHRS7B"
3.10799711018124e-07,0.30345236361146,0.3,0.109,0.00643386481778619,"TMEM68"
3.15164027089796e-07,0.799576738660805,0.299,0.114,0.00652421052478587,"CHKA"
3.18168016027568e-07,0.355569392861832,0.874,0.664,0.00658639609978669,"PFDN2"
3.1923582652884e-07,0.40514603722553,0.253,0.081,0.00660850084497352,"C12orf43"
3.30225812924495e-07,0.717808011687528,0.273,0.1,0.00683600455334997,"EIF4G3"
3.3806737740089e-07,0.567758547119824,0.302,0.114,0.00699833277957582,"TSPAN3"
3.53578349762051e-07,0.664280184980528,0.306,0.118,0.00731942541842421,"ING2"
3.56958526545068e-07,0.331836877245029,0.284,0.1,0.00738939845800946,"TRMT11"
3.59313400994888e-07,0.403089285818498,0.35,0.147,0.00743814671399518,"MDM2"
3.62378548660116e-07,0.362685070484531,0.379,0.166,0.00750159833581306,"FIP1L1"
3.66015361454645e-07,0.396629136732682,0.337,0.137,0.0075768839974726,"RBM18"
3.68194386527585e-07,0.481039881211689,0.343,0.142,0.00762199199550753,"CDC73"
3.69533441669792e-07,0.740758899878189,0.261,0.09,0.00764971177600636,"WARS2"
3.70743315147623e-07,0.433680506468498,0.347,0.147,0.00767475736687095,"GTF2F1"
3.73688780211561e-07,0.351268566098147,0.322,0.128,0.00773573143915951,"DHRS12"
3.76303576630655e-07,0.327201489746103,0.262,0.09,0.00778986033983119,"RRM1"
3.77665216446157e-07,0.390248468974819,0.356,0.152,0.0078180476456519,"UBAP2L"
3.80311535124037e-07,0.31080879224917,0.352,0.147,0.00787282908860269,"UNC119"
3.82783722769101e-07,0.422244325631668,0.688,0.45,0.00792400584504317,"PGRMC2"
3.85200137226692e-07,0.386037181718176,0.6,0.346,0.00797402804072976,"TAF11"
3.8998443902852e-07,-1.09636986712622,0.577,0.607,0.00807306787232939,"ALDH6A1"
3.93647105314934e-07,0.398951582602436,0.363,0.161,0.00814888872712446,"SLC38A9"
3.95496975805375e-07,0.309435041511281,0.52,0.265,0.00818718289614707,"DLD"
4.00169110971781e-07,0.315444183876478,0.659,0.389,0.00828390076622685,"ARPC4"
4.05580406190725e-07,0.382311810515479,0.252,0.081,0.00839591998855419,"SGSM3"
4.11238751095199e-07,0.459592535643757,0.555,0.313,0.00851305338642172,"ADK"
4.26034279071825e-07,-1.88947397112984,0.23,0.336,0.00881933561106585,"PPP2R1B"
4.36029790911369e-07,-0.481888563871836,0.865,0.81,0.00902625270165624,"DSTN"
4.36337836586494e-07,0.39315033186069,0.474,0.242,0.00903262955517701,"NCLN"
4.36895387489139e-07,0.368076278501779,0.256,0.085,0.00904417141641267,"LUC7L"
4.38751159186312e-07,0.311468042068603,0.808,0.555,0.00908258774631584,"PPP4C"
4.39100454544986e-07,0.250583446295145,0.558,0.294,0.00908981850953575,"RNPEP"
4.44953943541564e-07,0.294578288469251,0.782,0.569,0.00921099158525391,"TMEM256"
4.49252073664512e-07,-1.75353345370392,0.277,0.37,0.00929996717692906,"GALNT2"
4.50448553452382e-07,-1.93359138594754,0.317,0.398,0.00932473550501776,"NFIB"
4.53626588676277e-07,0.433481435746694,0.39,0.175,0.00939052401218761,"ACOT12"
4.67659016574713e-07,-1.90650678204469,0.291,0.379,0.00968100930211313,"VAMP2"
4.69462258630929e-07,-0.493737137361273,0.941,0.891,0.00971833821591885,"LAPTM4A"
4.82000107251307e-07,0.330636883421866,0.341,0.142,0.00997788422020931,"RPE"
4.96316193738421e-07,-0.581117686467482,0.883,0.815,0.0102742415265791,"BLOC1S1"
4.97335172769356e-07,0.259206922989553,0.484,0.242,0.0102953354114984,"BIN1"
5.0495138606496e-07,-1.12032583129999,0.558,0.578,0.0104529986429307,"SCARB2"
5.05859467161417e-07,-2.18684768439775,0.169,0.275,0.0104717968297085,"FNIP2"
5.15318677634266e-07,0.336889890025334,0.685,0.436,0.0106676119457069,"PSMC1"
5.16649911051788e-07,0.361719533409637,0.36,0.156,0.0106951698086831,"MAPKAP1"
5.19347679519863e-07,0.291314932627506,0.838,0.678,0.0107510163137407,"OSTC"
5.21286562673674e-07,0.330290364764563,0.721,0.479,0.0107911531339077,"GLMP"
5.24305666884305e-07,0.2706782887531,0.459,0.218,0.010853651610172,"UNC50"
5.2735828845844e-07,-0.457559705285075,0.923,0.858,0.0109168439293782,"SCP2"
5.36235991351442e-07,0.370643026662459,0.46,0.232,0.0111006212569662,"PRKAR2A"
5.51085188437794e-07,0.77459471646881,0.266,0.095,0.0114080144858508,"CASP6"
5.53995149089829e-07,-2.18365832305496,0.298,0.389,0.0114682535813086,"IER3"
5.55097403697736e-07,0.527590271207343,0.458,0.227,0.0114910713539468,"THYN1"
5.6334721635145e-07,-1.58746645820019,0.306,0.398,0.0116618507256914,"PPM1A"
5.68294053617594e-07,0.617201770046835,0.286,0.104,0.0117642552039378,"UTP3"
5.85641145455817e-07,-1.90611570142004,0.363,0.431,0.0121233573520809,"FAM133B"
5.91994414775774e-07,0.30636945083114,0.348,0.147,0.0122548763802733,"SPG7"
5.95283048500635e-07,0.275366402699757,0.596,0.341,0.0123229543870116,"SPPL2A"
5.98068196190617e-07,0.638494297700521,0.553,0.322,0.012380609729342,"APIP"
6.09984521512269e-07,0.380814877288782,0.511,0.275,0.0126272895798255,"WDR18"
6.12464934042128e-07,0.918837334429953,0.265,0.095,0.0126786365996061,"DRG2"
6.26398341311813e-07,0.371599842108709,0.468,0.232,0.0129670720634958,"ANAPC15"
6.45729620537222e-07,0.501003801484327,0.254,0.085,0.013367248874741,"KIAA1109"
6.58960436894225e-07,0.339094700773413,0.351,0.152,0.0136411400041473,"VASP"
6.72997472535321e-07,0.314751318880975,0.791,0.592,0.0139317206789537,"DNAJB11"
6.86825815634097e-07,0.435133268438897,0.259,0.09,0.0142179812094414,"PDLIM7"
7.01081368912505e-07,-2.16064108413916,0.163,0.27,0.0145130854178578,"CST7"
7.02572530794881e-07,-2.37291776836833,0.17,0.275,0.0145439539599848,"KISS1"
7.07761835228856e-07,0.313694532417479,0.792,0.578,0.0146513777510726,"CIB1"
7.23567952243116e-07,0.279032149569856,0.381,0.171,0.0149785801793847,"YIPF2"
7.28866156151268e-07,0.352961238821259,0.292,0.109,0.0150882582984874,"ALDH16A1"
7.34368284200853e-07,0.335969811554445,0.572,0.313,0.0152021578512419,"PEX16"
7.44047280634655e-07,0.34710024509823,0.334,0.142,0.015402522756418,"C2orf68"
7.46137963432365e-07,0.287513201430571,0.814,0.602,0.0154458019810134,"C14orf166"
7.50383888660336e-07,-2.15255467469069,0.28,0.365,0.0155336968791576,"ABCB4"
7.83932117822634e-07,0.501937518769045,0.264,0.095,0.0162281787710463,"NUDCD3"
7.89198722189456e-07,-2.03348043447473,0.218,0.318,0.0163372027480439,"MBL2"
7.98303772854384e-07,0.355339728699481,0.532,0.294,0.0165256864018586,"POLE3"
7.99096248747542e-07,0.295136832035565,0.5,0.256,0.0165420914453229,"YIPF5"
8.00210633948877e-07,-1.10145462180588,0.607,0.611,0.0165651603333757,"PPP1CB"
8.1432475359258e-07,0.350791876301937,0.325,0.133,0.01685733672412,"SENP5"
8.19947482193546e-07,0.299595479315094,0.871,0.687,0.0169737328288886,"COX7A2L"
8.2727329393083e-07,0.254667183478519,0.428,0.209,0.0171253844576621,"MICU1"
8.44986251297748e-07,0.43895234203727,0.543,0.303,0.0174920603881147,"ELOF1"
8.5657016728138e-07,-2.0354757593257,0.357,0.422,0.0177318590328919,"NTAN1"
8.67488777478327e-07,0.265452093438125,0.302,0.118,0.0179578851825788,"CUL1"
8.99173262268402e-07,0.266971811097127,0.539,0.299,0.0186137857022182,"THRAP3"
9.03564503686966e-07,0.515713148943211,0.265,0.095,0.0187046887908239,"FAM20C"
9.32274665984663e-07,0.608065655288744,0.271,0.1,0.0192990178605485,"SMG5"
9.3926427734253e-07,0.414190342845684,0.271,0.1,0.0194437098052677,"RRP1B"
9.66801837515674e-07,-0.698780608968173,0.915,0.863,0.020013764838412,"C1S"
9.78600759372545e-07,0.271591976240445,0.997,0.929,0.020258014319771,"USMG5"
9.93179525847971e-07,0.419873779349665,0.823,0.645,0.0205598093645788,"DHRS3"
1.01082113607736e-06,0.388933389530237,0.306,0.123,0.0209250083379375,"SLC35E3"
1.01695780373385e-06,0.265467646323295,0.657,0.408,0.0210520434950944,"SREK1IP1"
1.02590038111448e-06,-1.39025212716309,0.421,0.479,0.0212371637894509,"RNF11"
1.03552302074303e-06,0.262823425700777,0.979,0.863,0.0214363620524015,"COX7B"
1.05171952212546e-06,0.342512183413034,0.821,0.664,0.0217716458275191,"SRSF2"
1.10794925219606e-06,-2.55136359845868,0.21,0.313,0.0229356574697105,"ICAM1"
1.1251306249745e-06,0.284596568029844,0.316,0.128,0.0232913290675971,"EXT1"
1.15651396681997e-06,-1.96472931205456,0.208,0.308,0.0239409956271401,"GFPT1"
1.17821463271691e-06,0.532585338876908,0.349,0.156,0.0243902211118728,"MAEA"
1.18081933304403e-06,0.49642027931465,0.296,0.118,0.0244441410133445,"TMEM5"
1.19132727088184e-06,0.281060074697051,0.314,0.128,0.0246616658345249,"NEDD4"
1.21244091865886e-06,0.335571666156893,0.457,0.237,0.025098739457157,"WBP11"
1.23441400957618e-06,-0.414104940416533,0.908,0.848,0.0255536044122365,"ECH1"
1.2443688239783e-06,0.445711981421701,0.3,0.123,0.0257596790251749,"IGFLR1"
1.29748231320725e-06,0.347573674821382,0.342,0.147,0.0268591813657034,"UBE4A"
1.31152024367693e-06,0.264511149518484,0.961,0.829,0.0271497805643561,"ITIH3"
1.33089076778183e-06,0.34841558001691,0.717,0.469,0.0275507697838517,"ATRAID"
1.33378245698085e-06,0.26192717102552,0.474,0.246,0.0276106306419606,"CACUL1"
1.3493051990663e-06,0.296999836415492,0.874,0.673,0.0279319669258715,"GADD45GIP1"
1.35309160617137e-06,0.349837370341316,0.272,0.1,0.0280103493393535,"UBAC1"
1.37644272433874e-06,0.385927321226813,0.369,0.166,0.0284937408365363,"CCDC91"
1.41694147166812e-06,0.41776575686586,0.306,0.128,0.0293321054050018,"VPS4A"
1.45923714571656e-06,0.412966780110167,0.346,0.152,0.0302076681534785,"AKTIP"
1.48624333229314e-06,-1.4634801310821,0.463,0.498,0.0307667232218003,"CFI"
1.49118903558878e-06,0.322584188680094,0.471,0.242,0.0308691042257232,"PRPS1"
1.50723284738593e-06,0.460835593467932,0.265,0.1,0.031201227173736,"PHKG2"
1.55385896343864e-06,0.414741202921758,0.252,0.09,0.0321664344021432,"RP11-452F19.3"
1.56181586563961e-06,0.310163869634274,0.534,0.308,0.0323311502346055,"RHOBTB3"
1.57809198089113e-06,0.309400193661968,0.872,0.678,0.0326680820964272,"SRSF3"
1.58170339415891e-06,0.305333281008652,0.855,0.668,0.0327428419624837,"POLR2I"
1.59458754233707e-06,0.343312692101265,0.634,0.393,0.0330095567139197,"TXNDC12"
1.59914416675838e-06,-1.20240581064362,0.505,0.531,0.0331038833960652,"MYO1B"
1.60908499202308e-06,0.727008755140166,0.258,0.095,0.0333096684198698,"JAZF1"
1.64039543059718e-06,0.329308065588055,0.353,0.156,0.0339578258087921,"ADRB2"
1.66817457256213e-06,0.439066646646002,0.316,0.133,0.0345328818266087,"TM9SF4"
1.69947792515773e-06,-1.05013982022886,0.587,0.592,0.0351808925286901,"HAO1"
1.71627815745246e-06,-1.08293996066446,0.662,0.621,0.0355286741374235,"FGGY"
1.73368308434843e-06,0.310658395026702,0.542,0.313,0.0358889735290969,"CETN2"
1.74721528493629e-06,0.310742048222234,0.52,0.284,0.0361691036134662,"VPS26A"
1.77573233228589e-06,-1.07460149532387,0.575,0.592,0.0367594350106501,"BRD2"
1.81034539105725e-06,0.345694795241717,0.36,0.161,0.0374759599402761,"ANKH"
1.81338624452519e-06,0.483166661452805,0.287,0.114,0.0375389086479159,"ZDHHC24"
1.86018482773484e-06,0.334606422271349,0.274,0.104,0.0385076861189389,"NAPG"
1.87975809575438e-06,-1.82272026777218,0.357,0.422,0.0389128723402114,"GNAS"
1.88118799920085e-06,0.477177035640965,0.369,0.171,0.0389424727714568,"CCBL2"
1.9793344417611e-06,0.700958110744665,0.272,0.104,0.0409742022788965,"QRICH1"
2.03819684288617e-06,0.466348875424783,0.351,0.161,0.0421927128445867,"HELZ"
2.10568391629108e-06,0.317092909546339,0.589,0.36,0.0435897627511417,"EIF4H"
2.12078443205336e-06,-0.676883914359815,0.749,0.706,0.0439023585279366,"HNRNPU"
2.1591749827381e-06,0.385892795937484,0.76,0.517,0.0446970813176614,"CNIH4"
2.16673678214716e-06,0.684353577216041,0.252,0.09,0.0448536181272284,"TMCO6"
2.24796246315108e-06,0.504301854701621,0.278,0.109,0.0465350709496904,"HDAC6"
2.35916180805412e-06,-1.51103829186275,0.358,0.427,0.0488370085885284,"C11orf54"
2.36981431858947e-06,-1.90239357985864,0.212,0.308,0.0490575262091206,"ODF3B"
2.37268533043647e-06,0.603352174204089,0.304,0.128,0.0491169590253653,"ELMOD2"
2.37393413235101e-06,0.348355511210837,0.282,0.114,0.0491428104737983,"MRPL39"
2.37401915031573e-06,0.577685735453509,0.25,0.09,0.049144570430686,"IFT57"
2.51965921889674e-06,0.407520605159783,0.507,0.28,0.0521594654903814,"EIF3B"
2.5373088346815e-06,0.310495502262853,0.416,0.209,0.0525248301867417,"DNAAF2"
2.59167433387877e-06,-0.926788573722185,0.684,0.678,0.0536502503856243,"SRSF5"
2.90221978960382e-06,0.253678380608826,0.858,0.64,0.0600788518645886,"NDUFC1"
2.96196063954857e-06,0.278664937886085,0.296,0.123,0.061315547199295,"SEPT1"
3.01619685725953e-06,0.433974678158126,0.269,0.104,0.0624382911421295,"PLPPR1"
3.07002261965808e-06,-2.21584810266813,0.159,0.256,0.0635525382495419,"SERTAD2"
3.18862163759887e-06,0.314481787071841,0.254,0.095,0.0660076565199341,"TRNT1"
3.20034020069962e-06,0.364700536192047,0.263,0.1,0.0662502424946829,"MAN2C1"
3.29501881271195e-06,0.324359409163403,0.853,0.673,0.0682101844419502,"ACAA1"
3.3364536225578e-06,0.501619328293545,0.507,0.294,0.0690679264405691,"SLBP"
3.35853423938626e-06,-1.36553880348089,0.468,0.498,0.069525017289535,"NTHL1"
3.45919014440786e-06,0.320193115900544,0.262,0.1,0.0716086951793872,"PPIP5K2"
3.51202592606691e-06,0.444524827487299,0.333,0.147,0.0727024486955112,"PDPK1"
3.5366771543935e-06,0.280353055460053,0.713,0.464,0.0732127537730999,"TCF25"
3.55171337880255e-06,0.484324380059611,0.284,0.114,0.0735240186545916,"C11orf57"
3.55764352942765e-06,0.293972779592173,0.462,0.246,0.0736467787026819,"CEBPZ"
3.80925223062963e-06,0.277547693773886,0.466,0.251,0.0788553304262641,"TSFM"
3.81628155557611e-06,-1.33722654191232,0.488,0.507,0.0790008444819811,"BPHL"
3.81713240990157e-06,0.304079357383777,0.655,0.403,0.0790184580173723,"BCAS2"
3.8230350119248e-06,0.313024502779104,0.345,0.166,0.0791406477818552,"SMC4"
3.84912448194966e-06,0.323810062670039,0.795,0.559,0.0796807259008399,"TMEM141"
3.8726085796289e-06,0.289875392146641,0.288,0.118,0.0801668702068978,"UFSP2"
3.87300401947541e-06,0.317096900797103,0.274,0.109,0.0801750562071604,"P3H1"
3.94213235934554e-06,0.402248096144348,0.282,0.114,0.081606081970812,"DPF2"
3.99544750314557e-06,0.251995847362128,0.808,0.569,0.0827097587626165,"LSM7"
4.00777403684368e-06,0.423528404305163,0.435,0.227,0.0829649303367009,"MGAT2"
4.10217754278607e-06,0.256900894567814,0.295,0.123,0.0849191773132145,"IRF2"
4.19055701467866e-06,0.416983158258192,0.439,0.227,0.0867487207608629,"ZDHHC9"
4.2815928445202e-06,-3.05798828666696,0.173,0.27,0.0886332534744127,"MT1F"
4.37606875306e-06,-0.758007652099881,0.889,0.844,0.0905889992570952,"ERRFI1"
4.39000119925843e-06,0.402279404384497,0.269,0.104,0.0908774148258488,"ANAPC7"
4.52125617500875e-06,0.392967907843367,0.598,0.365,0.093594524078856,"ARPC5L"
4.56842235183449e-06,-1.31839911830159,0.45,0.493,0.0945709111053258,"AAMDC"
4.56860095399947e-06,0.295714769329605,0.808,0.583,0.0945746083487429,"PRR13"
4.62263736309339e-06,0.350330913101857,0.844,0.635,0.0956932160533962,"SNRPF"
4.69930546298581e-06,0.301498772196542,0.491,0.265,0.0972803223892692,"ORMDL1"
4.72086207353011e-06,0.574176766147517,0.348,0.161,0.0977265657841468,"SCAP"
4.73206869881435e-06,0.402684205281861,0.252,0.095,0.0979585541341559,"IREB2"
4.97015920970413e-06,0.320906250859895,0.392,0.19,0.102887265800085,"CLMN"
4.975842469292e-06,0.278996988247208,0.371,0.175,0.103004914956814,"ARV1"
5.02963958211066e-06,-1.03492722475265,0.749,0.673,0.104118568989273,"FAM213A"
5.31435694970632e-06,0.349103326986687,0.308,0.133,0.110012503215871,"NCOA3"
5.37690872331546e-06,0.286854231380096,0.407,0.204,0.111307387481353,"DYNC1LI2"
5.42316913517456e-06,0.340354980843109,0.52,0.284,0.112265024267249,"NUDT14"
5.49523523455833e-06,-1.21250055271681,0.522,0.54,0.113756864590592,"AHNAK"
5.50461758340438e-06,-1.25414020495949,0.524,0.545,0.113951088594054,"TNFAIP3"
5.56416757903941e-06,0.605822044168977,0.295,0.128,0.115183833053695,"CPVL"
5.68747047381748e-06,-1.50108357236312,0.477,0.507,0.117736326278496,"UGT2B10"
5.89365382644321e-06,0.404941511784915,0.276,0.114,0.122004527861201,"KIN"
6.03059278169304e-06,-1.51223979446937,0.332,0.403,0.124839301173828,"F7"
6.0606366895251e-06,0.341875273072699,0.331,0.152,0.125461240109859,"MCRS1"
6.08197662462279e-06,-0.592784731767204,0.27,0.104,0.125902998106316,"RRM2B"
6.29182414895117e-06,-0.392892364009295,0.946,0.872,0.130247051707438,"ECHS1"
6.36282202601755e-06,-0.785593821698685,0.562,0.597,0.131716778760589,"TP53INP1"
6.55358233640646e-06,-0.437554915090772,0.926,0.848,0.13566570794595,"RPS27L"
6.57778948908394e-06,-1.74842005110524,0.239,0.332,0.136166820213527,"PPP2R2A"
6.58929660113442e-06,-1.97169432512129,0.159,0.256,0.136405028940084,"LST1"
6.61345064808981e-06,0.733166484874909,0.258,0.104,0.136905041866107,"RPAP3"
6.62625652799258e-06,-0.633975720042836,0.788,0.744,0.137170136385974,"UBE2B"
6.63278754224081e-06,-0.607036643432194,0.85,0.773,0.137305334911927,"RNF181"
6.73221153395129e-06,-0.629887171978837,0.865,0.81,0.139363510964326,"ALDH2"
6.77868554649764e-06,-2.18469800410855,0.269,0.346,0.140325569498048,"SLC20A1"
6.88394990811347e-06,-0.265861812209481,0.417,0.209,0.142504647047857,"SH3BGRL"
6.94996264922595e-06,0.267214250922366,0.51,0.284,0.143871176801626,"THOC2"
7.06776070415716e-06,0.288460050275927,0.825,0.621,0.146309714336757,"RBX1"
7.15642992855037e-06,0.354561023767064,0.529,0.303,0.148145255950921,"C11orf73"
7.35849372092776e-06,0.329208583020109,0.278,0.114,0.152328178516926,"ASB9"
7.41755591933842e-06,0.341041885929495,0.891,0.72,0.153550825086225,"MORF4L2"
7.59333107899845e-06,-0.738663187165304,0.663,0.635,0.157189546666347,"SDHD"
7.5988498173499e-06,-1.57058353504927,0.261,0.346,0.15730379006896,"RNF103"
8.06679608042626e-06,0.371929691151758,0.385,0.19,0.166990745660904,"SULT1A2"
8.37196402593004e-06,0.377877383509065,0.253,0.1,0.173308027300778,"RNF34"
8.40157121464535e-06,-0.263411289602344,0.984,0.929,0.173920925714373,"TMEM176A"
8.45208750494246e-06,0.500082372744265,0.28,0.118,0.174966663439814,"HUWE1"
8.460632989714e-06,-1.5676524140959,0.355,0.417,0.17514356352007,"ARL4A"
8.4644679820224e-06,-1.8338395034724,0.22,0.308,0.175222951695846,"STAT2"
8.47918279865866e-06,-0.661029486078392,0.711,0.678,0.175527563115033,"RAB1A"
8.79412347285032e-06,0.31363580746309,0.654,0.417,0.182047150011474,"DYNC1I2"
8.99636123775079e-06,0.409170075047884,0.365,0.18,0.186233673982679,"RQCD1"
9.13768022667281e-06,0.321175388592503,0.704,0.488,0.189159118372354,"TIMM10"
9.16382368854709e-06,0.72302576969989,0.263,0.109,0.189700314176613,"ZNF768"
9.46843451335356e-06,0.502604858029031,0.308,0.142,0.196006062860932,"ACSS2"
9.89586592198026e-06,0.375394526858697,0.264,0.109,0.204854320450913,"IPO9"
1.00558171731761e-05,0.351248230560853,0.251,0.1,0.208165471301919,"COPS7B"
1.00831860129761e-05,-1.9654836644028,0.224,0.308,0.208732033654619,"SLC30A10"
1.01517331192782e-05,0.284267200854434,0.251,0.1,0.210151027302178,"NELFA"
1.02111584076716e-05,0.527939481618542,0.27,0.114,0.211381190197209,"C2orf49"
1.02755828347834e-05,-0.341621375802413,0.26,0.104,0.212714840262851,"LRIF1"
1.09745464553261e-05,0.349331657916462,0.315,0.142,0.227184086171706,"OSGEP"
1.1271917012606e-05,-1.70663903116351,0.329,0.393,0.233339954077957,"TANK"
1.13144405999056e-05,-1.8354038998813,0.277,0.355,0.234220234858647,"DCTN6"
1.16345718782654e-05,0.263989714048861,0.282,0.118,0.240847272451973,"TNPO3"
1.163802745875e-05,-1.84895843982436,0.309,0.379,0.240918806423583,"PPP2R5C"
1.18059065612059e-05,-2.2599313231624,0.196,0.284,0.244394071723523,"ELF1"
1.20628546508214e-05,-0.589726022781385,0.815,0.754,0.249713154126653,"GLTSCR2"
1.26724429993181e-05,0.310303813391945,0.842,0.635,0.262332242528884,"HSD17B11"
1.27489701791298e-05,0.316266578048852,0.258,0.104,0.263916431678165,"AVL9"
1.39826057198343e-05,0.577177663811792,0.263,0.109,0.289453921006289,"ATP13A1"
1.39937111364944e-05,-0.799537101456952,0.641,0.621,0.28968381423657,"HEBP2"
1.41896933193809e-05,-0.430320336434923,0.872,0.806,0.293740841404504,"C19orf43"
1.42652054721746e-05,0.278288151381039,0.354,0.171,0.295304018479486,"PPP6R2"
1.47594544118748e-05,-2.07654517698219,0.237,0.318,0.305535465780221,"HYOU1"
1.48348028836603e-05,-1.71147951676169,0.305,0.37,0.307095254494651,"WDR26"
1.50704449497394e-05,-1.7776753052771,0.268,0.341,0.311973280904556,"NT5E"
1.54631104811524e-05,-0.253335627986615,0.388,0.194,0.320101850070336,"RRAGC"
1.65207624426e-05,0.344990061878369,0.295,0.133,0.341996303324263,"VAPB"
1.6869318694277e-05,0.352803906506894,0.391,0.199,0.349211766290229,"TFB2M"
1.72236164785018e-05,-0.792268899978039,0.732,0.678,0.356546084721467,"TXNDC17"
1.73562478641559e-05,-1.46101423661623,0.382,0.427,0.359291687035892,"CDH2"
1.755769077184e-05,0.255925649915125,0.422,0.223,0.363461756667859,"RBKS"
1.75758533959661e-05,-1.56440523746253,0.379,0.431,0.363837741149893,"GABARAPL1"
1.75840042735504e-05,0.289988029089653,0.313,0.147,0.364006472466768,"CARD19"
1.81787273245481e-05,-2.14696271908801,0.2,0.284,0.37631783434547,"CPT1A"
1.83890363588352e-05,0.552367666141551,0.418,0.227,0.380671441664247,"NDRG1"
1.84195587219005e-05,-1.85282340290808,0.231,0.313,0.381303285102063,"COBLL1"
1.85681180807977e-05,-0.908766657566596,0.628,0.602,0.384378612390593,"TTC39C"
1.85904712641017e-05,-0.654824533212083,0.764,0.706,0.384841345638169,"BZW1"
1.89461812377897e-05,0.35154700693436,0.398,0.209,0.392204897803484,"CCNDBP1"
2.03071190267279e-05,-1.37626946978827,0.419,0.464,0.420377670972294,"PNPLA2"
2.03103912169282e-05,-1.44981318241068,0.399,0.441,0.420445408581631,"MLLT4"
2.05869259675634e-05,-2.0611820778735,0.169,0.256,0.426169954454531,"MMP15"
2.076999979905e-05,0.271784397223473,0.656,0.441,0.429959765840134,"HNRNPR"
2.15772720350998e-05,0.316580919379938,0.398,0.204,0.446671108398602,"TPD52L2"
2.17198776441591e-05,-2.47670061500657,0.174,0.256,0.449623187111738,"OLFM2"
2.29121650065712e-05,0.289441068823092,0.45,0.251,0.474304727801031,"DNAJB2"
2.30030231488976e-05,-1.44153657647743,0.429,0.455,0.47618558220533,"CAMK2N1"
2.37032070706871e-05,-1.18214928847023,0.502,0.517,0.490680089570293,"MYH9"
2.53869518833359e-05,-1.14777189460666,0.563,0.545,0.525535290936937,"CMTM6"
2.58159376204342e-05,-0.771967811374827,0.961,0.872,0.534415724680608,"SERPINC1"
2.69236512310984e-05,0.41785458015487,0.338,0.166,0.557346504134968,"TMEM87A"
2.70127527210059e-05,0.39636822808669,0.33,0.161,0.559190994077543,"USB1"
2.70911793116552e-05,0.274149775470798,0.97,0.863,0.560814502930574,"PTGES3"
2.70936174236591e-05,-0.420029159679587,0.991,0.981,0.560864974287166,"RPL17"
2.7514048102535e-05,-2.35227152451812,0.261,0.336,0.569568309770578,"IER5"
2.78124479644141e-05,0.275552215106539,0.764,0.517,0.575745485311337,"C7orf73"
2.78733602171258e-05,-0.340948186019853,0.395,0.199,0.577006429854721,"GBAS"
2.93696231075728e-05,-1.72619600551685,0.413,0.445,0.607980567949864,"IRS2"
3.05354292560701e-05,-0.303117619883624,0.299,0.133,0.632113921029907,"CXXC1"
3.19260048002735e-05,-1.65495338470771,0.339,0.398,0.660900225370463,"MST1"
3.20664236083048e-05,-2.12770050689083,0.242,0.313,0.663807035115518,"KLF11"
3.27895658448859e-05,0.266172755304356,0.254,0.109,0.678776802554983,"MYNN"
3.5422825470429e-05,-0.619214073351453,0.793,0.749,0.733287910063351,"CALM1"
3.58942123699269e-05,0.464263493005672,0.282,0.128,0.743046090269856,"TMEM38A"
3.61572773776401e-05,-1.9963899801091,0.436,0.46,0.748491798994528,"S100A11"
3.65425944262995e-05,0.284228147714166,0.266,0.118,0.756468247218827,"ACTR6"
3.69879811309035e-05,-1.53330142383738,0.354,0.398,0.765688197390833,"PDXDC1"
3.73564793889583e-05,0.251415805399925,0.511,0.294,0.773316479830827,"NSL1"
3.79815851907737e-05,-2.02438276000457,0.241,0.318,0.786256795034207,"PCM1"
3.99752882481905e-05,0.449713340053435,0.36,0.185,0.827528442025792,"CPN1"
4.02640126056127e-05,0.292137149691945,0.816,0.602,0.833505324948789,"NDUFB6"
4.04026460869549e-05,-0.304257164078056,0.992,0.972,0.836375176646053,"CST3"
4.13725084599904e-05,-0.373741773722894,0.267,0.118,0.856452297630262,"SNX8"
4.1868902198016e-05,0.491457817598234,0.359,0.185,0.86672814440113,"ATAD1"
4.21861546378122e-05,0.307021034733418,0.791,0.583,0.87329558715735,"RBM3"
4.25208926146725e-05,-1.19085858179083,0.494,0.507,0.880224998016335,"C8A"
4.26378822964838e-05,-0.335620400630075,0.998,0.986,0.88264680141951,"RPL26"
4.43889506863263e-05,0.572975817965169,0.301,0.147,0.918895668157641,"MRPL30"
4.4935140538029e-05,0.354123040858791,0.254,0.109,0.930202344277739,"STXBP3"
4.57507959169808e-05,-1.80626192301377,0.288,0.346,0.947087226277421,"NNT"
4.73591120508716e-05,0.252174288365242,0.349,0.175,0.980380978565092,"GRB14"
0.000180339674922918,-3.36628894791192,0.3,0.355,1,"S100A6"
0.536782661170543,-3.22100231392122,0.364,0.27,1,"CLDN4"
0.82894098057028,-2.51824704623639,0.422,0.36,1,"SAA1"
0.0238064155313954,-2.27324287678729,0.667,0.564,1,"MT1G"
0.000103455345153586,-2.26328044320554,0.202,0.275,1,"VEZT"
6.33720829621026e-05,-2.23211403494784,0.237,0.308,1,"ZC3HAV1"
4.94230616902084e-05,-2.18643816867874,0.211,0.289,1,"AQP3"
9.62417882785249e-05,-2.09527263419383,0.2,0.275,1,"PPARGC1A"
8.53249404383843e-05,-2.06930146938731,0.241,0.313,1,"SERTAD1"
0.000352527306519737,-2.0402568433471,0.216,0.28,1,"RBM23"
0.00199317984574654,-1.98867092719415,0.212,0.265,1,"ITGA1"
8.96602419221382e-05,-1.98339359414209,0.264,0.327,1,"BAZ1A"
0.689753924145797,-1.974569760128,0.257,0.227,1,"HES4"
4.97460250802898e-05,-1.97292969527063,0.171,0.251,1,"TAB2"
0.0426385246881962,-1.96324581784002,0.299,0.308,1,"ZC3H12A"
0.163958730634542,-1.96148918675665,0.31,0.213,1,"RP1-313I6.12"
0.00696886201502101,-1.95765089836326,0.206,0.251,1,"UPP1"
0.00150263120831742,-1.93610819964731,0.193,0.251,1,"C1RL"
0.00247249597918057,-1.93335154892338,0.206,0.256,1,"HIF1A"
0.000161726133702641,-1.91287002858209,0.265,0.332,1,"RP11-138A9.2"
0.00365573732472075,-1.90997879539086,0.268,0.299,1,"SSBP3"
0.000710046022183679,-1.89377317137888,0.19,0.251,1,"SLC39A9"
0.000155934518303561,-1.89200858382543,0.333,0.384,1,"RP11-138A9.1"
0.000322861913749308,-1.87867859030702,0.198,0.265,1,"SLC17A4"
0.000173169773396545,-1.87813050486373,0.243,0.308,1,"CNOT6L"
0.00320701758429575,-1.87407822028038,0.499,0.507,1,"HSPA6"
0.000157620093446774,-1.86827937946994,0.228,0.299,1,"C1orf53"
0.000115008724001677,-1.85072697403183,0.287,0.341,1,"GNG12"
7.34224116170543e-05,-1.84711561716812,0.238,0.308,1,"MTUS1"
6.84257831472067e-05,-1.84682174136937,0.283,0.346,1,"OCLN"
0.000588429267445219,-1.84140900830336,0.287,0.341,1,"ARRDC2"
0.00400891630283099,-1.83736732834622,0.227,0.27,1,"HIPK2"
0.000159663543617865,-1.83317011324223,0.236,0.303,1,"TMEM263"
0.00191458674156462,-1.82084073405598,0.275,0.318,1,"ADGRG6"
0.000149450273856445,-1.80929973539962,0.274,0.128,1,"SAA2"
0.00295583028066743,-1.80814921803324,0.205,0.256,1,"RAB3IP"
0.00553436661791157,-1.80762407306308,0.304,0.322,1,"EPC1"
0.000956243023011094,-1.79201554644683,0.301,0.346,1,"CDC42SE1"
0.000713628245213597,-1.75985736404999,0.277,0.322,1,"C2orf72"
0.0301540478859933,-1.74642863030619,0.252,0.27,1,"SPARC"
0.00101312679191714,-1.74095996155436,0.212,0.27,1,"FEM1C"
0.000513738308167486,-1.7054589865461,0.247,0.303,1,"SMOC1"
0.0003921302474213,-1.69614777685568,0.278,0.332,1,"RAB21"
0.0118168401913267,-1.69093737500208,0.329,0.351,1,"ID3"
0.000243818744009226,-1.6845397614686,0.201,0.28,1,"MT1M"
0.0136693273758181,-1.6838369430451,0.294,0.308,1,"AKAP13"
7.22273418171267e-05,-1.68380185370349,0.618,0.578,1,"ANXA4"
0.00604414522605283,-1.681085250016,0.206,0.251,1,"AFTPH"
0.094221972589016,-1.67862437846303,0.24,0.251,1,"EDEM3"
0.000301743844475231,-1.67713678861482,0.292,0.346,1,"PICALM"
0.0105537028342713,-1.67047876738997,0.233,0.27,1,"SMG7"
0.000467546939614837,-1.66322974425429,0.327,0.365,1,"SEL1L"
0.0277066428976871,-1.6591058025099,0.25,0.27,1,"ARL8A"
0.00012845505974514,-1.65724548106484,0.308,0.36,1,"RMND5A"
0.00018063944755569,-1.65502404346733,0.31,0.355,1,"MKNK2"
0.0029667699605984,-1.64529637147492,0.199,0.251,1,"MAGIX"
0.069721790399932,-1.64450818083747,0.271,0.275,1,"RYBP"
0.00340584156908154,-1.64136067143138,0.294,0.336,1,"HLA-DQA1"
0.000274076418503819,-1.63246148290128,0.234,0.303,1,"NT5C3A"
0.00191272860877727,-1.63129254968634,0.215,0.27,1,"SUN2"
0.000472146808997051,-1.62794457145335,0.281,0.332,1,"APOL1"
0.0595145832444571,-1.62156272616638,0.29,0.299,1,"CD55"
0.282111275882386,-1.61953920087716,0.265,0.251,1,"SENP6"
8.66279952148497e-05,-1.61903128543446,0.359,0.398,1,"AMDHD1"
0.000489104947454074,-1.61598101153923,0.313,0.355,1,"ELOVL2"
0.000316501013704422,-1.61458309286914,0.329,0.37,1,"PDLIM5"
0.00476365763830858,-1.60796304447479,0.266,0.299,1,"GALNT1"
0.044748084116908,-1.60141505974071,0.237,0.256,1,"TMEM63A"
0.00240946855032876,-1.59894616563169,0.243,0.289,1,"UGCG"
0.00213118626560344,-1.59283789567574,0.212,0.265,1,"ATRN"
0.0361766764901612,-1.5843938290714,0.305,0.313,1,"G3BP2"
0.189565905209782,-1.57913018160443,0.259,0.251,1,"MAGI1"
0.00175618188501198,-1.57693751013443,0.258,0.303,1,"PAPD5"
0.000443503021359217,-1.57557687122994,0.335,0.379,1,"CD52"
0.82141465421495,-1.56894185581496,0.95,0.791,1,"MT1X"
0.0441500448270216,-1.56878699289149,0.294,0.299,1,"PLEKHA1"
0.0260183272800881,-1.56106767182515,0.285,0.294,1,"TNRC6A"
0.000181122244264423,-1.55802065473357,0.283,0.341,1,"PTPRK"
5.18762927891839e-05,-1.54998771511499,0.398,0.431,1,"EGLN1"
0.00476964694745317,-1.54919301563179,0.228,0.27,1,"CYP4V2"
0.10236225926231,-1.54658628382305,0.28,0.275,1,"NCOR1"
0.0148573317268544,-1.54383717617388,0.226,0.261,1,"PRKACA"
0.00373819941204815,-1.53686046726583,0.334,0.355,1,"QKI"
0.0072769485608042,-1.53314853169424,0.225,0.265,1,"ESYT1"
0.0108996945333395,-1.51718062882783,0.267,0.294,1,"MXI1"
0.000747323153734161,-1.51491084057713,0.272,0.322,1,"IGF2R"
0.000893750866448017,-1.50253611975837,0.302,0.341,1,"RAB5B"
0.000495751054854401,-1.49405396816527,0.256,0.313,1,"CRY2"
0.0132492556642525,-1.49142414353559,0.272,0.299,1,"LRP10"
0.035197877066557,-1.48937459547817,0.253,0.275,1,"IVNS1ABP"
0.0145975873315397,-1.48208399858473,0.268,0.289,1,"EFHD2"
0.0807886796340899,-1.48189596956853,0.288,0.289,1,"CH17-189H20.1"
0.265484214800078,-1.48079649174757,0.263,0.256,1,"MAP2K1"
0.00959719638263713,-1.4800967876971,0.283,0.313,1,"TMEM63B"
0.0565994738777817,-1.47852407393969,0.292,0.294,1,"AAK1"
0.0240145563603909,-1.47593307163025,0.291,0.303,1,"HOOK2"
0.00518887524163066,-1.47330485742618,0.221,0.265,1,"RILP"
0.000618626369274508,-1.46573407831206,0.301,0.346,1,"CEACAM1"
0.00053052051824318,-1.46101796412751,0.296,0.351,1,"TEX30"
0.115054486346269,-1.45446203838428,0.309,0.303,1,"MBD4"
0.00012086138705409,-1.44265721065607,0.314,0.374,1,"VEGFA"
0.19739895183112,-1.4421050738321,0.279,0.27,1,"JMJD1C"
0.285575112430668,-1.44142760380132,0.343,0.246,1,"PDZK1IP1"
0.127770759118229,-1.4405494686006,0.332,0.318,1,"LDLR"
0.00391125994379347,-1.43391487579987,0.228,0.28,1,"USP15"
0.0763555997343556,-1.43232374037636,0.237,0.251,1,"FNTA"
6.48123257095534e-05,-1.43136109277334,0.399,0.431,1,"FAM3C"
0.00387324926971309,-1.43061763496079,0.327,0.351,1,"PANK1"
0.00156632866326408,-1.4290554193909,0.278,0.327,1,"LIN7C"
0.0242124140838379,-1.42854790553318,0.26,0.284,1,"FMR1"
0.159854623581603,-1.42583045361812,0.295,0.284,1,"BCAM"
0.00908022438975319,-1.42432509299083,0.566,0.54,1,"ELF3"
0.0198928331934546,-1.42381349461287,0.405,0.393,1,"AMFR"
0.000486099355095338,-1.41825138334422,0.385,0.412,1,"PRCP"
0.00061216393207651,-1.41688234993043,0.344,0.379,1,"TMBIM1"
0.604649644064761,-1.41405708387278,0.288,0.256,1,"ZYX"
0.275778577529165,-1.41394500358583,0.291,0.275,1,"ARID5A"
0.0456155982963459,-1.40900906077082,0.256,0.275,1,"PPP4R3A"
0.000320703385507001,-1.4040466396546,0.319,0.37,1,"IMMP2L"
0.0122005612462342,-1.40298389799014,0.411,0.408,1,"NUCB2"
0.0437177529671312,-1.40261144317721,0.353,0.346,1,"DDX6"
0.0431512034632008,-1.39911824676562,0.226,0.251,1,"SMAD4"
0.00225762036502606,-1.39278192344037,0.399,0.398,1,"C1orf115"
0.0933482025351584,-1.39216524941334,0.254,0.261,1,"CRK"
0.388816522357272,-1.38831668244523,0.262,0.246,1,"ING1"
0.0344159654997366,-1.38540801712613,0.268,0.284,1,"MAPKAPK2"
0.00848660297456225,-1.38447895580977,0.327,0.341,1,"PPP1R15B"
0.00239223164237685,-1.38325390702373,0.273,0.318,1,"BNIP3L"
0.0444268206558581,-1.38130561312056,0.241,0.261,1,"SLC35D1"
0.0180338351741558,-1.38085394784165,0.257,0.284,1,"ARCN1"
0.0210115621184786,-1.37828173019568,0.308,0.318,1,"CTR9"
0.000446159580895749,-1.37443943836135,0.435,0.455,1,"STAT1"
0.0601371414778015,-1.37430508741855,0.247,0.261,1,"STBD1"
0.0138479705748059,-1.37343136930312,0.295,0.318,1,"POLR2B"
0.0412593718910178,-1.37152119172585,0.248,0.27,1,"TM2D2"
0.00981096661916051,-1.36302901662859,0.217,0.261,1,"GPR183"
0.012589760334308,-1.35338996785698,0.24,0.275,1,"CTDSP1"
0.0663010456608756,-1.35277512667967,0.245,0.261,1,"FBXO8"
0.149032005261791,-1.34703692644618,0.306,0.294,1,"GMFB"
0.00901844883158408,-1.3448392666262,0.377,0.384,1,"LAPTM5"
0.13840552671533,-1.3384661369776,0.273,0.27,1,"SLC27A3"
0.0117879243922933,-1.33779925163225,0.538,0.479,1,"ATF7IP2"
9.20619967847439e-05,-1.33659758716533,0.415,0.445,1,"FOXO3"
0.107804126165958,-1.33273532986288,0.284,0.28,1,"SH3BGRL2"
0.0312695804651807,-1.33121901113463,0.282,0.299,1,"NID1"
0.0039612601449007,-1.31415144617528,0.371,0.389,1,"ZHX1"
0.0004759824217858,-1.31408056693067,0.463,0.46,1,"ESRRA"
0.315225119578574,-1.31282384790215,0.251,0.242,1,"RELB"
0.0081366474419778,-1.30976534246575,0.354,0.365,1,"LRP1"
0.00118771774572806,-1.30821983135236,0.358,0.384,1,"EPHX2"
0.469399217783262,-1.30717823257283,0.257,0.237,1,"MAP4K4"
0.131242620903231,-1.30565910776089,0.374,0.346,1,"ANKRD12"
0.000309317574203663,-1.30506999403743,0.435,0.46,1,"SRSF6"
0.420473979681878,-1.30234551437364,0.297,0.27,1,"SLC17A5"
0.208003564955771,-1.3008467225004,0.258,0.251,1,"DNAJC22"
0.00723604444113206,-1.2983882429121,0.266,0.299,1,"ETFDH"
0.00403778125345984,-1.29808519090651,0.286,0.327,1,"EPS8L2"
0.0122625721601831,-1.29671412700564,0.216,0.256,1,"CREBL2"
0.115611864541576,-1.29613150447725,0.378,0.36,1,"CYP2A6"
0.20176050583115,-1.29462743743892,0.392,0.355,1,"IRF1"
0.339561254252189,-1.29378452784707,0.251,0.242,1,"TBC1D15"
0.127503466155881,-1.2907281772028,0.296,0.289,1,"TXNDC11"
0.0772244664940093,-1.28937128685545,0.284,0.289,1,"SLC43A3"
0.0592569897790885,-1.2887942045969,0.329,0.322,1,"HBP1"
0.0812318375722336,-1.28685126545574,0.353,0.336,1,"KLF3"
0.348808919162117,-1.28564998261109,0.269,0.251,1,"CHD9"
0.000237863489019861,-1.28380224860007,0.323,0.379,1,"F13B"
0.071017245502328,-1.27468209032978,0.355,0.336,1,"ARHGEF12"
0.0281644016788121,-1.27344715224356,0.343,0.336,1,"CTNND1"
0.0144306234311531,-1.26711996212256,0.357,0.36,1,"IBTK"
0.00442048084775984,-1.26655660680163,0.376,0.389,1,"PTOV1"
0.447519135535648,-1.26516264608441,0.388,0.332,1,"GBP1"
0.929226335983053,-1.24784462077775,0.262,0.218,1,"SMYD3"
0.000427010348542984,-1.24751147941351,0.446,0.464,1,"DGAT2"
0.0196349370301104,-1.24668164728579,0.247,0.275,1,"MYLK"
0.062043296033194,-1.24528910741523,0.349,0.336,1,"PEMT"
0.856028764670878,-1.24443346223433,0.25,0.218,1,"CACFD1"
0.022850855219164,-1.24384489936622,0.26,0.289,1,"GSKIP"
0.11765219842866,-1.24083338558601,0.285,0.289,1,"EMP3"
0.00518305896193545,-1.2404411530897,0.362,0.374,1,"KMT2E"
0.00456071337104375,-1.23947796315569,0.458,0.441,1,"ACTN4"
0.087186505952914,-1.23742294804303,0.331,0.322,1,"PPM1B"
0.00964678009901653,-1.23537444354773,0.379,0.242,1,"ADM"
0.0129328729691781,-1.23534339085414,0.315,0.332,1,"DNAJC4"
0.0584455686515188,-1.23519574526183,0.284,0.294,1,"STRADB"
0.29541427117982,-1.23454044825605,0.356,0.313,1,"PDE4DIP"
0.324435668807303,-1.23435013300655,0.257,0.242,1,"MPND"
0.215332722314858,-1.23303376078789,0.3,0.289,1,"ARMT1"
0.0171239933955912,-1.23202613274759,0.369,0.37,1,"FAM8A1"
0.0136266353332124,-1.23086414869653,0.248,0.28,1,"CDC42BPA"
0.0269936919792835,-1.23065691416773,0.32,0.332,1,"AGMO"
0.192723611325953,-1.22684985377906,0.306,0.294,1,"PRNP"
0.216865095320549,-1.22418028419006,0.496,0.408,1,"ACSL4"
0.0057638887786207,-1.22304910556734,0.437,0.427,1,"LYRM5"
0.000579435266729926,-1.2214587205747,0.424,0.427,1,"PTEN"
0.221190848305231,-1.22124082820897,0.251,0.251,1,"RRAS2"
0.0480893630746463,-1.21899206271935,0.382,0.37,1,"UBE2J1"
0.807547374465066,-1.21779283616492,0.337,0.27,1,"CPM"
0.330215762003824,-1.21334047844411,0.294,0.27,1,"HOOK1"
0.0320177024927613,-1.21083312506423,0.359,0.351,1,"WASL"
0.528819931207857,-1.20680252074113,0.335,0.261,1,"NCOA7"
0.00419790033379595,-1.20527352476461,0.423,0.417,1,"LPGAT1"
0.376836922501302,-1.20516302011191,0.321,0.289,1,"COLEC11"
0.00869934952281489,-1.19131042469382,0.371,0.379,1,"PJA2"
0.0356958653021922,-1.18891573351189,0.325,0.332,1,"CCDC117"
0.0040696490521257,-1.18791299310575,0.394,0.403,1,"TNFRSF14"
0.0101001060358626,-1.18769737510351,0.359,0.365,1,"PSMA6"
0.0423021071549825,-1.18765552183159,0.348,0.346,1,"SPRYD4"
0.00849624487443938,-1.18725738103824,0.386,0.389,1,"BDH1"
0.000188025661261045,-1.18672932537912,0.587,0.559,1,"CDK2AP2"
0.794611343994935,-1.18654449126856,0.304,0.261,1,"PXDC1"
0.574852787792383,-1.18614887941975,0.254,0.232,1,"LYST"
0.663635970933882,-1.18567668121587,0.318,0.275,1,"TSC22D2"
0.244679115002757,-1.18550352118599,0.356,0.261,1,"TTC36"
0.110721028039413,-1.18328251754775,0.265,0.275,1,"CYP2B6"
0.33804835785288,-1.18295088613509,0.293,0.275,1,"CDC42EP1"
0.00619897417870258,-1.18277135771838,0.461,0.464,1,"CYP2A7"
0.0424464184149953,-1.18138900782858,0.24,0.265,1,"MPDU1"
0.0222456341180092,-1.17999704667062,0.327,0.336,1,"ACP2"
0.00758645370706663,-1.17470737737884,0.453,0.436,1,"DSP"
0.469459722000348,-1.17338897182834,0.255,0.194,1,"ARIH1"
0.0698539284607812,-1.17321614434795,0.266,0.275,1,"HINT3"
0.532681545576335,-1.17218558931024,0.282,0.256,1,"IRF6"
0.479690710544679,-1.16718525173528,0.289,0.261,1,"TGFBR2"
0.000347077469057092,-1.16450652571401,0.457,0.469,1,"WDR13"
0.0193141228351933,-1.16397839640002,0.402,0.393,1,"HYI"
0.996837490488065,-1.16241265728829,0.279,0.232,1,"DLST"
0.000847237689587116,-1.16163765669585,0.489,0.479,1,"TNFSF10"
0.00314033369995326,-1.16081926973845,0.535,0.517,1,"CAPNS1"
0.383103119442498,-1.15913742340927,0.33,0.246,1,"BRD3"
0.502001910290114,-1.15837797588177,0.267,0.209,1,"ATL2"
0.253091991777385,-1.15621396843325,0.319,0.299,1,"DEDD2"
0.369425496471617,-1.15554476565096,0.317,0.289,1,"MARC1"
0.0291101165836961,-1.1542320949272,0.368,0.365,1,"ATP13A3"
0.65092733105073,-1.1525824029572,0.253,0.227,1,"SIAH1"
0.528314843484712,-1.1496081667668,0.299,0.265,1,"RNF187"
0.824166991111867,-1.14913125819312,0.255,0.223,1,"EVI5"
0.0197103476091101,-1.14814889424014,0.461,0.422,1,"RAB14"
0.671036220312846,-1.14749954208228,0.256,0.227,1,"ANO6"
0.760572030718233,-1.14612756123007,0.28,0.242,1,"SLC27A2"
5.34839922312277e-05,-1.14473751982572,0.546,0.545,1,"TM7SF2"
0.638069963794247,-1.14145724690676,0.279,0.246,1,"ENHO"
0.654367807489376,-1.14084300746555,0.36,0.308,1,"FAM102A"
0.620395915685709,-1.13753821811896,0.306,0.27,1,"KPNA4"
0.218706459105371,-1.12960359557316,0.592,0.493,1,"GADD45G"
0.001070968977778,-1.12919500737192,0.412,0.431,1,"LYPLAL1"
0.6793617786647,-1.12667698780192,0.327,0.28,1,"TAOK3"
0.252324019013767,-1.12667357172579,0.351,0.318,1,"MAZ"
0.213754375333022,-1.126637069542,0.319,0.299,1,"PPP4R3B"
0.221791399442567,-1.12308136497248,0.321,0.299,1,"TPGS1"
0.648235907159147,-1.11741953872291,0.255,0.204,1,"HIPK1"
0.00151488036790658,-1.11617723409971,0.499,0.488,1,"N4BP2L2"
0.000734077028214506,-1.11266040488366,0.483,0.469,1,"RNF149"
0.210691656720766,-1.11168978626398,0.292,0.28,1,"PRKAA1"
0.00838100089007114,-1.1086681348722,0.357,0.37,1,"MUM1"
0.605669355829623,-1.10707246054105,0.363,0.308,1,"MAPK1"
0.00337798783652971,-1.10500453922687,0.368,0.389,1,"LHPP"
0.0736287484357612,-1.10499755497796,0.312,0.313,1,"KLHL24"
0.552181678792586,-1.10373606514658,0.321,0.251,1,"ANKRD37"
0.0869110217116392,-1.10266961702126,0.416,0.379,1,"PNN"
0.24279712207269,-1.10126502853749,0.329,0.303,1,"LSM1"
0.290865123165801,-1.10116819991237,0.427,0.37,1,"DNAJC3"
0.026340637431305,-1.1004393191021,0.421,0.398,1,"MIA3"
0.000153534004676766,-1.09782642091103,0.506,0.502,1,"MCFD2"
0.324455885590394,-1.09514044017979,0.445,0.37,1,"HNRNPL"
0.0057165182653319,-1.09325853649605,0.412,0.412,1,"ALDH5A1"
0.0767489888676065,-1.09271784386472,0.346,0.341,1,"ABCA5"
0.965055936113852,-1.09237671018941,0.342,0.275,1,"NREP"
0.0405892181010774,-1.09235043961331,0.449,0.422,1,"SEC22B"
0.714489389359305,-1.08981043261608,0.267,0.237,1,"DERL2"
0.267507460960332,-1.08848449346674,0.317,0.299,1,"ABI1"
0.714540767112043,-1.0866070013907,0.313,0.251,1,"ZBTB44"
0.0014595204181893,-1.08557172954036,0.496,0.474,1,"BAG3"
0.794973710339844,-1.08422159776298,0.336,0.289,1,"STK4"
0.110627576247997,-1.08340111038843,0.397,0.365,1,"TMEM30A"
0.0817409783148405,-1.08321113903076,0.302,0.303,1,"FGFR1OP2"
0.00151329467067751,-1.08147568120351,0.495,0.474,1,"TMEM106B"
0.18031776145824,-1.0811766665858,0.318,0.303,1,"RIOK3"
0.0504850792174823,-1.07945944985294,0.437,0.412,1,"WAC"
0.152291315052636,-1.0780370747368,0.379,0.341,1,"GCDH"
0.375904613638109,-1.07163120163861,0.295,0.27,1,"ERO1A"
0.338198817693289,-1.07063914648472,0.302,0.28,1,"SHMT1"
0.171704471861288,-1.06950428040081,0.385,0.355,1,"ABAT"
0.00114499484858358,-1.0687432128181,0.541,0.512,1,"GOLPH3"
0.039354950532217,-1.06763673724182,0.43,0.408,1,"AKAP9"
0.31013450730299,-1.0672231011512,0.417,0.365,1,"HHEX"
0.227602973610048,-1.06473693345309,0.457,0.393,1,"PABPN1"
0.272113296640726,-1.06211194069413,0.405,0.36,1,"RAB5A"
0.419531097383051,-1.06080347711893,0.262,0.199,1,"AKT2"
0.98723113440268,-1.06072825442196,0.268,0.227,1,"CTDSP2"
0.0310470471065191,-1.06017844730964,0.396,0.379,1,"YPEL3"
0.424869382189851,-1.0562234194507,0.397,0.341,1,"PYGL"
0.972665555582678,-1.05619691443555,0.333,0.28,1,"CARD16"
0.00767321677936715,-1.05481508021742,0.493,0.493,1,"SORBS2"
0.000887911675068839,-1.05357296614226,0.522,0.517,1,"DDX3X"
0.0415913916571436,-1.05186547403124,0.495,0.445,1,"SCAF11"
0.000287493244787307,-1.05169051216727,0.513,0.493,1,"ARF5"
0.907836397887328,-1.05154767848853,0.287,0.246,1,"PNPLA8"
0.147203091789689,-1.05143071715818,0.545,0.479,1,"SUMF2"
0.82989948834691,-1.05078392449474,0.332,0.265,1,"RBBP6"
0.0206915681863025,-1.05067407341455,0.311,0.194,1,"HEXIM1"
0.179928375292768,-1.04972011464679,0.279,0.28,1,"RP1-60O19.1"
0.436054963975553,-1.04963204292272,0.313,0.284,1,"PLOD3"
0.00299796814865807,-1.04626593321394,0.527,0.498,1,"MAN1A1"
0.00402983713139622,-1.04597992447221,0.497,0.479,1,"TAF7"
0.898812980550659,-1.04474843319397,0.336,0.27,1,"CAND1"
0.105967181833634,-1.04430410689135,0.279,0.19,1,"MED6"
0.547961678324815,-1.04265271696744,0.292,0.265,1,"CLIC4"
0.550141454164667,-1.03959871622387,0.271,0.246,1,"R3HDM2"
0.696185906870469,-1.03921458547179,0.299,0.242,1,"PTPN2"
0.229458833227216,-1.03711843832521,0.324,0.303,1,"ALAD"
0.351226422998539,-1.03407444305268,0.295,0.275,1,"SYNJ2BP"
0.430689634934187,-1.03400921096302,0.31,0.28,1,"UBE2H"
0.601332358035647,-1.0315625564775,0.272,0.213,1,"DNAJC25"
0.752644608746169,-1.0309003630306,0.285,0.251,1,"RANBP2"
0.0240763064666323,-1.03066454882804,0.348,0.355,1,"TMX4"
0.371517159086517,-1.029890035578,0.327,0.299,1,"C1GALT1C1"
0.357550930844814,-1.02892726429765,0.269,0.256,1,"SLC17A9"
0.324485189553787,-1.02841744903188,0.328,0.299,1,"TMEM41B"
0.784489488765865,-1.02679568325028,0.352,0.299,1,"USF2"
0.469741523020381,-1.02494461627583,0.319,0.284,1,"SFT2D1"
0.973383787736141,-1.02452963965823,0.347,0.284,1,"YES1"
0.607284041994099,-1.02200986591083,0.296,0.265,1,"COX16"
0.0854931420978515,-1.0212645642141,0.423,0.389,1,"AIDA"
0.908017830516943,-1.01949240086352,0.314,0.256,1,"TLN1"
0.693652159662007,-1.01631577864188,0.365,0.308,1,"SLC31A1"
0.188956843349166,-1.0158618115475,0.423,0.303,1,"LURAP1L"
0.637420444847967,-1.01560237015229,0.262,0.213,1,"PPIL4"
5.55385664815343e-05,-1.01428996072716,0.559,0.54,1,"CYB5R3"
0.680271665131215,-1.01295504820265,0.258,0.209,1,"MAX"
0.00170424294435858,-1.01203831459254,0.427,0.441,1,"CEP57"
0.195678058865371,-1.00894278435221,0.47,0.412,1,"ALDH4A1"
0.980462187231492,-1.00787013553595,0.312,0.261,1,"MARCH2"
0.925200171955215,-1.00696321384464,0.272,0.237,1,"FBXL5"
0.869847380546148,-1.00557299062624,0.263,0.232,1,"METTL9"
0.392568255292801,-1.00513276769333,0.387,0.332,1,"RDH11"
0.0742756255204381,-1.00110328598255,0.364,0.355,1,"TMEM2"
0.087678486423103,-0.999028972405811,0.409,0.379,1,"LARP4"
0.213467222450746,-0.993483512643395,0.448,0.389,1,"MAGT1"
7.9142937385717e-05,-0.993304653844162,0.517,0.526,1,"CADM1"
0.0848665123309933,-0.99290950817631,0.433,0.389,1,"SLC2A4RG"
0.879526728144243,-0.990879577674722,0.294,0.251,1,"MKLN1"
0.646963760341009,-0.989083972971835,0.356,0.303,1,"ASMTL"
0.00225222253335385,-0.988582530397406,0.464,0.464,1,"CCL3"
0.157780645809897,-0.986989741133379,0.278,0.194,1,"CPT2"
0.464452130151243,-0.985815937044631,0.413,0.355,1,"SLC51A"
0.162303296853847,-0.985318375569604,0.621,0.545,1,"HES1"
0.000151353854267727,-0.984710424063384,0.538,0.521,1,"ERP44"
0.620605116617521,-0.98460083945915,0.479,0.346,1,"LEPR"
0.648090794862567,-0.983594497736651,0.287,0.227,1,"MAPK14"
0.000112425763686423,-0.982676616883047,0.66,0.607,1,"RGN"
0.000636471359615187,-0.979672928626212,0.516,0.507,1,"SUMO3"
0.433301148861316,-0.979264438846077,0.258,0.199,1,"CAPG"
0.135131255679172,-0.979115073905261,0.346,0.332,1,"SLC35A3"
0.186383186902744,-0.977167554673855,0.415,0.37,1,"HIBCH"
0.107385699798785,-0.967472952542099,0.368,0.256,1,"ARL2BP"
0.959476675211554,-0.967426851354982,0.364,0.299,1,"STT3A"
0.30309426505995,-0.96683225192749,0.5,0.46,1,"BIRC3"
0.0934457365610953,-0.96574556647959,0.552,0.474,1,"CTSH"
0.020395386986591,-0.965574901286936,0.447,0.422,1,"PCGF5"
0.753860542150335,-0.965032207253081,0.303,0.265,1,"RAB1B"
0.287373495987753,-0.964870608749746,0.367,0.327,1,"USP47"
0.240392568354828,-0.960029386238683,0.415,0.365,1,"TMEM248"
0.892365014439909,-0.959090238595677,0.347,0.28,1,"SMPD1"
0.0956483056171029,-0.95838459212224,0.44,0.398,1,"FAM210B"
0.032656674567379,-0.9583676678555,0.551,0.474,1,"CDIPT"
0.0261528070749663,-0.958047610781212,0.496,0.464,1,"CEBPA"
0.343443170071771,-0.950388836655377,0.258,0.194,1,"TRIM56"
0.765228435257607,-0.949491783371974,0.358,0.303,1,"PIK3AP1"
0.00470546038465514,-0.948981531393186,0.476,0.464,1,"SC5D"
0.954550357215867,-0.947818269986912,0.363,0.294,1,"KIAA2013"
0.758708248204695,-0.947809181765574,0.262,0.237,1,"NUP50"
0.23257739898682,-0.9476939177051,0.307,0.223,1,"RAB9A"
0.348405658492632,-0.947156346320613,0.351,0.261,1,"DAXX"
0.0192462698336775,-0.946859700979887,0.52,0.469,1,"KLHDC2"
0.540196531452304,-0.946281709241416,0.258,0.204,1,"RBL2"
0.00768212230847822,-0.945062650691293,0.525,0.483,1,"UAP1"
0.195941015595424,-0.943019823433106,0.39,0.355,1,"SLC30A1"
0.00306758118450051,-0.942948643139307,0.32,0.18,1,"CCNY"
0.826306639753888,-0.942269653458165,0.279,0.242,1,"MAPRE2"
0.0159577236627795,-0.942061407019642,0.529,0.488,1,"CCS"
0.23728148122231,-0.939414672826748,0.317,0.299,1,"ENPP1"
0.0144077221219649,-0.939351300829535,0.487,0.45,1,"SLC43A1"
0.373091897008741,-0.937735484629916,0.503,0.427,1,"RBM25"
0.964956954878366,-0.937621420287632,0.348,0.284,1,"BCL7C"
0.574112522096744,-0.935691300118805,0.282,0.223,1,"CWF19L2"
0.182156522327628,-0.935531351893379,0.326,0.232,1,"CCPG1"
0.0910764357240667,-0.934340847443508,0.531,0.464,1,"MGAT1"
0.224996771770743,-0.927849031300707,0.34,0.246,1,"CHD1"
0.627304973613118,-0.926171611443435,0.323,0.284,1,"PITPNB"
0.371637739508065,-0.92607911087361,0.495,0.412,1,"SHMT2"
0.000729267782958298,-0.925959922813039,0.761,0.659,1,"SDF2L1"
0.125620634514195,-0.924965886112213,0.47,0.417,1,"YIPF4"
0.0762535188599794,-0.924124119978686,0.345,0.341,1,"COQ10B"
0.0770754636964005,-0.923829788957569,0.433,0.398,1,"PCYOX1"
0.103162582581851,-0.923722914427707,0.305,0.213,1,"SRSF8"
0.0859103147694797,-0.923704576667995,0.426,0.403,1,"CDC42SE2"
0.314911328313588,-0.922621755111203,0.258,0.251,1,"ACYP2"
0.0640742025589964,-0.922547168803227,0.45,0.412,1,"PINK1"
0.807319778655599,-0.922065394784095,0.298,0.256,1,"ALG2"
0.162288461153456,-0.921844518467547,0.503,0.427,1,"ACTR2"
0.137348190089642,-0.921561165961458,0.396,0.365,1,"LINC00869"
0.0545586462721862,-0.921395298008424,0.42,0.398,1,"CDC34"
0.160279069658906,-0.919397627060112,0.45,0.403,1,"RXRA"
0.405056447403228,-0.919199846671937,0.274,0.209,1,"ZNF451"
0.761888824758226,-0.918350744905754,0.354,0.284,1,"MYH14"
0.871983349032953,-0.918339156130215,0.361,0.294,1,"KCTD20"
0.0179332642757231,-0.916602139101039,0.493,0.45,1,"ATP2A2"
0.759979265914619,-0.914739580972914,0.262,0.218,1,"TOR1A"
0.646034330781123,-0.913479502367745,0.504,0.422,1,"FCER1G"
0.384648615325048,-0.91263171224085,0.347,0.313,1,"OSBPL9"
0.18879011076614,-0.912351772336648,0.257,0.185,1,"MLLT10"
0.162278616277757,-0.91134037652468,0.364,0.256,1,"SHC1"
0.406161926037045,-0.910838012887777,0.352,0.261,1,"ZNF644"
0.418629284552354,-0.908959945073963,0.314,0.237,1,"EFCAB14"
0.781729143421275,-0.906336745936475,0.359,0.284,1,"SARDH"
0.0665898891124554,-0.905690252025017,0.295,0.194,1,"KHSRP"
0.0432165721202599,-0.905655234989835,0.54,0.483,1,"CRIPT"
0.0885882230237083,-0.905439594972192,0.287,0.194,1,"ATL3"
0.000517412065439197,-0.90512313302377,0.624,0.588,1,"TRA2B"
0.928449471133819,-0.904798433484233,0.319,0.265,1,"PID1"
0.102893615911161,-0.902363132746466,0.333,0.227,1,"H1FX"
0.28443666241266,-0.902298198369146,0.276,0.204,1,"ZNF518A"
0.703385055075689,-0.901689424877793,0.292,0.237,1,"GCA"
0.349105033068796,-0.90059236855415,0.358,0.327,1,"MOSPD3"
0.0355979667835681,-0.89959069125573,0.55,0.488,1,"CRYL1"
0.985257686369329,-0.898544444551798,0.369,0.303,1,"CREBRF"
0.487292892320796,-0.898430700553189,0.534,0.455,1,"GMNN"
0.000591598446350923,-0.897684382948184,0.601,0.573,1,"SF1"
0.833815256025826,-0.897363719779943,0.39,0.322,1,"LPCAT3"
0.170595281964171,-0.89727683496172,0.287,0.284,1,"TTC17"
0.551000279406737,-0.89688192740585,0.315,0.246,1,"RNF115"
0.813991387469662,-0.896497928529183,0.305,0.246,1,"GCC2"
0.533845402976348,-0.891898449691488,0.439,0.341,1,"NR3C1"
0.720575760859649,-0.891619586372198,0.459,0.37,1,"CXXC5"
0.0919686117516704,-0.888266614128142,0.289,0.194,1,"ABHD16A"
0.39096729685827,-0.887435822377355,0.413,0.303,1,"POLR2J3"
0.272467817871334,-0.885525637362917,0.258,0.19,1,"U2AF1"
0.196504591933758,-0.878056061554581,0.326,0.313,1,"RETSAT"
0.00117643948542323,-0.876709324518932,0.487,0.488,1,"GANAB"
0.0357116553202067,-0.875984764497863,0.565,0.512,1,"DDX17"
0.23497444343033,-0.875491619831186,0.36,0.261,1,"TOB2"
0.356871073670717,-0.875472936774355,0.324,0.299,1,"SEPT6"
0.69767902883938,-0.874389882129629,0.51,0.403,1,"G6PC"
0.479138893377115,-0.872687834901476,0.473,0.389,1,"LGMN"
0.482056378616443,-0.871468624073462,0.278,0.218,1,"GLYR1"
0.122425564866424,-0.869839713100743,0.472,0.417,1,"C6orf62"
0.978957146273892,-0.869687117883339,0.478,0.384,1,"AFF4"
0.00802574702451031,-0.86956383064153,0.642,0.588,1,"CTNNB1"
0.522492430397816,-0.868603475510254,0.491,0.408,1,"TMED4"
0.000719165902510578,-0.868541125053425,0.637,0.607,1,"FUS"
0.197040646787713,-0.867103162725888,0.4,0.365,1,"CNOT7"
0.00579657390904912,-0.863548196397492,0.602,0.54,1,"RAP1A"
0.00169780335595737,-0.863101367470508,0.549,0.531,1,"EIF4EBP1"
0.968150108394525,-0.861374660647419,0.516,0.403,1,"CFLAR"
0.0139638177349739,-0.860975966609846,0.312,0.185,1,"LARP1B"
0.230992894648035,-0.860780025967798,0.256,0.19,1,"PPP3CB"
0.0357465477851986,-0.859321032918043,0.615,0.55,1,"EFNA1"
0.0996719100022248,-0.858820226125026,0.555,0.498,1,"DECR2"
0.199403086079272,-0.855400836918434,0.361,0.341,1,"ALG13"
0.856441595595578,-0.854418190672952,0.358,0.299,1,"KRAS"
0.943102791713732,-0.854345703712216,0.502,0.408,1,"ETS2"
0.414044238173853,-0.854083994083492,0.296,0.227,1,"SCFD1"
0.00157517081870728,-0.854027830064355,0.534,0.512,1,"HDGF"
0.58859449837485,-0.853028585698749,0.47,0.389,1,"CNPY3"
0.805899881078721,-0.852197913057377,0.486,0.37,1,"STK16"
0.272917042664702,-0.848554583187446,0.457,0.332,1,"DUSP10"
0.145814450731504,-0.847828394466859,0.251,0.175,1,"STX17"
0.004259385838436,-0.847675176600185,0.585,0.536,1,"NAPA"
0.266573674267249,-0.842387537778113,0.391,0.284,1,"UBXN6"
0.480533460090633,-0.840709756160095,0.258,0.204,1,"PPP1R14B"
0.130740792748943,-0.839397509089589,0.329,0.227,1,"DHODH"
0.226432928582662,-0.837288534446212,0.559,0.474,1,"CHMP1B"
0.00350940400550764,-0.837190565045828,0.568,0.54,1,"LIPA"
0.000297433239429948,-0.836825985197276,0.651,0.597,1,"CRYZ"
0.180801324831723,-0.836269342869934,0.45,0.408,1,"TP53TG1"
0.815075659077437,-0.834961601367647,0.314,0.256,1,"LENG8"
0.642974875690133,-0.834817159519685,0.481,0.393,1,"TERF2IP"
0.885052367180265,-0.83350741703064,0.371,0.299,1,"KCTD3"
0.264325624881315,-0.833407334743711,0.289,0.213,1,"ZNF664"
0.394961158792146,-0.832484177254652,0.311,0.237,1,"IRS1"
0.747273529690535,-0.831560814708496,0.449,0.365,1,"RNF167"
0.0871824571005811,-0.831159720553802,0.267,0.18,1,"SMG1"
0.0841101485511841,-0.828642115626419,0.441,0.408,1,"CYB5R1"
0.464408209494299,-0.827939817192932,0.454,0.346,1,"AMD1"
0.789848768288024,-0.825535107910181,0.39,0.303,1,"KDSR"
0.724638164058119,-0.823576791678811,0.414,0.351,1,"WEE1"
0.591469607563109,-0.823234738927794,0.471,0.389,1,"RHBDD2"
0.23677874319931,-0.822605735841751,0.278,0.199,1,"TOPORS"
0.00366275194928716,-0.822079870828296,0.64,0.578,1,"PCK2"
0.684607159109884,-0.82192586687858,0.366,0.289,1,"CLDND1"
0.827313671457264,-0.818958731101009,0.299,0.265,1,"C10orf11"
0.45152422085004,-0.816143130430544,0.371,0.327,1,"CERS4"
0.208485753205574,-0.814372799285213,0.299,0.213,1,"SNX9"
0.429604525364058,-0.813659448627196,0.465,0.398,1,"PC"
0.222550762194461,-0.813543064733221,0.298,0.213,1,"CD2AP"
0.812899320297562,-0.81103817206611,0.311,0.256,1,"CCDC28A"
0.942574237843428,-0.80988511365527,0.308,0.265,1,"HIST1H4J"
0.996107487379414,-0.808271640418684,0.388,0.318,1,"ZC3H11A"
0.646295693758058,-0.808081571100818,0.346,0.28,1,"STX7"
0.069533126572536,-0.807042431873185,0.459,0.318,1,"MBNL1"
0.393025067243245,-0.806281186703963,0.365,0.28,1,"CTH"
0.729044743379641,-0.804086091753976,0.426,0.336,1,"BAG1"
0.483907460551382,-0.803505856067747,0.541,0.45,1,"NFE2L2"
0.739353727447241,-0.803333148092812,0.272,0.223,1,"WAPL"
0.0908456259157146,-0.797299531573372,0.449,0.303,1,"PSMB10"
0.626376343957366,-0.797050548399113,0.492,0.365,1,"BCLAF1"
0.1551631093778,-0.796375419279215,0.434,0.303,1,"RAB20"
0.0126685820014459,-0.796276041328552,0.538,0.498,1,"TRAPPC1"
0.00505921083591928,0.795728569568574,0.497,0.332,1,"HIST1H4C"
0.167040080682746,-0.793809822917794,0.299,0.308,1,"ATAD2"
0.525830466705974,-0.791966123245264,0.405,0.336,1,"ACBD3"
0.269252804105023,-0.791592361478847,0.287,0.209,1,"API5"
0.418168117622806,-0.791017816073665,0.433,0.322,1,"MAP3K11"
0.00157468483844853,-0.79060699652352,0.478,0.498,1,"DDIT4"
0.209573546074451,-0.788736248378421,0.646,0.555,1,"SEPW1"
0.179417129960007,-0.783519682708004,0.307,0.218,1,"KIAA0319L"
0.239058447792397,-0.783005957222027,0.305,0.223,1,"DAPK3"
0.386279630886439,-0.78251073004359,0.428,0.313,1,"RBM47"
0.0344888432187162,-0.782400227896739,0.289,0.185,1,"BNIP2"
0.451709058097345,-0.78144318090011,0.261,0.204,1,"ZFP91"
0.254423039145297,-0.778728940085531,0.252,0.19,1,"S100A14"
0.445853337165939,-0.778481696751572,0.345,0.261,1,"TRPT1"
0.0256516849639388,-0.778427993343186,0.255,0.156,1,"OAS1"
0.235644602875576,-0.778408109131285,0.32,0.232,1,"NUTM2B-AS1"
0.138937260437384,-0.776167403822436,0.496,0.441,1,"FAM114A1"
0.174869356709258,-0.775993337401564,0.319,0.223,1,"KIAA0907"
0.681035878044222,-0.775940300424493,0.397,0.308,1,"PRKAB2"
0.000407905713593313,-0.775109657428347,0.668,0.611,1,"MRPL54"
0.360176406585505,-0.774237588505849,0.273,0.209,1,"ZC3H13"
0.135549116247315,-0.773590279618435,0.46,0.417,1,"GOLIM4"
0.0159506910272617,-0.77341123097572,0.25,0.147,1,"JMY"
0.271067770205743,-0.772605646532965,0.539,0.464,1,"DDX24"
0.232794508063059,-0.769665228614154,0.282,0.204,1,"FERMT2"
0.953115992595276,-0.769413470322687,0.529,0.417,1,"EML4"
0.396825635283788,-0.7691348500979,0.455,0.393,1,"STARD7"
0.0620740649217599,-0.768506998211526,0.548,0.493,1,"EIF1AY"
0.247937572775264,-0.767488536558857,0.266,0.194,1,"CHD2"
0.54224898603597,-0.76735151510026,0.469,0.393,1,"ITFG1"
0.0412597072229749,-0.765960795301959,0.396,0.265,1,"PSIP1"
5.5620533013338e-05,-0.764609210311398,0.718,0.668,1,"SPTSSA"
0.644575716348848,-0.764354491381255,0.422,0.36,1,"GPBP1L1"
0.298824726622282,-0.763369232304029,0.269,0.199,1,"ZNF638"
0.00447243340030682,-0.763121197520644,0.603,0.564,1,"GLRX5"
0.858290623382695,-0.762492191415699,0.433,0.341,1,"SDSL"
0.203179598946366,-0.760163038958158,0.414,0.294,1,"ZFAND3"
0.144396505261107,-0.75884660921208,0.482,0.431,1,"IL13RA1"
0.00288976931627455,-0.757708814682583,0.736,0.687,1,"NAMPT"
0.622302835867288,-0.757648435351097,0.342,0.265,1,"MRFAP1L1"
0.590295848725613,-0.755490310408724,0.532,0.412,1,"TGIF1"
0.398296668601133,-0.754899255479419,0.362,0.327,1,"CDK10"
0.115851503478813,-0.752206041268153,0.288,0.199,1,"MED31"
0.318739677578004,-0.751346266188315,0.326,0.242,1,"ETNK1"
0.150615979102178,-0.750191523534543,0.631,0.545,1,"PABPC4"
0.387009378459332,-0.749854154585923,0.524,0.455,1,"DHTKD1"
0.470610447019669,-0.748972549003946,0.409,0.313,1,"UBE2D1"
0.00106690732735393,-0.748783179349697,0.792,0.706,1,"C1R"
0.361498017676453,-0.74840640820735,0.302,0.227,1,"NFYB"
0.126111919466763,-0.745710453755832,0.582,0.502,1,"MLEC"
0.0592009285711121,-0.745117434737527,0.253,0.166,1,"ZFHX3"
0.498409486966433,-0.744854780928347,0.44,0.327,1,"ARID4B"
0.136836405487977,-0.744340273935075,0.263,0.185,1,"AUH"
0.583720457525878,-0.744151460085205,0.284,0.227,1,"TMEM150A"
0.423576890975382,-0.74269875033748,0.301,0.227,1,"EPS8"
0.185601531037056,-0.740560271385734,0.512,0.45,1,"LPP"
0.000101890595575424,-0.740521710641577,0.685,0.664,1,"TMBIM4"
0.21002476811505,-0.740518459341164,0.332,0.237,1,"RALGPS2"
0.883343056015717,-0.739561381785975,0.338,0.28,1,"BCKDHB"
0.597619294341671,-0.739549387972579,0.449,0.346,1,"FRA10AC1"
0.806082510323351,-0.738617422473179,0.414,0.346,1,"NUDT22"
0.560470096669188,-0.738086935181649,0.281,0.223,1,"SLC44A1"
0.0106249435429493,-0.736692286042396,0.275,0.166,1,"IFI27L2"
0.116323069622536,-0.735648499107216,0.37,0.256,1,"CTBS"
0.393168123273494,-0.735183845443452,0.651,0.526,1,"LINC01485"
0.0706866615476354,-0.734699742371895,0.344,0.232,1,"STXBP2"
0.656389344874751,-0.734629273266036,0.361,0.284,1,"DPP4"
0.174087740531743,-0.734525254922962,0.496,0.431,1,"HIBADH"
0.103808736481194,-0.734101593124093,0.565,0.507,1,"LRRFIP1"
0.117682415506461,-0.734081620244806,0.281,0.194,1,"SUN1"
0.943050942693429,-0.73395854630916,0.375,0.308,1,"NUDT4"
0.369755440282426,-0.733501473860653,0.291,0.218,1,"RSF1"
0.710288045530123,-0.733198191262849,0.276,0.227,1,"FAT1"
0.53872652749596,-0.73269137197439,0.437,0.332,1,"ACOT2"
0.756383291243548,-0.730609344958987,0.489,0.403,1,"UPF2"
0.0438358032320795,-0.729325415707075,0.383,0.251,1,"TNRC6B"
0.889663577703957,-0.728182332974318,0.504,0.398,1,"UBE2E3"
0.172740190622828,-0.725698250489248,0.259,0.19,1,"TFDP1"
0.201886637860958,-0.725461771543906,0.576,0.493,1,"CD81"
0.212664555644447,-0.724419503423688,0.306,0.223,1,"SUDS3"
5.76434876649472e-05,-0.724368013358868,0.689,0.659,1,"MSRB2"
0.491694940253794,-0.724302420960814,0.37,0.289,1,"C6orf106"
0.693048730691383,-0.723601525403485,0.43,0.36,1,"COPB1"
0.323247502607395,-0.722086966763652,0.314,0.237,1,"SIRT2"
0.0463089855048921,-0.721920145997227,0.273,0.175,1,"MTF2"
0.68870309758768,-0.721745281934927,0.476,0.374,1,"UBA1"
0.336419195093333,-0.717398388189392,0.382,0.28,1,"DTX3L"
0.103529759273679,-0.716922912807592,0.296,0.204,1,"BAZ2A"
0.397681702160623,-0.714339862092977,0.55,0.45,1,"TMED7"
0.00148040708625729,-0.713316396938447,0.669,0.611,1,"OS9"
0.993510439845043,-0.711891247195308,0.368,0.303,1,"AR"
0.0589930961611145,-0.71183219676069,0.333,0.227,1,"GYPC"
0.347554460425789,-0.711155522497471,0.641,0.536,1,"LECT2"
0.00237538330510414,-0.709921386179797,0.601,0.573,1,"SPTBN1"
0.00111989199768768,-0.708693059304957,0.694,0.621,1,"PRKCSH"
0.00760934825979107,-0.707768559804612,0.251,0.142,1,"TMF1"
0.576952971792064,-0.70678806895892,0.415,0.355,1,"RREB1"
0.551394913684875,-0.705758372848884,0.447,0.384,1,"SLC25A25"
7.25828477773023e-05,-0.705659088516223,0.713,0.682,1,"NDUFA5"
0.0279087287679436,-0.705063895830851,0.295,0.185,1,"OPA1"
0.0576235043616594,-0.704540068379805,0.316,0.209,1,"AHR"
0.793576033917811,-0.704243492137137,0.453,0.355,1,"BET1"
0.715690783713834,-0.702365497050718,0.454,0.379,1,"GNS"
0.848202857217311,-0.702128887785318,0.423,0.332,1,"BOK"
0.159249433961547,-0.701458795696535,0.269,0.19,1,"FBXO9"
0.0523366457549165,-0.701294495774878,0.569,0.517,1,"TMED5"
0.0300992055752142,-0.698823450321877,0.333,0.213,1,"MAP2K3"
0.553829662571444,-0.697343921986662,0.341,0.27,1,"PHIP"
0.524772779842362,-0.696531832962712,0.297,0.232,1,"FZD5"
0.00336509704989643,-0.696124061348759,0.667,0.616,1,"STAU1"
0.727771998290647,-0.694987081452775,0.361,0.303,1,"FST"
0.125209392148915,-0.693135639018167,0.267,0.185,1,"YY1AP1"
0.272585171938136,-0.692972578954509,0.367,0.265,1,"SORL1"
0.22584912235692,-0.692966933631676,0.274,0.204,1,"SEC16A"
0.236865579845282,-0.692490858085704,0.545,0.474,1,"CEBPG"
0.801127142283112,-0.691529250933376,0.275,0.227,1,"FBXO3"
0.00521480749725611,-0.691516754487738,0.648,0.578,1,"NME4"
0.756733822399335,-0.690869385396751,0.337,0.294,1,"ASNSD1"
0.97758920228786,-0.688516425784174,0.424,0.336,1,"REEP3"
0.341016511249038,-0.687977021792985,0.581,0.488,1,"PTP4A2"
0.6289199000543,-0.687741361068765,0.382,0.299,1,"TMPO"
0.0003837309427208,-0.687462645213682,0.766,0.716,1,"CIRBP"
0.118315391708881,-0.6862420707216,0.573,0.493,1,"SERPINA10"
0.943650132163997,-0.686240986910057,0.427,0.351,1,"FNDC3B"
0.134355239071181,-0.686127737981115,0.491,0.445,1,"ANGPTL4"
0.0209634807173757,-0.685798621084213,0.253,0.156,1,"NR2F2"
0.407014314936562,-0.685355738945318,0.555,0.417,1,"FOXP1"
0.505741961404128,-0.685078472676571,0.515,0.427,1,"EAPP"
0.183470416137522,-0.684612935036796,0.316,0.227,1,"ARAF"
0.273611756497026,-0.684368760163699,0.5,0.436,1,"GALM"
0.824571641303242,-0.683139568287175,0.477,0.389,1,"PLS3"
0.600695926025909,-0.68285238563765,0.463,0.355,1,"RASSF7"
0.352338457984779,-0.68102415414878,0.452,0.332,1,"GUCD1"
0.476847669357438,-0.680475619607872,0.485,0.422,1,"FKBP11"
0.14368913062252,-0.679823541415868,0.306,0.213,1,"PBXIP1"
0.0242359484459455,-0.67871186196334,0.269,0.166,1,"WDR59"
0.11505526189107,-0.678015104000602,0.256,0.175,1,"THEM4"
0.0036670350767567,-0.677749205075367,0.613,0.569,1,"HSD17B4"
0.306218176097627,-0.677207369447833,0.329,0.246,1,"PLCXD2"
0.0591406058603266,-0.674686524310932,0.287,0.19,1,"MTHFD2L"
0.873113165653745,-0.674469434698362,0.394,0.327,1,"RFK"
0.0901268776281,-0.673391616916959,0.333,0.227,1,"NFIL3"
0.419019969411569,-0.672750832116005,0.394,0.299,1,"CCM2"
0.706408215450161,-0.67092598187353,0.393,0.332,1,"DNASE2"
0.314552993730355,-0.667863383109405,0.336,0.256,1,"CD68"
0.0555964480322211,-0.665846504408298,0.618,0.559,1,"ECI1"
0.0542422250269388,-0.665447142148062,0.309,0.204,1,"ENDOG"
0.248806679693945,-0.665051859268835,0.303,0.227,1,"OSTF1"
0.30199022752041,-0.665016485185418,0.577,0.488,1,"SERPINB1"
0.00054384232791052,-0.663990503483219,0.62,0.398,1,"DDIT3"
0.0935269741795369,-0.663946051179576,0.542,0.474,1,"SF3B1"
0.293787884597288,-0.662669217946168,0.289,0.213,1,"PHC2"
0.0171251759231936,-0.662440884584131,0.285,0.175,1,"RNF152"
0.446856625879991,-0.662216324157382,0.354,0.27,1,"C16orf87"
0.225586527182525,-0.661706891773684,0.279,0.204,1,"PPP2R4"
0.417030633361503,-0.661302619960322,0.34,0.261,1,"MET"
0.212156987025168,-0.65944612903117,0.416,0.299,1,"SPTAN1"
0.0310928332401374,-0.659254741387459,0.342,0.223,1,"BTN3A2"
0.723274957716477,-0.654459535646981,0.481,0.37,1,"TTC38"
0.51539283203091,-0.654207891238865,0.532,0.408,1,"PQLC1"
0.804283890905633,-0.653452992623015,0.463,0.36,1,"ARRDC3"
0.255012168949158,-0.652603268121742,0.289,0.213,1,"PEX13"
0.0255909548683694,-0.652548732931515,0.321,0.204,1,"XYLB"
0.248122025920449,-0.651821000794647,0.288,0.213,1,"OGT"
0.955073055608002,-0.651799353053851,0.505,0.393,1,"UBQLN1"
0.00730727584743492,-0.651629252684109,0.262,0.152,1,"SLC38A1"
0.00317560785399194,-0.650586454426668,0.251,0.137,1,"NDST1"
0.180649846510185,-0.649993316243149,0.569,0.493,1,"LPIN2"
0.0949718154679874,-0.649760154648034,0.361,0.246,1,"PURA"
0.913946686973669,-0.649244306816173,0.466,0.384,1,"TPST2"
0.782281782216885,-0.64915564374024,0.504,0.398,1,"STAT3"
0.316786413627445,-0.649105486216667,0.294,0.218,1,"TJP1"
0.768312634300484,-0.648706095574667,0.531,0.417,1,"ARL5A"
0.00851932004867724,-0.647963714330164,0.277,0.161,1,"ZNF146"
0.43635502402918,-0.647081047056161,0.456,0.346,1,"PPP2R5A"
0.108055238705121,-0.647019087915212,0.572,0.502,1,"GALT"
0.0527075868433921,-0.645985738474591,0.69,0.602,1,"COMT"
0.177188214906762,-0.644918533923501,0.278,0.204,1,"ZDHHC6"
0.105108404369917,-0.642865866821534,0.319,0.218,1,"TIPARP"
0.0461646614255996,-0.642205176093977,0.566,0.517,1,"RAB11B"
0.0633949307729871,-0.642064887053464,0.386,0.261,1,"UFL1"
0.169223277467754,-0.641936128494716,0.715,0.611,1,"LITAF"
0.251827620819988,-0.639764750563905,0.495,0.431,1,"RHOD"
0.0351933690608598,-0.637667552587923,0.264,0.171,1,"ATF2"
0.414771447353663,-0.63619434981134,0.507,0.374,1,"WDR33"
0.0146519999134153,-0.634368780451907,0.268,0.161,1,"SEC14L1"
0.962354220391259,-0.634072599320573,0.446,0.36,1,"MAOA"
0.632721332182072,-0.633652590025367,0.564,0.455,1,"C9orf78"
0.0170461954522787,-0.633064355837249,0.607,0.555,1,"TPP1"
0.84213720808058,-0.632404164892509,0.434,0.341,1,"ERCC1"
0.0863674980049011,-0.632184520783021,0.256,0.171,1,"GBA2"
0.278942952005729,-0.631936547200495,0.496,0.436,1,"MGEA5"
0.61829454771807,-0.631868014509593,0.375,0.289,1,"TMEM9B"
0.0728786710764159,-0.629855104515865,0.408,0.28,1,"LUC7L2"
0.310678840921115,-0.629236213134601,0.457,0.327,1,"MOB1A"
0.172519022526044,-0.628838621994985,0.331,0.242,1,"LDHB"
0.091395165240525,-0.626740764251922,0.372,0.265,1,"CD44"
0.0479807764665117,-0.626143638259255,0.421,0.284,1,"SMARCA1"
0.00632783742903852,-0.624657523216241,0.25,0.142,1,"RNF168"
0.414896038890648,-0.624499716258354,0.348,0.261,1,"CNOT2"
0.250268440654427,-0.623652733836535,0.306,0.227,1,"PIGK"
0.101640204425098,-0.62179195467573,0.367,0.256,1,"CPTP"
0.175565645144657,-0.621225651491163,0.303,0.218,1,"NEMF"
0.327109976152999,-0.620965708256709,0.446,0.332,1,"TAP1"
6.01448377498097e-05,-0.620231596418843,0.862,0.796,1,"ASS1"
0.123326582314939,-0.619799619558487,0.373,0.261,1,"LGALS8"
0.832494084500099,-0.619731349775286,0.613,0.488,1,"RSRC2"
0.743404112885677,-0.619287085830349,0.284,0.256,1,"CBWD5"
0.0452600826467123,-0.618935754456104,0.346,0.227,1,"SRPRA"
0.00756426084674415,-0.618700364528545,0.346,0.209,1,"THUMPD1"
0.17355122585687,-0.616784741709192,0.503,0.445,1,"CPEB4"
0.015614119798047,-0.615026522281408,0.295,0.18,1,"P2RX4"
0.901183803325758,-0.613195571040499,0.476,0.384,1,"SPSB3"
0.103947643060495,-0.612553677631566,0.265,0.18,1,"GPR137"
0.120613615183554,-0.612401175992715,0.347,0.242,1,"CSRP1"
0.471103432382399,-0.611575907924239,0.544,0.445,1,"PECR"
0.513311077327908,-0.609495600085249,0.292,0.232,1,"CCDC152"
0.589294302369476,-0.609491331047285,0.325,0.256,1,"SYVN1"
0.505980597810149,-0.609262498008895,0.551,0.46,1,"HEBP1"
0.615648241412662,-0.608273287991849,0.315,0.251,1,"BMI1"
0.0130209075581327,-0.608033973818633,0.679,0.607,1,"PAPOLA"
0.488377549533777,-0.60768274120306,0.318,0.246,1,"RICTOR"
0.23197602506458,-0.607648299537026,0.291,0.213,1,"RNF141"
0.296076580754711,-0.607028232104626,0.417,0.313,1,"HNRNPUL1"
0.121780429078958,-0.606148289595339,0.43,0.299,1,"MAPK1IP1L"
0.331949619128514,-0.602824874787354,0.485,0.365,1,"PIK3R1"
0.00245495985638276,-0.602800782076098,0.73,0.701,1,"SLC38A2"
0.000767022093099843,-0.602510848298596,0.288,0.152,1,"PCSK7"
0.217521322594994,-0.601876272816821,0.449,0.332,1,"MARCH5"
0.0636175627298634,-0.601132139985653,0.34,0.227,1,"GFOD2"
0.0240208988189997,-0.599561787763346,0.816,0.697,1,"SCCPDH"
0.0020184205594213,-0.599427282024267,0.414,0.242,1,"GDI1"
0.000863567125185079,-0.598896925690787,0.268,0.137,1,"NFKBIE"
0.279159306832205,-0.598786757683328,0.375,0.28,1,"MAP3K2"
0.366777006545659,-0.598411668846704,0.353,0.275,1,"BLVRA"
0.41754830025711,-0.597251041406351,0.533,0.398,1,"ACTR3"
0.927724205732386,-0.596628737758003,0.499,0.398,1,"COPA"
0.680695265828792,-0.594954400404239,0.459,0.355,1,"STX4"
0.00924355357807019,-0.594628468856501,0.611,0.583,1,"PNISR"
0.0665727528497176,-0.594193813966908,0.68,0.597,1,"CCNI"
0.00194795407006385,-0.593785535472284,0.614,0.592,1,"SAR1A"
0.921663775428638,-0.593044080157483,0.456,0.374,1,"ABCC6"
0.0997700604201259,-0.592357401878417,0.421,0.294,1,"MAPRE1"
0.195237342733721,-0.591498194211407,0.313,0.227,1,"EPS15"
0.38903535451579,-0.591173643122479,0.498,0.37,1,"LSM14A"
0.0167086836437694,-0.590853265122926,0.353,0.223,1,"NEDD4L"
0.0218532472429649,-0.590848866797704,0.592,0.393,1,"BCHE"
0.832390094675096,-0.590596658875396,0.608,0.498,1,"ALDH9A1"
0.114881367781176,-0.590403193271568,0.269,0.185,1,"ITPK1"
0.289493731376394,-0.58956427739593,0.394,0.289,1,"RNF128"
0.979213031418099,-0.589497378428715,0.515,0.412,1,"ARGLU1"
0.939078644670879,-0.589432528431991,0.44,0.355,1,"COQ4"
0.797603830404822,-0.58786534987373,0.588,0.46,1,"TMEM45B"
0.555147996950988,-0.58693080498818,0.372,0.294,1,"HMG20B"
0.655301984543967,-0.586817576971463,0.387,0.336,1,"SRP54"
0.618583082856482,-0.586305999412695,0.439,0.341,1,"YTHDC1"
0.991448686167999,-0.584848635125598,0.402,0.327,1,"YAF2"
0.00423533194191661,-0.583890821787049,0.287,0.161,1,"CDK16"
0.0517588665277737,-0.583513207644953,0.393,0.265,1,"SETD5"
0.0298933202081007,-0.582165074795938,0.777,0.668,1,"CNIH1"
0.443333532656089,-0.5818713754822,0.401,0.299,1,"EVA1A"
0.353888680276218,-0.581867674128766,0.27,0.209,1,"MPP1"
0.00200675325206017,-0.581638150520981,0.3,0.166,1,"UBA3"
0.275695167618467,-0.58071983337646,0.297,0.223,1,"NDFIP2"
0.751343743605488,-0.5800349610038,0.627,0.517,1,"TSC22D1"
0.82287845952226,-0.579660737956774,0.411,0.327,1,"YME1L1"
0.00502423989443215,-0.578811630768249,0.364,0.213,1,"ELK4"
0.081099551938293,-0.578771708816803,0.333,0.227,1,"NIPBL"
0.00728182932504596,-0.57691423913554,0.297,0.175,1,"PPP1R12A"
0.0499247078705532,-0.571175993265765,0.401,0.275,1,"GLYAT"
0.47535722151562,-0.571150151870972,0.437,0.332,1,"VAMP7"
0.167112950645292,-0.570019739597416,0.391,0.28,1,"CUL4A"
0.409095869783505,-0.569926204707365,0.449,0.341,1,"MAL2"
0.0622060655225006,-0.569876020563478,0.305,0.204,1,"FPGS"
0.042964245607758,-0.569837947188403,0.34,0.223,1,"ATP2B1"
0.778901222833997,-0.569670885036769,0.529,0.417,1,"CHORDC1"
0.12261828074314,-0.569271792409946,0.504,0.365,1,"WSB1"
0.0119249972094362,-0.569074010742026,0.699,0.626,1,"SMDT1"
0.108566397613556,-0.56902213616201,0.369,0.256,1,"LRRC41"
0.000464854858891908,-0.566654671595526,0.262,0.128,1,"ZMAT3"
6.91845003029968e-05,-0.565289726484031,0.836,0.768,1,"SERPIND1"
0.05703300247997,-0.564153537931891,0.292,0.194,1,"ERAP1"
0.385665202572405,-0.563923690151225,0.481,0.355,1,"TMEM126B"
0.0131382598192158,-0.563822583899861,0.262,0.156,1,"ABCB1"
0.0360241945021414,-0.56323711550332,0.35,0.227,1,"SLC30A7"
0.0773850952148538,-0.562816180127808,0.352,0.242,1,"PUM2"
0.0806446234479142,-0.562617135638642,0.655,0.564,1,"TMEM179B"
0.0617967680760802,-0.56165910879944,0.451,0.318,1,"CSRP2"
0.0580028320659709,-0.561459521066408,0.323,0.213,1,"AGPAT3"
0.0613606618155131,-0.56126201495855,0.263,0.175,1,"NR1D2"
0.0296121316719173,-0.560688457358369,0.319,0.199,1,"APOOL"
0.287100813087297,-0.559149297052977,0.414,0.308,1,"SUPT5H"
0.277882802639014,-0.558333695122711,0.518,0.384,1,"FNIP1"
0.157356094011698,-0.55689979452991,0.274,0.194,1,"TCAF1"
0.744745681352727,-0.556766976833369,0.329,0.265,1,"SLC35D2"
0.804771181496103,-0.555114572782874,0.59,0.483,1,"EIF4A1"
0.649317092557616,-0.554190752782777,0.487,0.408,1,"CHCHD7"
0.00915788077295683,-0.553262677668992,0.272,0.161,1,"BLOC1S6"
0.0268825294963376,-0.551638360906116,0.656,0.607,1,"ACSM2A"
0.109271115486913,-0.551448511607026,0.708,0.611,1,"SURF4"
0.504046937257275,-0.550351876881807,0.49,0.379,1,"PTPRF"
0.0139627944862378,-0.550142455051273,0.271,0.161,1,"DESI2"
0.0143537857429687,-0.549728403387405,0.288,0.175,1,"PEX6"
0.164173093908859,-0.548139544164371,0.67,0.578,1,"GOT2"
0.00112186548325263,-0.546519762672251,0.46,0.265,1,"AIF1"
0.111124633029339,-0.545435250140359,0.359,0.246,1,"POGZ"
0.121523646046519,-0.544639781341875,0.561,0.498,1,"C1D"
0.0118837381287864,-0.544193380350983,0.422,0.27,1,"RDH16"
0.0185753543954519,-0.54277249925214,0.36,0.227,1,"XIAP"
0.303534596215919,-0.541642761438247,0.362,0.27,1,"LIMS1"
0.0372721251800678,-0.538793556434795,0.251,0.161,1,"ZNF326"
0.0579119666002362,-0.538763785580625,0.465,0.313,1,"CYP8B1"
0.395098401018504,-0.538732377272403,0.479,0.36,1,"SEC31A"
0.100526033833003,-0.538628441001959,0.397,0.284,1,"PHF3"
0.109019893753805,-0.537536782322598,0.328,0.232,1,"NMRK1"
0.184356541122416,-0.536604337943311,0.397,0.28,1,"SLC25A11"
0.000150768408882682,-0.535272730440575,0.298,0.142,1,"TUSC3"
0.211647988556033,-0.533404864038577,0.369,0.27,1,"GBP2"
0.0532753177855546,-0.532862473839101,0.348,0.232,1,"KIAA1191"
0.0110850236234788,-0.532861330100324,0.279,0.166,1,"SMC5"
0.0528143079160566,-0.532187365495788,0.304,0.204,1,"SLC35B3"
0.00596008967922123,-0.530730705650111,0.259,0.147,1,"LDLRAP1"
0.785341251094251,-0.53056048458744,0.439,0.351,1,"S100A4"
0.136557064402219,-0.530040356377781,0.294,0.209,1,"MED16"
0.00381526728532417,-0.529510119935286,0.276,0.156,1,"CLCC1"
0.0508680843788992,-0.528120641303299,0.311,0.209,1,"NFKBIB"
0.00494982185387398,-0.527722054864598,0.289,0.166,1,"OSTM1"
0.451904548293449,-0.527220456158255,0.617,0.517,1,"PSMC6"
0.253860114194025,-0.526145500326255,0.537,0.469,1,"ERBB3"
0.00225047447987245,-0.525657591214904,0.284,0.156,1,"ISG20L2"
0.232787044787357,-0.525277012706256,0.657,0.564,1,"SPATS2L"
0.634967105773995,-0.52495366370071,0.333,0.27,1,"ORAI3"
0.471585899560849,-0.524545749833486,0.686,0.573,1,"SYPL1"
0.807837493619282,-0.522564875786617,0.422,0.336,1,"VTI1B"
0.127991497826571,-0.522562165960854,0.613,0.545,1,"KLF9"
0.106927197361103,-0.522256094700897,0.591,0.517,1,"RNASET2"
0.435327136500885,-0.5217392620282,0.641,0.54,1,"CAPZA1"
0.696383499652488,-0.521470607714535,0.628,0.512,1,"ATP6V0D1"
0.0402096311299479,-0.519754250728263,0.261,0.171,1,"USP34"
0.118329879065876,-0.519513968858728,0.401,0.28,1,"PARP9"
0.99156278057644,-0.518358487740316,0.395,0.332,1,"BROX"
0.0922604323446362,-0.518237765624729,0.406,0.28,1,"CNN2"
0.395218323171251,-0.515796428383247,0.356,0.275,1,"RBM7"
0.0562684043756266,-0.514876783636693,0.27,0.18,1,"COPS3"
0.416722188469262,-0.514021113261949,0.433,0.327,1,"HDAC1"
0.629176636911348,-0.513886579473393,0.417,0.327,1,"RAB17"
0.127409335797131,-0.513530917380214,0.722,0.645,1,"TST"
0.208509812622429,-0.512753408116272,0.54,0.393,1,"LTBR"
0.0686791363924105,-0.512752247254558,0.518,0.355,1,"COMMD1"
0.479644617706332,-0.512504571618706,0.579,0.479,1,"UBE2K"
0.0457976742119448,-0.512396175559738,0.313,0.209,1,"NR1H3"
0.00201738033598775,-0.511192111086993,0.785,0.725,1,"NGFRAP1"
0.0147683588404087,-0.509466697040044,0.434,0.275,1,"DGAT1"
0.0621169364311481,-0.507674990168347,0.251,0.166,1,"CASP8"
0.0580773418782612,-0.506769746693589,0.268,0.18,1,"CDKN1B"
0.0606679833504705,-0.506636228410637,0.269,0.18,1,"CCSER2"
0.738484187590646,-0.505743484858167,0.53,0.403,1,"TMEM134"
0.35638327879215,-0.505036368570813,0.565,0.422,1,"OTC"
0.0928955129139814,-0.504656918858178,0.459,0.322,1,"TM7SF3"
0.0647272117261491,-0.5046324961177,0.642,0.607,1,"IL6ST"
0.824172205402497,-0.503874888922116,0.681,0.573,1,"CCDC107"
0.475441983396671,-0.503327193320885,0.469,0.355,1,"CBWD1"
0.763258002584958,-0.502984753243104,0.582,0.45,1,"TLE1"
0.0787129764403124,-0.50276584948317,0.423,0.289,1,"UPF3A"
0.202607549617524,-0.501981585988482,0.738,0.597,1,"HNMT"
0.00391343935462626,-0.501758119794719,0.789,0.597,1,"LYZ"
0.0812890585874912,-0.501742175219836,0.253,0.171,1,"UBE2Q1"
0.0559932096883855,-0.499863800687651,0.428,0.289,1,"GOLGA2"
0.0956620280497352,-0.499159301580845,0.378,0.261,1,"UBALD1"
0.0162969162441877,-0.497524624352272,0.383,0.242,1,"RSBN1L"
0.00766935115672115,-0.497169213141582,0.782,0.73,1,"ACSM2B"
0.0168254716640842,-0.495573384166069,0.348,0.213,1,"CNOT11"
0.0271810494535086,-0.494784573883976,0.347,0.232,1,"PPT1"
0.575969174984975,-0.494468253235011,0.53,0.46,1,"FAM107B"
0.518209965421478,-0.493920344585126,0.584,0.436,1,"TNFRSF1A"
0.73952474620997,-0.493623975438938,0.555,0.431,1,"RAP1B"
0.376791746022492,-0.493399656498105,0.251,0.194,1,"SHD"
0.219970486760674,-0.492660645676582,0.669,0.555,1,"SUCLG2"
0.000170346369938227,-0.492641545612841,0.841,0.763,1,"IDH1"
0.674964216317159,-0.492343489862691,0.54,0.417,1,"YIPF6"
0.13396550595317,-0.491735217661739,0.426,0.299,1,"HACD2"
0.770876926239838,-0.491398645318109,0.883,0.829,1,"HLA-DPB1"
0.0721136572423975,-0.491331381166959,0.358,0.246,1,"NET1"
0.000452837566142532,-0.49042887567583,0.703,0.706,1,"ST6GAL1"
0.614545622206091,-0.48910229978981,0.489,0.374,1,"ACADSB"
0.00422691153561857,-0.488134963002826,0.284,0.161,1,"TRIP12"
0.804174476344818,-0.487640513362128,0.444,0.351,1,"TPMT"
0.124316606433765,-0.487219424671706,0.601,0.536,1,"SYAP1"
0.60756541156295,-0.48569328486791,0.565,0.464,1,"CHID1"
0.00102258384278294,-0.484770134838875,0.325,0.18,1,"VRK3"
0.0297648318498278,-0.483780388659612,0.318,0.204,1,"ANKRD11"
0.480352373957808,-0.482454497421187,0.326,0.256,1,"VPS4B"
0.0269098745800582,-0.4791052325925,0.259,0.166,1,"RIF1"
0.0193165389642159,-0.478142089520224,0.25,0.152,1,"EPT1"
0.211780585732685,-0.47796587048616,0.568,0.512,1,"IQGAP2"
0.126234197381705,-0.477691296244439,0.357,0.246,1,"PDS5A"
0.220595937729859,-0.477385851542913,0.49,0.351,1,"UFM1"
0.246337942176145,-0.477000981438418,0.44,0.332,1,"MSN"
0.719495550060899,-0.476866574075356,0.452,0.355,1,"ABHD2"
0.0196178597143387,-0.476658188041812,0.25,0.156,1,"PIM1"
0.0154103986954612,-0.476654982429953,0.294,0.18,1,"SEC23B"
0.169282271765482,-0.475824711599757,0.257,0.185,1,"ZC3H14"
0.00559371975391238,-0.475224578732162,0.643,0.63,1,"F5"
0.647349777359883,-0.474946682131772,0.567,0.464,1,"STAP2"
0.0260392725705056,-0.474269954601878,0.354,0.227,1,"ZCCHC11"
0.280739112536367,-0.473917765156537,0.535,0.389,1,"KIF5B"
0.000134375240779989,-0.47279855566546,0.284,0.137,1,"CYTH1"
0.0128864407266362,-0.471736630792752,0.306,0.185,1,"RBM5"
0.000386944150223469,-0.471531062609806,0.828,0.744,1,"ARF1"
0.450478704773426,-0.471403922381101,0.549,0.427,1,"PTS"
0.0300032881354128,-0.471013042015421,0.666,0.63,1,"IRF2BP2"
0.121013926834857,-0.469537750776396,0.434,0.308,1,"SCML1"
0.764868609184912,-0.469534993455298,0.553,0.427,1,"TMEM33"
0.0313907888929801,-0.469270571697738,0.261,0.166,1,"LRRC8A"
0.156021523369316,-0.469053338987792,0.489,0.351,1,"GNAI2"
0.29023279822702,-0.468490036367908,0.498,0.379,1,"RNF19A"
0.073068475403226,-0.468361375393238,0.292,0.199,1,"DSG2"
0.431620016004747,-0.467965574376601,0.707,0.564,1,"MMADHC"
0.229526019013788,-0.46647928758007,0.27,0.199,1,"CNOT4"
0.0217552462777652,-0.466401170421237,0.26,0.161,1,"NUMA1"
0.964503414037796,-0.463922188570155,0.526,0.427,1,"NR1H4"
0.0478480982214926,-0.463559788055395,0.405,0.275,1,"DBNL"
0.891295832706607,-0.463238492198942,0.531,0.422,1,"NKTR"
0.741616458661869,-0.463238178554768,0.393,0.313,1,"MAN2A1"
0.00977773447847497,-0.463205538587688,0.266,0.156,1,"SLC7A9"
0.041199401118628,-0.462836790803255,0.35,0.232,1,"AP2A2"
0.289567532234528,-0.462335806408515,0.319,0.237,1,"ANKRD39"
0.0230732879674718,-0.462210557892885,0.296,0.185,1,"ATXN2"
0.0226815242972452,-0.461421596380999,0.479,0.318,1,"BSDC1"
0.127739767897565,-0.461288695269502,0.405,0.284,1,"SEPT2"
5.73697712547433e-05,0.460626253357725,0.738,0.588,1,"CYP4F3"
0.0273256037720684,-0.458357782233595,0.322,0.209,1,"SFXN5"
0.360700785799766,-0.457279758833691,0.766,0.706,1,"DHCR24"
0.028537250866571,-0.456934416465855,0.271,0.171,1,"TMEM189"
0.129332389831319,-0.45571722083497,0.394,0.275,1,"PAWR"
0.00814806996809508,-0.455407838140791,0.258,0.152,1,"TCEAL1"
0.0477994061986018,-0.454103022226072,0.355,0.237,1,"SQRDL"
0.0880826045601809,-0.454053996967984,0.521,0.36,1,"DHRS4L2"
0.699370993203667,-0.453151544703031,0.575,0.436,1,"HSDL2"
0.0961562224500584,-0.452453995613331,0.287,0.199,1,"ADIPOR2"
0.147557514744962,-0.452356311756652,0.469,0.332,1,"BEST1"
0.165592078318518,-0.451861480686068,0.385,0.275,1,"ATF6"
0.0325290275124211,-0.451398355124534,0.813,0.73,1,"CHPT1"
0.851114723544812,-0.450261856855793,0.664,0.521,1,"PSENEN"
0.0690879928475319,-0.449619142017374,0.507,0.37,1,"SMAP2"
0.407181714516114,-0.44872950977989,0.656,0.498,1,"TYROBP"
0.247887562452522,-0.448496941407685,0.372,0.275,1,"ALG14"
0.171836317742848,-0.447510406493006,0.334,0.242,1,"KRCC1"
0.671704928140582,-0.446504584434814,0.609,0.502,1,"BORCS7"
0.00395984095110906,-0.446011002978859,0.321,0.19,1,"DIABLO"
0.0277565730735296,-0.445169176960419,0.364,0.237,1,"SPAG7"
0.560536732241745,-0.445115993833664,0.466,0.36,1,"ATP6V1D"
0.0133239107086913,-0.444700782121391,0.405,0.261,1,"SMC3"
0.263357898031792,-0.444676553797965,0.372,0.275,1,"PUM1"
0.0436854052394642,-0.444558555408627,0.347,0.232,1,"CORO1C"
0.1024601601012,-0.444472587615283,0.307,0.213,1,"PLEKHB2"
0.222318466223086,-0.444129364232259,0.36,0.265,1,"PLEKHA3"
0.0951213337318923,-0.443348142560026,0.33,0.227,1,"CTBP1"
0.0328871485272102,-0.44285221245411,0.253,0.161,1,"FNBP4"
0.000378041932899799,-0.442080963868858,0.795,0.73,1,"ALKBH7"
0.119025904655705,-0.441058823570633,0.391,0.27,1,"RAF1"
0.000335794269879195,-0.440539027872267,0.256,0.123,1,"MTRF1L"
0.0018052521223762,-0.439354491016761,0.259,0.137,1,"FBXO21"
0.0146215991747953,-0.439112188301777,0.736,0.531,1,"TNFRSF12A"
6.34509685787356e-05,-0.439034334159134,0.282,0.128,1,"TCTN3"
0.108756012677467,-0.43884461435469,0.814,0.701,1,"ISG15"
0.0441896138719856,-0.438107279161241,0.399,0.275,1,"TMX1"
0.0108890560027578,-0.438089962707791,0.298,0.18,1,"ITGB5"
0.48244925857595,-0.437505707984067,0.455,0.346,1,"CRAT"
0.0197911028390933,-0.437063540992488,0.405,0.261,1,"LINC00969"
0.0707347762259672,-0.436635151279491,0.353,0.242,1,"STAG2"
0.159873121439158,-0.435441685305884,0.668,0.592,1,"ELL2"
0.278296916138222,-0.434908657459818,0.282,0.213,1,"TMEM254"
0.135853373336043,-0.434421019299855,0.811,0.678,1,"PXMP2"
0.0047253612201407,-0.433277861266475,0.306,0.175,1,"SHROOM3"
0.0182110861350914,-0.433221515838114,0.271,0.166,1,"MARVELD2"
0.00777175196115759,-0.431565586191441,0.29,0.171,1,"FAM229B"
0.0800850506825605,-0.431390914283139,0.444,0.303,1,"ARL8B"
0.000179086111064477,-0.431223187038842,0.264,0.123,1,"TSPAN31"
0.110539015375725,-0.431193571875027,0.524,0.37,1,"SH3GLB1"
0.484756537023198,-0.430532234359946,0.338,0.27,1,"GLG1"
0.429112444561199,-0.429219105618383,0.389,0.303,1,"KLC4"
0.8122605964112,-0.429049999511257,0.97,0.858,1,"KRT8"
0.0266121272829588,-0.429013201396057,0.252,0.156,1,"GATAD1"
0.021643469010997,-0.428885728953592,0.362,0.232,1,"FYTTD1"
0.0895038081290614,-0.428659435518398,0.379,0.265,1,"ATG5"
0.00257059162739206,-0.428552107121368,0.282,0.156,1,"LINC01018"
0.58706722951116,-0.427484075069575,0.435,0.341,1,"H6PD"
0.31461768627195,-0.425825874368197,0.394,0.294,1,"ATP6V1A"
0.0853173835429911,-0.425496329234018,0.636,0.479,1,"TIMP3"
0.000300468765936038,-0.425260057722089,0.255,0.123,1,"EIF2AK2"
0.023387774864829,-0.424988170754103,0.291,0.185,1,"ABCB8"
0.0781853910366769,-0.424478608862918,0.481,0.341,1,"TROVE2"
0.287714099090785,-0.423336612550012,0.374,0.284,1,"PLOD2"
0.0125002601731948,-0.422969900022574,0.311,0.19,1,"GOPC"
0.0331408386881205,-0.422893763666956,0.417,0.275,1,"DR1"
0.462749198371632,-0.42281860140144,0.565,0.422,1,"FAM45A"
0.714004311363057,-0.421595718337995,0.539,0.464,1,"VDAC3"
0.263851764868475,-0.421313072861345,0.626,0.545,1,"SDHA"
8.24502911008632e-05,-0.4204843803662,0.888,0.839,1,"NDUFV2"
0.0526134955665085,-0.419791492679551,0.45,0.308,1,"MKRN1"
0.0213033514226358,-0.419577212135259,0.287,0.18,1,"MCEE"
0.102745447873257,-0.41880509335993,0.348,0.242,1,"AVPI1"
0.205636814304042,-0.418542366045685,0.405,0.289,1,"USP9X"
0.0895110186435873,-0.417295006105096,0.372,0.261,1,"MDM4"
0.0310252019639456,-0.417007076529189,0.283,0.18,1,"UBE2M"
0.0129053539213079,-0.416890685691951,0.29,0.175,1,"KDM5A"
0.0202069381860367,-0.415363590662793,0.409,0.265,1,"C1orf56"
0.0109740338186961,-0.415287610500021,0.265,0.156,1,"DHRS4-AS1"
0.00144673657966517,-0.414786917075706,0.329,0.185,1,"TRPC4AP"
0.00312847392785484,-0.413550940434961,0.293,0.166,1,"KIAA0232"
0.00660142125507587,-0.413104259458871,0.587,0.393,1,"MARCKS"
0.261964644584673,-0.4123315391345,0.819,0.725,1,"NPC2"
0.000644015826040769,-0.410823739560666,0.287,0.147,1,"CMTM7"
0.722100047077663,-0.410434581408315,0.63,0.526,1,"PPIG"
0.973751291236962,-0.410010080348977,0.62,0.521,1,"WTAP"
0.00490287195469611,-0.40841653364169,0.338,0.204,1,"NFKB2"
0.00329865383924752,-0.408366467413591,0.295,0.166,1,"TMEM214"
0.555757785097928,-0.407712501926671,0.488,0.374,1,"CASP4"
0.00358517041256385,-0.407539208631201,0.369,0.218,1,"KLHL5"
0.0394395913043189,-0.405959684132432,0.416,0.28,1,"C6orf89"
0.0141024889612871,-0.405927842017908,0.252,0.152,1,"MAP2K7"
0.000652804484600072,-0.405567660322341,0.308,0.161,1,"AC007325.4"
0.0799937357285966,-0.403934743921564,0.508,0.346,1,"ILK"
0.0585844151654956,-0.40340808554523,0.493,0.346,1,"RORA"
0.108488632207626,-0.401336126598183,0.258,0.18,1,"CRADD"
0.286137719418562,-0.401179864896548,0.594,0.45,1,"SELENBP1"
0.219167119159116,-0.400882649427327,0.575,0.427,1,"FLOT1"
0.0499286150127642,-0.400018338623071,0.284,0.19,1,"TOP2B"
0.993291805178587,-0.399363391980138,0.615,0.507,1,"MT-ND6"
0.0086406488827219,-0.399358891292452,0.278,0.161,1,"CUL5"
0.00219848388102682,-0.398709240158093,0.258,0.137,1,"VPS13C"
0.178031393713601,-0.398339268125396,0.447,0.322,1,"MOB4"
0.0080912846950273,-0.398216836254033,0.291,0.175,1,"USP10"
0.137739056590181,-0.398199887812818,0.439,0.318,1,"HSD17B12"
0.0224501732872109,-0.396998844831016,0.314,0.199,1,"CHPF"
0.0003071837767022,-0.39675530982725,0.439,0.256,1,"HYAL2"
0.352240680297653,-0.396545891055727,0.731,0.64,1,"EIF5"
0.00168374325465666,-0.394184099569288,0.387,0.223,1,"NDUFS1"
0.000844876286720956,-0.393953287763462,0.335,0.18,1,"TRIM33"
0.697890857256743,-0.393776074368351,0.667,0.55,1,"NCOA4"
0.0337528345682978,-0.393219136959644,0.34,0.223,1,"PGM3"
0.301248276475622,-0.391394329237656,0.374,0.28,1,"TMEM245"
0.480104360923419,-0.390938918734488,0.603,0.464,1,"LASP1"
0.481933961897663,-0.390599298054567,0.753,0.635,1,"S100A16"
0.0229595727829867,-0.389289118155456,0.608,0.412,1,"ANXA11"
0.0522153210945252,-0.387774346329788,0.352,0.237,1,"FAM35A"
0.420165852436541,-0.38716115684853,0.755,0.673,1,"RBM39"
0.00579202847266891,-0.38692147004225,0.851,0.739,1,"FUOM"
0.000692699266214685,-0.386515374536114,0.32,0.171,1,"CSNK1E"
0.00158575972349429,-0.385554861580855,0.302,0.166,1,"HMGCR"
0.580695539058698,-0.385081428527154,0.581,0.502,1,"LINC00657"
0.000466357279203593,-0.385055693081573,0.319,0.166,1,"TMEM109"
0.00585214797252911,-0.383818726190268,0.837,0.754,1,"AIG1"
0.0170477112597594,-0.382592271098008,0.26,0.156,1,"CTCF"
0.010971303659537,-0.382490928642949,0.293,0.175,1,"SNX27"
0.00156861310168282,-0.382387785919675,0.252,0.133,1,"KLHDC4"
0.0568370591495106,-0.382261401104046,0.254,0.166,1,"SLAIN2"
0.00687504318202236,-0.380914845461041,0.354,0.213,1,"YIPF1"
0.421279930294488,-0.3802013118127,0.511,0.389,1,"OARD1"
0.0828181753409924,-0.380077049222721,0.993,0.976,1,"UBC"
0.00428643481188137,-0.379997970737741,0.425,0.261,1,"ARSA"
0.00246600435992187,-0.379329336339014,0.328,0.19,1,"BCL7B"
0.893638096750789,-0.379006045474073,0.616,0.507,1,"HDLBP"
0.0409843112432834,-0.378803192854736,0.364,0.242,1,"PDIA5"
0.0384079250526094,-0.378709731435227,0.274,0.175,1,"NGRN"
0.000197088622380331,-0.378281725690342,0.372,0.194,1,"TTC14"
0.00942178951371736,-0.377297062676173,0.536,0.341,1,"PRODH2"
0.348142140843886,-0.377231302003426,0.624,0.46,1,"DNAJC15"
6.14612433771541e-05,0.377108157789997,0.269,0.123,1,"CDK9"
0.00662784016248687,-0.377025544697333,0.351,0.213,1,"CRIP3"
0.000365123026416356,-0.375491452274998,0.428,0.242,1,"PRPF4B"
0.0153570468077771,-0.374264013382196,0.439,0.284,1,"PAFAH1B2"
0.186180070368479,-0.372275325779923,0.694,0.64,1,"RRBP1"
0.00519162102136393,-0.371133615490167,0.338,0.204,1,"ARRDC1"
0.108910355968441,-0.370992944749758,0.831,0.754,1,"PON2"
0.00167519597649862,-0.370848943722055,0.268,0.142,1,"CYFIP1"
0.0295399983233263,-0.370524293537222,0.825,0.711,1,"SDHC"
0.00113889599067022,-0.369465045078487,0.425,0.242,1,"GOLM1"
0.0943728098284535,-0.369408855198585,0.42,0.299,1,"PLXNB2"
0.954754074497995,-0.368876536415947,0.534,0.445,1,"CELF1"
0.00213129541847906,-0.368364886175287,0.363,0.209,1,"DDI2"
0.00156145095531749,-0.368316616994972,0.949,0.91,1,"SSR4"
0.128047055797572,-0.368034503160258,0.764,0.678,1,"NUCB1"
0.0841191297444746,-0.367641545936559,0.797,0.692,1,"GLUD1"
0.0119596147794499,-0.367017670082437,0.372,0.232,1,"XPO1"
0.0607932123191669,-0.365691372259485,0.472,0.332,1,"CDV3"
0.0013425131402972,-0.36545256349129,0.424,0.256,1,"BCL2L1"
0.683537411578613,-0.363950797398462,0.554,0.445,1,"YWHAG"
0.00574566615959635,-0.363614668024906,0.329,0.199,1,"MIER1"
0.00506118468481581,-0.363490468136763,0.323,0.19,1,"KCMF1"
0.000624079024247159,-0.363022439797288,0.787,0.592,1,"C1QA"
0.104391054356638,-0.360999350198218,1,0.991,1,"TMSB10"
0.000239675816892313,-0.360136713755018,0.265,0.128,1,"MTO1"
0.100818145358203,-0.360008369115199,0.593,0.422,1,"C14orf1"
0.000102000036228303,-0.359459861382163,0.308,0.147,1,"CASC4"
0.556217035041589,-0.359271713279694,0.462,0.36,1,"ACSM5"
0.0120670978529184,-0.356156475238236,0.369,0.227,1,"TMEM50B"
0.0588931053467164,-0.355837499865316,0.765,0.701,1,"RPN1"
0.00681110106736286,-0.355563207799372,0.425,0.261,1,"USO1"
0.060119829103092,-0.355487907743212,0.51,0.351,1,"AK1"
0.0115321049856933,-0.355345187167664,0.31,0.19,1,"TUG1"
0.0105777244253313,-0.354823950235404,0.469,0.303,1,"PDCD6IP"
0.00546740056768099,-0.35378749912594,0.368,0.218,1,"C16orf70"
0.0337644617861604,-0.352940693838889,0.408,0.27,1,"ZNF24"
0.922729085378968,-0.352776764212125,0.738,0.597,1,"TSTD1"
0.00222302323266281,-0.352281688046111,0.877,0.791,1,"FIS1"
0.0980150121563148,-0.351884036374082,0.576,0.403,1,"BIRC2"
0.000123692126259934,-0.351738169234704,0.273,0.128,1,"ACOT9"
0.00026865041995565,-0.351584618654242,0.25,0.118,1,"GATAD2A"
0.0764738697638713,-0.351395524561839,0.375,0.256,1,"NT5DC1"
0.0389794876831647,-0.350736210340584,0.313,0.204,1,"PDZD8"
0.0147291096745712,-0.350448790228228,0.361,0.232,1,"SPSB1"
0.00277528981860964,-0.350342642004092,0.425,0.256,1,"TXNRD2"
0.309494154957456,-0.348024635113021,0.391,0.294,1,"RNF10"
0.0023476829507388,-0.346269270889616,0.307,0.175,1,"CLYBL"
0.000284059951631029,-0.344367516179382,0.917,0.877,1,"HMGB1"
0.106611341059309,-0.344124784451883,0.315,0.223,1,"AGFG2"
0.171635826921026,-0.344034739082445,1,0.991,1,"ACTB"
0.833788146888022,-0.343271086371823,0.538,0.436,1,"C9orf142"
0.0642994081027871,-0.341467198951551,0.264,0.18,1,"CEP70"
0.00483648922974369,-0.339941218568204,0.271,0.156,1,"PRKCI"
0.0155003225833723,-0.339864522386843,0.331,0.213,1,"STX8"
0.129155388114395,-0.338487966469821,0.603,0.469,1,"CHMP4B"
0.00180597022706202,-0.338185959720027,0.321,0.18,1,"UGGT1"
0.0385035881437741,-0.336474983337089,0.468,0.318,1,"DDB1"
0.0187478876631383,-0.335379561775348,0.403,0.261,1,"LYRM2"
0.0208142491094903,-0.334710275910539,0.518,0.346,1,"EMD"
0.538669426523872,-0.334581370363409,0.704,0.569,1,"MTHFS"
0.000626789948437803,-0.333809744304699,0.271,0.137,1,"FAM73A"
0.970551706869762,-0.333689884919148,0.691,0.555,1,"COX20"
0.0982079083114308,-0.333534873637187,0.551,0.398,1,"SPCS3"
0.00695928784357805,-0.332861560078075,0.251,0.142,1,"CBLC"
0.0305031285530803,-0.332005495672543,0.608,0.431,1,"PLD3"
0.130507728744837,-0.331427245005576,0.575,0.417,1,"PTBP1"
0.308413464833329,-0.329857226265425,0.525,0.389,1,"YY1"
0.195460679519214,-0.329654640217988,0.644,0.483,1,"GPBP1"
0.0929761427480572,-0.328633389354663,0.65,0.469,1,"TSTA3"
0.290209386363671,-0.326921706336217,0.648,0.493,1,"LEPROT"
0.00418954157770879,-0.326910652599952,0.318,0.185,1,"MECP2"
0.00194905551990295,-0.326908263278392,0.365,0.213,1,"CRELD1"
0.069070842710826,-0.326884846631598,0.489,0.346,1,"SIPA1"
0.00096328948708257,-0.326193488717232,0.341,0.19,1,"MBOAT7"
0.0642981114771905,-0.325644037232182,0.814,0.697,1,"NDUFS7"
0.000495212844305188,-0.323905616270798,0.261,0.128,1,"SPTY2D1"
0.000165156324632902,-0.323519677653829,0.546,0.313,1,"CHTOP"
0.0347309548048381,-0.3231078194655,0.522,0.36,1,"CPD"
0.0076746401382578,-0.322824801038478,0.921,0.815,1,"PERP"
0.0324826129783556,-0.322581518871027,0.354,0.232,1,"TXNDC15"
0.00485841678545511,-0.322219713242797,0.532,0.332,1,"ACTN1"
0.354612882135218,-0.321651238862573,0.564,0.427,1,"HFE2"
0.000190786613210712,-0.321507139164422,0.963,0.919,1,"NDUFC2"
0.69549736229244,-0.320842322800243,0.734,0.602,1,"GOLT1A"
0.0488325507519697,-0.320799966950912,0.51,0.351,1,"UHMK1"
0.140160183201507,-0.320288259496248,0.48,0.346,1,"MRPL53"
0.108508534420161,-0.320249841019172,0.299,0.213,1,"CTPS1"
0.256670596692629,-0.319777192236864,0.623,0.455,1,"CHP1"
9.08312971069022e-05,-0.319185734241929,0.292,0.137,1,"FAM98C"
0.000190177240075149,-0.31838338484798,0.994,0.953,1,"ATOX1"
0.0254336126006057,-0.318295769583196,0.956,0.877,1,"MYL12B"
0.00178920086894435,-0.318090430707707,0.441,0.265,1,"NCSTN"
0.223962490063655,-0.317737472600892,0.627,0.469,1,"AKR7A3"
0.0280461302298293,-0.317319442205569,0.271,0.171,1,"OPLAH"
0.0115715644323978,-0.316376832312066,0.451,0.294,1,"MCCC2"
0.0323955751868837,-0.314869248905702,0.292,0.19,1,"TBRG1"
0.00408377719518174,-0.314540545109129,0.254,0.142,1,"CAAP1"
0.00320230131528437,-0.313866838639457,0.297,0.171,1,"SMNDC1"
0.0551330485068768,-0.313438479542199,0.688,0.498,1,"APH1A"
0.149089842467289,-0.31294721859284,0.341,0.246,1,"PTPN11"
0.0198870778716588,-0.31248676258844,0.313,0.199,1,"PLEKHF2"
0.0345353917615663,-0.312233600625398,0.472,0.308,1,"MTPN"
6.18437612585117e-05,-0.312070280522027,0.906,0.844,1,"ZNHIT1"
0.227508091800137,-0.311711342384525,0.734,0.55,1,"S100A13"
0.00011607998257958,0.310802529039969,0.304,0.152,1,"PRPF18"
0.00884269621148386,-0.309063043551637,0.252,0.147,1,"ZNF322"
0.0416433787483786,-0.308910608564105,0.374,0.251,1,"TMEM18"
0.00272784320450838,-0.308292429226818,0.286,0.161,1,"IFNGR2"
0.0031528015957341,-0.307862401297733,0.385,0.232,1,"SAFB2"
0.0523364789191654,-0.307406143276528,0.508,0.341,1,"CGGBP1"
0.0374134160942355,-0.306523861654741,0.372,0.251,1,"CEBPZOS"
0.000137504670607399,-0.306034081526772,0.251,0.114,1,"DNAJC5"
0.778415088490952,-0.305936394959273,0.504,0.398,1,"FUCA1"
0.625999766904423,-0.305305269674464,0.674,0.526,1,"TPM1"
0.00676087606825012,-0.303770183223285,0.364,0.223,1,"AP2A1"
0.0567133095360727,-0.302356104374187,0.495,0.341,1,"DHRS4"
0.0546481436049528,-0.302306454072838,0.524,0.37,1,"DNAJC1"
0.000576770628908492,-0.301807361506242,0.255,0.128,1,"CASP1"
8.47645553086694e-05,0.300675858270355,0.3,0.147,1,"RP11-12G12.7"
0.919095205824041,-0.299433365879869,0.776,0.645,1,"HAGH"
0.0928202622918417,-0.298810382983364,0.391,0.284,1,"PPIF"
0.430859940959198,-0.29827939679883,0.72,0.63,1,"ANXA7"
0.000827788342435026,-0.298226668734356,0.288,0.152,1,"MLYCD"
0.00123246742777161,-0.298087764278036,0.38,0.218,1,"BLCAP"
0.00412261550779353,-0.297906601093341,0.482,0.308,1,"ZFAND2B"
0.00644744434099648,-0.297650120761831,0.477,0.299,1,"GNPTG"
0.00043904638685742,0.297537644156692,0.258,0.128,1,"COQ3"
0.0101179437652099,-0.297382505040203,0.261,0.156,1,"HSCB"
0.0196526421852146,-0.295884290710483,0.282,0.175,1,"EPB41"
0.00592531092229001,-0.295136220970797,0.363,0.218,1,"RAB29"
0.109862130878811,-0.293414199657819,0.31,0.223,1,"TSEN15"
0.0161432879012041,-0.292212534840402,0.256,0.156,1,"AGPAT1"
0.000839914491671459,-0.292162509813443,0.319,0.171,1,"C1orf27"
0.00516129803818588,-0.291859964416808,0.333,0.199,1,"ITGAV"
0.0100389093345326,-0.291524604162592,0.405,0.256,1,"ANKRD17"
0.00671875494725768,-0.290919104435407,0.412,0.261,1,"CETN3"
0.636686069461174,-0.290792208898547,0.587,0.479,1,"TM9SF3"
0.0455640131826259,-0.290337754382325,0.442,0.303,1,"COMMD7"
0.00209926904007479,-0.289164751721737,0.388,0.227,1,"NCKAP1"
0.000293527160099648,0.288195441307874,0.332,0.175,1,"UXS1"
0.175074249242918,-0.28774419124363,0.575,0.431,1,"NFIC"
0.191080714591522,-0.287425345473845,0.989,0.929,1,"KRT18"
5.48094097062516e-05,-0.287149011107931,0.572,0.341,1,"HMGCS1"
0.0455956577888434,-0.28706290267161,0.47,0.327,1,"GINM1"
0.00312911879542114,-0.286956990762035,0.264,0.147,1,"PLS1"
0.00530260411731328,-0.286946894703817,0.319,0.19,1,"MAP2K2"
0.170198541382141,-0.286271135596674,0.807,0.682,1,"LMNA"
0.0464232175043129,-0.285630268248713,0.28,0.185,1,"ABTB1"
0.00766624930081812,-0.285319093976215,0.298,0.18,1,"SEPT10"
0.337525369992248,-0.285247259743903,0.872,0.773,1,"UBE2D3"
0.000270561349247737,-0.285152391866792,0.41,0.227,1,"ADSS"
0.0570323787210093,-0.28469430766028,0.452,0.313,1,"PITHD1"
6.55556368675115e-05,0.284463685475609,0.36,0.194,1,"WDR34"
0.000313903486798028,0.284161735038361,0.273,0.137,1,"VSNL1"
0.0201440397539438,-0.283518458934941,0.262,0.166,1,"PGGT1B"
0.800398825905755,-0.283101134305155,0.75,0.63,1,"APMAP"
0.478789617747555,-0.282279474510657,0.72,0.64,1,"TMEM219"
0.00466209961112532,-0.280288832595303,0.461,0.284,1,"LMF2"
0.0195308050230896,-0.279739362586576,0.942,0.853,1,"CHCHD10"
0.0180363603556085,-0.278806847642886,0.564,0.389,1,"ARL6IP5"
0.28755821757238,-0.278620347590815,0.724,0.559,1,"MAP1LC3B"
0.00302305074182749,-0.277065011686608,0.276,0.156,1,"ADAM15"
0.00670429463655071,-0.276889304380565,0.6,0.412,1,"PPP1R2"
0.0234268290496758,-0.276712705424822,0.497,0.336,1,"TMEM259"
0.036076146561626,-0.276365928231262,0.307,0.204,1,"UCK1"
5.20465868257838e-05,0.27513145739577,0.689,0.479,1,"IFNGR1"
0.0966867642287046,-0.274852081274852,0.427,0.299,1,"LDHD"
0.237007554001118,-0.274597575644543,0.792,0.607,1,"CAMTA1"
0.030717737196002,-0.273045438604809,0.449,0.299,1,"CLDN15"
0.256522431324531,-0.270091561588234,0.815,0.725,1,"SELK"
0.74300993392629,-0.270012492001078,0.818,0.682,1,"ARPC5"
0.0197948670177074,-0.268656792757059,0.276,0.175,1,"RCHY1"
0.000693849064251653,-0.26837268378983,0.267,0.137,1,"SBNO1"
0.0375292339573163,-0.267213510438375,0.519,0.36,1,"VPS51"
7.94934190790572e-05,0.266735679042054,0.32,0.161,1,"PSMD10"
0.0115421330214674,-0.266504264779118,0.352,0.223,1,"KIF21A"
0.0651970338736491,-0.266187048238009,0.592,0.403,1,"SLC25A13"
0.0138441598717448,-0.266165286524576,0.385,0.242,1,"SEPT11"
8.06875535556081e-05,0.266157791808125,0.301,0.147,1,"CD58"
0.0123797389884551,-0.265280280311451,1,0.986,1,"HSPB1"
0.10363102002053,-0.26495778337481,0.5,0.351,1,"C19orf66"
0.0738254847626585,-0.264527945952021,0.5,0.37,1,"FAM120A"
0.000533537810650249,-0.264156530398833,0.484,0.289,1,"VWA1"
0.00452307322654614,-0.263669987623503,0.272,0.156,1,"AGTR1"
0.285644410593809,-0.262603843779796,0.459,0.351,1,"ATPAF1"
0.000671714702555504,-0.262211531520501,0.271,0.137,1,"KATNBL1"
0.00014865875669256,-0.261860824771102,0.356,0.185,1,"PTPRA"
0.00230477253609881,-0.261635631727091,0.392,0.232,1,"KIAA1033"
0.000343439138129178,-0.261170686930294,0.28,0.137,1,"DCP1A"
0.00220232349917374,-0.260890096163586,0.436,0.261,1,"SLCO2B1"
0.90505099905942,-0.259717565680595,0.701,0.564,1,"COPZ1"
0.110117673751024,-0.259126985799702,0.859,0.777,1,"NDFIP1"
0.00125503771354433,-0.259053279794781,0.319,0.175,1,"CENPV"
0.0653286570549964,-0.257457643789616,0.375,0.265,1,"TMEM242"
0.0017385966219123,-0.257096539553791,0.404,0.237,1,"ERBB2IP"
0.270396666927598,-0.25538564952177,0.652,0.493,1,"CCNC"
0.0830354800190874,-0.255181514351953,0.616,0.455,1,"NR1I3"
0.342375311952944,-0.2538738681038,0.792,0.63,1,"ARF4"
0.00888515363524164,-0.253269612367056,0.323,0.199,1,"CNPPD1"
0.00391219315601309,-0.252317151509966,0.355,0.213,1,"ARID1A"
0.0180601082556934,-0.252091438866793,0.452,0.303,1,"SNX6"
0.0210079342703976,-0.251619525727051,0.429,0.28,1,"ELP2"
0.0003046376484306,-0.251261296992746,0.34,0.18,1,"LYRM7"
0.541977185864413,-0.250161075613744,0.741,0.559,1,"PSMB8"
