"p_val","avg_log2FC","pct.1","pct.2","p_val_adj","gene"
1.45557217753513e-164,10.2350954408591,0.928,0,3.01317996471548e-160,"ALDH3A1"
2.09624421364865e-110,8.46877131938924,0.744,0,4.33943514667407e-106,"GAGE1"
2.01174204668415e-179,8.39720743070946,0.972,0.018,4.16450721084085e-175,"CHI3L1"
2.06534678357896e-67,7.29095031979809,0.548,0,4.2754743766868e-63,"FABP6"
4.30131138286765e-65,7.11679699081394,0.536,0,8.90414469367433e-61,"SERTAD4-AS1"
1.39548934943008e-44,6.5481276034596,0.41,0,2.8888025022552e-40,"ODAM"
1.893183272516e-33,6.2089892482239,0.329,0,3.91907869243537e-29,"GSTA3"
6.75452674390891e-37,6.14404561406997,0.355,0,1.39825458125658e-32,"DKK4"
1.1698271423392e-39,6.12052044631824,0.376,0,2.42165916735639e-35,"GAGE13"
1.69974815709872e-37,6.00530343711825,0.36,0,3.51864866001006e-33,"GAGE2A"
5.94080438189703e-31,5.92074323069933,0.309,0,1.2298059150965e-26,"RP11-20G13.3"
1.40334464039359e-69,5.74984349598493,0.57,0.006,2.90506374007876e-65,"TFF2"
4.40376454910095e-110,5.60713018613634,0.769,0.034,9.11623299309387e-106,"CYP17A1"
1.69553263810747e-44,5.60364745767879,0.415,0.003,3.50992211414627e-40,"MAPT"
5.92767430963982e-47,5.58263617533156,0.432,0.003,1.22708785883854e-42,"RP11-492E3.2"
6.27728498526848e-29,5.55775243512931,0.292,0,1.29946076480043e-24,"EGFR-AS1"
8.13097297534576e-35,5.51443721772087,0.345,0.003,1.68319271562633e-30,"TMEM52B"
3.37660851496729e-98,5.4079046918261,0.716,0.025,6.98991728683379e-94,"MINCR"
2.17476204788075e-27,5.40025407501202,0.279,0,4.50197491531795e-23,"UGT3A2"
8.08868500135399e-28,5.3922551196054,0.283,0,1.67443868213029e-23,"SLC22A11"
6.37229677527147e-90,5.38915164313561,0.67,0.006,1.31912915544895e-85,"AP1M2"
7.54635574511094e-58,5.36998636469346,0.507,0.009,1.56217110279542e-53,"TRIM16L"
1.28370382357123e-72,5.36017736333925,0.594,0.015,2.65739528517481e-68,"BIRC5"
4.16879977515093e-28,5.34542872650935,0.285,0,8.62983241453993e-24,"SPESP1"
1.71320693008812e-92,5.30787446605014,0.696,0.031,3.54650966597542e-88,"IL17RB"
2.21594735343298e-38,5.26261944471693,0.385,0.012,4.58723261634161e-34,"CDC20"
1.63678875881128e-25,5.1926977711211,0.263,0,3.38831640961523e-21,"CPLX2"
1.91342993483332e-183,5.14133750340529,1,0.175,3.96099130809846e-179,"SPP1"
2.33516003254655e-32,5.03538875834156,0.33,0.006,4.83401478337462e-28,"TMEM92"
6.1933270022802e-105,5.03529845687853,0.745,0.025,1.28208062274202e-100,"SEPT4"
3.23779691987228e-32,5.00907514252269,0.332,0.009,6.70256340382761e-28,"LINC00176"
1.32253583850546e-25,5.00701572398299,0.264,0,2.73778143929016e-21,"FERMT1"
4.60943761942952e-58,4.94088206670415,0.516,0.015,9.54199681598106e-54,"PRKCDBP"
1.03740398958914e-75,4.91189391654291,0.617,0.021,2.14752999884848e-71,"RPL39L"
6.9811210001818e-159,4.66878262634721,0.941,0.129,1.44516185824763e-154,"LGALS3BP"
2.13686246096947e-38,4.66451826478545,0.409,0.031,4.42351898045289e-34,"CCNB1"
5.19307814498976e-25,4.64479016750326,0.269,0.006,1.07501910679433e-20,"CDT1"
1.27192295959538e-152,4.59903234862565,0.948,0.218,2.63300771865839e-148,"BHMT"
5.04138528882456e-72,4.58502207992521,0.608,0.034,1.04361716863957e-67,"TTLL4"
2.79149804834773e-189,4.56798625174529,1,0.552,5.77868010988464e-185,"AKR1C2"
2.07512400596544e-186,4.50171454601365,0.998,0.322,4.29571420474905e-182,"NME1"
2.81210154949629e-49,4.46984460311331,0.448,0.003,5.82133141761227e-45,"RP3-460G2.2"
4.56097529875625e-40,4.45117580614292,0.408,0.021,9.44167496595531e-36,"CENPM"
1.61503538641916e-23,4.43943499584179,0.251,0.003,3.3432847534263e-19,"RP11-242J7.1"
2.9734242730286e-95,4.39274369776154,0.715,0.031,6.1552855875965e-91,"PFN2"
5.46524330325866e-41,4.35873917691799,0.392,0.003,1.13136001620757e-36,"SSUH2"
1.73835541295823e-92,4.30820919370454,0.72,0.064,3.59856954036483e-88,"G6PD"
2.24416151010374e-189,4.2924943198351,1,0.675,4.64563874206575e-185,"GGH"
3.6025211727188e-48,4.23765274533825,0.467,0.021,7.45757907964519e-44,"C1QTNF3"
1.39627010732839e-188,4.21970198121443,1,0.561,2.8904187491805e-184,"AKR1C1"
2.86163903793892e-23,4.19045527670759,0.258,0.009,5.92387897243736e-19,"RP11-845C23.3"
1.42089754388721e-41,4.12343099268899,0.415,0.015,2.94140000560092e-37,"NOTUM"
1.98109997218077e-38,4.11539469051655,0.392,0.018,4.10107505241141e-34,"TOP2A"
2.57667781783848e-21,4.11293812872085,0.25,0.015,5.33398075070744e-17,"DSCC1"
5.54695661458576e-66,4.08114998310689,0.588,0.037,1.1482754887854e-61,"TLCD1"
1.76817682080238e-22,4.0531355093619,0.275,0.025,3.66030283674301e-18,"AURKA"
8.00654730422798e-40,4.04518767223476,0.403,0.018,1.65743535744823e-35,"KCCAT211"
9.62512244822861e-36,4.03729311451839,0.385,0.028,1.9924965980078e-31,"UBE2C"
3.60590412037055e-57,4.01506399347964,0.529,0.025,7.46458211957907e-53,"NLE1"
1.52599034282497e-62,4.00968686830214,0.563,0.028,3.15895260868197e-58,"PTGES"
1.214548483265e-180,4.00625686322489,0.991,0.383,2.51423681520687e-176,"STRA13"
3.96604650270358e-24,4.0044233385169,0.275,0.015,8.21011286524668e-20,"CTD-3065J16.9"
2.03052763180532e-33,3.99799176937494,0.353,0.015,4.2033952506002e-29,"HRASLS2"
6.98518301616756e-28,3.99380248494313,0.304,0.012,1.44600273617685e-23,"HSPB9"
5.93082648766355e-30,3.96640082451098,0.322,0.012,1.22774039121123e-25,"RP1-27K12.2"
2.61011695382905e-51,3.9608923256351,0.502,0.037,5.40320310612151e-47,"RP13-650J16.1"
1.05420032363649e-38,3.96062633308792,0.404,0.021,2.1823000899599e-34,"PRRT3-AS1"
7.99861419728371e-27,3.95225249302541,0.291,0.009,1.6557931249797e-22,"HHIPL2"
1.38179546677658e-39,3.92049092226609,0.407,0.021,2.8604547957742e-35,"RNF43"
4.33338858971476e-43,3.91842072312329,0.438,0.025,8.97054771956852e-39,"HEXIM2"
4.9571673392238e-48,3.90183703376423,0.481,0.034,1.02618321089272e-43,"FBXO32"
5.01127169601125e-31,3.84167328783537,0.332,0.012,1.03738335379129e-26,"CBX2"
3.46509615055287e-97,3.79258393271739,0.763,0.104,7.1730955412595e-93,"TUBG1"
6.2609895784575e-93,3.77103552222748,0.74,0.083,1.29608745263649e-88,"SKAP1"
7.75979063626777e-50,3.75094817310697,0.496,0.037,1.60635425961379e-45,"SLC26A6"
1.71517705803837e-182,3.74159157893512,0.995,0.46,3.55058802784524e-178,"TKT"
2.09614103496112e-32,3.7392961353361,0.344,0.012,4.33922155647301e-28,"SLC16A4"
4.57083027655827e-75,3.67874045433808,0.661,0.077,9.46207575550327e-71,"ABCG2"
8.73877640334255e-43,3.66518769154798,0.448,0.037,1.80901410325594e-38,"BYSL"
1.03629225642316e-56,3.65882311601744,0.534,0.037,2.14522860002159e-52,"SNAI2"
7.48077998226228e-31,3.65852825408489,0.35,0.028,1.54859626412811e-26,"RRM2"
2.86840022472107e-94,3.65803799618013,0.751,0.095,5.93787530519509e-90,"TMEM99"
1.94288392208404e-36,3.64899953412258,0.379,0.015,4.02196400710618e-32,"CNTNAP2"
1.25631439868732e-35,3.647344320556,0.381,0.021,2.60069643672262e-31,"SLC28A1"
1.55597185703567e-107,3.62971743820333,0.806,0.141,3.22101734124954e-103,"BOP1"
2.87716071003374e-175,3.62620448757904,0.991,0.414,5.95601038584084e-171,"AKR1C4"
3.02664433768043e-166,3.62545996504106,0.978,0.319,6.26545644343225e-162,"ALDH1L1"
2.71070848677912e-44,3.56403725850452,0.441,0.021,5.61143763848147e-40,"TRIM16"
1.39412235610233e-181,3.54958312388514,0.995,0.488,2.88597268936744e-177,"PHB"
3.56193644888087e-32,3.53722184518063,0.342,0.012,7.37356464282829e-28,"RP11-410L14.2"
3.92647661955684e-112,3.53721496614505,0.823,0.117,8.12819925014461e-108,"PYCARD"
2.03909112322806e-64,3.51976445734943,0.582,0.034,4.22112253419442e-60,"BBOX1"
5.81835203120717e-38,3.50762195263345,0.416,0.037,1.2044570539802e-33,"WDR4"
2.11383973031476e-77,3.50406597724262,0.678,0.092,4.37585962572458e-73,"C17orf58"
7.3579215694199e-26,3.48890844083583,0.284,0.009,1.52316334408561e-21,"FADS6"
9.02584474577784e-51,3.48774539484857,0.486,0.025,1.86844012082347e-46,"CGREF1"
2.27771560085109e-96,3.48006601971843,0.757,0.077,4.71509906532185e-92,"RAC3"
1.10100138525321e-84,3.46248371630668,0.709,0.092,2.27918296761266e-80,"RRS1"
5.96505628841378e-38,3.45565453826162,0.418,0.037,1.23482630226454e-33,"NME6"
9.51858433177734e-35,3.45448243117658,0.373,0.021,1.97044214252123e-30,"ZWINT"
5.03673740572273e-27,3.45039093681723,0.313,0.021,1.04265501035866e-22,"KRT222"
6.77065299409159e-38,3.44847671097407,0.385,0.012,1.4015928763069e-33,"WLS"
1.67288843223723e-71,3.44606038458846,0.63,0.052,3.46304634357429e-67,"MAGEC2"
1.02982268419503e-51,3.42826194684605,0.483,0.015,2.13183593855213e-47,"TK1"
2.74213438800444e-33,3.42594415186418,0.371,0.028,5.676492396608e-29,"UBE2T"
2.46050262397012e-183,3.42256925694006,0.997,0.567,5.09348648188055e-179,"ATP5G1"
7.78858318952427e-22,3.41979768843266,0.264,0.021,1.61231460606342e-17,"MCM2"
3.6354432808348e-39,3.41194675034312,0.412,0.028,7.52573113565612e-35,"CBR3"
1.02083558728837e-128,3.41084896884242,0.901,0.239,2.11323174924565e-124,"CCL15"
1.10989950484485e-166,3.39465327451727,0.996,0.344,2.29760296497932e-162,"ADH4"
5.19889270929884e-27,3.37469640315064,0.303,0.015,1.07622277975195e-22,"TSACC"
4.03853257807914e-34,3.36793500549591,0.378,0.028,8.36016628988162e-30,"MAD2L1"
1.55379977226168e-24,3.35954131605789,0.284,0.018,3.2165209085589e-20,"CDK1"
2.29215880371616e-30,3.35576691813385,0.358,0.034,4.74499793957283e-26,"MPI"
1.09156502185797e-58,3.33054464089996,0.586,0.071,2.25964875174819e-54,"NR2C2AP"
6.01722313865106e-53,3.32125341515106,0.518,0.037,1.24562536193216e-48,"PHYHD1"
8.12952808833657e-86,3.32013700807173,0.742,0.135,1.68289360956655e-81,"NSRP1"
5.82212193972156e-186,3.3183293095818,1,0.819,1.20523746274176e-181,"SQSTM1"
2.43387185393151e-67,3.30752374920358,0.616,0.058,5.03835812482361e-63,"TOP1MT"
8.81654831908014e-61,3.30231838567118,0.581,0.058,1.82511366753278e-56,"RP11-81H14.2"
1.88058456383719e-32,3.29960219739618,0.344,0.012,3.89299810559937e-28,"YTHDF3-AS1"
2.10223681094954e-34,3.28954131506148,0.399,0.04,4.35184042234665e-30,"CTBP1-AS2"
7.2050004638491e-83,3.27772305117468,0.69,0.064,1.4915071460214e-78,"RAB40B"
1.02151201898355e-34,3.27702122533532,0.388,0.031,2.11463203049784e-30,"DHRS13"
3.57360953181843e-40,3.27286702155555,0.411,0.018,7.39772909181734e-36,"NKD1"
4.77372947537936e-180,3.26218485921815,0.999,0.586,9.88209738698281e-176,"CBR1"
3.04227167329002e-44,3.25907082139809,0.449,0.028,6.29780659087767e-40,"SEMA6A"
4.33654387739804e-52,3.23513233411879,0.534,0.058,8.97707948060168e-48,"ZNF830"
1.7824721732036e-122,3.22707761140852,0.882,0.227,3.68989564574878e-118,"PGD"
1.68605790603257e-87,3.22212903091535,0.751,0.156,3.49030847127802e-83,"TACO1"
7.88671160147529e-42,3.19979998862135,0.465,0.052,1.6326281686214e-37,"C6orf226"
3.10016403277716e-40,3.19869590592293,0.423,0.025,6.41764956425199e-36,"GGT1"
2.25506122960201e-20,3.19496376806948,0.273,0.037,4.66820225139913e-16,"GINS2"
1.26533703840984e-22,3.18498296059151,0.26,0.012,2.61937420321221e-18,"PIK3CD-AS2"
8.5357488916066e-179,3.18156024226901,0.997,0.598,1.76698537805148e-174,"SNHG25"
1.15908303862346e-95,3.17553853951353,0.784,0.169,2.39941779825442e-91,"HLF"
1.9176581401674e-43,3.16459073535689,0.475,0.049,3.96974411596054e-39,"DPH2"
3.76862428146724e-23,3.15911030191654,0.287,0.028,7.80142912506533e-19,"NUDT6"
2.27384110143868e-79,3.15878080168033,0.706,0.104,4.70707846408822e-75,"UTP18"
4.64850780832731e-53,3.15133242528724,0.532,0.046,9.62287601401836e-49,"CCDC137"
2.16971318811471e-43,3.13993766256043,0.464,0.04,4.49152327071627e-39,"MAGEF1"
4.97481178456503e-109,3.13693791756814,0.837,0.199,1.02983578752281e-104,"MRPS23"
6.75578154746763e-56,3.12948195255721,0.566,0.061,1.39851433814127e-51,"HRCT1"
5.26087738537896e-23,3.1264574015308,0.269,0.015,1.0890542275473e-18,"MALL"
3.29802381410615e-33,3.12105216814872,0.364,0.021,6.82723909758115e-29,"CDHR2"
1.00711318398579e-69,3.11786373567315,0.683,0.141,2.08482500216899e-65,"FASN"
6.13983016014619e-29,3.10023496217701,0.348,0.034,1.27100624145186e-24,"RP1-28O10.1"
4.4781454036911e-56,3.09984042008632,0.598,0.098,9.27020880018095e-52,"RAD51C"
6.06746545762101e-186,3.0910525542442,1,0.877,1.25602602438212e-181,"GLUL"
2.54750882270277e-35,3.0746909075445,0.394,0.031,5.27359801387701e-31,"SP5"
5.82941614493066e-51,3.07070294631452,0.539,0.067,1.20674743616209e-46,"TSEN54"
2.86666241737573e-74,3.06981651838866,0.69,0.098,5.9342778702095e-70,"CTAG2"
2.00741073960431e-39,3.05572886417243,0.423,0.028,4.15554097205487e-35,"KLHDC8B"
1.16165838268398e-72,3.05567442087679,0.654,0.067,2.40474901799411e-68,"NPM3"
1.34650197695197e-22,3.05512175632639,0.275,0.021,2.78739374248828e-18,"CCDC24"
2.85398325043866e-64,3.04071182699028,0.619,0.08,5.90803072673307e-60,"PRR34-AS1"
7.08031389588585e-134,3.04036195337242,0.914,0.304,1.46569577958733e-129,"MRPS7"
2.46732252824433e-110,3.03876789158034,0.878,0.27,5.10760436571858e-106,"SCD"
2.96077971007099e-75,3.03535065361224,0.691,0.098,6.12911007781795e-71,"MINA"
3.932506252385e-101,3.03266893888622,0.819,0.209,8.14068119306218e-97,"TMEM261"
1.25674784140997e-60,3.03166651308595,0.67,0.144,2.60159370650278e-56,"PTTG1"
3.05272744549503e-36,3.03164091953928,0.408,0.037,6.31945108491925e-32,"CD3EAP"
1.03796908801223e-163,3.02398266810448,0.998,0.577,2.14869980909413e-159,"ADH1B"
4.64045006394833e-38,3.02371944012726,0.431,0.043,9.60619567737944e-34,"CCDC51"
1.1222820927439e-53,3.01807902358865,0.532,0.04,2.32323616018916e-49,"RALY-AS1"
4.06771687755604e-45,3.00772987891286,0.487,0.052,8.42058070822877e-41,"AMACR"
7.12075827454752e-83,2.99630214841965,0.752,0.153,1.47406817041408e-78,"ARL4D"
1.59408245688992e-168,2.99505085077047,0.995,0.543,3.29991009400783e-164,"PTGR1"
9.43299007504117e-88,2.98511317372637,0.753,0.117,1.95272327543427e-83,"MRPL45"
1.30614771220931e-77,2.96706236954144,0.762,0.196,2.70385637904448e-73,"KPNA2"
2.77387473952794e-63,2.96176273037309,0.633,0.104,5.74219809829678e-59,"CMB9-22P13.1"
8.48245375469767e-94,2.96129308703431,0.778,0.156,1.75595275175996e-89,"ICT1"
3.63663660958053e-54,2.95359990483788,0.553,0.055,7.52820144549265e-50,"GOSR2"
3.65144998655392e-64,2.95248117229278,0.638,0.092,7.55886661716527e-60,"SPARCL1"
3.07475541930884e-39,2.95038224512091,0.442,0.043,6.36505119351123e-35,"METTL2A"
3.70766283063901e-51,2.92716077753699,0.519,0.046,7.67523282570582e-47,"SPATC1L"
4.76097683288913e-33,2.92469464335894,0.377,0.034,9.85569814176378e-29,"CENPH"
1.33313354207218e-78,2.91614604091869,0.732,0.16,2.75971974544363e-74,"MFSD3"
2.78032880520072e-21,2.91407856123827,0.261,0.021,5.75555865964601e-17,"RP11-713M15.2"
6.60996634730822e-26,2.91211816706677,0.319,0.031,1.36832913355627e-21,"TGM3"
2.53847327194147e-50,2.89001966134868,0.549,0.077,5.25489352024603e-46,"FAM133A"
2.72692611241427e-51,2.87451743426076,0.554,0.074,5.64500974530879e-47,"FTSJ3"
1.07631874123277e-88,2.87168561741381,0.776,0.163,2.22808742622595e-84,"DCAF13"
6.41187704912689e-44,2.87141178135495,0.498,0.064,1.32732266793976e-39,"NUP85"
4.49891969491757e-94,2.86991484995654,0.795,0.169,9.31321366044886e-90,"OXLD1"
2.59346698312338e-178,2.86830053117521,0.999,0.761,5.3687360017637e-174,"ENO1"
6.9481306022942e-56,2.84755163245729,0.586,0.083,1.43833251598092e-51,"RP11-706C16.7"
2.36368585312846e-20,2.8424078913598,0.256,0.021,4.89306608456123e-16,"TSPAN10"
1.34159432598861e-101,2.84111935893748,0.825,0.212,2.77723441422902e-97,"METTL23"
7.54083621667547e-26,2.83919786007492,0.315,0.028,1.56102850521399e-21,"HIST1H2AE"
4.19740174758424e-48,2.83648175272834,0.542,0.08,8.68904135767414e-44,"C19orf48"
8.66118589878518e-24,2.83172585257823,0.281,0.018,1.79295209290752e-19,"TMPRSS3"
1.06937587408051e-32,2.82890878243613,0.361,0.021,2.21371499693406e-28,"HLA-DOB"
1.47877515942695e-30,2.82546152057178,0.363,0.034,3.06121245752972e-26,"RP11-1094M14.11"
1.34038273720582e-107,2.82193115318674,0.856,0.212,2.77472630428977e-103,"LY6E"
7.53780995971161e-117,2.82176033285757,0.871,0.294,1.5604020397599e-112,"EXOSC4"
1.38269701308569e-86,2.8198320250324,0.781,0.206,2.8623210867887e-82,"PRPSAP1"
1.56737870087259e-156,2.81691768340206,0.968,0.475,3.24463064867634e-152,"MRPL12"
4.71608160446551e-33,2.81466822693567,0.39,0.04,9.76276052940406e-29,"TCEB3-AS1"
8.52220377461025e-84,2.81352146200359,0.765,0.187,1.76418140338207e-79,"IFI35"
1.25430034596037e-27,2.81335901485602,0.339,0.034,2.59652714617256e-23,"TEFM"
3.66851395298689e-82,2.80929807076439,0.741,0.12,7.59419073407817e-78,"TMEM101"
2.71897342649131e-80,2.8055002634066,0.732,0.123,5.62854689017967e-76,"MRPL10"
1.48741795043068e-142,2.80122160608126,0.952,0.402,3.07910389918656e-138,"C17orf89"
1.84972468559635e-28,2.79754632608513,0.374,0.055,3.82911507165299e-24,"EEF2KMT"
1.07246407145283e-51,2.79424167491763,0.548,0.064,2.2201078743145e-47,"BACE2"
1.56759710668668e-63,2.77592093931253,0.623,0.089,3.24508277055209e-59,"PLEKHF1"
2.64258755526624e-59,2.77071574922294,0.609,0.08,5.47042049815663e-55,"EFTUD2"
9.07744792722994e-80,2.76784482646978,0.743,0.166,1.87912249541587e-75,"NSMCE2"
1.13974473047583e-86,2.75819588323097,0.78,0.184,2.35938556655802e-82,"TOM1L1"
2.47523693923747e-25,2.75800610053009,0.31,0.028,5.12398798791548e-21,"ZNRF3"
1.05375586806002e-163,2.756800604214,0.987,0.571,2.18138002247104e-159,"EIF3H"
3.83220804526866e-140,2.75060590061516,0.953,0.414,7.93305387451064e-136,"RAB5C"
8.81102872956392e-49,2.75027769684915,0.526,0.061,1.82397105730703e-44,"RRP9"
8.01560468472869e-32,2.74671159123003,0.392,0.046,1.65931032578569e-27,"LYNX1"
2.00913215535027e-54,2.74097574547534,0.599,0.107,4.1591044747906e-50,"CD163"
6.43813591983564e-136,2.7259849975172,0.934,0.371,1.33275851676518e-131,"PSMC5"
1.25531896484281e-113,2.7258929723441,0.874,0.313,2.59863578912109e-109,"PSMD3"
3.94925931671309e-27,2.72139165618741,0.336,0.034,8.17536171152777e-23,"MYO19"
1.41033605163613e-29,2.71558266814114,0.33,0.018,2.91953666049196e-25,"RP11-166P13.3"
3.38545290430087e-70,2.6995420304771,0.7,0.135,7.00822605719324e-66,"LINC01420"
1.45201907125922e-42,2.69919118684794,0.498,0.071,3.00582467941371e-38,"RAB11FIP4"
5.79865182017989e-30,2.69411274427005,0.375,0.046,1.20037891329544e-25,"KIF9"
1.54069014819875e-19,2.68633360575533,0.266,0.034,3.18938267578622e-15,"ZNF883"
2.6701851882716e-122,2.68092535444878,0.914,0.344,5.52755035824105e-118,"CCT5"
7.04908865711983e-64,2.67986080823998,0.657,0.129,1.45923184291038e-59,"PTRH2"
6.84468379593409e-25,2.67971565768199,0.315,0.034,1.41691799259632e-20,"RP11-128M1.1"
4.63016712833556e-42,2.67791916246786,0.508,0.08,9.58490897236745e-38,"RNASEH2A"
9.32310527885674e-22,2.6741119235431,0.282,0.031,1.92997602377613e-17,"XYLT2"
1.04661398820055e-23,2.67034619979148,0.314,0.04,2.16659561697395e-19,"ZC2HC1A"
1.68537556792506e-28,2.66877151862272,0.325,0.025,3.48889596316167e-24,"TCTEX1D2"
1.64282656689783e-97,2.66825753998997,0.846,0.233,3.40081527613519e-93,"IMPDH2"
1.83692551252951e-52,2.66075738311345,0.588,0.107,3.80261950348734e-48,"BCAT2"
8.80418294083156e-41,2.65968968516529,0.454,0.049,1.82255391058154e-36,"KIAA0101"
1.10003206505848e-22,2.65720015012632,0.296,0.034,2.27717637787755e-18,"SRD5A2"
3.40310334020005e-33,2.65704423451044,0.404,0.046,7.04476422454813e-29,"MESP1"
2.26992929764286e-146,2.65586017551185,0.951,0.46,4.69898063905048e-142,"PUF60"
2.93388958446641e-55,2.65397018872325,0.605,0.101,6.07344482880392e-51,"TRMT1"
2.2637029029601e-48,2.64126986675357,0.546,0.086,4.6860913794177e-44,"GLI4"
2.64279678379616e-70,2.63941064729238,0.707,0.163,5.47085362213643e-66,"NOP16"
2.58220342241267e-34,2.62007746712161,0.447,0.077,5.34541930473646e-30,"RFC4"
1.39049097808727e-38,2.61472479103359,0.482,0.074,2.87845537373847e-34,"KIAA1143"
4.61504928032828e-86,2.61261931508888,0.792,0.215,9.55361351520757e-82,"TSKU"
2.64158858686319e-32,2.60924366186258,0.37,0.028,5.46835253366548e-28,"CTC-338M12.5"
2.15023383708779e-59,2.59802310040361,0.63,0.11,4.45119906615543e-55,"NOL11"
1.16872005881348e-103,2.59202465877472,0.849,0.267,2.41936739374978e-99,"GPS1"
2.79084827538397e-23,2.59181574735927,0.292,0.028,5.77733501487236e-19,"ACACA"
4.75431072496934e-36,2.59120488490038,0.406,0.034,9.84189863175903e-32,"STEAP2"
5.48358479641073e-77,2.58803271640487,0.741,0.163,1.13515688870498e-72,"TMEM199"
1.92403826459248e-123,2.582377349636,0.917,0.334,3.98295161153289e-119,"SNF8"
1.14394566583431e-41,2.58185413208876,0.495,0.071,2.36808192284361e-37,"PPAN"
1.24002024827974e-134,2.58102097438312,0.951,0.393,2.56696591596388e-130,"KRT10"
1.50549144843794e-61,2.58019285473408,0.656,0.144,3.11651784741138e-57,"EPB41L2"
1.37837463193149e-176,2.57724932236892,0.998,0.868,2.85337332556137e-172,"NPM1"
5.44033362827728e-29,2.57659132837844,0.346,0.031,1.12620346438968e-24,"RHBG"
6.93734026402358e-68,2.56979170000822,0.702,0.166,1.43609880805552e-63,"SMYD2"
2.79480457982016e-47,2.56849216924202,0.529,0.067,5.78552496068571e-43,"NAT9"
1.23549185596052e-135,2.56295686453453,0.942,0.5,2.55759169102388e-131,"SLC9A3R1"
1.56451708109475e-84,2.54901569309251,0.78,0.227,3.23870680957424e-80,"ASPSCR1"
5.20370952463242e-158,2.54833901731421,0.997,0.583,1.07721990869416e-153,"ANXA2"
1.23838792601533e-111,2.54789258174333,0.913,0.39,2.56358684564432e-107,"HN1"
7.208943993227e-69,2.54495718411233,0.699,0.144,1.49232349603792e-64,"SQLE"
5.33432843019522e-35,2.5445325186247,0.448,0.071,1.10425932833471e-30,"RPP40"
1.73269751399193e-132,2.54448682625863,0.961,0.5,3.5868571237147e-128,"ADH1A"
6.79584077307707e-40,2.54429556405356,0.46,0.055,1.40680699843468e-35,"C17orf75"
1.49155814051617e-34,2.53995569950684,0.396,0.034,3.08767450668252e-30,"B3GNTL1"
3.05197592367397e-137,2.53801247702306,0.944,0.454,6.31789535959749e-133,"MIEN1"
1.00828766121298e-172,2.53412248205446,0.996,0.712,2.087256287477e-168,"ANAPC11"
3.92857978005894e-47,2.53071579030853,0.519,0.064,8.13255300270001e-43,"SSX2IP"
1.0442607269601e-27,2.52955861430443,0.368,0.052,2.16172413088009e-23,"GATB"
2.4252545464302e-20,2.52918975004778,0.284,0.04,5.02051943656516e-16,"LDLRAD1"
1.02745871107493e-84,2.52884429774502,0.772,0.181,2.12694227779622e-80,"TMEM98"
4.46111248944184e-86,2.52838879786161,0.811,0.245,9.23494896439356e-82,"TIMM8A"
1.64655811792585e-22,2.52694341371428,0.29,0.031,3.40853995991831e-18,"GALNS"
1.18908459813154e-21,2.52691221930499,0.267,0.021,2.46152402659211e-17,"CEP131"
4.44656522894502e-44,2.52195388283918,0.535,0.095,9.2048346804391e-40,"POLR3H"
2.53317524533622e-34,2.51515528938174,0.438,0.064,5.24392607537051e-30,"NINJ2"
9.25918878348923e-68,2.51325794934637,0.708,0.156,1.91674467007011e-63,"PTDSS1"
3.14514886361948e-34,2.50409616609275,0.421,0.052,6.51077266257869e-30,"FDXR"
2.51202533839094e-46,2.50343802511391,0.539,0.083,5.20014365300309e-42,"TBCD"
1.49446615344244e-36,2.49936041787448,0.381,0.015,3.09369438424119e-32,"MAGEH1"
5.11616507817365e-151,2.49600995065383,0.978,0.549,1.05909733283273e-146,"NHP2"
7.79400823499226e-78,2.47775725509153,0.76,0.202,1.61343764472575e-73,"MLX"
3.68877616149462e-49,2.47775208652328,0.57,0.101,7.63613553191001e-45,"NAGS"
2.07648876666076e-56,2.47506441204245,0.645,0.141,4.29853939586444e-52,"DTYMK"
1.48598197196772e-104,2.47469473270091,0.869,0.334,3.07613128017038e-100,"VPS25"
2.69033977962289e-72,2.47246356197637,0.762,0.242,5.56927237779735e-68,"SLC25A10"
5.37063777751776e-62,2.46749271910933,0.666,0.129,1.11177572632395e-57,"CBX1"
2.03776206240792e-31,2.46308701143887,0.366,0.034,4.21837124539064e-27,"CBX8"
6.97411715310028e-24,2.45257468486057,0.335,0.052,1.44371199186329e-19,"SLC13A3"
6.65544943134914e-41,2.45024417378376,0.443,0.037,1.37774458678359e-36,"DHRS11"
2.19551233867319e-64,2.44837093744771,0.685,0.132,4.54493009228736e-60,"ATP6V0E2"
1.24388287942197e-123,2.44298758512194,0.929,0.436,2.57496194869142e-119,"CCDC124"
2.33348033357441e-85,2.44204325629429,0.812,0.252,4.83053763853238e-81,"SMARCE1"
1.0888881816088e-169,2.4400014192077,0.998,0.699,2.25410742474837e-165,"PSMB3"
3.61099877162396e-32,2.43984887072561,0.413,0.058,7.47512855713876e-28,"PYCRL"
2.36185028545797e-23,2.43727240541382,0.327,0.052,4.88926627592654e-19,"ACTA2"
2.36520971549801e-20,2.43661278120656,0.289,0.043,4.89622063205243e-16,"OTUD6B"
3.70324457227526e-24,2.4351461097656,0.309,0.034,7.66608658906701e-20,"TBC1D16"
3.62281171549876e-75,2.43387891559936,0.754,0.19,7.49958253225397e-71,"P4HA1"
5.53563330650613e-28,2.42858923762549,0.357,0.043,1.14593145077983e-23,"SYNE4"
2.86172312163825e-83,2.42557064779029,0.8,0.258,5.92405303410335e-79,"C8orf33"
4.68853044675371e-30,2.42503860677176,0.363,0.037,9.70572687782486e-26,"G6PC3"
1.34879204164401e-56,2.41918597295575,0.667,0.175,2.79213440540726e-52,"RUVBL1"
1.29942408158419e-115,2.41883255868666,0.925,0.426,2.68993779128743e-111,"OSGIN1"
1.88778569891453e-43,2.41866643180219,0.509,0.074,3.90790517532298e-39,"MTERF3"
4.34449148086072e-17,2.4070323356615,0.297,0.077,8.99353181452978e-13,"LMNB1"
8.79302691877383e-80,2.40408604451147,0.783,0.23,1.82024450245537e-75,"SAP30BP"
1.21363464483319e-45,2.40034291905933,0.562,0.104,2.51234507826918e-41,"THEM6"
2.79616878380209e-149,2.39645785433652,0.974,0.577,5.78834899934871e-145,"COA3"
3.35814866025814e-60,2.39616804606072,0.65,0.132,6.95170354160038e-56,"NOB1"
5.85558634865644e-108,2.39544325964292,0.885,0.34,1.21216493003537e-103,"EIF3D"
1.18522956935287e-26,2.39119789658097,0.344,0.04,2.45354373151738e-22,"CCDC86"
4.13941197247254e-57,2.39075059483821,0.632,0.113,8.56899672421541e-53,"ERAL1"
1.15592983817807e-71,2.38697496328291,0.74,0.19,2.39289035801242e-67,"EMG1"
4.87973911481475e-77,2.37353539097519,0.778,0.242,1.0101547941578e-72,"GNL3"
6.48174444788184e-53,2.36719783062332,0.611,0.126,1.34178591815602e-48,"CWC27"
1.23772760741633e-86,2.3647739341882,0.809,0.248,2.56221992011255e-82,"ATP6V1C1"
4.7907431216232e-50,2.36456345875721,0.589,0.117,9.91731733607218e-46,"TMCC1"
5.42842888745642e-60,2.36224774908255,0.661,0.123,1.12373906399235e-55,"FAM104A"
2.0386296847689e-20,2.35936464411705,0.289,0.043,4.2201673104401e-16,"POLG2"
7.81584791141612e-35,2.35709835642205,0.472,0.092,1.61795867614225e-30,"TIPARP-AS1"
1.65144389130885e-183,2.35641414004745,1,0.963,3.41865399939845e-179,"GAPDH"
7.64849198983553e-58,2.35057417145029,0.643,0.132,1.58331432681585e-53,"GPATCH4"
1.44943106146307e-19,2.34141259849636,0.26,0.028,3.0004672403347e-15,"XXbac-BPG252P9.9"
3.10705321768171e-59,2.33998700016152,0.657,0.138,6.43191086592292e-55,"TKFC"
1.60983051782882e-66,2.33754648640263,0.748,0.273,3.33251015495744e-62,"TXNRD1"
3.72411400603423e-24,2.33463151069982,0.345,0.058,7.70928840389145e-20,"INTS8"
2.49790531168411e-72,2.32740595585281,0.773,0.261,5.17091378571728e-68,"EMC2"
1.82088500884957e-19,2.32716050483024,0.277,0.04,3.76941405681949e-15,"CTD-2020K17.4"
6.50865540248784e-23,2.32669795762343,0.302,0.037,1.34735675486901e-18,"PXN-AS1"
1.61150900088902e-34,2.32509176401692,0.462,0.083,3.33598478274036e-30,"GNPDA1"
2.35848418627282e-20,2.32335590704981,0.282,0.04,4.88229811400337e-16,"COG1"
2.78527552333063e-36,2.31679209091063,0.444,0.061,5.76579886084673e-32,"HABP4"
3.71310413302952e-151,2.31593082115239,0.999,0.629,7.68649686578441e-147,"GPX2"
1.83528222898759e-31,2.30987213050224,0.386,0.043,3.79921774222721e-27,"LRRC45"
3.99075609469042e-57,2.30873196092816,0.672,0.16,8.26126419161863e-53,"MRTO4"
1.65639706610146e-21,2.30557946147803,0.297,0.04,3.42890756653663e-17,"FAM169A"
5.14544006992272e-28,2.30484064186857,0.359,0.046,1.0651575488747e-23,"MCM3"
1.3807844681233e-37,2.30342406181082,0.501,0.098,2.85836192746204e-33,"ST3GAL4"
2.62453297151421e-63,2.30117707070051,0.695,0.169,5.43304570433157e-59,"ECE2"
5.82574902251984e-29,2.30072192704738,0.411,0.077,1.20598830515183e-24,"RP11-539L10.3"
3.47482944967612e-32,2.29979107218637,0.421,0.064,7.19324444377453e-28,"TMEM42"
1.24735281395604e-31,2.29826153073292,0.407,0.058,2.58214506017041e-27,"WIPI1"
5.52066940059826e-23,2.29743048074398,0.315,0.043,1.14283377261785e-18,"RP5-827C21.4"
2.01219884007195e-35,2.29187028492813,0.44,0.064,4.16545281883295e-31,"METAP1"
2.55438531681458e-104,2.28924297439705,0.898,0.448,5.28783304433785e-100,"ALDH3A2"
5.11957113506947e-60,2.28431195626863,0.687,0.184,1.05980242067073e-55,"ATIC"
5.75166809966354e-43,2.28276191121841,0.517,0.089,1.19065281331135e-38,"PRKAA2"
3.54752928306687e-42,2.28217208557867,0.539,0.107,7.34374036887673e-38,"MTMR4"
4.87193825433756e-182,2.28146492001444,1,0.997,1.00853993803042e-177,"RPL19"
5.2580261246004e-33,2.27837781453223,0.458,0.089,1.08846398805353e-28,"MVK"
2.0392865681537e-31,2.27271211105457,0.438,0.083,4.22152712473498e-27,"CHCHD6"
7.10502355493285e-101,2.27110721792614,0.884,0.383,1.47081092610665e-96,"LRRC59"
1.13325695566981e-38,2.26931456149574,0.485,0.074,2.34595522393208e-34,"EPDR1"
8.70256625334409e-33,2.26848318806722,0.424,0.064,1.80151824010476e-28,"DUSP14"
3.36167199360863e-40,2.26839124124151,0.525,0.101,6.95899719396923e-36,"GEMIN6"
4.08188788493693e-35,2.26803703042741,0.429,0.055,8.44991611060794e-31,"RBM15B"
8.6933199166422e-17,2.26610509638953,0.262,0.049,1.7996041559441e-12,"MCM4"
1.00365297082174e-131,2.26368802646899,0.986,0.656,2.07766201489808e-127,"TUBB"
2.0531772488103e-74,2.26209549337259,0.794,0.267,4.25028222276219e-70,"CMSS1"
1.7505784671398e-88,2.25489915018485,0.835,0.261,3.62387248482611e-84,"ABRACL"
1.03074300283449e-28,2.25478008783958,0.39,0.061,2.13374109016768e-24,"UCK2"
2.05544368533621e-23,2.25383621388065,0.341,0.058,4.25497397301448e-19,"DDX55"
1.25510294377856e-35,2.25330662894691,0.483,0.098,2.598188603916e-31,"SLC25A38"
2.31568953816636e-102,2.25189230634118,0.899,0.383,4.79370891295818e-98,"AIMP1"
9.12356747570937e-36,2.25139170513908,0.473,0.089,1.8886697031466e-31,"LAS1L"
1.09049294342186e-67,2.25088881983303,0.749,0.255,2.25742944217759e-63,"DDX49"
3.21106909270947e-43,2.24609626426213,0.555,0.12,6.64723412881787e-39,"PKN1"
3.96256335350517e-34,2.24316214530487,0.454,0.083,8.20290239809106e-30,"B9D1"
3.54185899696053e-61,2.23735978718493,0.681,0.153,7.33200230960799e-57,"AATF"
1.59794270836261e-36,2.23591708896376,0.505,0.11,3.30790120058145e-32,"HMBS"
7.4069801694174e-43,2.23325791518,0.529,0.092,1.5333189648711e-38,"CDC27"
4.71224239806644e-36,2.22208769964673,0.477,0.089,9.75481298823734e-32,"PNO1"
4.23595358320793e-42,2.21835544531753,0.544,0.11,8.76884751259874e-38,"LRRC61"
5.48476102637127e-173,2.21820996619829,1,0.914,1.13540038006912e-168,"CES1"
1.2178261210889e-49,2.21636949782801,0.571,0.089,2.52102185326613e-45,"MIF4GD"
7.73625717131298e-92,2.21078467742422,0.833,0.298,1.6014825970335e-87,"NMT1"
7.18417670070979e-42,2.20942238285317,0.568,0.141,1.48719641881393e-37,"SAC3D1"
4.85624441061198e-104,2.20778396799936,0.879,0.38,1.00529115544078e-99,"POLDIP2"
5.78946230992358e-28,2.207251435279,0.377,0.055,1.19847659277728e-23,"ENPP7"
2.2409774171603e-37,2.20666171921946,0.478,0.08,4.63904735126353e-33,"C12orf73"
1.1286010951862e-100,2.20566912572538,0.888,0.344,2.33631712714496e-96,"AQP9"
3.27114857915474e-114,2.2033777526509,0.921,0.426,6.77160467370822e-110,"MRPL27"
1.08048082285297e-28,2.19499797910411,0.344,0.031,2.23670335138794e-24,"FAM3B"
3.43818776398212e-16,2.19292998252778,0.254,0.046,7.11739249021939e-12,"TIPIN"
5.04559321937085e-49,2.19210949930093,0.547,0.077,1.04448825234196e-44,"COA7"
1.75949008685663e-21,2.1891321668106,0.32,0.055,3.64232042880191e-17,"LINC00649"
1.44846144221749e-155,2.1887921207568,0.994,0.798,2.99846003153442e-151,"EIF3E"
5.77318956754115e-52,2.18702243140664,0.624,0.141,1.19510797237669e-47,"FN3KRP"
1.69764448496321e-68,2.18627324961803,0.758,0.273,3.51429384832235e-64,"RGS14"
1.91994716400601e-63,2.18516810212602,0.743,0.255,3.97448262420885e-59,"GSTA4"
5.09169993703436e-86,2.18347276558285,0.832,0.319,1.05403280396548e-81,"SLC35B1"
4.70327112616478e-117,2.18124635858944,0.944,0.488,9.73624155827371e-113,"C8orf59"
5.51054470786284e-43,2.18085011748602,0.555,0.117,1.14073785997469e-38,"CHDH"
1.54907361649918e-17,2.17902081004429,0.267,0.046,3.20673729351495e-13,"SNX11"
1.31723787859131e-74,2.17196336674222,0.795,0.313,2.72681413247188e-70,"ASPH"
6.23780816706819e-52,2.1711842413782,0.62,0.132,1.29128866866479e-47,"ACSS3"
1.54232258303413e-31,2.17057551732705,0.436,0.077,3.19276197913895e-27,"RSAD1"
7.8862775554808e-68,2.16762064082518,0.765,0.264,1.63253831676008e-63,"PSMG4"
3.64167389846766e-61,2.16685726446828,0.691,0.172,7.53862913721791e-57,"SIRT7"
2.12897722815698e-31,2.16658531238611,0.445,0.089,4.40719576000777e-27,"SUSD3"
2.61044392640756e-84,2.15487660985421,0.826,0.347,5.40387997205629e-80,"AK4"
1.44588233687667e-19,2.15417739907501,0.283,0.046,2.9931210255684e-15,"FEN1"
1.66672335149565e-32,2.15031700816286,0.421,0.058,3.45028400993114e-28,"FADS1"
7.63457206819027e-83,2.14926183905017,0.811,0.285,1.58043276383607e-78,"COPS5"
3.67050008349037e-39,2.14844928504285,0.489,0.074,7.59830222283342e-35,"PNPO"
5.88020234385042e-58,2.14707219130116,0.71,0.224,1.21726068720048e-53,"NOP56"
5.88626250318124e-47,2.14596773248623,0.555,0.089,1.21851520078355e-42,"MED24"
6.10271655356751e-35,2.14457780913518,0.48,0.092,1.26332335375401e-30,"SUPT6H"
1.44461566149524e-45,2.1420463674769,0.627,0.178,2.9904988808613e-41,"BRIX1"
1.58397057174469e-62,2.14116679901242,0.712,0.181,3.27897748056869e-58,"ZNHIT3"
3.56991750736672e-64,2.13608257679809,0.727,0.202,7.39008623199985e-60,"MVB12A"
3.89652335317393e-106,2.13510135324435,0.935,0.405,8.06619299340536e-102,"ADIRF"
3.31933746982276e-39,2.13238638063708,0.49,0.08,6.8713604962801e-35,"TMEM161B-AS1"
4.8142869847991e-41,2.13188941494023,0.474,0.055,9.96605548723261e-37,"ENDOV"
2.86770553602572e-61,2.13130677280006,0.703,0.19,5.93643723012684e-57,"SCRN2"
1.27834356382268e-59,2.13060261626158,0.691,0.166,2.64629901146932e-55,"VAT1"
2.91276178990866e-18,2.12992414182129,0.254,0.034,6.02970818128991e-14,"SPATA24"
1.58398999252919e-30,2.12576297504499,0.397,0.052,3.27901768353468e-26,"SLC46A1"
2.91002060543596e-95,2.12366522574447,0.888,0.387,6.02403365531297e-91,"TATDN1"
3.71951387575258e-41,2.12364879547495,0.523,0.089,7.69976567419542e-37,"KAT2A"
5.7056534401882e-22,2.12008327459546,0.266,0.018,1.18112731865336e-17,"ARF4-AS1"
4.88242863221254e-19,2.11452524214892,0.28,0.043,1.01071155115432e-14,"DYRK4"
9.08547130844904e-18,2.11366607958593,0.256,0.037,1.88078341556204e-13,"ZNF623"
5.9646337755314e-41,2.11288651221108,0.571,0.144,1.23473883787275e-36,"CIAPIN1"
1.32368893835149e-62,2.1096419301949,0.733,0.248,2.74016847128142e-58,"PIR"
5.22811213475624e-179,2.10894125979937,1,0.991,1.08227149301589e-174,"RPL7"
3.79012719289969e-21,2.10784406933491,0.29,0.037,7.84594230202164e-17,"CTD-3138B18.5"
1.91910608037165e-30,2.10535556535197,0.469,0.117,3.97274149697736e-26,"THUMPD3"
3.11011477449318e-71,2.10347527660701,0.744,0.184,6.43824859467833e-67,"MYC"
5.20205872497516e-53,2.10323514803251,0.667,0.19,1.07687817665711e-48,"ALKBH2"
3.76288622745077e-43,2.09969071953005,0.576,0.135,7.78955077944584e-39,"RBFA"
1.21423479069748e-28,2.09773714519661,0.368,0.043,2.51358744022285e-24,"RCCD1"
2.09064477453908e-116,2.09712123479732,0.956,0.73,4.32784374777336e-112,"MTDH"
9.94913128399477e-176,2.09614807923908,1,0.957,2.05956966709976e-171,"RPL27"
6.49295093272747e-31,2.09350284351903,0.364,0.034,1.34410577258391e-26,"CCDC28B"
7.22374496777352e-30,2.09234686383759,0.383,0.049,1.4953874457788e-25,"PAAF1"
2.93679946336436e-57,2.09232607585637,0.652,0.129,6.07946856911057e-53,"SRP68"
1.09692529952037e-69,2.09205656240207,0.762,0.199,2.27074506253713e-65,"STEAP1"
1.29664576063124e-25,2.09198667209151,0.374,0.067,2.68418638908273e-21,"CKMT2-AS1"
3.16949734535836e-70,2.08635801357453,0.759,0.202,6.56117645462634e-66,"COMMD4"
2.80403661782585e-40,2.08569669099595,0.557,0.135,5.80463620256129e-36,"RNFT1"
3.82067382375464e-39,2.08562582268832,0.533,0.12,7.90917688255449e-35,"ACLY"
1.4493665501741e-26,2.08053401672103,0.368,0.058,3.00033369551541e-22,"SNUPN"
1.75216378841556e-49,2.08046212862242,0.602,0.123,3.62715425839905e-45,"CD320"
4.68020216460368e-66,2.07982842703263,0.783,0.276,9.68848650094607e-62,"TMEM97"
2.6008641840561e-144,2.07875064326034,0.985,0.69,5.38404894741453e-140,"ATP5H"
1.1835448046115e-121,2.07398697005566,0.956,0.58,2.45005610002628e-117,"TMEM14A"
2.14790771738811e-94,2.0715713475211,0.87,0.374,4.44638376576514e-90,"TAF9"
1.02167792549789e-18,2.06982330803523,0.282,0.046,2.11497547357318e-14,"FAAP100"
1.62251756770873e-85,2.06831231069872,0.877,0.429,3.35877361691385e-81,"IGFBP2"
2.43018211655571e-61,2.06173770112073,0.727,0.227,5.03071999948197e-57,"IFRD2"
1.86550570328674e-27,2.06149330368392,0.369,0.055,3.86178335637387e-23,"PPARG"
2.33819417834933e-132,2.0594212668471,0.967,0.632,4.84029576860095e-128,"TCEB1"
1.73342915816156e-72,2.05621849403206,0.807,0.322,3.58837170031025e-68,"OTUD6B-AS1"
2.4412490431659e-26,2.05556549893789,0.364,0.058,5.05362964425773e-22,"KANSL1-AS1"
1.35842603183784e-172,2.04880125807461,1,0.939,2.81207772850751e-168,"RPL23"
8.32078012885887e-23,2.04872767912325,0.297,0.034,1.72248469447508e-18,"TMEM44-AS1"
1.32966029086595e-22,2.04862688804011,0.335,0.061,2.7525297681216e-18,"MCM5"
6.00694049636732e-58,2.0443098739827,0.718,0.236,1.243496752153e-53,"ST3GAL1"
3.08975198628747e-38,2.04399727690157,0.416,0.031,6.39609558681369e-34,"TYMS"
5.8939032532705e-69,2.04220079914564,0.777,0.242,1.22009691245953e-64,"ZFAND1"
3.59795070602659e-27,2.04062922223272,0.414,0.086,7.44811775654565e-23,"COG4"
6.59037697145857e-28,2.04040762143731,0.404,0.074,1.36427393686164e-23,"RAE1"
1.61349484627778e-133,2.03653043314824,0.976,0.623,3.34009568127963e-129,"TALDO1"
3.29920268102138e-23,2.03594970498481,0.289,0.025,6.82967946998236e-19,"ZNF579"
1.18593588080781e-96,2.03379884253492,0.927,0.301,2.45500586686024e-92,"SELM"
1.35763835857871e-39,2.03141236439293,0.567,0.144,2.81044716609378e-35,"BOLA1"
6.1964541122372e-57,2.03007648163644,0.675,0.181,1.28272796577422e-52,"ADSL"
9.73791244079361e-165,2.02994057444316,1,0.966,2.01584525436869e-160,"RPL23A"
7.72521243961377e-90,2.02905829540828,0.926,0.482,1.59919622712445e-85,"STMN1"
1.0737314050967e-17,2.02833042072599,0.282,0.055,2.22273138169067e-13,"KNSTRN"
9.98401923451078e-32,2.02365572793423,0.438,0.08,2.06679182173608e-27,"ZNF503"
5.80594172558417e-32,2.01789037670298,0.413,0.061,1.20188799661318e-27,"DCAKD"
1.26597884661415e-35,2.01439314888065,0.498,0.101,2.62070281037596e-31,"EIF2B1"
1.53580055147674e-56,2.0102079310304,0.684,0.172,3.179260721612e-52,"NT5C"
5.62625634096252e-33,2.0093639567298,0.456,0.086,1.16469132514265e-28,"CCDC43"
3.02808482812059e-33,2.00736416175167,0.434,0.067,6.26843840269243e-29,"GHDC"
4.01930323699561e-16,2.00470793373641,0.255,0.046,8.32035963090462e-12,"XRCC4"
8.61231881416866e-29,2.0015815452995,0.4,0.067,1.78283611772105e-24,"NUSAP1"
1.39434337369958e-54,1.99868858059646,0.678,0.172,2.88643021789549e-50,"DDX41"
2.44576947460558e-57,1.99851451688885,0.714,0.233,5.06298738938101e-53,"WDR45B"
6.2471243814696e-19,1.99834767579708,0.27,0.037,1.29321721820802e-14,"MLLT6"
2.78808796242264e-126,1.997434664672,0.978,0.696,5.77162089101112e-122,"PPP1R16A"
1.31698728343071e-185,1.99631530090013,1,0.991,2.72629537542991e-181,"RPL8"
1.02324659802363e-19,1.99257519410959,0.272,0.034,2.11822278256872e-15,"SLC26A11"
1.93849567687609e-28,1.99132739600072,0.35,0.034,4.01287990070119e-24,"GSDMB"
2.2838202218509e-23,1.99009764823838,0.371,0.08,4.72773624125355e-19,"INTS12"
1.8289240806549e-55,1.98909077442318,0.653,0.15,3.7860557393637e-51,"C20orf27"
3.29567288070733e-30,1.98837301049775,0.355,0.028,6.82237243035225e-26,"PAGE4"
3.00383528855423e-38,1.98571640998525,0.558,0.147,6.21823943083611e-34,"C11orf74"
4.53206234979289e-68,1.98511696050376,0.791,0.294,9.38182227030626e-64,"PSMD12"
2.62460391468411e-143,1.9838200396591,0.978,0.678,5.43319256378757e-139,"CYC1"
3.66679302473867e-76,1.98321983317602,0.821,0.344,7.59062824051152e-72,"FAM50A"
2.29203696592278e-36,1.98237715462661,0.545,0.138,4.74474572315675e-32,"CCL16"
1.88477084798834e-62,1.97903612615189,0.747,0.264,3.90166413242066e-58,"CYHR1"
1.11644237838687e-113,1.97878226479972,0.96,0.604,2.31114736749867e-109,"LSM4"
2.78878021749751e-73,1.97793174232959,0.824,0.365,5.77305392824159e-69,"POLR2G"
5.69952231976182e-26,1.97662237792608,0.367,0.061,1.17985811541389e-21,"RP11-545E17.3"
4.82326506075533e-39,1.97423957198386,0.512,0.095,9.9846410022696e-35,"CHCHD4"
2.34900549085115e-35,1.97332772159063,0.524,0.132,4.86267626661097e-31,"SUZ12"
9.65313158736866e-39,1.96947077181935,0.537,0.117,1.99829476990119e-34,"TMUB2"
2.53632118330825e-147,1.96935943753843,0.986,0.794,5.2504384815664e-143,"NDUFB9"
1.88143173066747e-23,1.9689180846904,0.327,0.046,3.89475182565473e-19,"NOP2"
2.79333296310757e-168,1.96879247113114,1,0.972,5.78247856692899e-164,"EIF1"
4.96481998228618e-78,1.96251564033222,0.834,0.359,1.02776738453306e-73,"NAA10"
4.72135492131261e-112,1.96137713645899,0.947,0.537,9.77367682260924e-108,"ADH5"
4.46458542325427e-91,1.95917752530519,0.895,0.426,9.24213828467867e-87,"SLC25A33"
3.33989393674218e-111,1.9591749113269,1,0.702,6.91391443844998e-107,"CYP2E1"
9.36648930237756e-43,1.95789183742382,0.623,0.202,1.93895695048518e-38,"GIPC1"
2.47871257922641e-67,1.95516938913358,0.777,0.258,5.13118291025659e-63,"ADH6"
3.84744179025079e-23,1.95492736842027,0.346,0.061,7.96458924999815e-19,"KRT23"
1.08692774223389e-73,1.95470719672096,0.808,0.27,2.25004911919837e-69,"SMIM4"
7.55935163290922e-25,1.9531195852579,0.344,0.049,1.56486138152854e-20,"CCBL1"
4.5757830269589e-65,1.95271434725054,0.773,0.282,9.47232844410761e-61,"MRPL3"
3.59258827625722e-33,1.95155062850031,0.516,0.141,7.43701699068007e-29,"AKAP1"
1.01477978040357e-54,1.95091535344872,0.675,0.166,2.10069562341343e-50,"GSS"
1.39391505659788e-30,1.95078180725665,0.387,0.049,2.88554355866327e-26,"AARSD1"
5.65936197152728e-39,1.95057388219988,0.562,0.141,1.17154452172586e-34,"C15orf61"
7.26833264417951e-68,1.94832450923939,0.806,0.304,1.5046175406716e-63,"NDUFAF2"
3.78631312734206e-59,1.94342387017706,0.747,0.255,7.83804680491081e-55,"RARS"
1.14156354786543e-18,1.94280481443035,0.306,0.064,2.36315070043622e-14,"PRIM1"
4.54749424897043e-71,1.93551315104915,0.808,0.347,9.41376784479369e-67,"TNIP1"
3.81850782348563e-18,1.93533682932895,0.282,0.052,7.9046930453976e-14,"CPSF4"
3.67452724731914e-48,1.93490859517772,0.642,0.172,7.60663885467535e-44,"NME2"
2.34894252786667e-52,1.9349063974482,0.7,0.221,4.8625459269368e-48,"ARMC1"
7.19072129411961e-85,1.93331919212002,0.858,0.356,1.4885512150957e-80,"BID"
5.83289284915698e-35,1.92957029797887,0.496,0.11,1.20746714870399e-30,"ATAD3A"
1.92343790344016e-82,1.92846337639688,0.844,0.353,3.98170880391147e-78,"PSMD11"
8.007162214204e-27,1.92733197525745,0.361,0.049,1.65756264996237e-22,"HEXDC"
8.72487876005499e-90,1.92584023796558,0.89,0.319,1.80613715211898e-85,"GDF15"
1.0286385545814e-42,1.92378808010511,0.601,0.16,2.12938467183895e-38,"SCPEP1"
1.76583204679946e-29,1.92124457620902,0.439,0.089,3.65544892007957e-25,"TMEM52"
1.62918940907407e-51,1.9203793252701,0.691,0.212,3.37258499572423e-47,"MTFR1"
1.48526903657736e-68,1.91981733956248,0.799,0.301,3.07465543261879e-64,"KXD1"
1.10583911991776e-47,1.91824749275829,0.647,0.181,2.28919756214176e-43,"EXOSC5"
6.82342022481673e-26,1.91764301611583,0.404,0.086,1.41251622073931e-21,"APEX2"
4.79906953538149e-53,1.91667821758005,0.684,0.221,9.93455384519323e-49,"TERF1"
6.39735709686592e-20,1.91430906546574,0.312,0.058,1.32431689262221e-15,"TYSND1"
2.7102365139883e-17,1.91401279265065,0.268,0.046,5.61046060760719e-13,"YARS2"
1.47085059714377e-25,1.9139076661437,0.386,0.077,3.04480782114732e-21,"C7orf49"
9.09237213656804e-129,1.91245503416098,0.969,0.592,1.88221195599095e-124,"PSMD4"
6.66166688048454e-116,1.91061935858724,0.968,0.577,1.37903166092911e-111,"TUBA1B"
2.7795611785049e-65,1.90859136251276,0.778,0.313,5.75396959562299e-61,"SHARPIN"
1.84415155181422e-54,1.90749634689519,0.696,0.215,3.81757812741063e-50,"ZPR1"
1.14569645107765e-24,1.90429968190557,0.367,0.071,2.37170622337585e-20,"MAPKAPK5-AS1"
6.39451997585117e-46,1.90285250921245,0.62,0.15,1.32372958020095e-41,"ALDOC"
4.58060765494612e-47,1.90222664190881,0.621,0.15,9.48231590650396e-43,"MRPL46"
2.91071876345975e-43,1.89877952718781,0.573,0.12,6.02547891223802e-39,"AMT"
1.11484982662608e-44,1.89720619983506,0.625,0.169,2.30785062609866e-40,"PES1"
7.01355955755119e-96,1.89694089251364,0.96,0.647,1.45187696400867e-91,"H2AFZ"
4.81261605589282e-34,1.89680789635424,0.498,0.113,9.96259649730372e-30,"KIAA1429"
2.20434885032544e-25,1.89448287433401,0.367,0.061,4.5632225550587e-21,"TTLL12"
5.44599975928394e-39,1.89380198982813,0.563,0.15,1.12737641016937e-34,"ME1"
2.30923794824072e-46,1.89341348632041,0.606,0.138,4.78035347665311e-42,"ARL16"
1.62794176539126e-47,1.8918380269447,0.66,0.202,3.37000224853644e-43,"EEF1E1"
2.91952901875986e-63,1.88873498284337,0.771,0.301,6.04371702173479e-59,"TRAP1"
7.71409209859256e-54,1.88671520800076,0.706,0.224,1.59689420532965e-49,"RTCB"
1.41168302172175e-78,1.88450203880828,0.841,0.301,2.9223250232662e-74,"PLA2G16"
5.87581487879082e-50,1.88324156806526,0.67,0.184,1.21635243805849e-45,"PSME3"
1.4576527161527e-47,1.88217467991207,0.632,0.163,3.0174868877077e-43,"OGFOD3"
1.64992678641083e-47,1.88153724516399,0.656,0.193,3.41551344054907e-43,"TRAF4"
3.82836295201165e-77,1.87718619592743,0.845,0.402,7.92509414695932e-73,"BABAM1"
6.19561582866084e-46,1.87702932319888,0.667,0.221,1.28255443269108e-41,"TMEM161A"
1.20651967615446e-15,1.87637220096724,0.263,0.055,2.49761638160735e-11,"PRPF4"
2.56097424148831e-46,1.87532980035119,0.645,0.193,5.30147277730495e-42,"RFXANK"
2.01026253513283e-24,1.8717253118772,0.367,0.067,4.16144447397846e-20,"FOXK2"
5.82750985457336e-24,1.86965765351983,0.405,0.104,1.20635281499523e-19,"RP11-238F2.1"
5.02145822043907e-28,1.86850292869503,0.443,0.104,1.03949206621309e-23,"GTPBP3"
2.99806643021625e-21,1.86704960737215,0.306,0.046,6.20629731719067e-17,"TRIM37"
4.32393938397695e-21,1.86702889696516,0.35,0.08,8.95098691877069e-17,"TFB1M"
1.14058140495446e-35,1.8668551909071,0.528,0.129,2.36111756639624e-31,"LIPC"
1.99005984292064e-45,1.86681322734211,0.537,0.08,4.11962288083002e-41,"DDX52"
2.45402092791402e-44,1.86667796330873,0.616,0.16,5.0800687228748e-40,"ACSM1"
1.85682142978695e-75,1.86390557570096,0.831,0.399,3.84380604180197e-71,"COPRS"
3.03420150967839e-26,1.86249772404749,0.419,0.101,6.28110054518523e-22,"CENPN"
6.99912476278382e-21,1.86174894083696,0.31,0.052,1.44888881714388e-16,"ADAL"
1.99678736773458e-68,1.85902727292995,0.812,0.393,4.13354952994735e-64,"PSMD2"
3.52079471150405e-34,1.85894340016965,0.489,0.113,7.28839713228454e-30,"SLC41A3"
5.7084991630057e-174,1.85393369605808,1,0.982,1.18171641173381e-169,"RPL38"
6.45864433601958e-56,1.85234740996757,0.76,0.31,1.33700396399941e-51,"ZCCHC9"
1.04161631821845e-55,1.85232265070579,0.738,0.248,2.15624994034401e-51,"DDX39A"
6.23070970016363e-46,1.85142466933425,0.604,0.144,1.28981921503087e-41,"DLAT"
2.19564287358825e-36,1.84936138672503,0.521,0.117,4.54520031261504e-32,"RRP1"
8.06319998454703e-35,1.84855760466067,0.543,0.147,1.66916302880108e-30,"PAK1IP1"
1.25951068821524e-53,1.84832280263834,0.669,0.163,2.60731307567437e-49,"TAF15"
5.60746890251749e-67,1.84773190686445,0.806,0.356,1.16080213751015e-62,"CCDC47"
1.4786554921895e-18,1.84773050931256,0.278,0.046,3.06096473438147e-14,"RP11-390F4.6"
9.54581101449512e-42,1.84765562517563,0.581,0.147,1.97607833811063e-37,"C4orf27"
1.47539438663919e-31,1.84509656370872,0.447,0.083,3.05421391978179e-27,"PDRG1"
6.56826037792498e-41,1.84312141444129,0.604,0.166,1.35969558083425e-36,"RP4-665J23.1"
8.06036454601398e-76,1.84107786825676,0.834,0.365,1.66857606467035e-71,"POLR2H"
1.12990356997772e-43,1.84070985813742,0.597,0.147,2.33901338021088e-39,"C6orf1"
3.79002864449881e-74,1.84046771117584,0.834,0.344,7.84573829697699e-70,"TMEM106C"
4.70955334497783e-27,1.83878706582866,0.308,0.015,9.74924637943862e-23,"PCSK1N"
3.38527161916683e-22,1.83651761645573,0.385,0.098,7.00785077883726e-18,"CRYM"
8.61951187783108e-26,1.83618135519516,0.4,0.083,1.78432515382981e-21,"THG1L"
5.10160008385993e-57,1.8361188329776,0.769,0.39,1.05608223335984e-52,"PLOD1"
1.04626808485698e-37,1.83289737065617,0.649,0.242,2.16587956246244e-33,"PCNA"
2.12382275566506e-36,1.83259673760406,0.545,0.138,4.39652548650223e-32,"CECR5"
3.65909750838259e-42,1.83258379899726,0.577,0.144,7.57469775210281e-38,"SLC52A2"
4.37265868016769e-20,1.83247167390949,0.321,0.064,9.05184073381513e-16,"AFP"
1.09075190802022e-35,1.83194507926573,0.508,0.113,2.25796552479265e-31,"NSUN5"
2.06083729321711e-102,1.82871045920555,0.959,0.641,4.26613928068875e-98,"SPON2"
2.49189092516591e-15,1.82848419785767,0.268,0.061,5.15846340418595e-11,"THOC5"
1.18921387227015e-33,1.82608195781562,0.481,0.095,2.46179163698644e-29,"PPIL1"
3.11479668030729e-51,1.82483176036026,0.723,0.282,6.44794060790412e-47,"STX10"
1.29793305241514e-42,1.8247764456371,0.616,0.181,2.68685121180459e-38,"ACSF2"
3.26700034507714e-29,1.82375418586966,0.449,0.104,6.76301741434418e-25,"AKIP1"
4.16148063167588e-71,1.8208395359445,0.817,0.328,8.61468105563224e-67,"HMGA1"
9.4563405954162e-31,1.81850493123999,0.405,0.055,1.95755706665711e-26,"KIAA0196"
8.30365399767732e-23,1.81805678730363,0.341,0.061,1.71893941405918e-18,"CCDC127"
7.43576699754407e-89,1.81608654589659,0.909,0.472,1.5392781261616e-84,"MRPL13"
2.67930509258341e-34,1.81545243487712,0.455,0.074,5.54642947215692e-30,"FAM84B"
2.9007769355313e-31,1.81151383860409,0.467,0.098,6.00489833424334e-27,"SLC39A11"
8.55056921330428e-54,1.81149662341953,0.617,0.113,1.77005333284612e-49,"GSTM3"
6.36995873644161e-45,1.80760314259887,0.657,0.218,1.31864515803078e-40,"MRPS11"
3.36960100583663e-39,1.8071332092407,0.664,0.276,6.97541104218242e-35,"GPAM"
3.09269387419025e-56,1.80679354030962,0.762,0.294,6.40218558896123e-52,"DUT"
1.58775762177809e-39,1.80206114878452,0.564,0.132,3.28681705284282e-35,"RP11-140K17.3"
1.43083800196706e-23,1.80204924727474,0.366,0.071,2.96197774787202e-19,"HGH1"
4.05174707640704e-54,1.80123353818824,0.715,0.218,8.38752162287021e-50,"COASY"
1.27721299601204e-46,1.80110364239746,0.6,0.129,2.64395862304452e-42,"BLOC1S4"
1.0401444863917e-24,1.80085329937981,0.358,0.061,2.15320310127946e-20,"IL1R2"
7.83655546291981e-26,1.80080707834141,0.391,0.074,1.62224534637903e-21,"NEU4"
6.59786527499673e-25,1.80054147562106,0.405,0.098,1.36582409057707e-20,"TRMT2A"
5.4303481493556e-39,1.8004839619676,0.57,0.147,1.1241363703981e-34,"MRPS27"
1.30756896006267e-19,1.80035384086381,0.296,0.049,2.70679850422574e-15,"OBFC1"
3.82245193192217e-55,1.7986641894907,0.724,0.236,7.91285774427207e-51,"GCAT"
1.11777770022138e-34,1.79864901556753,0.566,0.181,2.31391161722829e-30,"ROBO1"
3.51208870093036e-33,1.7966310115481,0.498,0.11,7.27037481979593e-29,"ZDHHC4"
1.2648921590175e-35,1.79266089677718,0.559,0.163,2.61845325838212e-31,"YARS"
1.11824185744373e-41,1.79231964697519,0.618,0.178,2.31487246909426e-37,"AIMP2"
2.31599739536548e-20,1.7920848366641,0.308,0.055,4.79434620814607e-16,"UNK"
2.42024004587548e-112,1.78893154507992,0.971,0.669,5.01013891896682e-108,"RAN"
7.36428378780801e-40,1.78555645866322,0.623,0.209,1.52448038691414e-35,"RMDN1"
1.15672344875671e-55,1.78457772260931,0.738,0.239,2.39453321127127e-51,"COX11"
7.78746134626878e-64,1.78401583660801,0.785,0.328,1.6120823732911e-59,"LAPTM4B"
2.09113963104746e-22,1.78369420707723,0.361,0.077,4.32886815023134e-18,"LSS"
2.94935395209366e-26,1.78245964915579,0.35,0.046,6.10545761622908e-22,"MAPKAPK3"
1.82317042400603e-25,1.78058453494516,0.447,0.123,3.77414509473488e-21,"PNPLA4"
1.65287301772491e-37,1.78052478085145,0.558,0.144,3.42161243399233e-33,"UBL7"
2.26412125309978e-84,1.77974072243136,0.896,0.5,4.68695740604186e-80,"PA2G4"
3.48104826802908e-21,1.77904349192977,0.315,0.052,7.206118019647e-17,"FOLR2"
1.45831871142076e-50,1.77665547120878,0.728,0.261,3.01886556451211e-46,"TIMMDC1"
5.69575879474248e-32,1.77659823296497,0.509,0.132,1.17907902809964e-27,"TRIM55"
1.38697505502334e-45,1.7736860280509,0.607,0.138,2.87117706140383e-41,"SDF2"
3.1709566245617e-17,1.773531840329,0.295,0.064,6.56419730850518e-13,"PITPNA-AS1"
9.35097989619324e-27,1.77166653332193,0.394,0.071,1.93574634831096e-22,"ARSB"
3.20568525450454e-41,1.77039694276418,0.593,0.153,6.63608904534985e-37,"ARMC6"
4.15626199908396e-58,1.76408326564365,0.749,0.264,8.6038779643037e-54,"SLC25A18"
9.84946834356209e-114,1.76244830750654,0.957,0.623,2.03893844180079e-109,"CISD3"
2.21535165046796e-149,1.76229924283968,0.996,0.801,4.58599945163372e-145,"PSMA7"
1.35451858945643e-64,1.75939720268302,0.813,0.393,2.80398893203376e-60,"BHMT2"
7.444669958797e-67,1.75919262053601,0.779,0.258,1.54112112817057e-62,"ITPA"
1.05322399263637e-39,1.7582683989493,0.593,0.172,2.18027898715654e-35,"HGS"
1.86036144365231e-33,1.7577914652208,0.457,0.08,3.85113422450465e-29,"NUDCD1"
3.0137047780617e-18,1.75766441226004,0.363,0.11,6.23867026106552e-14,"CDKN3"
5.50283971281058e-42,1.75663326072313,0.621,0.196,1.13914284894892e-37,"NCBP2-AS2"
1.71076872905734e-23,1.75623147319059,0.363,0.074,3.54146234602161e-19,"CPSF3"
8.94458655969035e-74,1.75589441375489,0.842,0.383,1.8516188637215e-69,"PIPOX"
2.92314234304722e-45,1.75483437535896,0.545,0.083,6.05119696434205e-41,"PLPP2"
2.27175028563635e-78,1.75358898471705,0.871,0.433,4.70275026629581e-74,"CCT8"
1.27787957916424e-69,1.75188691135124,0.863,0.457,2.6453385168279e-65,"GCLM"
5.70892291688e-171,1.75138450888961,1,0.942,1.18180413302333e-166,"COX6C"
1.02188152282188e-51,1.75000101738928,0.637,0.144,2.11539694039358e-47,"C5orf45"
4.39028998909008e-138,1.74960677348444,0.989,0.785,9.08833930641537e-134,"ENY2"
2.64066964748957e-26,1.74884105009766,0.374,0.064,5.46645023726817e-22,"RFT1"
4.14485888499922e-25,1.74813393209589,0.401,0.086,8.58027237783688e-21,"ALG12"
1.69811410001882e-23,1.74617180064264,0.374,0.08,3.51526599844896e-19,"JMJD4"
4.72233711682565e-179,1.74565049874661,1,0.994,9.77571006554078e-175,"RPL30"
5.5292090559434e-40,1.74557838637073,0.538,0.117,1.14460156667084e-35,"RFFL"
1.36148554489431e-22,1.74437148236963,0.334,0.055,2.81841122648572e-18,"TAF6"
2.60735317983786e-28,1.74269274783855,0.358,0.043,5.39748181758236e-24,"SLC25A19"
1.07259606655089e-28,1.7409113977445,0.447,0.107,2.220381117367e-24,"TCOF1"
3.94722486410362e-136,1.73902698322106,0.991,0.764,8.17115019118091e-132,"SPCS1"
5.18658758696371e-25,1.73884915110193,0.354,0.055,1.07367549637736e-20,"AC091729.9"
1.20508447644043e-46,1.73877672498958,0.699,0.27,2.49464537467933e-42,"TAF12"
4.26462131246272e-44,1.73820406406668,0.602,0.15,8.82819257892908e-40,"HARS"
1.26123425707442e-58,1.73724496336856,0.76,0.301,2.61088103556976e-54,"WBP2"
3.6748363330476e-23,1.73658613669386,0.311,0.04,7.60727869304185e-19,"CCDC71"
2.71289495405488e-46,1.73604356653708,0.656,0.202,5.61596384438901e-42,"GAA"
2.30664744255826e-46,1.73506473003576,0.695,0.245,4.77499087083986e-42,"PDZD11"
9.05997319475221e-24,1.73478526675872,0.41,0.104,1.87550505104565e-19,"ZNHIT2"
1.85612527885952e-31,1.73386484341946,0.46,0.098,3.84236493976708e-27,"C2orf82"
1.36763541888141e-52,1.73170602270921,0.728,0.267,2.8311420806264e-48,"LSM10"
2.55672968824738e-98,1.7313619002605,0.941,0.561,5.29268612764091e-94,"CCT3"
1.40141197590504e-72,1.73118057066625,0.813,0.322,2.90106293132102e-68,"DNAJC7"
3.50171871881248e-23,1.73061724552268,0.4,0.101,7.24890791981372e-19,"TSSC1"
1.71292836986472e-20,1.72891452465751,0.264,0.025,3.54593301845696e-16,"RPUSD2"
2.14280417053902e-23,1.72793131708444,0.343,0.058,4.43581891343283e-19,"FN3K"
1.98829902066899e-49,1.72683644463017,0.672,0.209,4.11597780268687e-45,"DCTPP1"
6.64081154283473e-65,1.72268906683024,0.822,0.38,1.37471439748222e-60,"USE1"
3.9960581798781e-17,1.72194767717728,0.291,0.064,8.27224003816566e-13,"HEATR1"
5.81795441797966e-57,1.72152098718159,0.714,0.248,1.20437474406597e-52,"KPNB1"
4.63865230467284e-51,1.72082975356383,0.711,0.264,9.60247413590325e-47,"SMIM20"
3.45454121177802e-25,1.71886115569309,0.388,0.077,7.15124576250168e-21,"THAP3"
3.20499080418521e-86,1.7173683529662,0.895,0.54,6.6346514637438e-82,"GSDMD"
1.01458816684693e-103,1.7165709449647,0.967,0.564,2.10029896418983e-99,"FAM162A"
1.58982210583525e-28,1.71419247623783,0.481,0.129,3.29109074128955e-24,"EXOSC3"
1.8877133625933e-44,1.71163321049753,0.652,0.209,3.90775543190439e-40,"SRM"
2.29176873298762e-87,1.71159724016275,0.911,0.482,4.74419045415767e-83,"SLC25A39"
5.01507098926004e-42,1.70920394740433,0.569,0.132,1.03816984548672e-37,"STARD3"
1.97340691335431e-51,1.70853209074193,0.751,0.31,4.08514965133476e-47,"U2SURP"
4.43744186774533e-26,1.70651819604634,0.368,0.058,9.18594841041961e-22,"MAP7D3"
5.08376848151914e-23,1.70584045235925,0.401,0.101,1.05239091335928e-18,"ELP6"
3.83493430411095e-33,1.7057614213946,0.522,0.132,7.93869750294008e-29,"REXO4"
2.55625626136167e-20,1.70456650473813,0.309,0.052,5.2917060866448e-16,"UTP14A"
9.23779561267148e-112,1.7045143600219,0.962,0.641,1.91231606977912e-107,"NOP10"
9.83792761100378e-41,1.70409032675407,0.604,0.172,2.03654939475389e-36,"RPUSD3"
1.61228994917966e-51,1.7020061391765,0.714,0.23,3.33760142379682e-47,"IFT20"
1.15363527833462e-19,1.70054952468254,0.275,0.037,2.38814038968049e-15,"KIF2A"
4.81963281855399e-23,1.69811597283138,0.356,0.064,9.97712189768861e-19,"TMEM177"
8.93741634006692e-34,1.69777098747052,0.477,0.098,1.85013455655725e-29,"RHOT1"
2.58652580673744e-81,1.69752526405351,0.863,0.436,5.35436707252718e-77,"EMC3"
2.05427922198159e-34,1.69655990916569,0.536,0.132,4.25256341742409e-30,"LLNLR-245B6.1"
1.70672855960781e-26,1.69554947325443,0.414,0.092,3.53309879124412e-22,"LCMT1"
1.45356749882368e-66,1.69282288234939,0.853,0.402,3.00903007931489e-62,"CMBL"
1.10876253695048e-22,1.692646474204,0.337,0.058,2.29524932774119e-18,"METTL1"
2.40155570755731e-30,1.69057245033316,0.486,0.113,4.97146047021439e-26,"FAM83H"
4.20553378479037e-32,1.68865565681137,0.451,0.086,8.70587548789455e-28,"LRRC14"
1.63787959952059e-46,1.68796945986099,0.697,0.258,3.39057455896758e-42,"DRG1"
5.52040210831699e-37,1.68749630637948,0.556,0.147,1.1427784404427e-32,"COIL"
3.11264700393041e-89,1.68470642850954,0.923,0.503,6.44349056283633e-85,"SUPT4H1"
4.92705278073207e-20,1.6829970472968,0.355,0.089,1.01994919613935e-15,"CTD-2015H6.3"
2.41630535334398e-26,1.6822956915063,0.463,0.129,5.00199371195737e-22,"CUTC"
1.84745561100325e-33,1.67965105576098,0.452,0.074,3.82441786033784e-29,"CANT1"
7.97071073350451e-29,1.67759802039353,0.491,0.132,1.65001682894277e-24,"UBIAD1"
1.57924831979639e-42,1.67721159979276,0.557,0.113,3.26920194681051e-38,"UTP6"
5.41357071836376e-25,1.67588724229192,0.399,0.086,1.12066327440848e-20,"WDR12"
4.02112535716234e-17,1.67530914903686,0.275,0.052,8.32413160186175e-13,"TTF1"
3.2798011577393e-97,1.6745126025022,0.941,0.589,6.78951637663612e-93,"GALK1"
7.53046378720928e-25,1.67449400995643,0.376,0.071,1.55888130859019e-20,"RPS6KB1"
1.1720270698507e-20,1.67378232353692,0.317,0.055,2.42621323729793e-16,"CYP7B1"
2.04073338050808e-48,1.6735234459622,0.736,0.331,4.22452217098978e-44,"TUBB2A"
1.60535649985831e-105,1.67328091159286,0.966,0.641,3.32324849035669e-101,"SNHG8"
3.87861811185585e-36,1.67248694139353,0.513,0.11,8.02912735335279e-32,"COLGALT1"
1.72846701818083e-39,1.67225269763979,0.531,0.104,3.57809957433614e-35,"PRR7"
2.09263145535858e-51,1.67005321766972,0.753,0.334,4.33195637573781e-47,"MRPS18C"
3.36147839811239e-18,1.66888507537357,0.259,0.034,6.95859643193247e-14,"RP11-91G21.1"
9.3294948072008e-45,1.66607007778874,0.655,0.212,1.93129872003864e-40,"DCAF4L2"
8.18030108182068e-44,1.66556525944567,0.592,0.144,1.6934041269477e-39,"AMZ2"
3.07223724504288e-19,1.66446560492511,0.304,0.055,6.35983832096326e-15,"PDCD2L"
3.87574555591817e-22,1.66324637731274,0.381,0.092,8.0231808753062e-18,"HS1BP3"
1.05394979013512e-31,1.66241834497148,0.474,0.101,2.18178146055872e-27,"C15orf40"
1.06746754381897e-29,1.6617847462272,0.43,0.083,2.20976456245964e-25,"CH17-340M24.3"
6.92915080178655e-54,1.65929619184417,0.768,0.334,1.43440350747783e-49,"IK"
3.68603160657786e-35,1.65905219331813,0.562,0.16,7.63045402877682e-31,"ZSCAN31"
3.79846739314142e-136,1.6577326692093,0.99,0.816,7.86320735054205e-132,"C19orf53"
1.12377125904049e-30,1.65760425559349,0.486,0.12,2.32631888333973e-26,"RP11-119D9.1"
1.11781613990775e-138,1.65640967020297,0.998,0.834,2.31399119122304e-134,"BTF3"
4.81005021101189e-76,1.65585784284622,0.88,0.509,9.95728494181572e-72,"NAPRT"
7.14113560674669e-16,1.65327261674412,0.266,0.055,1.47828648195263e-11,"DHX8"
1.30437294343378e-40,1.65246784772515,0.652,0.218,2.70018243020227e-36,"MRPS2"
1.87765242678749e-31,1.64966597351744,0.531,0.169,3.88692828869279e-27,"MCM7"
4.56539818338609e-60,1.64810455635769,0.784,0.319,9.45083077942753e-56,"TBCB"
6.58547601949669e-17,1.64695062142873,0.277,0.055,1.36325939079601e-12,"UQCC1"
2.84104209391414e-19,1.64689959790881,0.352,0.092,5.88124123861167e-15,"NACC1"
3.49098988996712e-30,1.64679322415013,0.49,0.126,7.22669817122093e-26,"COQ10A"
3.84566288205334e-99,1.64630805570523,0.944,0.613,7.96090673213861e-95,"SNRPB"
2.77473046851557e-22,1.64203292490506,0.377,0.086,5.74396954287408e-18,"SRRD"
1.27105517708501e-33,1.64156031426527,0.526,0.132,2.63121132208368e-29,"UBE2Z"
2.07085412788452e-78,1.64081847144836,0.88,0.475,4.28687513013374e-74,"MRPL24"
6.349369631879e-121,1.63899607596084,0.978,0.693,1.31438300749527e-116,"VPS28"
1.96084355341958e-47,1.63859104468509,0.635,0.16,4.05914223993387e-43,"AP2B1"
3.6378143709422e-73,1.63652948643958,0.883,0.475,7.53063952928746e-69,"MIR4458HG"
1.11383642488045e-62,1.63411257521228,0.825,0.39,2.30575278314501e-58,"ZCRB1"
1.03100651638309e-31,1.63002158232123,0.463,0.089,2.13428658956463e-27,"TAOK1"
4.03238919960364e-17,1.62936299846972,0.275,0.052,8.34744888209949e-13,"NDC1"
1.59394969177574e-18,1.62885863950257,0.291,0.052,3.29963525694496e-14,"LIG3"
1.11156987673036e-32,1.62800103294999,0.489,0.113,2.30106080181952e-28,"YDJC"
1.13829390721339e-55,1.62519463066138,0.761,0.331,2.35638221732245e-51,"PCYT2"
8.16849655551137e-14,1.62453404915446,0.255,0.061,1.69096047195641e-09,"MTHFD1L"
6.78902596650233e-47,1.62246061245215,0.713,0.279,1.40539626532565e-42,"PRPF6"
9.71124591031696e-44,1.6223245106885,0.666,0.215,2.01032501589471e-39,"PHAX"
8.74319112233452e-50,1.62174889226073,0.719,0.27,1.80992799423447e-45,"NUDCD2"
3.72627694593516e-29,1.62171143106739,0.533,0.172,7.71376590578037e-25,"CSE1L"
1.32222751608414e-47,1.62060953414841,0.696,0.264,2.73714318104578e-43,"COMMD5"
1.37951466056522e-39,1.62045704330459,0.547,0.117,2.85573329883606e-35,"CDKN2AIPNL"
2.19528351772807e-21,1.61934448887759,0.349,0.074,4.54445641004887e-17,"WDR5"
4.05660370367204e-27,1.61814484185478,0.413,0.083,8.39757532697148e-23,"MFAP1"
1.52492312767814e-120,1.61731955687553,0.985,0.721,3.15674336660651e-116,"VDAC1"
1.9036070996976e-33,1.61714646914291,0.578,0.184,3.940657057084e-29,"SFXN4"
5.48989487334454e-21,1.6166814793986,0.353,0.08,1.13646313773105e-16,"RP11-49I11.1"
5.80620456034471e-24,1.61642822009286,0.434,0.117,1.20194240603696e-19,"GPKOW"
1.17402029418366e-27,1.61508249832944,0.496,0.153,2.43033941098959e-23,"GYG1"
1.49422372940803e-28,1.61488651992961,0.544,0.184,3.09319254224757e-24,"DHFR"
4.32128348007839e-31,1.61484352911231,0.499,0.132,8.94548893211029e-27,"THOC3"
4.46360450372205e-57,1.61402694285514,0.808,0.374,9.24010768315502e-53,"ALAS1"
6.32447959614366e-80,1.61256348518854,0.901,0.521,1.3092305211977e-75,"PGLS"
3.50298564715018e-17,1.61223778668414,0.258,0.04,7.25153058816558e-13,"RP11-977G19.11"
2.38741405963732e-31,1.61179915069372,0.487,0.11,4.94218584485522e-27,"SNAPC5"
8.79123315819174e-28,1.61012693015312,0.476,0.126,1.81987317607727e-23,"STK3"
4.71216137632011e-107,1.60962348371057,0.972,0.69,9.75464526512026e-103,"SDC2"
4.71994935167007e-37,1.60927510040778,0.524,0.11,9.77076715289221e-33,"NKIRAS2"
2.74910930944159e-21,1.60591719796754,0.328,0.058,5.69093118147504e-17,"PIGV"
6.13664530971429e-78,1.60377978117344,0.878,0.463,1.27034694556396e-73,"MRPL36"
6.35424650385553e-36,1.6028947536463,0.58,0.175,1.31539256876313e-31,"ENOPH1"
7.65297128691566e-31,1.60279347188526,0.474,0.104,1.58424158610441e-26,"RCC1"
2.64516565220428e-104,1.60229091768798,1,0.847,5.47575741662809e-100,"HULC"
9.40482383106353e-163,1.60154301233607,1,0.948,1.94689258126846e-158,"EEF1D"
8.07045889590836e-20,1.60081779615616,0.346,0.08,1.67066569604199e-15,"UTP15"
6.35807446537831e-20,1.59965976455442,0.325,0.067,1.31618499507796e-15,"SLC7A6OS"
6.10440049291201e-79,1.59950559453365,0.899,0.442,1.26367194603772e-74,"HLA-DMA"
6.80732446366186e-22,1.59930761783432,0.369,0.086,1.40918423722264e-17,"MAP1S"
1.17892677936509e-44,1.59805320071244,0.621,0.16,2.44049632596367e-40,"RCN2"
1.47343086663992e-19,1.59569677946424,0.341,0.08,3.05014923703129e-15,"RIOK1"
9.63640536695144e-40,1.59237631169558,0.591,0.169,1.99483227501262e-35,"SPOP"
4.66492184124212e-36,1.5920545329918,0.657,0.258,9.65685470355532e-32,"HIST1H2AC"
5.08604672814391e-27,1.5900064144836,0.465,0.123,1.05286253319307e-22,"TRMT6"
3.81921347375e-113,1.5886855471966,1,0.92,7.90615381200987e-109,"AHSG"
3.31407011476751e-55,1.58837695059204,0.786,0.411,6.86045654458022e-51,"MTTP"
1.77448898419094e-15,1.58789295496693,0.28,0.067,3.67336964617366e-11,"AGAP3"
1.72005165321425e-32,1.58158649532314,0.515,0.129,3.56067892731882e-28,"SDAD1"
1.85543982537975e-25,1.58100254912688,0.476,0.141,3.84094598251861e-21,"FBXO31"
9.28227376160628e-54,1.58067345008794,0.778,0.325,1.92152349139012e-49,"MAD2L2"
1.23424254853829e-33,1.57785891851519,0.54,0.147,2.55500549972911e-29,"SLC35B2"
1.63795216494612e-27,1.57779817521471,0.458,0.117,3.39072477665496e-23,"CENPW"
5.74686133900565e-41,1.57606509174312,0.639,0.218,1.18965776578756e-36,"PSMG1"
4.76797787987304e-35,1.57471041092569,0.599,0.19,9.87019100912518e-31,"LINC00261"
2.11339519075726e-32,1.57247319362537,0.571,0.193,4.3749393843866e-28,"PLA1A"
9.02198870681353e-33,1.57242885904083,0.606,0.221,1.86764188219747e-28,"WDR61"
1.30606159299187e-64,1.57161235824129,0.834,0.399,2.70367810365248e-60,"HSF1"
9.78825083080873e-46,1.57105174943424,0.689,0.264,2.02626580448572e-41,"NOC2L"
7.71239065422669e-32,1.57042746382586,0.577,0.199,1.59654198933147e-27,"RBMX2"
1.43786706947967e-35,1.56884290041342,0.584,0.175,2.97652862052986e-31,"GPANK1"
7.61480741996612e-35,1.56835104305946,0.619,0.23,1.57634128400719e-30,"ITGB1BP1"
3.12982311277728e-37,1.5673182878001,0.604,0.178,6.47904682576025e-33,"RNASE1"
2.11534223712268e-65,1.56719175613885,0.835,0.429,4.37896996506767e-61,"GPAA1"
1.02045336055803e-35,1.56497645496969,0.507,0.107,2.11244050169118e-31,"MTMR14"
1.15738621021388e-28,1.56281012837362,0.455,0.11,2.39590519376375e-24,"HLTF"
1.21927025932797e-45,1.5618610267477,0.74,0.319,2.52401136383484e-41,"SNX2"
5.79811318090457e-36,1.56160978035904,0.584,0.175,1.20026740957905e-31,"LSM12"
1.24800969012986e-73,1.56115344535931,0.903,0.564,2.58350485953782e-69,"TMEM14B"
1.46858952777914e-17,1.56115317859952,0.308,0.071,3.0401271814556e-13,"TRMT61A"
3.56152039340095e-47,1.5609187004485,0.727,0.282,7.3727033663793e-43,"CDK5RAP3"
3.85840258636883e-30,1.55875435445428,0.506,0.144,7.98727919404211e-26,"PALLD"
2.86190816857391e-42,1.55710819502977,0.697,0.279,5.92443609976485e-38,"NEK6"
3.96584534111342e-39,1.55673179027565,0.654,0.233,8.20969644063889e-35,"PCTP"
7.52167939894376e-27,1.55550231181892,0.43,0.095,1.55706285237535e-22,"ING4"
1.01006840905154e-87,1.5549556970107,0.91,0.531,2.0909426135776e-83,"TM4SF1"
5.61464367833539e-75,1.55448388441789,0.925,0.571,1.16228738785221e-70,"RANBP1"
1.86403951313487e-67,1.55391469424693,0.87,0.472,3.85874819614049e-63,"PSMA5"
1.65582708698386e-86,1.55378235381481,0.917,0.583,3.4277276527653e-82,"UQCRC1"
5.20081247380931e-21,1.55258263661942,0.405,0.117,1.07662019020326e-16,"PUM3"
1.00330851328234e-40,1.55169373022409,0.685,0.264,2.07694895334577e-36,"IDH3G"
2.24875429636447e-53,1.55163352052489,0.799,0.38,4.6551462689041e-49,"ATG12"
4.67071075330555e-38,1.55080853590781,0.62,0.19,9.66883833041782e-34,"MRPS30"
1.36682941596348e-70,1.54925454787324,0.855,0.448,2.82947357398601e-66,"CCT7"
6.93176417291672e-24,1.54914826481747,0.399,0.092,1.43494450143549e-19,"WDR41"
4.35579354668205e-39,1.54910642018526,0.643,0.221,9.01692822098651e-35,"CDC123"
5.47498274739141e-47,1.54664589180219,0.678,0.221,1.1333761785375e-42,"IGBP1"
3.0004761264367e-28,1.54614826514022,0.529,0.169,6.21128562933661e-24,"ACOT7"
4.52474576473436e-34,1.5441508413459,0.555,0.16,9.36667620757659e-30,"ADPRHL2"
1.31191391282456e-34,1.54400904402644,0.568,0.172,2.71579299093812e-30,"PTK2"
7.46105456713895e-85,1.54140927890449,0.939,0.58,1.54451290594343e-80,"SNRPC"
1.16681351260455e-35,1.5407357107665,0.606,0.187,2.41542065244267e-31,"SNHG19"
1.58747249172123e-31,1.5402459310556,0.573,0.19,3.28622680511211e-27,"UBE2E2"
2.26921407705463e-30,1.54006677195943,0.472,0.113,4.69750006091078e-26,"SNX1"
2.31378692225447e-31,1.53981374138778,0.584,0.209,4.78977030775899e-27,"DKC1"
6.86474921616507e-52,1.53980794203113,0.787,0.356,1.42107173523833e-47,"IDH3B"
3.58720433075425e-16,1.53910682352286,0.281,0.061,7.42587168509438e-12,"ASRGL1"
1.40863555844767e-46,1.53812284911121,0.667,0.206,2.91601646954253e-42,"PPIE"
3.50785916420494e-67,1.53808504548113,0.895,0.497,7.26161925582065e-63,"CDO1"
1.38614414431864e-51,1.5356768297589,0.736,0.294,2.86945699315402e-47,"YIF1B"
8.54947101299264e-21,1.53377875100152,0.352,0.083,1.76982599439961e-16,"BRD8"
1.68042298965584e-23,1.53314995037196,0.397,0.095,3.47864363088655e-19,"EHMT2"
2.65418413470818e-27,1.53285768762549,0.402,0.074,5.49442657725939e-23,"RHBDF2"
3.27032812005278e-56,1.53249522087211,0.806,0.393,6.76990624132126e-52,"MAF1"
5.89687497878782e-51,1.53202632173076,0.772,0.39,1.22071208935887e-46,"EMC4"
1.46544461576725e-28,1.5288240405202,0.468,0.113,3.03361689909979e-24,"PET117"
3.76555690430607e-26,1.52855432361179,0.482,0.144,7.795079347604e-22,"EIF2B3"
1.67274246093643e-42,1.52811418236577,0.543,0.095,3.4627441683845e-38,"LGALS9"
3.32950386012267e-18,1.52735095776162,0.28,0.049,6.89240594083994e-14,"GRPEL2"
1.73793235913605e-30,1.52659872881522,0.57,0.193,3.59769377664754e-26,"DDX54"
7.8196882805119e-33,1.52615930991612,0.533,0.141,1.61875367094877e-28,"KNOP1"
4.01488827831137e-32,1.52589701017914,0.548,0.16,8.31122022493237e-28,"PLRG1"
1.49549857546728e-57,1.52584662078946,0.74,0.255,3.09583160107481e-53,"HEXA"
3.52441645659396e-43,1.52431614578783,0.683,0.23,7.29589450679516e-39,"POP5"
7.30886307963674e-41,1.52391724374972,0.648,0.227,1.5130077461156e-36,"BOD1"
4.09679406019498e-106,1.5237040848095,0.976,0.755,8.48077338400963e-102,"COPE"
7.54972794127113e-41,1.52356878628851,0.627,0.206,1.56286918112254e-36,"PRKDC"
2.92723365522586e-25,1.52260352713214,0.469,0.141,6.05966638968305e-21,"WDR55"
6.37200835903361e-64,1.52204481336088,0.847,0.448,1.31906945040355e-59,"CCT6A"
1.05997672332856e-30,1.52161664936004,0.507,0.129,2.19425781496246e-26,"FLYWCH2"
1.11760143542084e-102,1.52135218843293,0.992,0.748,2.31354673146468e-98,"LGALS4"
5.74864725102933e-96,1.51905810758476,0.954,0.66,1.19002746743558e-91,"PHPT1"
6.18571784070609e-26,1.51884001557175,0.459,0.129,1.28050545020457e-21,"PEX10"
3.33097199747256e-31,1.51809938125344,0.506,0.123,6.89544513196794e-27,"DDC"
1.48097148618023e-32,1.51744500103095,0.532,0.147,3.06575907354168e-28,"C21orf59"
2.52207596367506e-36,1.51685012599952,0.603,0.193,5.22094945240375e-32,"ITGB3BP"
1.19481676930174e-24,1.51551788995336,0.313,0.031,2.47339019413153e-20,"SPATA20"
2.43808367871694e-20,1.5110303669559,0.277,0.034,5.04707702331193e-16,"ZBTB17"
1.41489910200037e-19,1.51063097506363,0.271,0.034,2.92898263105097e-15,"KIFC2"
3.62929770485382e-15,1.50915672294113,0.26,0.055,7.5130091788179e-11,"SLC25A22"
3.11736734676089e-45,1.5086557539205,0.777,0.38,6.45326214452971e-41,"ACAT2"
7.49632310664769e-16,1.50770851063722,0.295,0.074,1.55181384630714e-11,"MUTYH"
6.92118154597415e-36,1.50721193549555,0.571,0.166,1.43275379183211e-31,"SLC35C2"
7.66173875775175e-60,1.50716498508888,0.815,0.408,1.58605654024219e-55,"CCT2"
1.02738887570573e-48,1.50714106213287,0.751,0.325,2.12679771159842e-44,"KARS"
3.39901644718355e-28,1.50498535396619,0.47,0.117,7.03630394731466e-24,"AGTRAP"
2.46528696810021e-83,1.50280668210632,0.926,0.577,5.10339055266425e-79,"HEXB"
6.37769097201209e-22,1.50264309200483,0.324,0.052,1.32024580811622e-17,"HPS4"
2.04802262955314e-62,1.50262844580301,0.849,0.436,4.23961164543795e-58,"ALG3"
3.28963038047771e-159,1.50177255335513,1,0.966,6.80986385062691e-155,"UQCRB"
1.10594057804615e-65,1.50078410258776,0.874,0.463,2.28940759061334e-61,"CCDC167"
9.23630754557572e-170,1.5000753012233,1,1,1.91200802500963e-165,"RPS14"
1.66428210603435e-26,1.49962208081391,0.47,0.126,3.44523038770172e-22,"CSTF3"
6.13770124126412e-94,1.49470367369254,1,0.767,1.27056553395409e-89,"GSTA1"
3.98442846026171e-24,1.4945852006125,0.421,0.107,8.24816535558777e-20,"PDK1"
5.15843887992017e-24,1.49407814061667,0.399,0.092,1.06784843253227e-19,"FAM58A"
1.1273519283535e-26,1.493349051908,0.485,0.144,2.33373122688458e-22,"FAM21A"
3.74600116147903e-50,1.49101793806063,0.639,0.147,7.75459700437774e-46,"SNRPN"
8.80126720601079e-21,1.49020352489955,0.371,0.092,1.82195032431629e-16,"TBCE"
1.379657486199e-128,1.48999372568792,0.998,0.896,2.85602896218056e-124,"RPSA"
1.71943182419164e-42,1.48919767221776,0.718,0.328,3.55939581925911e-38,"MTSS1"
2.49178312247011e-34,1.48898675726321,0.675,0.294,5.15824024182537e-30,"TDP2"
6.28768637535887e-28,1.48756722026334,0.51,0.156,1.30161395656304e-23,"DPH5"
2.22343522369942e-18,1.48725550557275,0.368,0.107,4.60273325658018e-14,"AC009403.2"
2.84424114930906e-20,1.4860683317354,0.313,0.058,5.88786360318468e-16,"GS1-124K5.4"
1.9706077757857e-72,1.48322976418376,0.863,0.494,4.07935515665398e-68,"NAA20"
1.07027378598571e-40,1.48295971921154,0.67,0.248,2.21557376436901e-36,"PEF1"
2.29117200290614e-53,1.48140750431378,0.802,0.383,4.742955163216e-49,"MRPL21"
3.04528561821469e-17,1.48137416000732,0.292,0.061,6.30404575826623e-13,"RPUSD1"
1.45088449781073e-150,1.48087316664905,1,0.972,3.003475998918e-146,"RPS17"
2.32235650939401e-19,1.480766310487,0.361,0.092,4.80751021009654e-15,"TTC9C"
6.98018601434647e-26,1.4785202799191,0.458,0.126,1.44496830682986e-21,"ANKRD40"
6.23961057952262e-23,1.47739526323451,0.403,0.098,1.29166178606698e-18,"MRGBP"
8.99011563150602e-59,1.47723772525542,0.837,0.423,1.86104383687806e-54,"RPL26L1"
2.34578899762157e-28,1.4768937287004,0.564,0.206,4.85601780397642e-24,"CYP4F12"
7.35048552621014e-161,1.47642764011655,1,0.991,1.52162400878076e-156,"RPS23"
1.31096844747011e-41,1.47578244063859,0.713,0.294,2.71383578310787e-37,"PRPF31"
2.02596977153603e-73,1.4755045457168,0.896,0.577,4.19396002405674e-69,"MRPL34"
3.52850445343326e-95,1.47408732383857,0.957,0.663,7.30435706905218e-91,"COX5A"
3.73996539489804e-27,1.47304855280701,0.511,0.163,7.74210236397843e-23,"UGT1A1"
6.23133098948281e-35,1.47210522019388,0.59,0.187,1.28994782813284e-30,"CNP"
6.29200020430975e-34,1.47122358459903,0.52,0.123,1.30250696229416e-29,"DLGAP1-AS1"
8.86707040757105e-66,1.47023882757999,0.857,0.454,1.83557224507128e-61,"COA4"
6.1732382306091e-25,1.46968264109411,0.432,0.11,1.27792204611839e-20,"MFSD11"
2.24347806303506e-34,1.46907736677578,0.599,0.19,4.64422393828889e-30,"SNRPA"
7.91844966970189e-30,1.46874883047836,0.519,0.15,1.63919826612499e-25,"MRPL38"
6.80220068580786e-35,1.46817466938988,0.558,0.15,1.40812356396908e-30,"SDCCAG8"
5.41058758908783e-25,1.46783861295939,0.495,0.166,1.12004573681707e-20,"HDDC3"
5.45045427593409e-46,1.46750873553425,0.76,0.347,1.12829853966112e-41,"ETNK2"
2.89464719990048e-39,1.46623066809954,0.665,0.245,5.99220916851398e-35,"QARS"
1.13442559614459e-46,1.46467399396937,0.764,0.377,2.34837442657892e-42,"MRPL15"
4.23842598931159e-133,1.46436272567564,0.998,0.899,8.77396564047392e-129,"RPL4"
3.63272218801718e-43,1.46339088137769,0.683,0.236,7.52009820141436e-39,"ARSE"
3.0436500350564e-29,1.46160791460703,0.5,0.138,6.30065993757026e-25,"TMEM82"
4.13074690241995e-18,1.46130495000422,0.37,0.11,8.55105916269953e-14,"PUSL1"
8.77345149243307e-145,1.45924150072822,0.998,0.902,1.81619219344857e-140,"TPI1"
2.61468603305381e-28,1.45908260682907,0.5,0.144,5.41266155702468e-24,"CDC42EP4"
1.97942757351675e-23,1.45865120805203,0.433,0.123,4.09761301993703e-19,"PIGU"
1.09759855109443e-36,1.45842560689715,0.653,0.23,2.27213876062057e-32,"COMMD9"
7.71793181715046e-56,1.45797764388351,0.83,0.482,1.59768906546832e-51,"FMO5"
7.21811695723916e-94,1.4577602964206,0.963,0.669,1.49422239131808e-89,"EIF6"
1.59592938223045e-30,1.45772371577332,0.525,0.147,3.30373341415526e-26,"NFKBIL1"
2.02512069340686e-19,1.45771131677426,0.348,0.086,4.19220234742153e-15,"MPV17L2"
1.10465342601091e-67,1.45753837911773,0.875,0.488,2.28674305718518e-63,"AP2M1"
2.48967554497489e-53,1.4571745446946,0.79,0.347,5.15387734565251e-49,"BOLA3"
2.71605286952564e-19,1.45687436808281,0.336,0.08,5.62250104520503e-15,"CDC25B"
2.68249773537157e-21,1.45676637852196,0.415,0.12,5.55303856199268e-17,"RPP38"
1.91580023388194e-34,1.45628961547876,0.588,0.187,3.965898064159e-30,"NABP2"
1.26149180063805e-88,1.45619938308992,0.967,0.706,2.61141417650082e-84,"MAT1A"
9.50279338608548e-19,1.45557163584668,0.325,0.074,1.96717325885355e-14,"RPUSD4"
4.29631710773351e-22,1.45401367241408,0.365,0.083,8.89380604471913e-18,"UTP4"
1.24578690512929e-50,1.45391379946409,0.775,0.344,2.57890347230813e-46,"SEC13"
9.60744107215991e-58,1.45387293360194,0.825,0.436,1.98883637634782e-53,"PSMF1"
3.17767972062199e-39,1.4527506793747,0.581,0.15,6.57811478965959e-35,"PARP10"
1.27389018400986e-46,1.45263569160415,0.751,0.344,2.63708006991881e-42,"EBNA1BP2"
1.74294355496039e-16,1.45234842735431,0.292,0.064,3.60806745312351e-12,"METTL13"
8.22638647665572e-39,1.4519808847504,0.661,0.239,1.7029442645325e-34,"NUDT2"
4.15258667102598e-34,1.45140446174965,0.555,0.163,8.59626966769088e-30,"EPRS"
8.91345319534441e-29,1.45039530946348,0.488,0.135,1.84517394596825e-24,"NUDT9"
1.66648390574035e-27,1.44962723548304,0.492,0.141,3.4497883332731e-23,"POLR3K"
2.33192436756491e-48,1.44953000959354,0.804,0.417,4.82731663329612e-44,"CYP4F11"
3.65080499277667e-15,1.44855623867209,0.302,0.083,7.55753141554698e-11,"NARS2"
1.34838698028227e-32,1.44672033510692,0.499,0.129,2.79129588788233e-28,"FARSB"
2.17423680213864e-19,1.44589505569906,0.262,0.031,4.50088760410721e-15,"TTC9"
2.73598452967571e-40,1.4437277493998,0.669,0.227,5.66376157488168e-36,"SWI5"
2.19548984456763e-31,1.44372104615161,0.519,0.141,4.54488352723946e-27,"APPL1"
2.45200108534005e-23,1.44332746352502,0.372,0.077,5.07588744676243e-19,"ADCK5"
3.80863577408932e-35,1.44293594045339,0.524,0.123,7.88425691594229e-31,"CWC25"
5.48128784411414e-38,1.44255481156489,0.647,0.23,1.13468139661007e-33,"EIF4EBP3"
3.8583601132731e-32,1.44130691119148,0.568,0.187,7.98719127048664e-28,"TMEM64"
2.22533602485891e-58,1.43974565946145,0.843,0.442,4.60666810506043e-54,"FDPS"
7.93518721394222e-49,1.43955967452651,0.767,0.328,1.64266310515818e-44,"EMC7"
1.54084343640669e-47,1.43827255798727,0.735,0.288,3.1896999977055e-43,"FAM49B"
2.66470630076509e-15,1.43438597205169,0.314,0.092,5.51620851321382e-11,"NEK4"
1.91176859531578e-62,1.43376637413066,0.841,0.454,3.95755216916319e-58,"PMVK"
4.58594629083726e-39,1.43305535285932,0.696,0.264,9.49336741666222e-35,"RP11-798K3.2"
1.11667256033819e-45,1.43251647130696,0.71,0.291,2.31162386715609e-41,"GGNBP2"
3.32796487934845e-35,1.43160991652865,0.575,0.172,6.88922009673922e-31,"ACTL6A"
1.25945716056768e-54,1.42966331635769,0.816,0.414,2.60720226809115e-50,"LAGE3"
7.37670723544195e-59,1.4294461038642,0.817,0.387,1.52705216480884e-54,"FAM195B"
3.69073960516476e-48,1.42918915481535,0.718,0.264,7.64020005665156e-44,"CSNK1D"
3.58267969947492e-157,1.42540222966339,1,0.966,7.41650524588303e-153,"RPL29"
9.90691083503312e-20,1.4222526224793,0.326,0.067,2.05082961196021e-15,"PIGBOS1"
2.65933147897613e-21,1.42200610875707,0.462,0.163,5.50508209462849e-17,"SLC12A7"
1.25294320574584e-16,1.42192249107745,0.265,0.049,2.59371773021446e-12,"UBE2O"
5.1083789627054e-23,1.4218226228729,0.421,0.11,1.05748552906965e-18,"TBC1D7"
1.77831740029795e-18,1.42147846586632,0.26,0.034,3.68129485035679e-14,"RP11-400F19.6"
1.32574566999995e-51,1.42103168712076,0.806,0.387,2.7444261114669e-47,"DIO1"
8.92457215185732e-25,1.42013569584936,0.383,0.074,1.84747568115598e-20,"ASUN"
1.23681990182254e-41,1.41973424388341,0.718,0.294,2.56034087876285e-37,"YBEY"
1.6838722294628e-32,1.41917559629707,0.654,0.267,3.48578390221094e-28,"CPSF3L"
1.15511780794455e-36,1.41767447963863,0.565,0.15,2.39120937422601e-32,"GOSR1"
2.31412280566677e-21,1.41465267435917,0.37,0.086,4.79046562001078e-17,"WDYHV1"
3.72329453257599e-38,1.41322531047099,0.6,0.175,7.70759201188555e-34,"RAD50"
7.45000841062296e-19,1.41126098480522,0.338,0.083,1.54222624108306e-14,"PUS1"
4.55457018432775e-30,1.40847403907987,0.622,0.239,9.42841573857688e-26,"BAG2"
1.95628471287831e-33,1.4053908968265,0.537,0.144,4.04970498412938e-29,"CDK5RAP2"
2.23693656771516e-33,1.405071671899,0.559,0.163,4.63068238882715e-29,"EXOSC7"
1.84858467584174e-31,1.4048704659797,0.53,0.15,3.82675513745999e-27,"LIN7A"
9.22600311622831e-33,1.40466371506844,0.523,0.132,1.90987490509042e-28,"IMPA1"
8.40970107376864e-144,1.40422816631774,1,1,1.74089221928085e-139,"RPL18A"
7.5217965337674e-16,1.40409743750386,0.289,0.071,1.55708710045519e-11,"FAM175A"
8.70748381875169e-30,1.39841107805909,0.542,0.163,1.80253622531979e-25,"PRPF19"
2.06771474778492e-91,1.39784750869396,0.947,0.623,4.28037629938957e-87,"DNPH1"
5.42143828330642e-47,1.39693888202436,0.733,0.282,1.12229193902726e-42,"ABHD14B"
4.69105901442733e-61,1.39563684857183,0.837,0.396,9.71096126576601e-57,"SNHG9"
2.98308273451537e-103,1.39555291802718,0.996,0.825,6.17527956872026e-99,"ALDH1A1"
5.85836252123931e-28,1.39394834672018,0.572,0.218,1.21273962552175e-23,"HCCS"
1.65237860097107e-21,1.39393231845978,0.388,0.101,3.42058894187021e-17,"CDK5"
1.95432174495544e-30,1.39282012178158,0.505,0.129,4.04564144423225e-26,"WDR77"
2.39796902946515e-78,1.39242147686961,0.927,0.577,4.96403568789581e-74,"PGK1"
1.01532043928246e-35,1.39147334149639,0.59,0.184,2.10181484135862e-31,"GLT8D1"
2.92959611668547e-25,1.39136311439826,0.431,0.11,6.0645569211506e-21,"NOC4L"
7.50940285480747e-124,1.39018759354493,0.996,0.88,1.5545214849737e-119,"PABPC1"
1.37814920787742e-26,1.39005158197906,0.411,0.083,2.85290667522705e-22,"UBLCP1"
6.13816202196963e-51,1.38955836763601,0.744,0.273,1.27066092016793e-46,"NT5C3B"
2.5205050610456e-33,1.38884470335147,0.702,0.322,5.21769752687049e-29,"TUBA1C"
3.5652510151801e-20,1.38815228385833,0.31,0.055,7.38042612652432e-16,"EXOSC2"
7.5842328144274e-18,1.38758386585086,0.336,0.086,1.57001203491462e-13,"CDK5RAP1"
2.56791396927757e-28,1.38625046381609,0.549,0.187,5.3158387078015e-24,"SMARCC1"
3.66932440261912e-16,1.38420695046045,0.271,0.055,7.59586844586184e-12,"PPOX"
4.22356400268339e-35,1.38277960968745,0.666,0.282,8.74319984195488e-31,"SNAP29"
1.11724992641519e-19,1.38218106388471,0.348,0.083,2.31281907267209e-15,"ABCF2"
3.7016041253006e-50,1.38207531796673,0.773,0.38,7.66269069978477e-46,"TRAPPC3"
2.13727359576353e-105,1.38199166593637,0.98,0.785,4.42437007059008e-101,"PRELID1"
3.55157382492693e-45,1.38085044668845,0.776,0.347,7.35211297498123e-41,"ORMDL2"
3.051650901673e-60,1.38054978327634,0.864,0.5,6.31722253155328e-56,"STOML2"
1.72445619286327e-38,1.38026053880284,0.699,0.301,3.56979676484625e-34,"PARL"
4.74789319829304e-36,1.37941514448668,0.672,0.294,9.82861370978641e-32,"NFE2L1"
7.34550204702173e-33,1.3786994474639,0.577,0.175,1.52059237875397e-28,"DHX30"
1.14451194614283e-72,1.37844699013952,0.902,0.546,2.36925417971027e-68,"ZNF706"
3.86782502740598e-99,1.3784253202786,0.985,0.773,8.00678458923313e-95,"GRHPR"
2.8322837734103e-25,1.37803111188474,0.516,0.184,5.86311063933667e-21,"PPIH"
6.79790163499734e-18,1.37767475824948,0.336,0.086,1.4072336174608e-13,"SCRIB"
3.45805069531921e-41,1.37721362358465,0.722,0.34,7.15851074438029e-37,"SYBU"
2.38264884862905e-23,1.37691569136468,0.444,0.129,4.93232138154699e-19,"PAOX"
1.95286406799634e-16,1.37640059805167,0.315,0.08,4.04262390715922e-12,"AAR2"
4.63497630727783e-47,1.37450804765273,0.74,0.285,9.59486445369583e-43,"HIST1H1C"
7.69025319322399e-19,1.37210193841655,0.355,0.092,1.5919593135293e-14,"C3orf17"
3.74362640531063e-113,1.3717555604671,0.989,0.794,7.74968102163353e-109,"NDUFS6"
1.73404918192271e-21,1.37143578831446,0.42,0.129,3.58965521149821e-17,"SRXN1"
1.23229766656105e-16,1.37095330638992,0.342,0.098,2.55097939954803e-12,"HDAC5"
3.96978334954655e-121,1.37018900428438,0.997,0.871,8.2178485118963e-117,"TMA7"
1.31660803200699e-37,1.36819319989591,0.648,0.236,2.72551028705766e-33,"EFR3A"
4.1166813747076e-23,1.36789065839953,0.432,0.12,8.5219421137822e-19,"RMND1"
5.21890283546919e-28,1.36784642324964,0.545,0.187,1.08036507597048e-23,"PGP"
4.22649107729371e-19,1.36684052416252,0.368,0.098,8.74925917910571e-15,"TAF2"
5.04432422657601e-25,1.36642567368654,0.42,0.101,1.0442255581435e-20,"SUGP2"
5.6699557363925e-19,1.3647776972595,0.277,0.04,1.17373753699061e-14,"CA11"
1.29674007941847e-51,1.36435471703488,0.781,0.365,2.68438163840417e-47,"TEX264"
3.98477171710239e-56,1.36326250896623,0.85,0.469,8.24887593157365e-52,"MRPL40"
2.31671581433092e-57,1.36321779563467,0.886,0.494,4.79583340724643e-53,"SNRPD1"
1.35787918167588e-33,1.3626369355765,0.642,0.242,2.81094569398724e-29,"ZNF511"
3.27115650452499e-91,1.36261472949866,0.971,0.764,6.77162108001717e-87,"SLC25A5"
2.60456023536985e-26,1.36254691703275,0.48,0.132,5.39170014323912e-22,"KDELR3"
1.19919335203886e-27,1.36152534323268,0.556,0.199,2.48245015805564e-23,"TMEM11"
7.35228927095949e-27,1.3610346603212,0.458,0.12,1.52199740198132e-22,"DIMT1"
4.86108327464204e-80,1.36081208240059,0.931,0.613,1.00629284868365e-75,"NDUFS4"
1.12978139693055e-15,1.36060156884298,0.275,0.061,2.33876046978593e-11,"RP11-620J15.3"
2.72901775831092e-14,1.36030036226963,0.251,0.055,5.64933966147944e-10,"ZNF226"
5.88437086307085e-16,1.35893261572087,0.314,0.086,1.2181236123643e-11,"MUL1"
1.30097683062516e-88,1.35822815611685,0.955,0.702,2.69315213707715e-84,"RAB2A"
1.03528686925292e-23,1.35680682095039,0.467,0.147,2.14314734804048e-19,"ABCF3"
6.87855353424415e-120,1.35676970358314,0.993,0.831,1.42392936712388e-115,"NDUFA2"
3.88150583687818e-43,1.35673679030261,0.679,0.248,8.03510523292153e-39,"NARF"
3.95089759766223e-23,1.35587366042589,0.37,0.077,8.17875311692058e-19,"APPBP2"
8.24863309043106e-83,1.35536571951294,0.944,0.65,1.70754953605013e-78,"MDH2"
2.95949235188724e-23,1.35303569191065,0.45,0.138,6.12644511764178e-19,"ABHD8"
1.62474385718605e-36,1.35273685347892,0.654,0.248,3.36338225876084e-32,"MED10"
6.17179691625575e-22,1.35125264208856,0.421,0.117,1.2776236796341e-17,"RFNG"
1.17790353773484e-36,1.3488272255007,0.672,0.27,2.43837811346489e-32,"NIFK"
5.03501084099433e-26,1.34800123126566,0.471,0.129,1.04229759419424e-21,"ARIH2"
1.97113926014132e-64,1.3465639272709,0.87,0.515,4.08045538241854e-60,"ZMAT2"
1.86648674328571e-20,1.34639343214338,0.418,0.126,3.86381420727574e-16,"TRIB3"
1.91854490715981e-36,1.3459673032314,0.718,0.371,3.97157981231152e-32,"CLTC"
3.05088721879921e-67,1.34562723507964,0.862,0.472,6.31564163163624e-63,"RNH1"
2.60743269458016e-47,1.34553653615747,0.811,0.414,5.39764642105038e-43,"LSM2"
1.04454625833282e-110,1.34543985333865,0.984,0.782,2.16231520937477e-106,"PARK7"
1.69741371753507e-34,1.34459441465825,0.628,0.227,3.51381613666934e-30,"GRB2"
6.39387232635898e-26,1.34456726295373,0.509,0.172,1.32359551027957e-21,"DFFA"
1.70440428886665e-36,1.3437778957031,0.715,0.313,3.52828731838285e-32,"CSTA"
3.76525813366953e-60,1.34256662912205,0.828,0.371,7.79446086250929e-56,"FAM96A"
8.10751739508363e-21,1.34067473773848,0.376,0.095,1.67833717595626e-16,"RP5-940J5.9"
1.49933459242218e-31,1.34034480475916,0.577,0.193,3.10377253977316e-27,"IMMP1L"
6.44979757291706e-57,1.34030388895319,0.864,0.466,1.33517259556956e-52,"ALDH7A1"
2.82478114199135e-18,1.33953390342884,0.403,0.129,5.84757944203629e-14,"HN1L"
3.23339770660862e-17,1.33902707259002,0.325,0.083,6.6934565924505e-13,"ICE1"
1.96096907971064e-24,1.33885625272399,0.466,0.144,4.059402091909e-20,"GAR1"
2.36196471548828e-40,1.33830982985117,0.72,0.313,4.88950315753229e-36,"PPM1G"
8.96843979889891e-26,1.33746100754218,0.551,0.202,1.85655672277006e-21,"VPS72"
5.04266278185288e-33,1.33605677607288,0.648,0.258,1.04388162247136e-28,"RP11-792A8.4"
1.93792063997119e-21,1.33539867104491,0.376,0.092,4.01168951680437e-17,"RIOK2"
1.5544018485969e-25,1.33485140632827,0.469,0.135,3.21776726678044e-21,"RP4-710M16.2"
4.32114287380776e-17,1.3342727637252,0.359,0.107,8.94519786306945e-13,"ZNF639"
1.36420582485504e-38,1.33341037968129,0.736,0.347,2.82404247803243e-34,"AOX1"
1.12689277857813e-19,1.3330422612882,0.398,0.12,2.33278074093459e-15,"ABCA8"
6.32952813641706e-38,1.33287279363303,0.722,0.322,1.3102756195197e-33,"NDUFA9"
1.03070101589941e-106,1.33222217936758,0.996,0.88,2.13365417301336e-102,"ACTG1"
8.71821028303786e-14,1.33190874829567,0.254,0.058,1.80475671069167e-09,"RPS6KA1"
1.34214348870171e-67,1.33054923888297,0.93,0.58,2.77837123596141e-63,"SORD"
1.49920991685965e-24,1.33050026990475,0.414,0.095,3.10351444889115e-20,"CEP63"
3.54237525485563e-16,1.3289679235479,0.25,0.043,7.33307101507664e-12,"RGS16"
3.6920178350637e-18,1.3279323342775,0.353,0.095,7.64284612036537e-14,"OXNAD1"
6.40305595407768e-15,1.32598141743766,0.279,0.071,1.32549661305362e-10,"GRK6"
6.34779863600033e-13,1.32499649841392,0.27,0.077,1.31405779563843e-08,"SLC4A1AP"
1.28830794625569e-15,1.32352292754844,0.312,0.086,2.6669262795439e-11,"TBL1X"
1.89933414006655e-43,1.32306517955533,0.759,0.368,3.93181160335177e-39,"AK6"
9.13311082364395e-31,1.32270743866089,0.564,0.19,1.89064527160253e-26,"ZMAT5"
2.98582893842712e-106,1.32180463264658,0.991,0.807,6.18096448543797e-102,"SUMO2"
3.17332086794166e-16,1.32172576612784,0.345,0.104,6.56909152872604e-12,"SEC22A"
1.20900436727907e-20,1.32027506936882,0.36,0.083,2.50275994070441e-16,"MPP6"
9.98365046212626e-15,1.31920556291902,0.346,0.117,2.06671548216476e-10,"RFC2"
7.70655042229994e-38,1.31748769890902,0.736,0.356,1.59533300292031e-33,"LACTB2"
1.51417966231771e-19,1.31678260325829,0.426,0.144,3.1345033189639e-15,"PKLR"
2.06954115081848e-25,1.3156345478558,0.486,0.144,4.28415713630934e-21,"B4GALT3"
9.72791154575073e-27,1.31371597798297,0.515,0.16,2.01377496908586e-22,"TMED1"
4.7834864418874e-22,1.31166126375354,0.525,0.209,9.9022952833511e-18,"NOLC1"
1.97398457277458e-15,1.31152617565212,0.289,0.071,4.08634546410067e-11,"DDX28"
1.28018354268223e-98,1.31148125476164,0.978,0.758,2.65010795170648e-94,"APRT"
3.70081573707848e-38,1.30904942034141,0.687,0.279,7.66105865732617e-34,"PIGP"
1.7527119501067e-60,1.30766210006596,0.886,0.561,3.62828900791587e-56,"NSA2"
5.64918804869684e-38,1.30737429072468,0.675,0.264,1.16943841796073e-33,"MRPL9"
2.84820763753652e-102,1.30723439849191,0.991,0.865,5.89607463046435e-98,"YBX1"
3.23080692727332e-43,1.30694460004296,0.771,0.344,6.68809342014849e-39,"NSFL1C"
3.82762120128462e-28,1.30670082484718,0.482,0.129,7.92355864877928e-24,"MIIP"
4.15279597563623e-19,1.30656551892735,0.296,0.052,8.59670294916455e-15,"NNT-AS1"
1.78748624897089e-53,1.3052421129407,0.833,0.439,3.70027528399463e-49,"MRPS18B"
6.4446812424143e-20,1.30473347283238,0.346,0.083,1.33411346399218e-15,"SHISA4"
2.51389287442755e-51,1.30463102691056,0.849,0.482,5.20400963935246e-47,"DPM3"
2.24702296895029e-29,1.30397050076705,0.601,0.224,4.65156224802399e-25,"TXNDC9"
2.73557602368651e-18,1.30376085267917,0.344,0.089,5.66291592663344e-14,"ICMT"
4.66505791320449e-41,1.30322518153373,0.725,0.331,9.65713638612462e-37,"DDX46"
1.07937265006438e-13,1.30269733917277,0.303,0.095,2.23440932289828e-09,"PRKCZ"
3.6645020236349e-33,1.30122330627148,0.615,0.209,7.58588563912661e-29,"ECHDC1"
2.86124365735705e-30,1.29769869850088,0.461,0.101,5.92306049509483e-26,"ASAP1"
8.98408095300839e-35,1.29733933132386,0.654,0.261,1.85979459808227e-30,"ZCCHC6"
1.46845383841735e-17,1.29727280837947,0.324,0.08,3.03984629090776e-13,"C5orf63"
2.00072513643386e-24,1.29544181245308,0.469,0.138,4.14170110493173e-20,"PTRH1"
9.72397251785284e-38,1.29358022419585,0.637,0.221,2.01295955092072e-33,"BECN1"
5.56691736980334e-27,1.29346324441502,0.539,0.181,1.15240756472299e-22,"GMPS"
4.23668856812868e-23,1.29343140809726,0.469,0.144,8.77036900488318e-19,"LTV1"
2.23391215908836e-29,1.2934046703167,0.593,0.218,4.62442156052882e-25,"MRPL17"
9.13703964394667e-120,1.29336257486347,0.994,0.85,1.8914585766934e-115,"CUTA"
1.88471914888861e-34,1.29300160083332,0.707,0.322,3.90155711011431e-30,"CYB5B"
4.7770657220349e-22,1.29294334039855,0.46,0.147,9.88900375118445e-18,"ATP5SL"
2.46913594920952e-43,1.29234573775677,0.744,0.34,5.11135832845862e-39,"RBM42"
5.42316508624129e-20,1.29232125274547,0.382,0.107,1.12264940450281e-15,"DNMT1"
1.61905419707397e-23,1.29192170802126,0.517,0.184,3.35160409336282e-19,"NRBP2"
4.3483972135179e-23,1.29165176145834,0.536,0.202,9.0016170717034e-19,"UBE2S"
4.35574686527077e-28,1.29146467339476,0.602,0.242,9.01683158579703e-24,"LZIC"
2.4635902253277e-36,1.29073366518096,0.647,0.255,5.09987812545087e-32,"PHF20L1"
5.32428765860371e-21,1.28922879188317,0.368,0.086,1.10218078820755e-16,"SRFBP1"
3.67942988754276e-24,1.28911333191763,0.395,0.089,7.61678781020227e-20,"SLC39A6"
5.5648236038445e-30,1.28859345977975,0.555,0.175,1.15197413423185e-25,"LARS"
4.57561690537311e-33,1.28799717848111,0.678,0.288,9.47198455581288e-29,"PDCD10"
4.87636170185688e-44,1.28777842296551,0.782,0.429,1.00945563590139e-39,"NOL7"
5.26377229379158e-16,1.28667280441152,0.331,0.098,1.08965350253779e-11,"ADA"
1.75855814124326e-82,1.28660193731804,0.951,0.706,3.64039120818768e-78,"CLTA"
3.06396682540292e-27,1.28609882495831,0.602,0.242,6.34271772526659e-23,"UTP11L"
5.16397248013645e-35,1.28532460261349,0.722,0.34,1.06899394311305e-30,"COA6"
1.10058748087537e-26,1.28502013251118,0.402,0.077,2.27832614416011e-22,"CCDC88B"
2.66152542940815e-20,1.28470333311372,0.424,0.129,5.50962379141782e-16,"ARFGEF1"
1.1686100404489e-45,1.28450539468081,0.773,0.356,2.41913964473326e-41,"CD9"
8.61694039436973e-18,1.28400458114651,0.291,0.058,1.78379283103848e-13,"EXOSC9"
8.40229373016844e-137,1.28393589972526,1,0.994,1.73935882508217e-132,"RPL15"
9.86476557360504e-21,1.28297707925908,0.407,0.123,2.04210512139198e-16,"NUDT1"
3.74906197475409e-18,1.28251327245241,0.303,0.061,7.76093319393844e-14,"CSPP1"
1.01293764980963e-49,1.28246848210749,0.824,0.429,2.09688222887092e-45,"CKLF"
4.10814294531127e-28,1.27753895949829,0.551,0.19,8.50426671108885e-24,"SURF2"
4.07736329772091e-31,1.27715974537889,0.595,0.218,8.44054976261205e-27,"NKAP"
2.29144317384939e-43,1.27688822567645,0.796,0.436,4.74351651418562e-39,"DERL1"
7.73397261017298e-21,1.2766228126349,0.353,0.077,1.60100967003191e-16,"BAP1"
4.3388818543132e-16,1.2760906786268,0.299,0.071,8.98191932661376e-12,"TMEM150C"
7.27778239445661e-30,1.27513681506823,0.631,0.255,1.50657373347646e-25,"PAFAH1B3"
1.4319306728682e-25,1.27190888242412,0.472,0.138,2.96423968590446e-21,"COMMD8"
3.64460279489375e-131,1.27051839670684,1,0.991,7.54469224570955e-127,"RPS2"
9.17283907375646e-19,1.27044792073696,0.34,0.083,1.89886941665832e-14,"SNAPC2"
9.66292003166553e-135,1.27004425739528,1,1,2.00032107575508e-130,"FTL"
1.89404814539384e-18,1.26954967039427,0.386,0.117,3.92086906577978e-14,"WBSCR16"
2.947307486502e-39,1.26880603742177,0.762,0.396,6.10122122780779e-35,"MRPL11"
4.90282795180686e-20,1.26786744889803,0.392,0.113,1.01493441430354e-15,"AC098973.2"
5.57600556368465e-18,1.26713149911026,0.354,0.098,1.15428891173836e-13,"EFNA4"
1.60433140087297e-148,1.26710334108812,1,0.991,3.32112643294713e-144,"UBA52"
6.77286634377601e-21,1.26684462901361,0.372,0.092,1.40205106182507e-16,"HAUS1"
1.04571786900922e-72,1.26656255595568,0.942,0.65,2.16474056063599e-68,"CYSTM1"
2.11366744261266e-55,1.266142330209,0.845,0.466,4.37550297295247e-51,"TSPO"
6.98329109746606e-58,1.26551879321232,0.879,0.546,1.44561109008645e-53,"RPN2"
2.0552851482479e-43,1.26436033577946,0.719,0.242,4.25464578538798e-39,"TCEAL8"
2.72114010832152e-94,1.26177100541789,1,0.887,5.63303213823638e-90,"DCXR"
1.43484827920674e-34,1.26156321308515,0.703,0.316,2.97027942278588e-30,"MMAB"
1.66661292654573e-21,1.26128049173567,0.513,0.196,3.45005541924231e-17,"CHRAC1"
6.55765902026659e-55,1.26095959678185,0.855,0.534,1.35750099378539e-50,"MRPS12"
1.63509247620932e-38,1.26041000857381,0.681,0.288,3.38480493500091e-34,"SLC25A4"
7.49781580644002e-16,1.25867136781055,0.3,0.074,1.55212285009115e-11,"E4F1"
2.00621351278968e-23,1.25717497532135,0.5,0.175,4.15306259282592e-19,"NLN"
5.71087022857507e-17,1.25697244210706,0.336,0.089,1.18220724601733e-12,"TFIP11"
7.06303526750182e-65,1.256342946346,0.932,0.641,1.46211893072555e-60,"PSMA4"
1.09718026607993e-19,1.25560366942218,0.396,0.12,2.27127286881206e-15,"ANXA9"
5.29485625339608e-31,1.25560152160409,0.482,0.113,1.09608819301552e-26,"OGG1"
6.23628489448153e-37,1.25505265963709,0.702,0.319,1.29097333600662e-32,"GPRC5C"
3.62408981348171e-23,1.25340435041317,0.41,0.104,7.50222832288848e-19,"USP22"
1.00394993970473e-22,1.25074298441765,0.432,0.126,2.07827677018275e-18,"GRWD1"
7.95005765236145e-16,1.24847405039891,0.357,0.113,1.64574143461534e-11,"C18orf21"
4.5513869049756e-41,1.24765127005351,0.72,0.301,9.42182603198999e-37,"RCN1"
3.85351043533026e-16,1.24676063841018,0.366,0.12,7.97715195217716e-12,"WDR70"
8.85113202788314e-50,1.24645528759738,0.829,0.454,1.83227284109209e-45,"MRPL22"
2.02432753082757e-25,1.24571116702656,0.421,0.095,4.19056042156615e-21,"ZFYVE19"
1.88286562421e-47,1.24411469713656,0.806,0.46,3.89772012867712e-43,"AHCY"
1.67756029042777e-28,1.24322748935991,0.574,0.209,3.47271755721454e-24,"DDX56"
1.96889425721353e-36,1.2425238300285,0.7,0.294,4.07580800185774e-32,"MRPS25"
1.75044464448116e-16,1.24196192313005,0.294,0.067,3.62359545854046e-12,"SLC35G2"
6.85163613320724e-18,1.24162752243891,0.435,0.166,1.41835719593523e-13,"RRP36"
8.17203780295894e-23,1.24137906567891,0.4,0.095,1.69169354559053e-18,"MSL1"
1.70562691588989e-41,1.24110137085352,0.76,0.344,3.53081827858365e-37,"WBSCR22"
1.11659770940046e-52,1.24075842758412,0.842,0.463,2.3114689182299e-48,"UBE2V2"
4.54408521484918e-32,1.23832843141641,0.672,0.291,9.40671080325929e-28,"CDK4"
2.68942053700883e-33,1.23747654113336,0.686,0.331,5.56736945366198e-29,"PDHB"
1.01419106869442e-23,1.23714466835046,0.518,0.187,2.09947693130432e-19,"B4GALT7"
7.42270507717416e-146,1.2369095338776,1,0.991,1.53657417802582e-141,"RPL35A"
1.79560945247186e-16,1.23629561081641,0.266,0.049,3.71709112756199e-12,"RP11-421L21.3"
1.71056449756576e-26,1.23618299565423,0.568,0.221,3.54103956641088e-22,"DUS1L"
3.6885737183764e-18,1.23557730001972,0.344,0.089,7.63571645441098e-14,"CDC23"
2.02583510405953e-27,1.2348880957067,0.512,0.15,4.19368124891362e-23,"CCDC174"
5.56058067624443e-18,1.23474210543248,0.266,0.04,1.15109580578936e-13,"SYNGR1"
2.14959347629325e-27,1.23375050356907,0.585,0.23,4.44987345527465e-23,"HSPBP1"
1.42464164393761e-34,1.23310938982208,0.699,0.328,2.94915066711524e-30,"IMP3"
4.02901601463147e-28,1.23215923248556,0.577,0.206,8.3404660518886e-24,"C17orf62"
1.63512815319633e-29,1.2310539452222,0.511,0.144,3.38487878993172e-25,"PDLIM3"
6.69513840873858e-24,1.23029841222047,0.404,0.089,1.38596060199297e-19,"LINC01184"
2.53907406480613e-30,1.22999798969426,0.486,0.117,5.25613722155518e-26,"AP006621.5"
1.27268369375514e-37,1.22723576917724,0.749,0.35,2.63458251444252e-33,"TTC1"
2.19623058840047e-34,1.22575575421594,0.708,0.322,4.54641694104782e-30,"POLD2"
6.01077241304632e-73,1.22536787669957,0.947,0.709,1.24428999722472e-68,"C20orf24"
1.47088907363762e-76,1.2253434266321,0.948,0.687,3.04488747133723e-72,"GRINA"
1.50657187129086e-29,1.22463229230656,0.655,0.282,3.11875443075922e-25,"RBBP7"
5.25271454664807e-18,1.22352644400067,0.335,0.086,1.08736443830162e-13,"TEX2"
2.7959633399645e-126,1.2218675632951,0.999,0.96,5.78792371006052e-122,"GNB2L1"
1.05797755730928e-48,1.21983064700074,0.808,0.442,2.19011934138594e-44,"PDCD6"
1.83027886591131e-86,1.21862071151215,0.968,0.724,3.78886028032301e-82,"LMAN2"
1.66068878637217e-30,1.21643894498073,0.605,0.224,3.43779185666902e-26,"PHF5A"
2.19301411073082e-124,1.21568701622988,1,0.979,4.53975851062388e-120,"RPL14"
6.02704344334678e-16,1.21561572295328,0.289,0.067,1.24765826320722e-11,"LMCD1"
8.75899972259877e-74,1.21553277260939,0.98,0.727,1.81320053257517e-69,"AKR1C3"
1.53524594460796e-36,1.2153073297862,0.734,0.38,3.17811262993293e-32,"RAD21"
1.54482073590677e-25,1.21522625097782,0.588,0.236,3.19793340540061e-21,"UBE2W"
4.95413044774177e-29,1.21424256996159,0.616,0.255,1.02555454398702e-24,"GNPAT"
2.38152217729376e-46,1.21420589111585,0.871,0.402,4.92998905921582e-42,"APCS"
4.94880667308054e-14,1.21406592714863,0.27,0.071,1.0244524693944e-09,"TMEM186"
2.12765413324194e-64,1.21372899056399,0.905,0.678,4.40445682122414e-60,"GRN"
1.20826016934561e-14,1.21331758083273,0.299,0.083,2.50121937656236e-10,"COG2"
1.17693126522358e-30,1.21290246394399,0.63,0.248,2.43636541213933e-26,"PDK2"
2.10000476680855e-17,1.21281536719783,0.276,0.049,4.34721986777038e-13,"FAM43A"
2.83213984758007e-63,1.21088334375527,0.896,0.546,5.8628126984755e-59,"C12orf57"
1.02654424209923e-27,1.20959626348279,0.53,0.166,2.12504923556961e-23,"RNASEH1"
4.08687702026769e-42,1.20951558191949,0.777,0.442,8.46024411965614e-38,"TXNL4A"
5.19074595067771e-19,1.20912214238991,0.418,0.141,1.07453631924979e-14,"MRRF"
4.21432451107139e-32,1.20792514439993,0.615,0.224,8.72407317036888e-28,"SF3B4"
1.77437516233664e-34,1.20606652519773,0.675,0.294,3.67313402355307e-30,"ERI3"
9.67736215350313e-23,1.20556877028988,0.423,0.12,2.00331073939668e-18,"LYAR"
3.89275431043235e-65,1.20380742670261,0.927,0.656,8.05839069802601e-61,"DUSP23"
2.55736450353956e-69,1.20374606785715,0.926,0.623,5.29400025877723e-65,"DYNLRB1"
1.22901479395258e-17,1.2029799433701,0.316,0.074,2.54418352496124e-13,"ARL17A"
1.77374810038899e-31,1.20206405639381,0.674,0.316,3.67183594261525e-27,"DCTN2"
3.53200661658171e-22,1.20053515324677,0.395,0.101,7.31160689698579e-18,"NCAPH2"
2.15961585852057e-25,1.19855164954889,0.542,0.19,4.47062078872343e-21,"GARS"
1.7695353569947e-21,1.19778453905426,0.454,0.147,3.66311514251473e-17,"ABCC2"
7.44540871671016e-25,1.19515763729782,0.579,0.227,1.54127405844617e-20,"TIMM9"
3.93900139472031e-14,1.19444649635191,0.301,0.089,8.15412678721052e-10,"RALGAPB"
2.12783429941217e-26,1.19438558214218,0.462,0.117,4.40482978321313e-22,"BORCS8"
2.47009066406429e-24,1.19029973861382,0.478,0.147,5.11333468367948e-20,"EIF2D"
7.12862128886633e-43,1.19021477876601,0.808,0.46,1.47569589300822e-38,"MRPS33"
1.65305477918102e-34,1.19011844902935,0.658,0.258,3.42198869838262e-30,"PRMT1"
7.59224358938104e-72,1.18946560136998,0.949,0.66,1.57167034543777e-67,"PSMB2"
5.22719124995318e-23,1.18907967354816,0.437,0.123,1.08208086065281e-18,"ZNF581"
2.81690949612979e-22,1.18881465761867,0.469,0.153,5.83128434793828e-18,"C1orf50"
1.50457189711844e-18,1.18847284470086,0.341,0.08,3.11461428422488e-14,"QRSL1"
1.14333406721785e-31,1.18645343973293,0.722,0.359,2.36681585254766e-27,"PDAP1"
7.34266135025797e-94,1.18642288260489,1,0.954,1.5200043261169e-89,"TXN"
1.0463083479732e-31,1.18626845398717,0.647,0.248,2.16596291113933e-27,"MRPS17"
3.33816733685785e-30,1.18493063371981,0.538,0.16,6.91034020402943e-26,"NBN"
1.81576137224889e-27,1.18395893047791,0.577,0.212,3.75880761669242e-23,"PDXK"
4.20157033441107e-78,1.1836944585073,0.956,0.721,8.69767074926436e-74,"HIGD2A"
1.87824457580257e-33,1.18364585504187,0.734,0.374,3.88815409636891e-29,"RPF2"
4.35954562567505e-27,1.18336060448622,0.557,0.196,9.02469539970993e-23,"WDR46"
4.04310297858536e-46,1.18311620952605,0.791,0.417,8.36962747596955e-42,"CAMLG"
1.93224071163085e-28,1.1824054468038,0.694,0.328,3.99993149714702e-24,"MED8"
1.52540060164958e-36,1.18194085669314,0.761,0.414,3.15773178547479e-32,"DDAH2"
2.2000226040115e-21,1.18167228433941,0.446,0.141,4.55426679256421e-17,"CCDC130"
1.79428661833838e-33,1.1813560534784,0.72,0.337,3.71435272862228e-29,"THUMPD3-AS1"
3.16434996765433e-45,1.18125749322309,0.855,0.469,6.55052086804124e-41,"NIT2"
4.83961975544565e-59,1.17922675382238,0.895,0.567,1.00184968557481e-54,"NDUFAF3"
1.36765188773362e-42,1.17906264170544,0.813,0.42,2.83117617279736e-38,"RPL22L1"
5.90506472805123e-17,1.17838657449948,0.353,0.101,1.22240744935388e-12,"DHDDS"
1.68652881957169e-15,1.17772127679952,0.394,0.144,3.49128330939536e-11,"NUP37"
3.87462461126564e-22,1.17768738873664,0.462,0.153,8.02086040778101e-18,"NSDHL"
1.20359539489598e-34,1.17664643833311,0.659,0.267,2.49156282697417e-30,"PDCD2"
1.12890187972033e-26,1.17635846733534,0.606,0.245,2.33693978120906e-22,"SLU7"
5.84082113171978e-24,1.17605053196015,0.499,0.166,1.20910838247731e-19,"NPLOC4"
1.60786721168971e-108,1.17392700162169,0.996,0.883,3.32844591491886e-104,"TBCA"
1.1243384071214e-18,1.17255942938413,0.325,0.074,2.32749293658201e-14,"DONSON"
6.32264206491061e-28,1.171854685253,0.604,0.239,1.30885013385715e-23,"GLRX2"
3.18818278073171e-11,1.1707368546571,0.256,0.08,6.5998571743927e-07,"SAAL1"
8.39980650973078e-25,1.16976750754443,0.507,0.172,1.73884394557937e-20,"DNAJA3"
3.571400941659e-21,1.16928961964539,0.459,0.156,7.3931570893283e-17,"SURF6"
2.06758042212032e-48,1.16913466814031,0.835,0.482,4.28009823183127e-44,"SEC11A"
6.85565522796569e-89,1.16817675237236,0.988,0.847,1.41918918874118e-84,"SNRPD2"
1.01177601203795e-29,1.16807752034545,0.65,0.288,2.09447752251976e-25,"XRN2"
8.99409664042241e-18,1.16734686611643,0.677,0.377,1.86186794553384e-13,"CKS2"
3.32389043925118e-26,1.16713434672943,0.625,0.276,6.88078559829386e-22,"MRPS22"
7.81157060062885e-34,1.166943516861,0.653,0.245,1.61707323003618e-29,"DDA1"
4.05983030352579e-17,1.16630100589472,0.403,0.138,8.40425471132873e-13,"RAB24"
3.40948402734672e-19,1.1659605872662,0.36,0.089,7.05797288501044e-15,"UNC45A"
5.015688580637e-41,1.16562306272115,0.79,0.46,1.03829769307766e-36,"NDUFA8"
1.95874056156978e-37,1.16487120210426,0.767,0.408,4.0547888365056e-33,"RABGGTB"
1.23492388495433e-56,1.16443372554688,0.91,0.62,2.55641593424396e-52,"SNRPB2"
2.07738732135192e-12,1.16304227817101,0.32,0.117,4.30039949393061e-08,"USP39"
1.39135882785158e-50,1.16298080586437,0.879,0.623,2.88025190953555e-46,"VMP1"
4.28090509918847e-75,1.16264485028745,0.961,0.696,8.86190164583004e-71,"MRPL51"
9.98803894536388e-23,1.16124410957769,0.637,0.313,2.06762394207978e-18,"CDKN2A"
1.37913620099641e-16,1.16098462752989,0.263,0.046,2.85494984968267e-12,"RELN"
1.04070764811433e-18,1.16097557272643,0.355,0.092,2.15436890236148e-14,"NOA1"
4.07714939511083e-58,1.16077541232087,0.899,0.62,8.44010696281893e-54,"MRPS15"
3.2825512033248e-37,1.16071118960931,0.694,0.288,6.79520924600266e-33,"ATG3"
5.00063063622887e-13,1.15982191141933,0.256,0.067,1.03518054800574e-08,"KCNMB2-AS1"
2.51097492637687e-22,1.15958318586037,0.368,0.077,5.19796919509276e-18,"CTU2"
3.25710483445188e-13,1.15910332959117,0.295,0.092,6.74253271779885e-09,"CAPN12"
1.41621592436147e-20,1.15845728167131,0.432,0.138,2.93170858502069e-16,"RP11-660L16.2"
1.09804402975141e-17,1.15842157383545,0.322,0.077,2.2730609459884e-13,"PDCD11"
7.46171240685315e-17,1.15804228244162,0.352,0.107,1.54464908534267e-12,"FARS2"
7.41994408279432e-16,1.15801519357464,0.376,0.123,1.53600262457925e-11,"ZNF576"
2.18523169432858e-46,1.15757614329782,0.839,0.506,4.5236481304296e-42,"DDOST"
6.57444829791854e-52,1.15673085520801,0.877,0.555,1.36097654215212e-47,"MDH1"
4.02156320678072e-16,1.15639107595715,0.307,0.077,8.32503799435677e-12,"ADORA2A-AS1"
5.84516834246231e-52,1.15596046992578,0.889,0.543,1.21000829857312e-47,"SNRPD3"
2.15600541145596e-44,1.15351515756296,0.821,0.442,4.46314680225498e-40,"PSMC4"
1.0435064012767e-50,1.15276093485067,0.817,0.42,2.16016260128291e-46,"SYNGR2"
2.78827217026077e-33,1.15177708214993,0.667,0.276,5.77200221965682e-29,"B3GAT3"
4.90395194037502e-22,1.15105921453071,0.416,0.11,1.01516709117703e-17,"NPRL2"
6.04791653306735e-49,1.15047505458943,0.822,0.466,1.25197920151027e-44,"EID1"
1.09971546839007e-17,1.15038129527696,0.365,0.107,2.27652099111427e-13,"DALRD3"
1.63397914110439e-61,1.14870768986144,0.925,0.656,3.38250022000021e-57,"TECR"
8.39334758912025e-32,1.14750687648301,0.642,0.267,1.73750688442378e-27,"NDUFAF6"
8.49236059595188e-19,1.14727552551986,0.509,0.215,1.758003566968e-14,"FARSA"
2.51831619248787e-51,1.14704583233041,0.881,0.543,5.21316635006914e-47,"MRPS16"
7.6118065224824e-110,1.1429454807225,1,0.942,1.57572006821908e-105,"PRDX1"
2.35483478069741e-16,1.14249211088206,0.366,0.113,4.8747434795217e-12,"WBSCR27"
1.21626478599951e-26,1.14182706472403,0.505,0.156,2.51778973349758e-22,"GTPBP4"
2.57833417835847e-13,1.14158438491952,0.279,0.08,5.33740958261988e-09,"ANO10"
4.96370608628812e-23,1.14153132497312,0.371,0.074,1.0275367969225e-18,"PRMT5"
2.43719487303548e-105,1.14105183772816,1,0.969,5.04523710667074e-101,"SOD1"
1.42469704297092e-15,1.14003107235014,0.286,0.071,2.9492653486541e-11,"NUP155"
4.54410620010875e-26,1.13995948284234,0.475,0.132,9.40675424484512e-22,"CCDC57"
1.20203260607927e-13,1.13957197806958,0.326,0.107,2.4883276978447e-09,"ZNF672"
6.62709066324039e-16,1.13919933446063,0.297,0.074,1.37187403819739e-11,"FBXO45"
2.04046983735981e-23,1.13806814104781,0.555,0.221,4.22397661031853e-19,"SCO2"
1.326560757811e-73,1.1378485181451,0.949,0.724,2.74611342474455e-69,"SSR3"
1.14510826122085e-34,1.13767308100712,0.741,0.35,2.37048861155329e-30,"ASPDH"
7.96339302339817e-15,1.13734127134328,0.332,0.107,1.64850198977366e-10,"RRNAD1"
2.22575038698899e-28,1.13721960344432,0.537,0.169,4.6075258761059e-24,"TFDP2"
1.01639964744319e-19,1.1362317233062,0.436,0.147,2.10404891017215e-15,"PNMA6A"
3.66158368561348e-16,1.13560680092257,0.326,0.092,7.57984438758847e-12,"TGS1"
8.42133700151829e-15,1.13522020772873,0.339,0.11,1.7433009726843e-10,"ZNF626"
6.7289378013457e-58,1.13448051142761,0.913,0.583,1.39295741425657e-53,"UQCC2"
6.85609070047134e-116,1.13446326170542,1,0.982,1.41927933590457e-111,"CD74"
1.09145951038465e-21,1.13407240036396,0.441,0.138,2.25943033244727e-17,"ACAD9"
3.01395136538983e-22,1.13401874010371,0.542,0.224,6.23918072149348e-18,"ZNF622"
2.81064002797869e-67,1.13343326830638,0.996,0.801,5.81830592191869e-63,"LEAP2"
5.84485582266369e-28,1.13252857528814,0.659,0.313,1.20994360384961e-23,"FUNDC2"
2.86389454715945e-35,1.13211225930275,0.783,0.408,5.92854810207478e-31,"EIF2S3"
2.81280514814463e-30,1.13121992912479,0.642,0.264,5.8227879371742e-26,"DAP"
2.76391608342004e-50,1.13069681491056,0.886,0.558,5.72158268428782e-46,"PFDN6"
1.27929965894495e-25,1.13063348276508,0.562,0.206,2.64827822398195e-21,"ARFIP2"
8.24277800768275e-13,1.12877542061801,0.33,0.12,1.70633747537041e-08,"EXOSC8"
2.02198469934631e-27,1.12823474152615,0.673,0.307,4.18571052611679e-23,"SCOC"
1.37214584391363e-48,1.12817551260867,0.815,0.433,2.84047911148561e-44,"MARCKSL1"
2.8210148282306e-31,1.12719024747202,0.677,0.304,5.83978279592017e-27,"EBAG9"
9.88001583619944e-15,1.1260504123092,0.307,0.086,2.04526207825165e-10,"DPH6"
2.81143126474545e-35,1.12581348034714,0.756,0.417,5.81994386114956e-31,"GLYCTK"
4.06576774855028e-46,1.1253470255239,0.856,0.537,8.41654581627392e-42,"GTF3A"
3.70640521903179e-49,1.12431905411256,0.885,0.613,7.67262944391771e-45,"MPLKIP"
4.96311547406159e-22,1.12406552538842,0.381,0.089,1.02741453428549e-17,"ZNF7"
1.10504828353359e-108,1.12335401233883,1,0.972,2.28756045174287e-104,"RPL5"
9.80448787680972e-14,1.12326642609579,0.307,0.095,2.02962703537838e-09,"CIZ1"
2.03409263061287e-40,1.12279501433835,0.767,0.387,4.21077515463171e-36,"RALY"
4.02999306700347e-22,1.12160564634043,0.406,0.104,8.34248864800388e-18,"BDH2"
2.01879112858495e-28,1.11936382708172,0.681,0.316,4.17909951528371e-24,"DCPS"
3.90491503499481e-26,1.11877735924674,0.6,0.252,8.08356461394276e-22,"MAGED1"
2.56070537055174e-24,1.11875119695069,0.561,0.221,5.30091618757916e-20,"SNRPA1"
1.02763013872605e-17,1.11692730650862,0.262,0.04,2.12729715017679e-13,"TRMT12"
2.74897025064381e-44,1.11618546926558,0.847,0.518,5.69064331585776e-40,"PSMD7"
9.41510006327941e-16,1.11595237101497,0.362,0.117,1.94901986409947e-11,"ABCB7"
2.40330814633192e-19,1.11554249461443,0.276,0.037,4.97508819372171e-15,"LYRM9"
1.66687768134923e-31,1.11549571540636,0.542,0.156,3.45060348816104e-27,"MED19"
4.01713632168268e-58,1.11524694175817,0.9,0.61,8.31587389951533e-54,"YIF1A"
2.04517666795563e-21,1.11507837732167,0.423,0.126,4.23372022033495e-17,"ACBD4"
2.7686915640456e-19,1.11498448175678,0.42,0.135,5.73146840673079e-15,"RRAGD"
8.57511615936919e-33,1.11467716566334,0.774,0.405,1.77513479615102e-28,"RAB8A"
1.5927910764521e-14,1.11438428221074,0.278,0.071,3.29723680736349e-10,"HIRIP3"
3.71890204295837e-14,1.11432516699907,0.269,0.064,7.69849911912812e-10,"NUP93"
3.18767625647791e-25,1.11216700351151,0.464,0.123,6.59880861853493e-21,"AAED1"
6.72999044282875e-25,1.11183656008627,0.576,0.218,1.39317532156998e-20,"SLC38A10"
1.19705710193813e-33,1.11153400326867,0.707,0.328,2.47802790672213e-29,"CUEDC2"
5.11305614011127e-15,1.11104373992458,0.317,0.092,1.05845375156443e-10,"WRAP73"
5.01216126159289e-34,1.1108516819145,0.694,0.294,1.03756750276234e-29,"LUC7L3"
1.75400014835641e-74,1.11041494031796,0.973,0.825,3.6309557071126e-70,"POLR2K"
2.24054710916756e-47,1.1091315955716,0.877,0.567,4.63815657068776e-43,"GLRX"
3.048023479408e-36,1.10540092560986,0.747,0.365,6.3097134047225e-32,"NSMCE1"
3.15684460805448e-23,1.10523287029416,0.427,0.117,6.53498402313357e-19,"HIST1H2BD"
9.7737627905659e-42,1.10459052343332,0.809,0.439,2.02326663527505e-37,"FXR1"
2.746808256462e-23,1.10376150222555,0.586,0.252,5.68616777170198e-19,"FAM207A"
5.28521467133206e-18,1.10361896289131,0.37,0.107,1.09409228911245e-13,"RFTN1"
1.87963064301896e-21,1.10212685733164,0.494,0.178,3.89102339411354e-17,"FHIT"
2.17074301298026e-23,1.10175792371034,0.461,0.138,4.49365511117043e-19,"DYNC1LI1"
2.30903603732954e-35,1.10056494009288,0.74,0.353,4.77993550087588e-31,"RTFDC1"
5.72527747248654e-29,1.0980356489449,0.555,0.184,1.18518968957944e-24,"GNL2"
1.05134732817449e-28,1.09755636015618,0.677,0.334,2.17639410405401e-24,"SPNS1"
1.9164349216426e-21,1.0972044581504,0.514,0.193,3.96721193129235e-17,"IFT27"
7.41158628195507e-14,1.09674436051855,0.333,0.11,1.53427247622752e-09,"PCBD2"
3.32542902370806e-19,1.0964677423314,0.387,0.113,6.88397062197806e-15,"MED7"
1.29898654413763e-13,1.09631341183918,0.271,0.071,2.6890320450193e-09,"FAM208A"
8.58369020453127e-37,1.09582467793146,0.799,0.482,1.77690970924002e-32,"AKR7A2"
3.38581065530524e-15,1.09551720554304,0.257,0.052,7.00896663754737e-11,"DHX40"
6.58128813817284e-39,1.09363668838018,0.767,0.371,1.36239245748316e-34,"LINC00116"
2.7897326990948e-30,1.09306897195369,0.59,0.202,5.77502566039615e-26,"TBRG4"
1.39810719835881e-17,1.09247626226697,0.426,0.15,2.89422171132256e-13,"SUGCT"
1.55732086723556e-24,1.09247553106958,0.612,0.276,3.22380992726432e-20,"HACL1"
8.60038746712038e-33,1.09237041005648,0.727,0.325,1.78036620956859e-28,"AFMID"
1.49892041770968e-21,1.09097336925018,0.535,0.212,3.10291515670081e-17,"PLA2G12A"
2.67898541746835e-17,1.09071212155331,0.404,0.138,5.54576771270123e-13,"ANAPC10"
1.88779784039087e-38,1.09031428239774,0.805,0.491,3.90793030939315e-34,"MRPS26"
1.65340355123089e-21,1.08951243916313,0.506,0.184,3.42271069140307e-17,"MPHOSPH10"
1.79641963774634e-17,1.08931857510631,0.348,0.092,3.7187682920987e-13,"FTSJ2"
1.67336657208679e-27,1.08889327121564,0.709,0.38,3.46403614087686e-23,"MTX1"
3.17405504360928e-22,1.08880010166706,0.569,0.248,6.57061134577558e-18,"EIF2S1"
8.44509219102513e-23,1.08811905991281,0.518,0.193,1.74821853446411e-18,"LRRC47"
1.27333156793817e-29,1.08716968800771,0.585,0.212,2.63592367878881e-25,"RRP7A"
3.81495185818673e-13,1.08666866541364,0.297,0.089,7.89733184163234e-09,"DEAF1"
3.99864989574788e-22,1.08623167863681,0.536,0.202,8.27760514918768e-18,"DNTTIP1"
2.7773113928813e-26,1.08581844248539,0.532,0.193,5.74931231440358e-22,"OTULIN"
2.47935389355083e-34,1.08382694797556,0.805,0.466,5.13251049503958e-30,"SARS"
4.46117677652697e-24,1.08243158697869,0.566,0.227,9.23508204508848e-20,"SCAMP2"
2.6376152227286e-37,1.08041002592819,0.56,0.141,5.46012727257047e-33,"SOX4"
8.02895273970867e-26,1.08032546107139,0.651,0.307,1.66207350664709e-21,"SLC39A3"
6.88125701043797e-43,1.07970465735968,0.907,0.663,1.42448901373076e-38,"ZFAS1"
4.24853550376119e-37,1.07947017522441,0.796,0.466,8.79489334633604e-33,"NELFE"
5.27453386842283e-30,1.07902302190834,0.623,0.239,1.09188125610221e-25,"EPB41L4A-AS1"
1.16345241157122e-36,1.07863470900818,0.751,0.417,2.40846283719359e-32,"CPNE3"
4.4995467636995e-26,1.07847755918777,0.559,0.199,9.31451175553433e-22,"RIPK2"
1.16893232238004e-43,1.07837633907016,0.875,0.58,2.41980680055892e-39,"SSBP1"
2.04655422808049e-33,1.07772345623443,0.752,0.405,4.23657190754941e-29,"TOMM40"
6.54466457903038e-26,1.07674701304761,0.639,0.273,1.35481101450508e-21,"PRELID3B"
2.23832971354594e-27,1.07674137444938,0.591,0.218,4.63356634001146e-23,"REPIN1"
5.88915825236692e-21,1.07522206022569,0.473,0.169,1.21911464982248e-16,"SMARCA4"
2.4141338614622e-80,1.07514984667685,0.984,0.834,4.9974985066129e-76,"EEF1B2"
4.32069003908743e-25,1.07504567741555,0.613,0.258,8.94426044991489e-21,"PTGES2"
1.53096051560723e-50,1.07287057020792,0.843,0.485,3.16924136335852e-46,"H2AFY"
1.31135282898218e-27,1.07161446713112,0.478,0.126,2.71463149127601e-23,"CASC3"
3.60430493906963e-30,1.07006780494559,0.731,0.399,7.46127165436804e-26,"NUBP2"
9.55860263409002e-14,1.06943274208571,0.376,0.147,1.97872633128298e-09,"C12orf65"
1.60424720908095e-28,1.06939505206801,0.661,0.304,3.32095214751847e-24,"TIMM50"
3.11665783772386e-69,1.06878863322817,0.95,0.752,6.45179338987217e-65,"SERBP1"
1.57297835672247e-101,1.0687541991705,1,0.942,3.25622249625119e-97,"RPS3A"
4.94733525221889e-13,1.06874751320559,0.414,0.181,1.02414787056183e-08,"AGA"
7.2752562155335e-19,1.06864665032505,0.374,0.101,1.50605078917759e-14,"TBC1D1"
5.94415112052719e-34,1.06794285888309,0.767,0.433,1.23049872346033e-29,"RBCK1"
8.06733380430806e-22,1.06720658760895,0.546,0.212,1.67001877082981e-17,"MAN1B1"
2.91300051857758e-24,1.06600401854238,0.486,0.153,6.03020237350745e-20,"AKAP8L"
7.36672087380179e-35,1.06554027047136,0.65,0.239,1.52498488808571e-30,"CHMP4A"
9.29678561072242e-138,1.06480893323511,1,0.997,1.92452758927565e-133,"RPLP1"
2.9260638497383e-39,1.06460114258983,0.807,0.46,6.05724477534325e-35,"XRCC6"
4.67944953421568e-38,1.06412101652358,0.8,0.439,9.68692848077988e-34,"ILF2"
1.58528014314576e-29,1.06390173196003,0.709,0.331,3.28168842432604e-25,"GTF2A2"
6.2509935711127e-33,1.06370063841758,0.732,0.359,1.29401817915604e-28,"OCEL1"
6.25241461458779e-50,1.06367590268235,0.868,0.546,1.29431234936582e-45,"TMEM147"
8.21920505540149e-27,1.06355143180133,0.681,0.328,1.70145763851866e-22,"CPQ"
6.68782268887295e-24,1.06343771620964,0.621,0.273,1.38444617482359e-19,"AKT1S1"
2.39641303503608e-38,1.06324566403102,0.742,0.347,4.96081462382818e-34,"ANP32A"
7.64706917694221e-15,1.06315691576253,0.275,0.067,1.58301979031881e-10,"PRR5"
2.8911647992899e-24,1.06296590011576,0.504,0.166,5.98500025101002e-20,"CHD1L"
5.30458842977064e-14,1.06294008041988,0.297,0.083,1.09810285084682e-09,"SOX12"
1.70422181536929e-16,1.06280988344005,0.292,0.064,3.52790957999596e-12,"WDR3"
1.81338688839201e-23,1.06274269533773,0.482,0.15,3.75389219766031e-19,"DDX42"
9.95160587498391e-20,1.06266736198583,0.431,0.141,2.06008193218042e-15,"MPV17"
2.0448435566533e-24,1.06262516746916,0.576,0.23,4.23303064662799e-20,"SMARCB1"
4.28541329856365e-43,1.06254886708709,0.85,0.531,8.87123406935662e-39,"SYF2"
1.48761035353794e-49,1.06117045948272,0.893,0.586,3.0795021928589e-45,"PAIP2"
5.36137607734321e-21,1.06108112576048,0.262,0.021,1.10985846177082e-16,"GIT1"
7.60487297659635e-26,1.06093742954664,0.648,0.322,1.57428475488521e-21,"RNF213"
3.69739939399558e-32,1.06090523542818,0.684,0.307,7.65398648551024e-28,"NASP"
1.55817646193112e-12,1.06090014036271,0.283,0.086,3.22558109384362e-08,"METTL2B"
4.69000103767296e-34,1.06038029578013,0.705,0.313,9.70877114808679e-30,"C7orf55"
4.031584492073e-19,1.06036770740419,0.433,0.144,8.34578305704031e-15,"UBTF"
1.98409006552226e-15,1.06001280828381,0.307,0.08,4.10726484463762e-11,"SPSB2"
1.79935298312103e-34,1.05994809320737,0.659,0.267,3.72484061035884e-30,"ETHE1"
1.67175664008612e-19,1.05939362679808,0.391,0.11,3.46070342064228e-15,"FAF2"
2.01129564844098e-17,1.05923078486018,0.292,0.061,4.16358312183768e-13,"MKRN2"
1.1500476670499e-11,1.05657726535345,0.293,0.104,2.38071367556e-07,"KANSL1"
3.60490084330918e-53,1.05476024233938,0.929,0.672,7.46250523573432e-49,"ALDOA"
8.91838711895749e-45,1.05232922506048,0.85,0.515,1.84619531749539e-40,"COPS6"
3.90317074061727e-16,1.05181092262377,0.306,0.08,8.0799537501518e-12,"HEMK1"
7.68702827981969e-27,1.05151613573525,0.682,0.362,1.59129172420547e-22,"RALBP1"
1.50759774250016e-26,1.04987895538092,0.566,0.215,3.12087808674958e-22,"CCDC34"
1.39033378735494e-22,1.04880704524244,0.448,0.132,2.87812997320346e-18,"FAM134C"
1.58704878348699e-22,1.04775965296416,0.482,0.163,3.28534968669642e-18,"MCCC1"
4.29598512487533e-30,1.04772336653611,0.681,0.322,8.89311880700443e-26,"APEH"
4.85115184634676e-26,1.04767366896215,0.432,0.104,1.00423694371224e-21,"NAA15"
9.17938637908087e-26,1.04728939553633,0.699,0.356,1.90022477433353e-21,"JAGN1"
1.84273964574696e-26,1.04709542397402,0.541,0.196,3.81465534066079e-22,"DNAJC2"
4.40010589321809e-69,1.04697305273273,0.958,0.742,9.10865920955077e-65,"LAMTOR5"
5.83450248107195e-32,1.04686002615365,0.704,0.322,1.2078003586067e-27,"RUVBL2"
5.35800161008971e-41,1.04665782792937,0.854,0.537,1.10915991330467e-36,"RAB13"
6.26399294809113e-36,1.04655997543083,0.808,0.485,1.29670918018435e-31,"EIF3J"
2.71995195756349e-14,1.04615935501072,0.289,0.077,5.63057254735219e-10,"MFN1"
9.47455280543582e-38,1.04598801360824,0.793,0.439,1.96132717625327e-33,"SRA1"
9.09333433889996e-16,1.04538554716262,0.302,0.074,1.88241114149568e-11,"RAP1GDS1"
2.12689708433501e-23,1.04516984540313,0.628,0.298,4.4028896542819e-19,"PMPCB"
9.97730918957341e-21,1.04502304570961,0.458,0.15,2.06540277533359e-16,"PACSIN2"
2.82081357605144e-31,1.04479699022122,0.656,0.267,5.83936618378409e-27,"C12orf10"
8.08334675703731e-26,1.04428303236174,0.624,0.282,1.67333361217429e-21,"DUSP3"
2.40943519252387e-106,1.0429756622745,1,0.988,4.98777179204367e-102,"RPL36A"
1.63775508547157e-58,1.04296925914325,0.971,0.62,3.3903168024347e-54,"PPIB"
4.80380566750382e-51,1.0425125000576,0.91,0.607,9.94435811229965e-47,"HNRNPA3"
4.66475696752958e-28,1.04244946387372,0.652,0.285,9.65651339848298e-24,"PEX2"
4.13820465734344e-39,1.0420093067989,0.847,0.537,8.56649746116666e-35,"GLO1"
8.49278000169048e-19,1.04125946309332,0.418,0.135,1.75809038814995e-14,"STYXL1"
2.60427546161469e-17,1.04072349702313,0.36,0.104,5.39111063308857e-13,"APOO"
1.2434775144624e-70,1.03955309336991,0.976,0.788,2.57412280268861e-66,"MRPS21"
1.29527906442543e-22,1.03734914359285,0.575,0.245,2.68135719126708e-18,"DAG1"
6.00947453636399e-11,1.03719031192745,0.25,0.077,1.24402132377271e-06,"SDHAF4"
8.01617286559807e-21,1.03659219375978,0.492,0.187,1.65942794490746e-16,"TPGS2"
2.88551375086358e-29,1.03654947371395,0.725,0.38,5.9733020156627e-25,"ASNA1"
5.25937302455302e-28,1.03592134535434,0.668,0.319,1.08874280981272e-23,"CRTAP"
5.37291736334146e-17,1.03564117602028,0.355,0.104,1.11224762338532e-12,"ZC3H3"
4.08305820685591e-19,1.03524696307284,0.503,0.206,8.45233879401241e-15,"PXMP4"
2.1730624292944e-17,1.03351726362381,0.427,0.15,4.49845653488234e-13,"NGLY1"
2.36795965601652e-29,1.03211258754721,0.587,0.199,4.9019132839198e-25,"SNX10"
4.40758043437512e-14,1.0317291768275,0.363,0.129,9.12413225719994e-10,"TRAPPC13"
3.15787168200117e-19,1.03058210047567,0.463,0.169,6.53711016891062e-15,"MTIF2"
2.96079048507677e-22,1.03029190535568,0.432,0.126,6.12913238315742e-18,"C16orf91"
2.55355834908836e-26,1.0293473497948,0.621,0.264,5.28612113844782e-22,"CALCOCO2"
1.50292418445792e-27,1.02925858953866,0.641,0.282,3.11120335424635e-23,"RPP25L"
1.11372945040213e-18,1.02782215624444,0.407,0.132,2.30553133527745e-14,"BRD9"
1.11360994890438e-76,1.02715442788033,0.978,0.81,2.30528395522696e-72,"TRMT112"
5.27185242811452e-15,1.02575244626713,0.303,0.083,1.09132617114399e-10,"FAM83D"
3.73387656920671e-19,1.02554709418036,0.499,0.193,7.7294978859148e-15,"CYB561D2"
3.20099795557307e-16,1.02514546197164,0.316,0.083,6.62638586783182e-12,"HES6"
1.57300155329947e-15,1.02448425735602,0.337,0.098,3.25627051548522e-11,"MCAT"
1.02419637621947e-55,1.0232951911411,0.937,0.656,2.12018891841192e-51,"EIF3I"
7.61559833715012e-19,1.02297601966032,0.425,0.141,1.57650501177345e-14,"TP53RK"
1.78173139669894e-17,1.02290871468453,0.404,0.135,3.68836216430648e-13,"USP3"
1.20049901014869e-10,1.02203418958309,0.251,0.08,2.48515300090881e-06,"AAGAB"
5.00890650246013e-20,1.02186980850985,0.51,0.206,1.03689373507427e-15,"C12orf45"
8.09248923212076e-19,1.02041996228005,0.512,0.206,1.67522619594132e-14,"KEAP1"
2.69057940949946e-95,1.02033812509966,0.999,0.942,5.56976843560484e-91,"PPIA"
5.80254992904119e-17,1.01856233298353,0.341,0.092,1.20118586081082e-12,"KAT7"
3.41533408660737e-40,1.0182431502819,0.836,0.549,7.07008309268591e-36,"MRPL37"
1.11123863805516e-30,1.0173265223869,0.706,0.356,2.30037510463798e-26,"TRAPPC6A"
1.14103212391711e-22,1.01700900208649,0.575,0.233,2.36205059972081e-18,"C1orf35"
2.80204848042085e-13,1.01639016680777,0.34,0.12,5.80052055931919e-09,"DDX50"
3.24885538014321e-19,1.01600284627685,0.583,0.273,6.72545552243447e-15,"NCOA2"
1.15230017808803e-19,1.01594700189985,0.584,0.285,2.38537659866003e-15,"ABCC3"
1.96284283964492e-23,1.01361284084748,0.554,0.221,4.06328096234895e-19,"SAE1"
1.72403309682536e-40,1.01307788673323,0.842,0.528,3.56892091373818e-36,"UBE2D2"
8.43354303205944e-29,1.01267669815292,0.691,0.347,1.74582774306662e-24,"PARP1"
2.06482940999747e-24,1.01260608713593,0.654,0.322,4.27440336163575e-20,"ABHD12"
4.26337897067774e-18,1.01091947791571,0.543,0.264,8.8256208072e-14,"ACOX2"
4.71787658802502e-18,1.01034795248955,0.376,0.11,9.7664763248706e-14,"SLC35E1"
8.68935792878865e-27,1.01026804917981,0.72,0.377,1.79878398483854e-22,"RBBP4"
3.41140431922503e-29,1.00985088283115,0.751,0.408,7.06194808122773e-25,"SRPRB"
5.12081130209971e-25,1.00930513287562,0.617,0.258,1.06005914764766e-20,"SRSF1"
5.3682844337026e-14,1.00705356708272,0.28,0.074,1.11128856062077e-09,"PRAF2"
2.27362099591675e-19,1.00649418391298,0.407,0.126,4.70662282364727e-15,"GPN1"
4.98731780788997e-50,1.00469383284938,0.942,0.718,1.0324246594113e-45,"EIF2S2"
2.16649609005154e-23,1.00464927657669,0.362,0.067,4.4848635560157e-19,"LEO1"
2.00155551627889e-19,1.00407779500299,0.437,0.141,4.14342007424892e-15,"ZNF652"
2.4058364707028e-13,1.00399158981403,0.315,0.101,4.98032207800186e-09,"UTP3"
1.21407699356996e-13,1.00390869225628,0.284,0.08,2.51326078438918e-09,"TBC1D22A"
4.59318438127488e-14,1.00378247147536,0.256,0.058,9.50835098767712e-10,"TRMT13"
1.0374283863175e-15,1.00344739940847,0.295,0.077,2.14758050251586e-11,"MGME1"
8.73583727139482e-21,1.00146883136167,0.509,0.199,1.80840567355144e-16,"DCUN1D5"
5.28348127030994e-16,1.00077092977558,0.367,0.117,1.09373345776686e-11,"MAVS"
1.62585056058066e-15,0.99956058648877,0.393,0.144,3.36567324545801e-11,"MYO9B"
3.44448709598833e-17,0.999354980638952,0.324,0.08,7.13043273740544e-13,"CCDC22"
1.5484514590368e-40,0.999342231200208,0.821,0.494,3.20544936535208e-36,"RSL1D1"
6.29688146988409e-15,0.998503970822804,0.262,0.055,1.30351743308071e-10,"ARL13B"
1.62839247017892e-27,0.997923380176006,0.687,0.325,3.37093525251738e-23,"DDX1"
7.00762240092923e-47,0.997522165173201,0.877,0.577,1.45064791321636e-42,"ADRM1"
9.15258984046829e-26,0.997110946299881,0.573,0.224,1.89467762287534e-21,"NBR1"
3.04048369174313e-15,0.995380745375178,0.336,0.104,6.29410529027745e-11,"TRIM47"
1.88175409828932e-25,0.994484459795031,0.679,0.344,3.89541915886872e-21,"MRPL4"
3.06642577478034e-11,0.994393657831624,0.289,0.104,6.34780799637277e-07,"CASP6"
8.84604054372166e-17,0.993480826232748,0.451,0.181,1.83121885295582e-12,"MRPS9"
2.16826179248877e-22,0.993165112487622,0.494,0.169,4.488518736631e-18,"CDK12"
2.880268964802e-58,0.990873294820545,0.999,0.828,5.96244478403662e-54,"FGG"
5.37664941951317e-40,0.989230949836993,0.87,0.577,1.11302019633342e-35,"VDAC2"
5.17920220501187e-17,0.988903624957137,0.316,0.077,1.07214664845951e-12,"HMGXB3"
3.09626626492945e-56,0.988051951845349,0.954,0.678,6.40958079503045e-52,"PPA1"
1.12892819451515e-17,0.98783224358061,0.362,0.104,2.33699425546582e-13,"DOHH"
2.00031816360032e-45,0.987750911545521,0.857,0.54,4.14085863046901e-41,"TMEM167A"
8.83266457177016e-27,0.986452319547897,0.445,0.104,1.82844989300214e-22,"UTP23"
6.35238826282624e-25,0.985824478861479,0.508,0.163,1.31500789428766e-20,"BPTF"
5.90185894575519e-56,0.985202526954868,0.94,0.69,1.22174382036078e-51,"BRK1"
1.07790792054648e-23,0.984945643906007,0.586,0.248,2.23137718632326e-19,"NADK"
1.54285649396724e-19,0.984256209960851,0.376,0.098,3.19386722816157e-15,"PGAP2"
1.63711390211267e-22,0.982358028408355,0.393,0.098,3.38898948876344e-18,"PITPNC1"
8.20920348944937e-31,0.982258222746923,0.759,0.408,1.69938721435091e-26,"NUDT16"
2.47833137509249e-45,0.9815669322572,0.901,0.653,5.13039377957896e-41,"NDUFB5"
1.33780286193927e-66,0.981370382523751,0.978,0.785,2.76938570450048e-62,"RPS4Y1"
2.49451143042908e-21,0.981018290145789,0.436,0.129,5.16388811213123e-17,"TUBGCP2"
1.83589261064406e-30,0.980187813814967,0.731,0.374,3.80048129329427e-26,"PDHA1"
2.54681639516619e-86,0.980068817122916,0.993,0.871,5.27216461963353e-82,"TOMM7"
2.7706379703131e-18,0.979227529219702,0.374,0.107,5.73549766234515e-14,"ATG10"
3.36570881451159e-12,0.977119136423256,0.267,0.08,6.96735381692045e-08,"ZNF76"
3.10928002866344e-14,0.976480365208195,0.33,0.107,6.43652058733618e-10,"CSTF1"
1.11978317733586e-18,0.976099620939783,0.361,0.095,2.31806315540296e-14,"RRP8"
7.09686615908008e-20,0.97609299239556,0.435,0.147,1.46912226359117e-15,"BCL2L13"
1.3094014789259e-24,0.975703036219752,0.607,0.261,2.71059200152451e-20,"POP4"
4.46528672606441e-25,0.975227364141825,0.579,0.227,9.24359005162595e-21,"MLST8"
7.1842405342886e-28,0.97495539253542,0.698,0.337,1.48720963300308e-23,"OSER1"
2.16578555609184e-23,0.973645347619835,0.578,0.227,4.48339267966571e-19,"TWF2"
9.52249853967388e-10,0.973040215584485,0.251,0.089,1.97125242269789e-05,"LIAS"
2.90910878182973e-19,0.973013614296039,0.405,0.123,6.02214608926573e-15,"PQLC2"
7.75848189605085e-58,0.972869704724286,0.964,0.761,1.60608333730149e-53,"SNRPE"
7.17496283991328e-18,0.970747825308855,0.383,0.117,1.48528905749045e-13,"ZNF771"
8.93025691810667e-21,0.969601508508759,0.651,0.34,1.84865248461726e-16,"NTPCR"
1.79167730127443e-10,0.9694167666073,0.286,0.107,3.70895118136819e-06,"DTD1"
8.87746437854848e-16,0.966877594880656,0.39,0.135,1.83772390100332e-11,"USP5"
7.50763091900536e-13,0.966748116598233,0.335,0.117,1.5541546765433e-08,"TCTA"
5.99479161264356e-17,0.966721703701781,0.43,0.16,1.24098181173334e-12,"HRAS"
5.67513486649019e-42,0.966514409348517,0.856,0.552,1.17480966871213e-37,"C9orf16"
2.80717100028096e-16,0.965800283767278,0.372,0.123,5.81112468768161e-12,"SEC22C"
4.99245728797902e-23,0.965315083723359,0.617,0.291,1.03348858318454e-18,"VMA21"
8.50737022169507e-16,0.964879227449646,0.289,0.071,1.7611107095931e-11,"NSMCE3"
1.11420246987534e-25,0.964782090773891,0.765,0.433,2.30651053288895e-21,"PFDN4"
5.30100182792485e-26,0.963121890498195,0.667,0.319,1.09736038839872e-21,"SNX5"
1.88955995831659e-26,0.962405467853648,0.612,0.248,3.91157806971117e-22,"LY96"
8.88923096906047e-40,0.962099046145751,0.829,0.506,1.84015970290521e-35,"HM13"
2.26919640614807e-25,0.961500124673997,0.753,0.42,4.69746348036712e-21,"NARS"
1.2147137686669e-19,0.961496232605711,0.386,0.104,2.51457897251735e-15,"CLN6"
7.746298833136e-23,0.961235058669392,0.67,0.35,1.60356132144748e-18,"DPM2"
7.85155510494587e-14,0.960624377868697,0.42,0.175,1.62535042227484e-09,"ORC4"
1.32727207884891e-15,0.960577550167346,0.458,0.193,2.74758593042512e-11,"UBA5"
1.3896130463292e-18,0.960577058019231,0.511,0.212,2.87663796720607e-14,"COMTD1"
2.97772589619621e-42,0.95935656874946,0.883,0.638,6.16419037771578e-38,"C19orf60"
4.89580327304006e-19,0.959002238609264,0.488,0.184,1.01348023555202e-14,"ZCCHC17"
1.8969281885551e-13,0.958955777100956,0.348,0.126,3.92683104312792e-09,"MTSS1L"
3.50872377533275e-78,0.958717065255048,0.987,0.81,7.26340908731632e-74,"ATP6V0E1"
1.13931618588065e-14,0.9568596136759,0.417,0.163,2.35849843639154e-10,"FOXRED1"
1.24828996849656e-19,0.955968820619094,0.633,0.322,2.58408506378472e-15,"C5orf15"
5.79376732411184e-15,0.954084395666296,0.259,0.055,1.19936777376439e-10,"BAK1"
5.89725624245674e-32,0.952295824939585,0.703,0.316,1.22079101475097e-27,"EIF4E"
5.28068844325376e-12,0.952069647741189,0.264,0.077,1.09315531463796e-07,"PCBP4"
2.8831022180343e-17,0.951742197095192,0.295,0.061,5.9683099015528e-13,"SPHK2"
5.04817508891989e-117,0.95114047953077,1,0.997,1.04502272515731e-112,"RPS18"
4.2898234230276e-87,0.950983895809487,1,0.942,8.88036346800943e-83,"HSP90AB1"
3.22266491970702e-75,0.950759620802073,0.99,0.859,6.6712386502855e-71,"ATP5G3"
8.22961821998309e-38,0.949293385289313,0.832,0.497,1.7036132677187e-33,"CISD2"
2.83283039153404e-12,0.948781612515502,0.274,0.083,5.86424219351462e-08,"DNAJC13"
2.01459558623151e-18,0.947985676422396,0.474,0.178,4.17041432305784e-14,"ABCE1"
5.9493511371549e-17,0.947652910182279,0.346,0.098,1.23157517890244e-12,"ACD"
3.3696573508781e-19,0.947580375706947,0.499,0.202,6.97552768205276e-15,"LINC00667"
1.27860118438827e-13,0.94742278097743,0.382,0.147,2.64683231180216e-09,"PRPS2"
2.43201935918716e-27,0.946932708207034,0.546,0.181,5.03452327545335e-23,"NPEPPS"
9.40893706237142e-21,0.945913268690639,0.493,0.178,1.94774406128151e-16,"TMEM115"
4.80876661322718e-17,0.945718722273635,0.499,0.209,9.95462776604158e-13,"COPS2"
6.01930875055602e-17,0.945368608601986,0.511,0.227,1.2460571044526e-12,"ARL3"
4.65491293342785e-20,0.945283231738933,0.455,0.163,9.63613526348898e-16,"TOPORS-AS1"
6.91986002461149e-15,0.944916101699348,0.296,0.08,1.43248022369482e-10,"TIMM21"
4.69244694678687e-20,0.944496104429918,0.389,0.104,9.7138344245435e-16,"AAAS"
1.35622226478981e-12,0.944244169811065,0.286,0.089,2.80751571034139e-08,"WARS2"
1.08349136920649e-66,0.944058062968475,0.98,0.828,2.24293548339436e-62,"NDUFB4"
1.97494341975584e-10,0.943548789185477,0.287,0.107,4.08833037323657e-06,"LEMD2"
2.57342421480686e-10,0.943368661162042,0.265,0.095,5.32724546707167e-06,"PTGR2"
8.94497071096714e-14,0.943096739176655,0.293,0.086,1.85169838687731e-09,"TMEM55A"
3.08179583733815e-37,0.94251657365484,0.849,0.543,6.37962556287371e-33,"RSL24D1"
2.4388567398151e-15,0.942315192895294,0.341,0.104,5.04867733709124e-11,"GPATCH3"
2.92437729689669e-12,0.941798278112689,0.301,0.101,6.05375344230584e-08,"FAM98A"
4.90736334170093e-17,0.94073980268233,0.518,0.23,1.01587328536551e-12,"RTCA"
4.44384981334759e-17,0.939209529887901,0.292,0.061,9.19921349861085e-13,"SYNRG"
2.23810888770034e-21,0.938893981010204,0.686,0.365,4.63310920842847e-17,"METTL5"
2.82892024931668e-12,0.9387796239485,0.323,0.117,5.85614780811046e-08,"USP4"
1.29420174827984e-43,0.938282227637149,0.963,0.687,2.67912703911411e-39,"UBD"
9.29825782058902e-25,0.937437886860978,0.556,0.206,1.92483235144013e-20,"EXOSC1"
1.21997803669401e-45,0.937007958228534,0.9,0.638,2.52547653376028e-41,"RAB7A"
7.48512418881002e-29,0.936763986468714,0.766,0.429,1.54949555832556e-24,"FAM32A"
1.64202656297985e-29,0.936612723970208,0.765,0.439,3.3991591880246e-25,"EIF2A"
9.47599166023975e-24,0.936340961135641,0.538,0.202,1.96162503358623e-19,"AGGF1"
5.16008041314373e-18,0.935922460290648,0.474,0.178,1.06818824632488e-13,"PLIN3"
2.59834719334551e-24,0.935067475284578,0.575,0.23,5.37883852494454e-20,"COMMD2"
8.15473782234417e-38,0.934470886119599,0.884,0.638,1.68811227660347e-33,"TMEM14C"
1.60378947633869e-26,0.933273524841562,0.729,0.399,3.32000459496872e-22,"DAP3"
1.03361942116085e-11,0.933188373160613,0.27,0.083,2.13969556374508e-07,"PALM3"
3.85840000432123e-20,0.932942367861549,0.412,0.12,7.98727384894538e-16,"MAFG"
1.31915487482283e-17,0.931592351595159,0.456,0.175,2.73078250637074e-13,"COA1"
2.70420025714215e-17,0.931236518085738,0.406,0.138,5.59796495230996e-13,"ELMO1"
1.33537263052727e-13,0.930730001495904,0.357,0.129,2.76435488245451e-09,"POLR1C"
2.46979419645001e-13,0.93011938534868,0.322,0.107,5.11272096607116e-09,"XPNPEP2"
2.48397842818557e-22,0.928996140076357,0.657,0.344,5.14208374418696e-18,"FIBP"
1.00825656916546e-38,0.928236308801431,0.854,0.601,2.08719192382942e-34,"MRPS34"
2.33798774567225e-13,0.927036919389856,0.263,0.067,4.83986843231612e-09,"FAM114A2"
1.84963197696223e-19,0.926785980406995,0.535,0.23,3.8289231555095e-15,"COMMD10"
5.39897428339896e-19,0.926742326164756,0.386,0.11,1.11764166640642e-14,"GTF3C5"
8.10714341797537e-37,0.9263150080415,0.973,0.81,1.67825975895508e-32,"LDHA"
5.53577572922227e-18,0.925578076150473,0.431,0.15,1.1459609337063e-13,"ACBD6"
6.26808159648334e-15,0.925257724382565,0.376,0.132,1.29755557128802e-10,"PEX14"
1.11513588176189e-27,0.92523358905385,0.7,0.362,2.30844278883528e-23,"LAP3"
3.16475856188911e-12,0.925014448738444,0.269,0.077,6.55136669896664e-08,"DIXDC1"
3.84459228902175e-15,0.925002433121314,0.5,0.23,7.95869049750392e-11,"HPS1"
7.39995848487874e-45,0.924144633607648,0.892,0.61,1.53186540595475e-40,"MYEOV2"
2.40257740653056e-67,0.924126428482676,0.991,0.856,4.9735754892589e-63,"P4HB"
4.44338915703208e-43,0.9238100744773,0.912,0.66,9.19825989397212e-39,"NAP1L1"
2.88057523623204e-18,0.923210088339213,0.457,0.163,5.96307879652395e-14,"BRD7"
8.11287292923265e-17,0.922836681078369,0.54,0.252,1.67944582508045e-12,"GTPBP6"
2.2523135810131e-33,0.921909327509355,0.827,0.5,4.66251434405521e-29,"PPP1CC"
1.09119715706317e-22,0.921043332356956,0.539,0.202,2.25888723483647e-18,"SLC25A26"
4.22250424495071e-27,0.920916246330552,0.604,0.248,8.74100603747247e-23,"SLTM"
6.97715910949978e-15,0.91971558210146,0.354,0.12,1.44434170725755e-10,"TXLNA"
8.21268817580583e-13,0.919402002830275,0.348,0.132,1.70010857927356e-08,"NAGPA"
2.96581578691285e-31,0.919127352772255,0.751,0.408,6.1395352604883e-27,"POLR1D"
9.56871143781777e-13,0.919121449837146,0.273,0.08,1.98081895474266e-08,"ZNF692"
3.36625767180368e-30,0.918870785264774,0.807,0.531,6.96849000640079e-26,"LAMTOR1"
6.97463186528978e-28,0.918298193709747,0.782,0.482,1.44381854243364e-23,"UBE2I"
6.82466360053802e-22,0.917916011496771,0.572,0.245,1.41277361194737e-17,"DYNLL2"
5.29347552180421e-26,0.917759589543687,0.46,0.123,1.09580236776869e-21,"CA2"
2.78104182455785e-15,0.917434337907334,0.257,0.049,5.75703468101722e-11,"AMN"
1.70286926266442e-24,0.917375631395921,0.733,0.423,3.52510966064162e-20,"GLRX3"
1.46202671695966e-29,0.916940857246117,0.73,0.393,3.0265415067782e-25,"APEX1"
1.92531427754557e-11,0.914523559059051,0.282,0.092,3.98559308594709e-07,"BNIP1"
4.22267875665134e-22,0.913750284384882,0.342,0.061,8.74136729414395e-18,"MSTO1"
1.78705364487737e-14,0.913339817196569,0.309,0.089,3.69937975026065e-10,"SLC25A53"
5.60097406383135e-26,0.912288615968354,0.687,0.331,1.15945764095373e-21,"ATP6V1E1"
1.90082232583983e-29,0.911563249672588,0.796,0.451,3.93489229672102e-25,"MRPL47"
1.75217833329957e-90,0.910253960342906,0.999,0.945,3.62718436776345e-86,"RPL10A"
1.3442314180686e-17,0.909027179213429,0.359,0.101,2.78269345854382e-13,"DTWD1"
1.13443983156265e-22,0.908402601709493,0.619,0.282,2.34840389531784e-18,"GNPNAT1"
3.26140844124952e-58,0.908022520264164,0.96,0.804,6.75144161423063e-54,"ST13"
6.40380668990945e-26,0.907120133458798,0.807,0.503,1.32565202287816e-21,"SSB"
4.49352661441123e-15,0.906971527589701,0.387,0.141,9.3020494444927e-11,"EDEM2"
6.96976319951924e-19,0.90649111572718,0.57,0.252,1.44281067993248e-14,"FAHD1"
2.41818082766736e-24,0.906236688885924,0.623,0.279,5.00587613135419e-20,"BAG6"
1.55547570005669e-18,0.906178105199732,0.556,0.255,3.21999024668736e-14,"ALCAM"
3.97969094809486e-21,0.906142203262926,0.526,0.209,8.23835823165117e-17,"MAP4"
3.02693337724552e-17,0.90575777261925,0.366,0.107,6.26605478423595e-13,"C1orf174"
1.90941065106131e-25,0.905577664206595,0.525,0.178,3.95267098876201e-21,"FAM104B"
3.97429512323691e-15,0.905563502261549,0.289,0.071,8.22718833461273e-11,"ZNF580"
9.15150032483187e-36,0.905561910460204,0.86,0.549,1.89445208224345e-31,"MZT2A"
5.2468678516688e-26,0.905448265753255,0.597,0.236,1.08615411397396e-21,"SAMM50"
4.50271209489728e-12,0.904100995275829,0.314,0.107,9.32106430764686e-08,"DPP3"
1.16665563404797e-14,0.903627923238066,0.343,0.113,2.4150938280427e-10,"EMC1"
1.89912411322411e-25,0.902839312274862,0.669,0.322,3.93137682678524e-21,"ADCK3"
1.8183926365915e-16,0.902682643122896,0.302,0.074,3.76425459700806e-12,"KDM1A"
9.08610050307166e-14,0.902165324846332,0.309,0.095,1.88091366514087e-09,"CAMK2G"
4.9519805118945e-38,0.902001008487489,0.798,0.429,1.02510948576728e-33,"DDX18"
5.65433572314549e-11,0.901755864502327,0.302,0.113,1.17050403804835e-06,"DYNC2LI1"
1.53804815525555e-34,0.900861215303888,0.855,0.567,3.18391348619451e-30,"DNAJC19"
1.45551599902535e-22,0.900588449378738,0.513,0.184,3.01306366958238e-18,"CHCHD3"
3.17685900609202e-41,0.900548908960408,0.877,0.626,6.57641582851109e-37,"EIF3F"
5.51521150555594e-105,0.900424220162272,1,0.982,1.14170393376514e-100,"RPS4X"
2.5374400755886e-13,0.899459433352109,0.251,0.061,5.25275470047595e-09,"TRIM69"
7.01902865196282e-25,0.899448699344435,0.556,0.218,1.45300912124282e-20,"TADA3"
6.96677547446797e-14,0.897587432261934,0.398,0.156,1.44219219096961e-09,"ZNF33A"
9.04396870249516e-42,0.897224810855599,0.904,0.678,1.87219196110352e-37,"NDUFAB1"
1.7250589223521e-124,0.897187525618648,1,0.979,3.57104447516108e-120,"COX7C"
7.41938639476953e-31,0.89619003195505,0.881,0.598,1.53588717758124e-26,"LSM3"
3.58202798728896e-24,0.895946518345502,0.75,0.445,7.41515613648687e-20,"PEPD"
8.77575186167796e-24,0.895379183455657,0.621,0.288,1.81666839288595e-19,"RABEPK"
2.26195893273677e-40,0.894202123300717,0.889,0.617,4.68248118665838e-36,"ATP5F1"
8.73020424695591e-23,0.893948360759805,0.668,0.337,1.80723958116234e-18,"RFC1"
2.02441555363568e-21,0.89369012774205,0.5,0.184,4.19074263758122e-17,"SNRNP40"
2.87783826297009e-32,0.893687367352095,0.818,0.515,5.95741298817439e-28,"RAD23A"
5.27785268740409e-28,0.892811638329743,0.624,0.242,1.09256828481952e-23,"SLC39A5"
6.94724513508445e-16,0.892705299903534,0.297,0.074,1.43814921541383e-11,"TOPBP1"
9.01359924518006e-86,0.891970303747762,0.998,0.914,1.86590517974472e-81,"COX7A2"
3.43612439566532e-16,0.891694226401806,0.439,0.169,7.11312111146677e-12,"TRAF7"
1.33265112334343e-25,0.89160639648837,0.513,0.169,2.75872109043323e-21,"C8orf76"
1.93352983941523e-23,0.890588611125591,0.493,0.16,4.00260012057347e-19,"HDDC2"
2.76105212308222e-53,0.890236065061026,0.953,0.758,5.71565399999251e-49,"NDUFA6"
2.26722623205749e-22,0.889444231266302,0.586,0.245,4.69338502298221e-18,"CIAO1"
2.01140530370999e-17,0.888734559201884,0.499,0.212,4.16381011921006e-13,"TMEM203"
9.3452893138053e-19,0.888259061138716,0.49,0.196,1.93456834085083e-14,"RALA"
2.33482521994634e-32,0.887817198055913,0.833,0.558,4.83332168781092e-28,"TOMM22"
1.24939404874863e-24,0.887332764927946,0.701,0.371,2.58637062031454e-20,"MRPS28"
3.40756267842282e-15,0.886867119464771,0.392,0.141,7.05399550060307e-11,"RNF26"
1.62802937413233e-13,0.886700934006287,0.457,0.209,3.37018360739133e-09,"COPS4"
2.8770842373165e-10,0.886516016751906,0.254,0.086,5.95585207966889e-06,"DDX19A"
1.70044490339393e-13,0.885969239872512,0.327,0.11,3.52009099451577e-09,"EEFSEC"
4.35807001843514e-27,0.88562056331454,0.628,0.261,9.02164074516259e-23,"CTNNBL1"
1.59794165573395e-97,0.885282585496021,1,0.951,3.30789902153485e-93,"RPS21"
2.38920298217518e-17,0.884662813962543,0.497,0.209,4.94588909340084e-13,"FLNB"
1.37021186711679e-18,0.884152546711734,0.56,0.255,2.83647558611847e-14,"PHGDH"
1.69568723338932e-09,0.883754500826644,0.28,0.11,3.51024214183924e-05,"ICK"
3.42164637027971e-29,0.883127772663098,0.815,0.482,7.08315015111602e-25,"DNAJC8"
7.33331376383591e-25,0.88309954996003,0.75,0.442,1.51806928225167e-20,"PSMC2"
1.00164527353169e-30,0.88210437444119,0.846,0.534,2.07350588073795e-26,"CISD1"
2.93729426585134e-95,0.881776766801435,1,0.954,6.08049285973886e-91,"RPL22"
2.49987191013847e-18,0.881757340210241,0.423,0.141,5.17498484117764e-14,"OSGIN2"
8.44958718586239e-24,0.880447631812326,0.576,0.236,1.74914904334537e-19,"BAIAP2"
5.80560692633237e-51,0.878453977271896,0.938,0.709,1.20181868982006e-46,"SNU13"
2.77331262948138e-26,0.877145264133635,0.476,0.129,5.7410344742894e-22,"TNFAIP1"
4.15068353279416e-25,0.875054576084732,0.68,0.356,8.59232998123719e-21,"RTF1"
8.54170257804691e-21,0.873449880757707,0.549,0.23,1.76821785068149e-16,"FBXO2"
1.96716688354689e-60,0.873043345521578,0.956,0.773,4.07223216563042e-56,"EIF3K"
2.49452406584195e-23,0.872868996959319,0.615,0.285,5.16391426869942e-19,"AIP"
1.24554985192921e-42,0.872682877938742,0.942,0.706,2.57841274847865e-38,"DECR1"
3.21268614681126e-20,0.872448715604341,0.405,0.117,6.65058159251398e-16,"ARL2"
1.81758631340884e-17,0.872153102763942,0.435,0.156,3.76258542738765e-13,"HHLA3"
4.60873340544126e-26,0.871535924526083,0.531,0.178,9.54053902260394e-22,"DCAF7"
2.65662128523414e-12,0.870856658283243,0.268,0.08,5.49947172256319e-08,"SAMD1"
4.49931533010283e-25,0.869442695744752,0.736,0.429,9.31403266484586e-21,"CTNNA1"
2.54872458109714e-13,0.869149899427183,0.327,0.113,5.27611475532918e-09,"DDX19B"
1.02888499416359e-16,0.869059524808074,0.425,0.156,2.12989482641806e-12,"RITA1"
5.49779402253298e-39,0.868427140803688,0.961,0.776,1.13809834060455e-34,"SLC2A2"
4.04181588654343e-19,0.866284233466305,0.633,0.328,8.36696306673355e-15,"FASTK"
2.30313221936034e-37,0.865919684195045,0.859,0.592,4.76771400729784e-33,"EIF3M"
3.14589652315757e-14,0.86549675934864,0.354,0.123,6.51232039258849e-10,"SGK2"
2.26765712627645e-16,0.865315510608807,0.359,0.107,4.69427701710488e-12,"EXOSC10"
1.71969205451011e-17,0.865253113450017,0.493,0.202,3.55993452204139e-13,"BRE"
6.64936174140417e-17,0.864817317174036,0.53,0.233,1.37648437408808e-12,"ZNF277"
3.19643109148268e-16,0.863523003837493,0.419,0.16,6.6169320024783e-12,"IKBKG"
1.53848941652805e-40,0.862873462802423,0.896,0.653,3.18482694115472e-36,"PSMD8"
1.01659418919119e-30,0.862854392201265,0.848,0.54,2.10445163104468e-26,"MEA1"
1.31849490842664e-22,0.861789448458424,0.737,0.42,2.72941630993399e-18,"TCEAL4"
1.31748863191141e-25,0.861537254252811,0.596,0.233,2.72733321691981e-21,"PTPMT1"
3.163370623534e-25,0.860693678411246,0.797,0.5,6.54849352777774e-21,"HSPB11"
2.79699314362268e-36,0.860525964538932,0.813,0.469,5.79005550661331e-32,"TMEM70"
1.18622993389777e-14,0.860477965365748,0.396,0.15,2.45561458616177e-10,"INO80C"
3.4126917813816e-27,0.860185821070703,0.722,0.371,7.06461325663805e-23,"HSPA4"
1.09969399682295e-18,0.859557543825584,0.547,0.248,2.27647654282319e-14,"FGFR4"
1.43253442688903e-16,0.859322405015267,0.499,0.215,2.96548951710298e-12,"SMIM10L1"
1.49748715203848e-16,0.858689349805546,0.592,0.298,3.09994815343486e-12,"PSMG3"
2.39468134536816e-14,0.858517636387627,0.3,0.083,4.95722985304663e-10,"RBM28"
2.60387613432455e-18,0.858437067808493,0.465,0.172,5.39028398566526e-14,"COPS7A"
3.7514486036581e-14,0.856454696227261,0.355,0.123,7.76587375443264e-10,"ANKRD29"
1.35076915553155e-48,0.856302071681113,0.949,0.727,2.79622722886585e-44,"SDCBP"
1.4560151023313e-11,0.855713596114283,0.324,0.123,3.01409686333602e-07,"MNAT1"
3.17348031315681e-13,0.855198323458669,0.358,0.135,6.56942159626591e-09,"NDUFAF1"
4.07420819945104e-17,0.854635660832967,0.474,0.187,8.43401839368361e-13,"GEMIN7"
1.12473349241415e-15,0.854570135431566,0.475,0.199,2.32831080264654e-11,"PPP1R35"
3.61123639287674e-11,0.853987540291893,0.276,0.095,7.47562045689415e-07,"ZNF780A"
4.8559691881775e-36,0.853236173278409,0.967,0.798,1.00523418164462e-31,"HMGN2"
7.10247599818588e-28,0.852607053933335,0.686,0.313,1.47028355638446e-23,"TRIAP1"
1.17993558876736e-16,0.852126646451611,0.558,0.267,2.44258466230731e-12,"CTNNBIP1"
2.55353465253474e-73,0.85141455774255,0.987,0.893,5.28607208421216e-69,"NDUFB7"
6.45205492555409e-11,0.851124252720208,0.313,0.123,1.33563989013895e-06,"TOMM34"
1.04669869569648e-16,0.850435001707966,0.52,0.23,2.16677096996129e-12,"FLAD1"
4.47096274437535e-28,0.850165738598624,0.779,0.469,9.25533997713141e-24,"SF3B2"
2.54642973916668e-33,0.849310583517526,0.806,0.485,5.27136420304895e-29,"RNF7"
1.13033268296419e-15,0.84907445698299,0.42,0.16,2.33990168700418e-11,"PYCR2"
4.61512588067191e-24,0.848494956632725,0.786,0.479,9.55377208557892e-20,"RPA3"
1.28792384617575e-20,0.847681203589754,0.643,0.319,2.66613115396842e-16,"SCAMP3"
1.19107326132582e-30,0.84763820233816,0.858,0.604,2.46564075827058e-26,"SULT1A1"
5.651348374552e-12,0.846507332779145,0.31,0.107,1.16988562701601e-07,"RNF44"
4.52829268365121e-12,0.846481780546209,0.284,0.089,9.37401868442636e-08,"DOLK"
4.27783918425939e-20,0.846425152835641,0.615,0.298,8.85555489533536e-16,"FAM136A"
4.92953184658607e-28,0.84575326903606,0.783,0.479,1.02046238756178e-23,"TXN2"
2.27019145029337e-16,0.845715323380047,0.398,0.138,4.69952332125231e-12,"KCNJ8"
3.36087131539558e-14,0.845675169589346,0.374,0.141,6.95733971000038e-10,"CTNNAL1"
3.78670709395554e-43,0.845471140762596,0.926,0.687,7.83886235519737e-39,"LINC00493"
6.63376928746746e-19,0.844728430940007,0.61,0.288,1.37325658019864e-14,"AIFM1"
5.26559414492809e-26,0.844189165088019,0.717,0.383,1.09003064394156e-21,"IMP4"
6.07219112592115e-21,0.844087497910558,0.571,0.242,1.25700428497694e-16,"SF3A3"
2.1525328609571e-12,0.843228376609481,0.277,0.086,4.4559582754673e-08,"FUNDC1"
3.22325352257731e-15,0.843091642252483,0.559,0.282,6.67245711708728e-11,"SNX4"
2.5779056355434e-18,0.842942025844921,0.511,0.215,5.33652245613839e-14,"ECSIT"
7.21535107331504e-16,0.842579189158385,0.507,0.224,1.49364982568695e-11,"DHRSX"
4.46079292092078e-18,0.842417984245487,0.581,0.291,9.23428742559811e-14,"TPR"
2.81783850054358e-13,0.842072915365027,0.35,0.126,5.83320747997526e-09,"APTX"
2.89388280790832e-27,0.841960895532853,0.811,0.531,5.99062680065102e-23,"AK2"
2.52889310305922e-11,0.840718255268318,0.253,0.077,5.23506161264289e-07,"ZNF205"
7.69600334738321e-18,0.840149875817499,0.603,0.304,1.5931496529418e-13,"RPL7L1"
2.7489184157366e-89,0.839645066740585,1,0.975,5.69053601241634e-85,"RPS5"
1.06241621226439e-12,0.838575650942106,0.3,0.095,2.19930780100852e-08,"FANCF"
1.4432906031425e-21,0.837257263191801,0.705,0.405,2.98775587756529e-17,"HADH"
5.43559067435024e-17,0.83680084778724,0.392,0.126,1.12522162549724e-12,"UBR5"
9.04430667458498e-23,0.836701228074722,0.718,0.408,1.87226192470584e-18,"ZNF428"
5.32389322140651e-21,0.836274453755658,0.538,0.221,1.10209913576336e-16,"TMA16"
3.13676506477541e-16,0.836270915479376,0.55,0.276,6.49341736059157e-12,"DIAPH1"
4.51566621991765e-25,0.836246524359849,0.752,0.442,9.34788064185153e-21,"TGFBI"
2.7816070208008e-38,0.836179194035971,0.874,0.61,5.75820469375973e-34,"HNRNPDL"
7.94442950270525e-42,0.835495043590776,0.91,0.706,1.64457635135501e-37,"SCAND1"
7.67682135992111e-35,0.834785555963936,0.853,0.61,1.58917878971727e-30,"ZNF593"
9.58234760867465e-11,0.834780190710642,0.341,0.141,1.98364177847174e-06,"GNAI1"
3.94840385932317e-73,0.834592773886615,0.991,0.874,8.17359082918489e-69,"SRP14"
2.71713250024166e-31,0.834395341740538,0.842,0.558,5.62473598875026e-27,"MRPL33"
5.96332311780727e-15,0.834131113982236,0.346,0.11,1.23446751861728e-10,"SLC25A17"
1.67408575180686e-24,0.833632405916754,0.377,0.071,3.46552491481538e-20,"CHD7"
1.46038862015711e-33,0.833479211545044,0.863,0.583,3.02315048258724e-29,"EIF3L"
1.12545771552136e-25,0.832671270780525,0.762,0.454,2.32981001690077e-21,"MALSU1"
2.69924860310853e-37,0.832631409460362,0.889,0.626,5.58771453329496e-33,"SSU72"
2.64975378427637e-13,0.831846133944569,0.278,0.077,5.48525530883051e-09,"DENND2D"
1.33621665641054e-16,0.83175755371341,0.363,0.107,2.76610210043545e-12,"UBL4A"
3.0108378094853e-12,0.83122013984509,0.284,0.089,6.23273534941552e-08,"PRKAB1"
2.16521708639688e-20,0.830901170383388,0.687,0.362,4.48221589055017e-16,"ZBTB8OS"
6.39300915209662e-22,0.83081567345248,0.752,0.448,1.32341682457552e-17,"OLA1"
1.04552244983968e-82,0.830357455806018,0.998,0.948,2.16433602341313e-78,"NACA"
2.95601198666428e-16,0.830250857017805,0.28,0.058,6.11924041359373e-12,"TNFRSF21"
9.19438992649649e-22,0.830072076767274,0.504,0.184,1.90333065868404e-17,"TYW3"
3.97575436502893e-16,0.829281063753416,0.463,0.193,8.23020911104638e-12,"GPD1"
4.94707132742818e-15,0.82894110148282,0.368,0.129,1.02409323549091e-10,"FADD"
9.36703638496657e-22,0.828903701638059,0.651,0.319,1.93907020205193e-17,"NUDT16L1"
2.05737307900585e-88,0.828895891939249,1,0.982,4.25896801085002e-84,"RPS8"
1.20430622564881e-21,0.828446241756738,0.511,0.184,2.49303431771561e-17,"MED13"
1.673152132933e-12,0.827601467320555,0.27,0.077,3.4635922303846e-08,"PPAT"
9.17581774898751e-14,0.826344395722256,0.311,0.095,1.89948603221791e-09,"PRPF3"
1.47590537834002e-101,0.826335394739446,1,1,3.05527172370167e-97,"RPL32"
1.22001067872814e-28,0.826262958008734,0.788,0.466,2.52554410603512e-24,"ELOVL5"
8.7037405875703e-18,0.825894669101906,0.65,0.356,1.80176133903293e-13,"TPRKB"
1.19481954814801e-27,0.825793374169871,0.585,0.212,2.4733959466212e-23,"SEPT9"
9.61141454205268e-23,0.825249078064202,0.603,0.267,1.98965892435033e-18,"ACO2"
7.13816496347025e-16,0.824949634322472,0.399,0.138,1.47767152908798e-11,"KIAA0141"
3.16592136343143e-15,0.824853218425474,0.494,0.233,6.55377381443941e-11,"LARP1"
5.57720706668381e-67,0.824698012931386,0.995,0.89,1.15453763487422e-62,"SKP1"
6.35537934454809e-22,0.824146504657352,0.525,0.199,1.3156270781149e-17,"RBM22"
2.25060522140085e-23,0.823508555662766,0.453,0.129,4.65897786882191e-19,"CCDC58"
6.18789738510472e-24,0.821911841219879,0.688,0.34,1.28095663769053e-19,"NME3"
2.23984747674334e-17,0.821206576550047,0.549,0.252,4.63670826160639e-13,"TSPAN4"
1.49590858311438e-18,0.821116606876283,0.482,0.178,3.09668035790507e-14,"SDHAF1"
2.60167969148721e-23,0.820966554441959,0.712,0.38,5.38573712934768e-19,"CMTM8"
1.68050767458458e-21,0.820775322405795,0.727,0.42,3.47881893715754e-17,"PPP2R1A"
1.89903493955254e-20,0.820308883702333,0.694,0.38,3.93119222836771e-16,"ESF1"
2.54940018899233e-19,0.81973460236425,0.684,0.402,5.27751333123302e-15,"SERINC5"
1.28817647459232e-38,0.819058549484261,0.908,0.678,2.66665412005356e-34,"HSD17B10"
1.14983136620787e-54,0.81863972775963,0.969,0.813,2.38026591118692e-50,"SLC25A6"
3.57475093492556e-15,0.817876907009803,0.446,0.19,7.4000919103894e-11,"FBXO22"
2.33918452659939e-11,0.817508311457737,0.283,0.092,4.8423458885134e-07,"TMCO6"
1.58529166967891e-34,0.817348237730079,0.884,0.653,3.28171228540231e-30,"EIF3G"
1.06478629736578e-17,0.817057918355796,0.578,0.279,2.2042141141769e-13,"ALDH1B1"
4.90192023171072e-19,0.816483976432244,0.481,0.184,1.01474650716644e-14,"CPSF6"
1.12104676533679e-14,0.816177993645514,0.401,0.153,2.32067890892369e-10,"INO80E"
1.08671298224315e-18,0.81591370178623,0.534,0.224,2.24960454454154e-14,"PPID"
2.58248438388041e-21,0.815422808264019,0.537,0.206,5.34600092307083e-17,"EIF2B5"
1.1067112052408e-26,0.815316272891708,0.816,0.497,2.29100286596898e-22,"YWHAQ"
1.61548840970368e-24,0.815220305018688,0.714,0.38,3.3442225569276e-20,"DPM1"
9.3529035376819e-14,0.815162100351995,0.537,0.27,1.93614456133553e-09,"COQ5"
7.37010390826749e-13,0.814429160684524,0.326,0.113,1.52568521005045e-08,"TMEM55B"
3.61146136176806e-32,0.814131651983235,0.783,0.414,7.47608616499607e-28,"RP11-108M9.4"
7.70630902703716e-20,0.812849639308448,0.614,0.291,1.59528303168696e-15,"PFDN1"
3.87079370090659e-17,0.812697034965611,0.439,0.166,8.01293004024674e-13,"SMARCD2"
9.16000499336558e-21,0.811963816303729,0.65,0.325,1.89621263367661e-16,"SLC50A1"
7.99920012814726e-20,0.811145570486187,0.38,0.107,1.65591441852776e-15,"NIPA2"
2.85735818999166e-19,0.810478809529713,0.6,0.291,5.91501718910174e-15,"CYP4F2"
2.03472160680818e-17,0.810135230764774,0.597,0.294,4.21207719825362e-13,"HCFC1R1"
6.30984740271652e-26,0.810033978200642,0.69,0.331,1.30620151083635e-21,"RAB32"
4.37621232402757e-41,0.809360239182827,0.915,0.681,9.05919713196948e-37,"MRPL20"
7.68699819357823e-13,0.807593071336983,0.401,0.166,1.59128549605263e-08,"CCBL2"
4.30480066761751e-16,0.807047748730342,0.492,0.209,8.911367862035e-12,"PLGRKT"
5.98258268181869e-19,0.806713216279296,0.612,0.294,1.23845444096329e-14,"MAT2B"
5.30475199667636e-17,0.806338588040718,0.338,0.089,1.09813671083197e-12,"MAD2L1BP"
1.15708237479776e-26,0.806144769289141,0.684,0.328,2.39527622406884e-22,"NCBP2"
7.93814790378846e-15,0.805342021300249,0.495,0.221,1.64327599756325e-10,"PPARA"
3.98929429463215e-11,0.804029161997674,0.304,0.113,8.25823811931801e-07,"NUPL2"
5.52221146883861e-23,0.803638611755518,0.61,0.264,1.14315299616428e-18,"SSRP1"
1.34141196126452e-21,0.803543511940947,0.557,0.23,2.77685690101368e-17,"HLA-DMB"
2.44150492914369e-46,0.803159342484343,0.958,0.758,5.05415935382035e-42,"ATP6V0B"
2.63114248962355e-25,0.80313072202705,0.731,0.402,5.4467280677697e-21,"ANXA6"
3.42488971016189e-15,0.802379979527118,0.488,0.221,7.08986418900614e-11,"PRCC"
2.04149245379916e-15,0.802361087162893,0.462,0.19,4.22609352860964e-11,"GGPS1"
2.09822117835814e-14,0.802074658588946,0.494,0.227,4.34352766131919e-10,"TTC37"
1.74436283380191e-51,0.801731258205815,0.971,0.791,3.61100550225333e-47,"ATP5B"
5.96027158643357e-29,0.800892896116045,0.804,0.509,1.23383582110761e-24,"HAX1"
8.2316338224258e-10,0.800822440158517,0.291,0.113,1.70403051758037e-05,"ZNF768"
1.43762378421557e-85,0.80055998126577,1,0.994,2.97602499570465e-81,"RPL3"
4.2894851392675e-13,0.800332185659566,0.291,0.086,8.87966318679765e-09,"CEP104"
3.42034356072637e-28,0.799207671511924,0.812,0.531,7.08045320505966e-24,"HNRNPM"
2.38266680116668e-25,0.798225302999635,0.737,0.405,4.93235854509515e-21,"GRPEL1"
2.95999767679605e-43,0.796049545790746,0.95,0.752,6.1274911907355e-39,"ATP5O"
5.89076668131519e-21,0.79546374992939,0.689,0.377,1.21944761069906e-16,"SNX17"
4.84438755823854e-20,0.794494044977591,0.704,0.396,1.00283666843096e-15,"GGCT"
1.85053005451052e-23,0.791605491052214,0.537,0.196,3.83078226584224e-19,"JMJD6"
8.25603670188382e-26,0.791508733442757,0.782,0.494,1.70908215765697e-21,"CAP1"
2.93925886287288e-20,0.790789500557042,0.685,0.359,6.08455977203315e-16,"UPB1"
6.63479791985664e-12,0.790751424882957,0.405,0.181,1.37346951738952e-07,"MRPL49"
2.81996654421985e-21,0.789990410558977,0.554,0.221,5.83761274318952e-17,"LARP7"
3.84046232329358e-11,0.78994480977151,0.259,0.08,7.95014105545005e-07,"CDK7"
3.46662248394616e-28,0.789486768076308,0.967,0.791,7.17625520401694e-24,"UGT2B4"
8.26840977882364e-13,0.789037350689717,0.27,0.077,1.71164350831428e-08,"FEZ1"
4.03495106200833e-31,0.788960419719874,0.897,0.684,8.35275219346344e-27,"PAH"
5.39706163808166e-12,0.788690295722709,0.28,0.089,1.11724572969928e-07,"SLC25A43"
1.7379333693597e-23,0.786788772508863,0.783,0.479,3.59769586791152e-19,"MAGOH"
7.41169299591284e-20,0.786200780446205,0.69,0.377,1.53429456708392e-15,"TOMM5"
6.610867376681e-18,0.785445010857351,0.727,0.445,1.36851565564673e-13,"METTL7B"
3.01733274952006e-13,0.78541391221018,0.286,0.08,6.24618052478147e-09,"TARS2"
1.85597424601767e-15,0.785411029196827,0.424,0.16,3.84205228668119e-11,"LLGL2"
3.53430482765572e-26,0.785229548543879,0.637,0.258,7.3163644237301e-22,"FAM200B"
1.2387125709231e-23,0.784646087658437,0.767,0.463,2.56425889306791e-19,"UBE2L6"
1.32880324141741e-20,0.784194302088407,0.601,0.258,2.75075559005818e-16,"SZRD1"
1.21589035531499e-19,0.783523643250177,0.781,0.469,2.51701462453756e-15,"CKS1B"
2.13776243594842e-18,0.783367050792416,0.63,0.325,4.42538201865681e-14,"DENR"
1.18081431724724e-16,0.783228506592524,0.432,0.166,2.44440371813351e-12,"ARFRP1"
1.74310651240515e-13,0.782867685397681,0.46,0.209,3.60840479132990e-09,"SVBP"
2.29037665715901e-12,0.781005090147392,0.271,0.08,4.74130871798486e-08,"RAD17"
7.68165915221814e-17,0.78041477320207,0.622,0.319,1.59018026110068e-12,"DRAM2"
9.3716931592249e-12,0.78026710870641,0.332,0.126,1.94003420089115e-07,"ZCCHC7"
2.26439426470956e-34,0.780010902822351,0.769,0.442,4.68752256737526e-30,"EIF4A3"
3.10431121088549e-14,0.779809365000883,0.37,0.129,6.42623463765405e-10,"CRNKL1"
6.99899590639636e-34,0.779548424382231,0.887,0.65,1.44886214258311e-29,"NDUFS8"
2.94289675605613e-18,0.779169350632598,0.704,0.405,6.09209057471179e-14,"TMEM126A"
8.10834411482583e-13,0.778747717959776,0.377,0.15,1.67850831521009e-08,"MRPS31"
2.56068360134199e-20,0.778029171086718,0.554,0.239,5.30087112313805e-16,"URM1"
7.29660567000267e-17,0.776481170776729,0.507,0.218,1.51047033974725e-12,"BCL2L12"
2.2025776667889e-16,0.775957827595808,0.434,0.163,4.5595560280197e-12,"WDR6"
1.51217145989312e-23,0.77556088711941,0.751,0.475,3.13034613912474e-19,"PLPP1"
4.23555778536467e-29,0.775354570268419,0.799,0.497,8.7680281714834e-25,"TIMM17A"
1.07370965511867e-16,0.775037879535687,0.586,0.298,2.22268635706116e-12,"SEC14L2"
9.16131120692175e-10,0.774832861459071,0.302,0.123,1.89648303294487e-05,"QRICH1"
3.52551331644768e-27,0.774676813895034,0.804,0.454,7.29816511637835e-23,"GCHFR"
1.08392940834727e-10,0.773699388872798,0.385,0.172,2.24384226821968e-06,"GMDS"
3.02890793250445e-15,0.773433680515291,0.266,0.055,6.27014231107746e-11,"ZHX2"
4.74904239440559e-17,0.772167449532494,0.547,0.252,9.83099266065901e-13,"RRP15"
1.78126416032338e-20,0.772055899070134,0.736,0.439,3.68739493828542e-16,"THOC7"
6.49507232601622e-19,0.771779126006806,0.466,0.178,1.34454492220862e-14,"MTFP1"
1.29653245619068e-17,0.77140695386398,0.281,0.052,2.68395183756033e-13,"GAS2L1"
1.90873489583112e-22,0.771081879514936,0.687,0.344,3.95127210786e-18,"MID1IP1"
2.62434244608037e-22,0.771065412523174,0.81,0.509,5.43265129763097e-18,"FBL"
3.39185441456252e-25,0.770947960437069,0.838,0.61,7.02147782358587e-21,"POLR2E"
7.32143756280417e-19,0.770190086234761,0.538,0.23,1.51561078987609e-14,"STAMBP"
2.50071171322721e-14,0.770012088985671,0.419,0.172,5.17672331755165e-10,"SCLY"
7.02670076666548e-31,0.768344275670788,0.901,0.638,1.45459732570742e-26,"MINOS1"
7.46797032312135e-15,0.768078364552379,0.469,0.206,1.54594453658935e-10,"PIGF"
8.9959855075876e-13,0.767523886156555,0.323,0.11,1.86225895992571e-08,"TSPAN17"
4.30661246902119e-18,0.767441575587267,0.566,0.264,8.91511847212077e-14,"IMPAD1"
3.87093976183807e-11,0.76670885335042,0.294,0.107,8.01323240098099e-07,"POLR2D"
3.29070743875329e-17,0.766579948964421,0.53,0.23,6.81209346896319e-13,"SRPK1"
1.18716417851706e-24,0.76564531536397,0.778,0.469,2.45754856594816e-20,"LYPLA1"
2.44615802026102e-25,0.765124694599268,0.524,0.178,5.06379171774235e-21,"SPAG9"
1.18820800749581e-27,0.764909375006579,0.768,0.396,2.45970939631708e-23,"MSMO1"
4.07932031135549e-10,0.764715689137204,0.291,0.11,8.44460097653701e-06,"DRG2"
7.15833072779617e-17,0.764672586460656,0.472,0.193,1.48184604396109e-12,"THAP7"
1.70806202055714e-15,0.764665954717202,0.382,0.129,3.53585918875534e-11,"TRNAU1AP"
1.06126949585417e-84,0.764050384324153,1,0.997,2.19693398336771e-80,"RPS6"
1.48758559288313e-12,0.763917869162847,0.284,0.086,3.07945093582736e-08,"PDLIM7"
2.60585994277831e-13,0.763593571602518,0.311,0.098,5.39439066754538e-09,"CLDND2"
1.0079112862072e-17,0.76340491717355,0.579,0.276,2.08647715357753e-13,"CDC26"
4.46643795108603e-22,0.763235285684087,0.467,0.147,9.2459732025432e-18,"MAP7D1"
7.69914984443718e-79,0.76135526857167,0.96,0.684,1.59380100929694e-74,"LGALS1"
4.65922762952957e-19,0.760826562615795,0.608,0.285,9.64506711588917e-15,"C1orf123"
1.22535820058576e-22,0.760729834440212,0.586,0.242,2.53661401103258e-18,"FAM192A"
4.50730241010589e-36,0.759550332274299,0.904,0.699,9.3305667191602e-32,"OCIAD2"
9.99428879674817e-33,0.759013086330292,0.902,0.656,2.06891772381484e-28,"HSBP1"
7.53011743604048e-15,0.756520292147785,0.555,0.27,1.55880961043474e-10,"RP11-295G20.2"
5.50866969199944e-37,0.756464888958505,0.923,0.69,1.1403497129408e-32,"HSPA9"
2.2930502120771e-13,0.756462882196524,0.371,0.138,4.7468432440208e-09,"LENG1"
7.45736127807903e-31,0.755668704351757,0.89,0.653,1.54374835817514e-26,"MRPL57"
7.28105786076386e-16,0.755392083472524,0.398,0.141,1.50725178775673e-11,"IQSEC1"
2.42033014645809e-74,0.755096978673769,1,0.975,5.01032543618288e-70,"RPLP0"
1.0744562750846e-15,0.755045611393827,0.534,0.261,2.22423193505264e-11,"FEZ2"
2.80478922136891e-14,0.754747877533096,0.363,0.129,5.80619416715577e-10,"ZZZ3"
7.40931632728795e-20,0.754151516208299,0.686,0.402,1.53380257291188e-15,"YTHDF2"
4.05569373178635e-22,0.753044934542846,0.729,0.442,8.39569159417092e-18,"TRIB1"
6.28196135957372e-40,0.752828703031655,0.932,0.718,1.30042882104536e-35,"TUFM"
1.8288760555281e-20,0.751766378924756,0.484,0.169,3.78595632254872e-16,"PBDC1"
6.04002626810935e-18,0.750822043027546,0.539,0.233,1.25034583776132e-13,"AARS"
6.12507514731637e-51,0.75076869050952,0.985,0.862,1.26795180624596e-46,"UQCR10"
2.48919455957799e-11,0.7504506258912,0.269,0.089,5.15288165778239e-07,"EPS15L1"
1.58494829966477e-11,0.750105306703994,0.326,0.12,3.28100147513605e-07,"MARS"
8.22010175777828e-17,0.75005362128044,0.559,0.255,1.70164326487768e-12,"SYS1"
3.53386196294817e-17,0.749680507146077,0.602,0.307,7.31544764949902e-13,"GCLC"
5.94223593506887e-13,0.748214323407316,0.451,0.206,1.23010226091861e-08,"ENOSF1"
1.77880208403326e-14,0.747920873077101,0.523,0.255,3.68229819415726e-10,"TRIP6"
6.03318977698462e-41,0.747217394238118,0.952,0.567,1.24893061573359e-36,"GSTA2"
4.98057744516717e-81,0.747146989274933,1,0.985,1.03102933692406e-76,"RPS20"
5.39145718651285e-15,0.746013094330293,0.516,0.239,1.11608555218003e-10,"APOPT1"
3.0376523413182e-48,0.745308489784346,0.971,0.844,6.28824411176281e-44,"ROMO1"
1.89501182082009e-17,0.745290783725473,0.615,0.307,3.92286397027967e-13,"TSN"
1.66756017361865e-30,0.744290038902545,0.887,0.663,3.45201631540797e-26,"ATP5A1"
9.74345221948196e-24,0.743868244294219,0.702,0.371,2.01699204395496e-19,"MESDC2"
3.88796729854474e-30,0.743339220964362,0.877,0.589,8.04848110471746e-26,"HTATIP2"
8.01354591625225e-18,0.743232754787231,0.684,0.405,1.65888414012338e-13,"GALE"
3.93657729889597e-19,0.743050319352595,0.532,0.227,8.14910866644454e-15,"TRUB2"
5.57761340891625e-17,0.742255851764287,0.73,0.454,1.15462175177975e-12,"SSNA1"
2.15312917173744e-15,0.741279313758919,0.608,0.325,4.45719269841367e-11,"RRAGA"
1.16822663065561e-12,0.740748753507763,0.431,0.187,2.41834594812017e-08,"MITD1"
1.16063482589883e-38,0.740520896521275,0.938,0.727,2.40263015309316e-34,"SF3B5"
3.69105014904744e-13,0.740085566889777,0.363,0.138,7.64084291354310e-09,"GFM2"
1.03360405768932e-19,0.739584807279357,0.42,0.126,2.13966375982267e-15,"FDX1L"
9.06302237579848e-32,0.739405804488353,0.905,0.687,1.87613626201404e-27,"BCAP31"
5.30637378888759e-24,0.738316890322585,0.775,0.475,1.09847243803762e-19,"UQCRC2"
4.77785698388626e-18,0.738037203187813,0.479,0.187,9.89064174234294e-14,"UBXN2B"
1.06442003887748e-76,0.736567239906477,1,1,2.20345592248027e-72,"FTH1"
2.29551779739781e-69,0.73656569364384,0.998,0.975,4.75195139239321e-65,"RPL6"
4.37473109344423e-15,0.735902499209925,0.542,0.264,9.05613083653890e-11,"CPPED1"
6.5448435201583e-14,0.734142749280835,0.362,0.129,1.35484805710797e-09,"AGO2"
2.02908505928349e-14,0.733827906393401,0.385,0.141,4.20040898122276e-10,"C2orf74"
3.39589293080312e-13,0.732257691079307,0.322,0.107,7.02983795605553e-09,"TMEM68"
5.47276866189729e-35,0.732127422434332,0.947,0.736,1.13291784069936e-30,"SLIRP"
7.53742957336186e-56,0.731217121271283,1,0.926,1.56032329598164e-51,"MGST1"
3.01979273763234e-42,0.731044013935236,0.912,0.592,6.25127294617271e-38,"C10orf10"
2.80821000937755e-21,0.730707072341238,0.577,0.242,5.81327554041247e-17,"PRKAG1"
9.59580492817265e-14,0.730423623530775,0.346,0.117,1.98642757818102e-09,"AGXT2"
2.77588056882593e-22,0.730184016795608,0.784,0.482,5.74635036552655e-18,"ARHGDIA"
4.66514312184935e-14,0.730001025295545,0.288,0.08,9.65731277654035e-10,"C5orf51"
1.11860187029815e-24,0.729509401590265,0.81,0.488,2.3156177317042e-20,"LINC00152"
5.36107775606443e-23,0.729225240166436,0.645,0.304,1.1097967062829e-18,"ZCCHC10"
9.83596655326969e-27,0.729018948659406,0.781,0.439,2.03614343619236e-22,"FMO3"
4.192782459022e-24,0.727298025384988,0.717,0.399,8.67947896842144e-20,"NEU1"
1.10164401700779e-28,0.726747019147353,0.892,0.69,2.28051327960782e-24,"NCL"
4.97002444515067e-16,0.726047073434672,0.623,0.35,1.02884476039064e-11,"PSMD1"
1.92794572165118e-11,0.725328883206691,0.268,0.083,3.9910404383901e-07,"RAD54L2"
8.48468010728668e-10,0.725298828258784,0.269,0.101,1.75641362900941e-05,"SKA2"
1.67983801085595e-29,0.725076462497394,0.845,0.574,3.47743266627289e-25,"ATP6V1F"
8.04705330723171e-26,0.724541994681043,0.826,0.555,1.66582050513004e-21,"PGAM1"
4.38306336986476e-26,0.72412715840697,0.565,0.202,9.07337948195704e-22,"HPRT1"
1.4267449064793e-18,0.723461764110277,0.401,0.126,2.9535046309028e-14,"CASP3"
2.79343695291024e-20,0.723418033220709,0.694,0.39,5.78269383621949e-16,"PSMD6"
2.78588058363982e-56,0.722663556885748,0.992,0.899,5.76705139619279e-52,"UQCRH"
1.60743775384721e-20,0.721791156101685,0.548,0.224,3.3275568942391e-16,"GLB1"
2.07807662011924e-15,0.721771203435864,0.444,0.175,4.30182641130884e-11,"PDHX"
5.74842190623214e-17,0.721630221348129,0.668,0.368,1.18998081880912e-12,"VBP1"
3.11688715492176e-82,0.721612671968084,1,1,6.45226809940355e-78,"RPL39"
8.34646704102294e-14,0.720582367510628,0.344,0.12,1.72780214216216e-09,"DUSP22"
2.98715894913114e-20,0.720517355144697,0.526,0.218,6.18371774059637e-16,"EMC8"
1.01853379916033e-14,0.720195831238703,0.562,0.285,2.10846681764181e-10,"NAE1"
3.295553327838e-18,0.719256209901889,0.733,0.466,6.82212494395745e-14,"MRPS5"
1.0908232847302e-13,0.719129482371719,0.346,0.12,2.25811328171999e-09,"ENTPD6"
8.80998107622819e-18,0.718966631139534,0.508,0.215,1.82375418259e-13,"PPIL3"
1.64943285647791e-87,0.718189077489458,1,0.985,3.41449095619492e-83,"HINT1"
1.39072053587302e-11,0.716628304165041,0.34,0.132,2.87893058131073e-07,"OGFOD2"
1.57890224468125e-21,0.715953076514574,0.671,0.334,3.26848553671465e-17,"TUSC2"
3.04051786128952e-19,0.715325950727437,0.531,0.224,6.29417602465543e-15,"SIKE1"
1.40842478403891e-14,0.714607387238641,0.472,0.202,2.91558014543895e-10,"ACOT8"
4.79075476020165e-17,0.714456694109115,0.751,0.475,9.91734142909345e-13,"RNF114"
5.71078666792463e-16,0.713695304834721,0.386,0.129,1.18218994812708e-11,"GALK2"
1.01345825068319e-13,0.713011711755897,0.419,0.172,2.09795992473927e-09,"RUFY1"
1.46359294980442e-17,0.712148682917384,0.444,0.166,3.02978376539013e-13,"TCERG1"
3.3342871935374e-13,0.711019979863486,0.429,0.181,6.90230791934178e-09,"TP53I3"
1.4003051289124e-14,0.710450250158457,0.409,0.16,2.89877164736156e-10,"SNAP47"
1.03702556579152e-23,0.709972997433323,0.691,0.359,2.14674662374503e-19,"DARS"
7.25620210750959e-15,0.709874436075563,0.499,0.23,1.50210639827556e-10,"FOXA2"
1.12060534316798e-14,0.709775037699398,0.405,0.153,2.31976512089203e-10,"ZYG11B"
7.69259253396735e-18,0.708562275906329,0.396,0.126,1.59244358045658e-13,"GART"
5.97459590509172e-20,0.708418070254012,0.785,0.509,1.23680109831304e-15,"ZC3H15"
2.78204394748273e-23,0.708353150016681,0.863,0.601,5.759109175684e-19,"SDHB"
1.17691774204743e-15,0.707559514207197,0.437,0.175,2.43633741781238e-11,"RIC8A"
3.24144738134178e-22,0.706524401539552,0.458,0.141,6.71012022411561e-18,"FLOT2"
1.89755794370051e-17,0.706442125121577,0.548,0.248,3.92813469925443e-13,"HYAL1"
4.51650730347408e-17,0.705559555758693,0.476,0.19,9.34962176892169e-13,"ENTPD3-AS1"
4.64996431196872e-25,0.705237346271992,0.905,0.604,9.62589112220645e-21,"AKR1B10"
3.96485775972698e-53,0.705192932966757,0.993,0.908,8.20765204841081e-49,"NDUFA13"
2.9705189869635e-13,0.704734727775987,0.393,0.163,6.14927135491313e-09,"RAD1"
4.71659275814048e-15,0.704013176012162,0.343,0.11,9.76381866862661e-11,"DTNBP1"
1.65414931798004e-14,0.703763968606879,0.393,0.147,3.42425450315049e-10,"RTP3"
1.92629347088194e-17,0.703203426539187,0.56,0.248,3.9876201140727e-13,"SMUG1"
2.13632592744612e-30,0.702844668930099,0.86,0.604,4.42240830240621e-26,"PDLIM1"
3.93701089359236e-16,0.702034351618384,0.627,0.347,8.15000625082554e-12,"PSMD9"
1.23845976079785e-24,0.702002980158767,0.801,0.546,2.56373555082764e-20,"PHB2"
7.43474909786286e-15,0.701908005664535,0.552,0.267,1.53906741074859e-10,"PWP1"
1.81437580372426e-12,0.701247859128187,0.256,0.067,3.75593935128959e-08,"ASB13"
1.06763618635165e-09,0.701230214832793,0.337,0.147,2.21011366936654e-05,"BRAT1"
1.6886402196823e-10,0.70001709927897,0.295,0.11,3.49565411876434e-06,"SMG5"
2.60773801484066e-20,0.699549006703046,0.73,0.429,5.39827846452164e-16,"C8orf82"
1.21037951533561e-15,0.69948156331872,0.452,0.181,2.50560663469624e-11,"ACTR1A"
5.50663262263099e-29,0.698887601258935,0.93,0.745,1.13992801921084e-24,"SNRPG"
8.82527249996047e-14,0.698869966826651,0.368,0.138,1.82691966021682e-09,"DBP"
1.10958919309336e-18,0.698849563377451,0.604,0.288,2.29696058862256e-14,"RPF1"
3.38083696021043e-16,0.698767932198457,0.454,0.178,6.99867059133161e-12,"NSUN2"
1.04554342741882e-11,0.698365482519227,0.258,0.077,2.16437944909969e-07,"SLC19A1"
1.39603729589236e-11,0.697343375863345,0.281,0.092,2.88993680622677e-07,"C12orf43"
1.49557377061643e-23,0.695760317911145,0.852,0.638,3.09598726255307e-19,"NONO"
3.05138814308094e-18,0.69557034279313,0.614,0.288,6.31667859499185e-14,"MTHFD1"
9.53894915615949e-11,0.69515105618753,0.312,0.12,1.97465786481658e-06,"ABHD6"
2.07772000263852e-17,0.695113337369064,0.539,0.242,4.301088177462e-13,"SCNM1"
3.93994525375401e-16,0.694115073558038,0.415,0.147,8.15608066979618e-12,"RMND5B"
9.36311965729682e-12,0.693933780051237,0.387,0.163,1.93825940025701e-07,"WASH1"
3.24585355418685e-17,0.693652031429194,0.532,0.233,6.71924144252219e-13,"LETMD1"
1.66252664272513e-17,0.692540332664671,0.619,0.307,3.4415964031053e-13,"NELFCD"
1.69988531217639e-30,0.692409627449071,0.907,0.653,3.51893258473635e-26,"FKBP1A"
7.03769209123877e-25,0.691964853311334,0.801,0.488,1.45687263980734e-20,"NDUFV3"
4.43122838631152e-22,0.691816972817989,0.599,0.261,9.17308588250348e-18,"TSSC4"
4.2693133141457e-15,0.690928045087472,0.649,0.359,8.83790549161301e-11,"PFKL"
9.22811527587627e-17,0.690796707263853,0.729,0.436,1.91031214325915e-12,"CHCHD1"
2.89573262606963e-15,0.689952344533248,0.379,0.132,5.99445610922674e-11,"RNF113A"
2.18210662213568e-13,0.689063773885182,0.296,0.089,4.51717891848308e-09,"WDR36"
3.89808400764934e-17,0.689015155077809,0.621,0.334,8.0694237042349e-13,"PIH1D1"
2.34152870058972e-12,0.688356466330985,0.363,0.144,4.84719856309078e-08,"RNF217"
4.33545263145896e-17,0.688247240938546,0.544,0.242,8.97482049238319e-13,"RING1"
1.00418341714095e-11,0.687521107437082,0.302,0.107,2.07876009182349e-07,"RP11-386G11.10"
3.16106302226689e-17,0.68655935907445,0.603,0.294,6.54371656239469e-13,"FRG1"
4.42855471027773e-16,0.686533267936867,0.711,0.42,9.16755110574593e-12,"PPIC"
4.45731866520445e-15,0.685579749725088,0.471,0.206,9.22709536883973e-11,"LONP1"
4.42324851909854e-16,0.684228863738076,0.707,0.411,9.1565667593859e-12,"DPYS"
9.39580758576443e-12,0.683512741281305,0.336,0.126,1.94502612832909e-07,"ING2"
1.91066529084737e-12,0.683156597332936,0.372,0.147,3.95526821858314e-08,"IMPACT"
8.36890127557963e-24,0.682847700400546,0.806,0.515,1.73244625305774e-19,"NUDT5"
4.30520636122247e-17,0.682189448962665,0.524,0.215,8.91220768836664e-13,"FAM127B"
2.21798762042817e-20,0.681743123495255,0.797,0.485,4.59145617304836e-16,"ACOT13"
2.98073595975457e-16,0.680545476315942,0.526,0.236,6.17042151028793e-12,"TCEB3"
4.44477895407957e-24,0.678979235689385,0.839,0.561,9.20113691284012e-20,"PIN4"
3.31297711861236e-11,0.678938351356133,0.285,0.098,6.85819393323944e-07,"RFX5"
1.42972719871714e-17,0.678317199171139,0.438,0.153,2.95967827406436e-13,"AP3B1"
9.73880549873541e-19,0.67788463480381,0.534,0.227,2.01603012629322e-14,"SNW1"
1.50843529835845e-19,0.677782454445278,0.637,0.313,3.12261191113183e-15,"ERGIC2"
2.58028162069023e-14,0.67641420527742,0.391,0.144,5.34144098299086e-10,"ASF1A"
1.2025040654172e-13,0.675916141297139,0.358,0.126,2.48930366582015e-09,"TXLNG"
1.18491766045799e-17,0.674115889897563,0.7,0.429,2.45289804891409e-13,"AAMP"
9.82691384040725e-15,0.673585642729047,0.58,0.301,2.0342694341027e-10,"TTPA"
1.95146526995156e-12,0.673453026740204,0.304,0.098,4.03972825532673e-08,"NARFL"
5.48384238552293e-16,0.673298257882978,0.517,0.233,1.1352102122271e-11,"PRPF38A"
1.54523256003303e-17,0.673027015736278,0.716,0.426,3.19878592252437e-13,"ATP6AP1"
1.74184017513603e-11,0.672926665673748,0.324,0.123,3.60578334654909e-07,"TMEM5"
8.64099103199839e-18,0.672106172413907,0.475,0.181,1.78877155353399e-13,"P4HA2"
8.99869336375141e-28,0.671987544190625,0.899,0.626,1.86281951323018e-23,"HGD"
1.74483328101608e-19,0.671704153213371,0.64,0.31,3.61197937503138e-15,"USP16"
3.4628424412047e-20,0.670404046389374,0.543,0.221,7.16843013753784e-16,"IP6K2"
5.04757682809326e-14,0.669857041171376,0.468,0.206,1.04489887918359e-09,"NUBP1"
8.55456566469629e-12,0.66857412545174,0.336,0.129,1.77088063824878e-07,"IARS"
1.67091862236673e-26,0.66759772422662,0.846,0.604,3.45896864016138e-22,"NDUFS2"
1.27361587026067e-14,0.66623221497549,0.291,0.077,2.63651221302662e-10,"TRMT10A"
9.49239179632566e-17,0.665577879319625,0.61,0.328,1.96502002575737e-12,"SMIM12"
1.00150860414891e-18,0.665525119533333,0.705,0.42,2.07322296144866e-14,"FAM173A"
1.74329149204029e-16,0.665443109223447,0.489,0.206,3.60878771767261e-12,"CAMK1"
1.61464229938094e-12,0.665020253832502,0.423,0.187,3.34247102394849e-08,"NIP7"
9.20026919531228e-12,0.664403046197251,0.339,0.129,1.9045477261216e-07,"BCS1L"
1.40940621527248e-17,0.664323954012954,0.727,0.457,2.91761180623556e-13,"MRPS35"
1.59328403276056e-14,0.663961277483372,0.441,0.184,3.29825727621763e-10,"PGPEP1"
3.51596514357916e-12,0.663551070420362,0.307,0.104,7.27839944372321e-08,"CHST15"
5.59846939645028e-28,0.663509906447461,0.921,0.745,1.15893914975917e-23,"TMEM230"
4.99671371456805e-14,0.663497223321763,0.374,0.135,1.03436970605273e-09,"SLC35A4"
1.89791649004698e-07,0.663067557166071,0.326,0.163,0.00392887692604626,"MRPL30"
4.37894189389581e-09,0.662903516411687,0.28,0.11,9.06484761455372e-05,"NSF"
2.96460477018435e-11,0.662895450485973,0.277,0.095,6.13702833475862e-07,"ACOT4"
4.60117573312298e-13,0.662478912303742,0.383,0.15,9.52489388513789e-09,"PANK2"
6.66818302754269e-11,0.661636112653793,0.541,0.307,1.38038056853161e-06,"COPS8"
3.21928647732624e-10,0.661104206705412,0.394,0.184,6.66424493671305e-06,"SNX7"
2.66056230291253e-28,0.660546367434526,0.88,0.577,5.50763002325923e-24,"UGDH"
1.84451332649696e-21,0.660461740613078,0.634,0.291,3.81832703718135e-17,"AP1M1"
3.27995468170977e-23,0.660058807395361,0.66,0.288,6.78983418660739e-19,"C1orf21"
4.03694634889263e-15,0.659862261110022,0.47,0.199,8.35688263684264e-11,"TMOD3"
9.99073074905425e-13,0.659564090801081,0.432,0.19,2.06818117236172e-08,"CS"
2.1096181564494e-19,0.65916231808094,0.683,0.374,4.36712054566591e-15,"PCCB"
1.82077757201653e-13,0.658099250886295,0.291,0.083,3.76919165183142e-09,"STX18"
1.97391316822134e-13,0.657892365627255,0.441,0.187,4.08619764953501e-09,"BFAR"
4.41997774544857e-12,0.65712939671831,0.34,0.129,9.14979593085308e-08,"CCHCR1"
6.6705716911473e-25,0.655789983267186,0.863,0.607,1.3808750457844e-20,"PRDX4"
2.95279820936234e-12,0.655668638090234,0.3,0.098,6.11258757320099e-08,"CARS"
7.25119013035275e-12,0.655276864604585,0.315,0.113,1.50106886888432e-07,"NR1D1"
1.12741676530584e-79,0.655146798153643,1,0.982,2.33386544585961e-75,"UQCRQ"
1.9672817357103e-11,0.655001328309756,0.27,0.086,4.07246992109389e-07,"OSBPL2"
2.44387378316103e-13,0.654934955852735,0.295,0.089,5.05906311852165e-09,"SLC23A2"
4.35372542715335e-15,0.654122868293025,0.483,0.206,9.01264700675016e-11,"MYL6B"
3.63320412031988e-17,0.654073947715502,0.688,0.399,7.52109584947418e-13,"LSM8"
3.73214112472373e-13,0.652929603018767,0.367,0.144,7.72590534229059e-09,"NOL12"
4.14605445145962e-11,0.652741939474476,0.389,0.178,8.58274731996656e-07,"THOC6"
2.31551589647342e-09,0.652286680849206,0.293,0.12,4.79334945728963e-05,"PLPPR1"
5.75894152097238e-19,0.651907667639241,0.536,0.224,1.19215848425649e-14,"SDHAF3"
3.48993979455676e-17,0.651797763507883,0.525,0.224,7.22452436871195e-13,"EIF2B4"
3.47082477191422e-11,0.651698399486477,0.287,0.098,7.18495436033963e-07,"LRWD1"
3.44020453248127e-25,0.650203872584853,0.823,0.561,7.12156740268948e-21,"AUP1"
1.17908455931636e-23,0.650069236490032,0.855,0.635,2.4408229462408e-19,"KDELR1"
1.94265408516514e-12,0.648900990089158,0.453,0.209,4.02148822170035e-08,"USP8"
1.62313791206156e-23,0.648728654359238,0.8,0.509,3.36005779175863e-19,"NDUFA10"
2.38456397290101e-14,0.648362062432376,0.468,0.209,4.93628588030239e-10,"HDAC3"
9.73661382298963e-20,0.647617366725048,0.739,0.439,2.01557642749708e-15,"STIP1"
3.89701650879859e-10,0.64735270779709,0.267,0.095,8.06721387486395e-06,"TELO2"
3.85513184812235e-12,0.646012040286752,0.439,0.206,7.98050843879808e-08,"CBX5"
2.9233497550864e-21,0.645747934293289,0.733,0.466,6.05162632800437e-17,"PRKAR1A"
7.13628559170052e-13,0.645344066039585,0.273,0.077,1.47728248033792e-08,"TRMU"
4.56163955076256e-27,0.645103281834384,0.914,0.739,9.44305003403358e-23,"FKBP8"
1.34680637677678e-16,0.644999350213856,0.479,0.196,2.7880238805656e-12,"JUP"
9.75545478229373e-10,0.644166169755863,0.258,0.092,2.01947669448262e-05,"PHF6"
1.5768526952923e-15,0.643917881195946,0.593,0.304,3.26424276452458e-11,"BRMS1"
1.72911392809026e-26,0.643707207013615,0.839,0.567,3.57943874253964e-22,"C19orf70"
7.03943893826684e-11,0.643400249882911,0.383,0.169,1.45723425461062e-06,"NFS1"
2.66779169304451e-14,0.643399676791746,0.41,0.16,5.52259558377143e-10,"RWDD4"
1.36914645134288e-10,0.642727473826121,0.314,0.123,2.83427006892489e-06,"RPIA"
9.05491775805732e-17,0.642508309167264,0.64,0.356,1.87445852509545e-12,"PPA2"
7.71041271328831e-15,0.641695061964383,0.514,0.239,1.59613253577781e-10,"WDR43"
1.37916925435701e-69,0.641605389538967,1,0.997,2.85501827344445e-65,"RPS3"
1.21557195116143e-17,0.641107149932487,0.445,0.16,2.51635549609927e-13,"ROGDI"
1.85491510983323e-09,0.638942304417827,0.28,0.11,3.83985976886577e-05,"KIAA1109"
1.16937532345778e-07,0.638475265854641,0.287,0.132,0.00242072385708995,"ATP13A1"
8.97508199532874e-19,0.638272649374753,0.688,0.408,1.857931723853e-14,"HNRNPD"
2.30820162213585e-17,0.638112783813442,0.446,0.166,4.77820817798342e-13,"USP1"
1.08306938269982e-60,0.637347034808402,1,0.966,2.2420619291269e-56,"RPL7A"
1.0516731746944e-21,0.636045899832211,0.835,0.635,2.17706863893487e-17,"C19orf24"
1.65359912022281e-18,0.635992053990682,0.734,0.463,3.42311553877324e-14,"UROD"
9.99368241528828e-15,0.635471223872317,0.341,0.107,2.06879219678883e-10,"XPC"
2.31584038577016e-32,0.635360993163557,0.922,0.721,4.79402118258282e-28,"RHOA"
9.50638026943484e-10,0.635080236504781,0.277,0.104,1.96791577957571e-05,"RP11-452F19.3"
1.26975061486967e-78,0.634576163724556,1,1,2.62851074784171e-74,"RPL34"
7.28837029640354e-27,0.633873962280501,0.92,0.752,1.5087655350585e-22,"TMED9"
7.86472279301657e-20,0.633746450552062,0.794,0.534,1.62807626538236e-15,"MRPS36"
1.52144375428447e-14,0.632798381123905,0.458,0.193,3.14954071574428e-10,"SOWAHC"
3.72480261385751e-24,0.632173691849817,0.934,0.742,7.71071389094643e-20,"GPX3"
5.94309156170469e-17,0.632035724973645,0.623,0.325,1.23027938418849e-12,"FAM103A1"
3.58666417921701e-17,0.632022209244137,0.693,0.414,7.42475351739712e-13,"SNHG7"
1.87316685077304e-11,0.631614406947891,0.318,0.113,3.87764269778527e-07,"GMPPB"
8.75642003653636e-40,0.631077654334193,0.983,0.856,1.81266651176339e-35,"ATP5J"
2.20963695713818e-14,0.630197349973493,0.326,0.101,4.57416946497175e-10,"TAZ"
3.57701623924621e-16,0.629937352815488,0.417,0.156,7.40478131686359e-12,"EIF2B2"
6.9102831872516e-13,0.629538804491445,0.326,0.11,1.43049772259295e-08,"SLC1A2"
3.98271102902652e-14,0.629212233644367,0.42,0.166,8.2446101011878e-10,"KPNA3"
8.02417134747373e-12,0.629194180070661,0.306,0.107,1.66108371064054e-07,"PRKRIP1"
4.13889502460691e-25,0.627560649228871,0.889,0.684,8.56792659043876e-21,"DRAP1"
3.42488652566822e-18,0.627364757710001,0.594,0.276,7.08985759678579e-14,"GBA"
2.75641614263697e-12,0.626972785547318,0.556,0.298,5.7060570568728e-08,"TBL1XR1"
1.32445922711964e-12,0.625795110451489,0.406,0.172,2.74176304606037e-08,"SART1"
3.55975513621826e-11,0.625551175876859,0.278,0.095,7.36904910748542e-07,"ST20"
1.65274586438306e-37,0.624630349378669,0.964,0.84,3.42134921385938e-33,"AURKAIP1"
1.0898218711239e-13,0.624603419097537,0.618,0.362,2.25604025541359e-09,"AHCYL1"
9.9535617419457e-18,0.62374638022203,0.614,0.31,2.06048681620018e-13,"USP14"
1.51442354036992e-12,0.62352576986278,0.504,0.261,3.13500817091977e-08,"GRAMD1A"
1.36375424523689e-25,0.623398082701037,0.877,0.647,2.8231076630649e-21,"RER1"
2.33445767414523e-14,0.623274715780907,0.57,0.294,4.83256083124804e-10,"PKIG"
3.62677426665298e-13,0.622377806381886,0.335,0.117,7.50778540939833e-09,"ALG1"
7.25364367283065e-14,0.622311338380792,0.498,0.224,1.50157677671267e-09,"CD2BP2"
2.22295507215157e-12,0.622007311914293,0.493,0.242,4.60173929486097e-08,"NFYC"
4.53797834700256e-18,0.621944837029283,0.839,0.564,9.39406897613001e-14,"LSM5"
5.19371737954423e-15,0.62010269809761,0.574,0.291,1.07515143473945e-10,"SMIM1"
4.6574839570618e-12,0.619928294500009,0.329,0.126,9.64145753951364e-08,"IDH3A"
3.79502770793464e-16,0.619073351074839,0.441,0.169,7.8560868581955e-12,"CHERP"
1.41636267536295e-17,0.619065815179473,0.502,0.202,2.93201237426885e-13,"TNPO1"
9.91869238235825e-14,0.618709596149816,0.524,0.261,2.05326851007198e-09,"PLEC"
8.71161063043944e-18,0.618004682498597,0.852,0.647,1.80339051660727e-13,"CCT4"
9.72550106556687e-31,0.617892390552239,0.976,0.816,2.013275975583e-26,"ATPIF1"
8.29938983209831e-20,0.617475961335103,0.596,0.273,1.71805668914267e-15,"UBE2J2"
3.69634379859175e-12,0.617387467647542,0.302,0.098,7.65180129746477e-08,"RRP1B"
1.4884897932253e-14,0.616725035305504,0.34,0.107,3.0813227209557e-10,"VPS16"
1.46163838419919e-68,0.616278115788055,1,0.985,3.02573761913074e-64,"ATP5E"
1.85454937403575e-29,0.615647361095118,0.876,0.512,3.83910265919141e-25,"TSPAN8"
6.11548608689349e-16,0.615274421621065,0.414,0.15,1.26596677484782e-11,"GTF2F2"
2.21135910933499e-14,0.615271351397916,0.47,0.206,4.57773449223435e-10,"ITGA6"
7.07190881821146e-10,0.614341209820303,0.381,0.178,1.46395584445795e-05,"MAEA"
6.37091433336793e-19,0.61431344825568,0.799,0.5,1.31884297615049e-14,"TPD52"
4.2580647348619e-12,0.614233333544333,0.562,0.304,8.81461980763762e-08,"MRPL48"
3.78175902163254e-14,0.612962751132986,0.512,0.242,7.82861935068151e-10,"KLF15"
1.98401586518774e-14,0.612914091234426,0.457,0.19,4.10711124252515e-10,"RNF14"
4.91049129374e-12,0.61279932725154,0.592,0.34,1.01652080271712e-07,"C5orf24"
8.49252309822904e-12,0.612312068073969,0.372,0.15,1.75803720656439e-07,"MCRS1"
5.50625606658965e-16,0.61197961083643,0.416,0.153,1.13985006834472e-11,"HTRA2"
3.74378640617384e-09,0.611778470535643,0.274,0.107,7.75001223942047e-05,"FAM208B"
8.69018842695381e-11,0.611735128210966,0.466,0.233,1.79895590626371e-06,"FAM50B"
2.66107780905715e-12,0.611084977218446,0.346,0.132,5.50869717252921e-08,"MRS2"
2.27933973923093e-12,0.610927482684301,0.418,0.184,4.71846119418196e-08,"DLGAP4"
2.76557526078339e-13,0.610642483042679,0.608,0.334,5.72501734734769e-09,"UROS"
1.14660237261476e-13,0.610256052688715,0.311,0.095,2.37358157154981e-09,"GSK3A"
4.94274160258945e-15,0.609856287254934,0.334,0.101,1.02319693915204e-10,"OXSM"
5.07923577732909e-17,0.609368291910747,0.752,0.469,1.05145259826489e-12,"MRPL43"
2.74053670835937e-11,0.609169942744004,0.253,0.077,5.67318503997473e-07,"CXorf40B"
1.06516104011413e-15,0.608998382252437,0.579,0.294,2.20498986914026e-11,"PMPCA"
1.38487855795095e-14,0.608480041274032,0.649,0.38,2.86683710281426e-10,"SNTB1"
6.56578942818058e-14,0.608475877422811,0.639,0.371,1.35918406952766e-09,"MPG"
5.71694799015343e-60,0.608113441542064,1,0.975,1.18346540344166e-55,"RPS7"
4.38339581704398e-25,0.608027124195329,0.898,0.678,9.07406768086274e-21,"ERGIC3"
1.71095116032416e-17,0.607809875694575,0.753,0.494,3.54183999698705e-13,"XRCC5"
3.62307377077439e-19,0.606618400121879,0.822,0.58,7.50012501288006e-15,"TFG"
4.06858966232474e-63,0.605820264591188,1,0.982,8.42238745997843e-59,"RPL24"
5.01117163802423e-11,0.60331586275379,0.309,0.117,1.0373626407874e-06,"EIF4G3"
2.6017493189234e-12,0.602656551402986,0.521,0.258,5.38588126510333e-08,"TIPRL"
8.894836189032e-13,0.60247922755324,0.327,0.113,1.84132003949151e-08,"SGF29"
1.28012552978231e-19,0.602022030116321,0.709,0.396,2.64998785920236e-15,"ZNF207"
1.88580000285024e-20,0.600696771058325,0.771,0.457,3.90379458590029e-16,"MKKS"
1.27552928141435e-22,0.600378712731301,0.903,0.724,2.64047316545585e-18,"TIMM8B"
8.24387230709398e-11,0.600157952028717,0.297,0.11,1.70656400629153e-06,"RANBP3"
8.82966911343296e-13,0.600071235426473,0.548,0.273,1.82782980317176e-08,"MPHOSPH6"
2.39364309631343e-10,0.599753092286464,0.376,0.166,4.95508057367843e-06,"MTAP"
3.15040666764747e-09,0.59901912708351,0.256,0.095,6.52165684269703e-05,"NOC3L"
1.08220723845228e-20,0.598556564481208,0.848,0.601,2.24027720432006e-16,"CAPZB"
1.76098024241983e-10,0.597470618780664,0.304,0.117,3.64540519983329e-06,"MRPL39"
1.55602795626321e-24,0.597463534671132,0.656,0.307,3.22113347226047e-20,"SLC3A2"
2.02070241041764e-12,0.596443084951184,0.623,0.368,4.18305605980556e-08,"TPD52L1"
5.31604542672672e-17,0.595632510692502,0.855,0.629,1.1004745637867e-12,"NDUFA12"
1.72866149976512e-21,0.59470948937417,0.85,0.564,3.57850217066377e-17,"TCP1"
6.40490787231651e-09,0.594048363180976,0.328,0.147,0.000132587997864824,"CHKA"
1.91400042835818e-13,0.594031418184045,0.368,0.135,3.96217228674426e-09,"DVL3"
3.66861282112141e-16,0.593396091033314,0.426,0.156,7.59439540100343e-12,"MANBAL"
3.48193963259077e-14,0.593041237606959,0.675,0.38,7.20796323342616e-10,"MRPS18A"
1.51443610821973e-24,0.592001825527761,0.965,0.791,3.13503418762566e-20,"BAAT"
1.08986977446843e-15,0.591544652467632,0.489,0.206,2.2561394201271e-11,"CSNK2A1"
2.80707254933743e-12,0.591140831551641,0.642,0.371,5.81092088438342e-08,"DPH3"
3.61337569347721e-16,0.590608589276456,0.461,0.181,7.48004902306717e-12,"DMAP1"
5.14995371472418e-12,0.590470640775218,0.436,0.196,1.06609191848505e-07,"CC2D1A"
2.60054645025295e-16,0.590169839571919,0.396,0.132,5.38339120666864e-12,"RNF8"
1.47421244630827e-15,0.5895971261896,0.678,0.402,3.05176718510276e-11,"SEC61A1"
6.52052461143765e-14,0.589064861713882,0.465,0.199,1.34981379981371e-09,"LAMA5-AS1"
2.77713483785395e-18,0.588944332399905,0.598,0.288,5.74894682784146e-14,"DESI1"
2.26558014080934e-21,0.58799992687654,0.475,0.16,4.68997744948942e-17,"RNF145"
1.41538587667271e-17,0.587078123194818,0.536,0.233,2.92999030330018e-13,"CFAP20"
1.36065088753645e-26,0.586996557747423,0.922,0.755,2.81668340228921e-22,"MRPL55"
1.32025836735933e-14,0.586991245862608,0.536,0.255,2.73306684627056e-10,"PYM1"
2.05751522196119e-16,0.586479057430419,0.631,0.331,4.25926226098186e-12,"C1orf122"
2.16217872407897e-14,0.585955187044852,0.438,0.178,4.47592617671588e-10,"CHTF8"
4.41682797240264e-11,0.585376637798001,0.284,0.098,9.14327558567071e-07,"XPNPEP1"
5.19284695565587e-16,0.585226341937693,0.666,0.383,1.07497124829032e-11,"NTMT1"
3.93079224472044e-15,0.584525147962354,0.382,0.132,8.13713302579579e-11,"VARS"
8.90977722245334e-09,0.583499684430254,0.261,0.101,0.000184441298282007,"PLA2G4C"
9.3895549229481e-15,0.581436889610066,0.675,0.399,1.94373176459949e-10,"SRP19"
2.63373596777459e-07,0.580722957780744,0.295,0.141,0.00545209682689017,"C2orf49"
1.49609103291863e-40,0.580461691960344,0.991,0.899,3.09705804724485e-36,"CHCHD2"
4.70788208370619e-08,0.58043780725071,0.269,0.117,0.000974578670148019,"XPNPEP3"
5.55895045716118e-16,0.579537758152451,0.588,0.288,1.15075833413694e-11,"WDR74"
1.12140235795767e-26,0.579448404177273,0.921,0.752,2.32141502120818e-22,"CSNK2B"
1.43714193241123e-43,0.579193899988748,0.989,0.933,2.97502751428448e-39,"EEF2"
4.03391045774763e-19,0.579035580922701,0.791,0.546,8.35059803858337e-15,"VIMP"
3.99301751864598e-15,0.57894031622049,0.483,0.209,8.26594556534905e-11,"PELO"
5.21378182459582e-32,0.578463909650562,0.993,0.89,1.07930497550958e-27,"NUPR1"
2.76303372662079e-11,0.577837115669767,0.293,0.101,5.71975611747769e-07,"ZDHHC16"
3.54114951488609e-14,0.576181919160865,0.716,0.515,7.33053361076569e-10,"EIF3A"
3.8012547538385e-20,0.575390334302512,0.68,0.35,7.86897746592107e-16,"LYRM4"
5.36972536603035e-13,0.575000977053806,0.257,0.067,1.11158684802194e-08,"LINC01023"
1.94477447542992e-18,0.574813982145261,0.83,0.564,4.02587764158748e-14,"APOA1BP"
5.39136649528131e-13,0.573905948052346,0.339,0.12,1.11606677818818e-08,"MZT1"
3.05304346699244e-48,0.573810258770195,1,0.997,6.32010528102106e-44,"RPL12"
3.31425737944517e-09,0.573404663176098,0.383,0.187,6.86084420118945e-05,"GM2A"
1.59537274432506e-74,0.573173336927161,1,0.991,3.30258111802731e-70,"RPL37A"
1.73457908265072e-14,0.572558786779253,0.625,0.34,3.59075215899526e-10,"HSBP1L1"
1.17982390197387e-64,0.571923229246351,1,0.997,2.4423534594761e-60,"RPL37"
2.34249419969488e-11,0.570815348127987,0.685,0.433,4.84919724278836e-07,"FKBP3"
1.16475560811863e-17,0.570184165220053,0.504,0.212,2.41116058436638e-13,"HTATSF1"
8.15513593883249e-13,0.570162993434507,0.405,0.172,1.68819469069771e-08,"DEF8"
1.5179749306477e-12,0.569400515687946,0.352,0.132,3.1423599039338e-08,"DHRS7B"
4.54496135184681e-14,0.569394264479762,0.699,0.426,9.40852449445809e-10,"NUTF2"
4.75594696241429e-13,0.56897455578621,0.358,0.132,9.84528580689382e-09,"IFI27L1"
1.33095776109122e-16,0.56885425278086,0.774,0.518,2.75521566123493e-12,"PSMD14"
1.209221785281e-17,0.568429106658884,0.715,0.414,2.5032100177102e-13,"ARPC1A"
1.55499225257903e-18,0.568344289273083,0.736,0.42,3.21898946206385e-14,"MCTS1"
8.10024596504185e-16,0.56790817997318,0.677,0.383,1.67683191722331e-11,"BTF3L4"
4.35788973505685e-23,0.567792488036897,0.779,0.488,9.02126754054118e-19,"SRRM1"
3.0816369566573e-30,0.567717683306383,0.936,0.779,6.37929666397628e-26,"NDUFB10"
2.01737843859128e-18,0.567317150560538,0.875,0.626,4.17617510572781e-14,"NDUFB3"
8.06439340229601e-19,0.566936977127601,0.753,0.475,1.6694100782093e-14,"HMGCL"
5.82391031426029e-13,0.566614784700105,0.526,0.255,1.20560767415502e-08,"SUGT1"
3.17725884113508e-19,0.564664067587273,0.817,0.592,6.57724352703373e-15,"MTCH1"
2.70777908201582e-08,0.564372581393406,0.341,0.166,0.000560537347768095,"UBQLN2"
7.93035741916634e-13,0.564072823614681,0.478,0.227,1.64166328934162e-08,"TIMM44"
8.15525623150988e-13,0.563701378620496,0.54,0.282,1.68821959248486e-08,"TARS"
7.19893315904142e-14,0.563418724856869,0.61,0.328,1.49025115325316e-09,"MCUR1"
3.76999136700876e-22,0.562580290445821,0.913,0.733,7.80425912884483e-18,"PSMB7"
2.69134156629895e-12,0.561869003519927,0.44,0.19,5.57134617639545e-08,"VSIG10"
2.04421555876912e-11,0.561137038831168,0.292,0.101,4.23173062820795e-07,"SAP30L"
6.10367495905819e-18,0.560957822827714,0.742,0.485,1.26352175327464e-13,"DDX21"
1.49568717051837e-17,0.560701097360478,0.512,0.206,3.09622201169007e-13,"GSTZ1"
3.58644498648802e-13,0.560445396061474,0.678,0.42,7.42429976652885e-09,"ABCF1"
1.95149775357453e-18,0.560436449960017,0.844,0.589,4.03979549967464e-14,"MEAF6"
4.80403596430318e-14,0.559977999812913,0.468,0.209,9.94483484970401e-10,"CCAR1"
4.34182452016946e-11,0.559735740919506,0.394,0.175,8.9880109392028e-07,"MAPKAP1"
8.98013078085084e-12,0.559018713708908,0.551,0.31,1.85897687294393e-07,"ILVBL"
3.70568620650403e-13,0.558845144382558,0.383,0.15,7.671141016084e-09,"ISY1"
2.39224154167141e-18,0.558564112812996,0.775,0.472,4.95217921541398e-14,"ANAPC13"
2.22322899817786e-12,0.557927101077986,0.603,0.334,4.60230634912799e-08,"OGFR"
9.21166883554265e-12,0.557166695361132,0.287,0.095,1.90690756564568e-07,"SUGP1"
3.75090384764141e-10,0.557049846873613,0.269,0.095,7.76474605500248e-06,"NOL8"
2.19842914637073e-09,0.556158693524758,0.266,0.098,4.55096817590204e-05,"TAF6L"
2.02995993039167e-11,0.555841308602555,0.622,0.38,4.2022200519038e-07,"IGSF8"
5.02688362299028e-21,0.555712473838026,0.843,0.574,1.04061517879522e-16,"LBP"
3.90981819273203e-12,0.55448194737392,0.482,0.236,8.09371464077457e-08,"LRRC28"
3.05346684798668e-12,0.554183599671571,0.358,0.141,6.32098172201724e-08,"BCAR1"
2.40883643431121e-14,0.55413399216965,0.641,0.377,4.98653230266763e-10,"TMX2"
2.52723279605032e-12,0.553654725333603,0.553,0.288,5.23162461110377e-08,"STAU2"
6.2933141724501e-13,0.552375890260949,0.489,0.233,1.30277896683889e-08,"TPRA1"
1.17648996098177e-22,0.552329852822169,0.954,0.828,2.43545186822835e-18,"EIF4A2"
6.05925849587633e-14,0.55213443632556,0.399,0.153,1.25432710123136e-09,"GPR89A"
9.53544325484998e-14,0.552038262575371,0.73,0.482,1.97393210818650e-09,"SIL1"
1.15366349034332e-18,0.551042381923907,0.583,0.264,2.3881987913597e-14,"ZRANB2"
4.54038446402198e-13,0.55102175798957,0.507,0.245,9.39904987897189e-09,"LRRC58"
6.47295666954476e-19,0.550135351341949,0.932,0.773,1.33996676016246e-14,"NUDC"
2.41020381091573e-17,0.549039083461947,0.487,0.196,4.98936290897666e-13,"MVD"
3.90072302417162e-19,0.548993253792415,0.861,0.632,8.07488673233768e-15,"TMEM208"
1.55954081439143e-22,0.54862962311849,0.929,0.767,3.2284054398717e-18,"POLR2F"
3.69838352112151e-12,0.548086735099786,0.278,0.089,7.65602372707365e-08,"SMC2"
4.44948651347471e-14,0.54795581566657,0.57,0.316,9.210882031544e-10,"MGAT4B"
6.3049194133491e-17,0.547715002002385,0.641,0.322,1.3051813677574e-12,"SERPINB6"
1.2390447586759e-06,0.547495183566713,0.442,0.264,0.0256494655493497,"NDRG1"
1.44942011920024e-18,0.5472101861925,0.733,0.451,3.00044458875641e-14,"PPCS"
7.49534301387706e-14,0.547160214515271,0.722,0.497,1.55161095730269e-09,"SURF1"
1.013584132075e-13,0.547094344792705,0.594,0.307,2.09822051180845e-09,"PPP1R7"
2.58072194995879e-17,0.546849830437898,0.853,0.617,5.3423525086097e-13,"PDCD5"
1.65394571143622e-13,0.546657685839505,0.386,0.147,3.42383301724412e-09,"DNAJC12"
3.48568411954582e-11,0.546534504177339,0.333,0.129,7.2157146958718e-07,"CNOT10"
3.43757514418277e-22,0.545644776605674,0.959,0.807,7.11612430597276e-18,"BNIP3"
8.86657592390883e-12,0.545534659663462,0.368,0.15,1.83546988200837e-07,"THAP9-AS1"
6.85243291169659e-23,0.545185254053111,0.499,0.163,1.41852213705031e-18,"NUFIP2"
3.92949995726666e-18,0.544145163141439,0.526,0.227,8.13445786153771e-14,"WASF2"
2.66985178268e-16,0.543896564417081,0.734,0.454,5.52686017532586e-12,"PQBP1"
6.67652206598997e-31,0.543676053602381,0.896,0.647,1.38210683288058e-26,"MORF4L1"
6.50501628533093e-15,0.543543629800679,0.734,0.479,1.34660342122636e-10,"SRP72"
9.57209202514997e-16,0.543432397665637,0.676,0.433,1.98151877012629e-11,"SIAH2"
1.68108344475052e-25,0.543374622304513,0.707,0.368,3.48001083897805e-21,"SMS"
1.44187064624609e-27,0.542972684600525,0.974,0.844,2.98481642479402e-23,"BLVRB"
6.11899319640504e-13,0.542969284202228,0.309,0.101,1.26669278158781e-08,"TRAF2"
3.3162433479205e-21,0.5429366652042,0.862,0.65,6.86495535453023e-17,"CNPY2"
1.08706237479139e-13,0.5422104743913,0.646,0.374,2.25032782205565e-09,"BCKDK"
3.28377588784269e-21,0.541915198121491,0.901,0.706,6.79774446542316e-17,"TRAM1"
3.16643444372814e-07,0.541908730792614,0.374,0.199,0.00655483594196162,"SCAP"
1.37416336409855e-17,0.541812675118329,0.771,0.497,2.84465558002041e-13,"TIMM17B"
4.89360545876571e-10,0.541731137140293,0.292,0.11,1.01302526601909e-05,"FAM20C"
1.64857473882588e-09,0.540574511223794,0.399,0.193,3.41271456684345e-05,"FBXO6"
2.89103433471829e-18,0.540469902734248,0.694,0.387,5.98473017630034e-14,"EWSR1"
9.07679666912217e-11,0.540265142688114,0.531,0.288,1.87898767847498e-06,"PMM1"
8.85977464565366e-13,0.539706648443347,0.676,0.42,1.83406194939676e-08,"WDR1"
3.16088140232976e-11,0.539529168861758,0.568,0.31,6.54334059096283e-07,"BTD"
3.83799012147428e-14,0.539301061922945,0.531,0.261,7.94502335046391e-10,"C11orf1"
2.76970561304565e-37,0.538808122645413,0.995,0.96,5.73356758956581e-33,"RPS10"
1.4513829731441e-26,0.538679908445218,0.955,0.816,3.00450789270559e-22,"SLC25A3"
6.31855710081426e-13,0.538555989292453,0.672,0.399,1.30800450543956e-08,"MRPS10"
4.81624644213945e-12,0.535964380237234,0.338,0.126,9.97011175987287e-08,"C19orf52"
3.44305840212597e-16,0.535502086458065,0.655,0.344,7.12747519824098e-12,"C7orf50"
8.68583515708929e-09,0.535472639116762,0.372,0.178,0.000179805473586905,"THNSL2"
1.01746009481409e-12,0.535212210828551,0.327,0.113,2.10624414227465e-08,"CPSF1"
6.72993306070771e-16,0.534479256310328,0.508,0.221,1.3931634428971e-11,"TRABD"
2.47061489022953e-11,0.534080571587338,0.49,0.245,5.11441988426414e-07,"MAN1A2"
6.53752998565749e-15,0.533962050221484,0.638,0.35,1.35333408233096e-10,"MRPL16"
2.87045622168799e-12,0.533809502309254,0.427,0.19,5.94213142451632e-08,"LMO4"
2.71039015851947e-18,0.533639052913207,0.402,0.126,5.61077866715115e-14,"GPATCH8"
6.60785679865107e-58,0.533077799516432,0.999,0.963,1.36789243588876e-53,"H3F3B"
8.02715912586681e-14,0.532744867543043,0.383,0.147,1.66170221064569e-09,"DNAJC30"
1.67213690177468e-09,0.531939566578606,0.372,0.172,3.46149060036376e-05,"CDC73"
1.08553241850229e-09,0.53192051354312,0.485,0.258,2.2471606595416e-05,"THYN1"
6.59119722378578e-13,0.531456852284474,0.666,0.411,1.36444373729589e-08,"CHST13"
7.23946076754454e-09,0.531414926819517,0.358,0.169,0.00014986407734894,"USB1"
6.73775442667692e-13,0.530788911455715,0.494,0.239,1.39478254386639e-08,"ATP6V1H"
3.97374186618621e-15,0.530623346089956,0.472,0.196,8.22604303719207e-11,"CFAP97"
1.07258870955333e-08,0.530599439021735,0.766,0.613,0.000222036588764635,"CYP4F3"
1.22479200239402e-10,0.530523789614897,0.331,0.132,2.53544192415586e-06,"TSPAN3"
3.5451018636323e-16,0.530201692534657,0.768,0.515,7.33871536790523e-12,"RBMX"
2.43961654903405e-10,0.529806690207646,0.341,0.141,5.05025021815539e-06,"OMA1"
3.73558571967567e-12,0.529659511461711,0.508,0.258,7.7330359983006e-08,"IMPA2"
1.11474703150356e-08,0.528962106037239,0.275,0.11,0.000230763782991552,"DXO"
9.0490884687812e-12,0.528645441148207,0.557,0.291,1.8732518039224e-07,"RP11-345J4.5"
3.06563507114586e-16,0.528594554708266,0.461,0.184,6.34617116077904e-12,"RDH14"
4.09632266012872e-12,0.52840095643784,0.441,0.202,8.47979753873246e-08,"TRIM28"
5.21377665855661e-16,0.528162172140345,0.635,0.35,1.0793039060878e-11,"NOP58"
3.02013134131917e-13,0.527933486395686,0.621,0.344,6.25197388966481e-09,"TM2D3"
1.1568208727339e-12,0.527770579313741,0.656,0.396,2.39473488864646e-08,"SMAP1"
6.02601829793623e-14,0.52763768462692,0.396,0.153,1.24744604785578e-09,"SIRT5"
7.18359670912128e-09,0.527385766957962,0.564,0.331,0.00014870763547552,"BCCIP"
1.41471286621499e-13,0.52708011056298,0.707,0.445,2.92859710435166e-09,"POLE4"
3.35016030424954e-11,0.526314477606094,0.427,0.193,6.93516684582697e-07,"SPAG16"
2.48234345208498e-10,0.525509510981693,0.256,0.086,5.13869918016112e-06,"CSK"
1.28550724166414e-10,0.525080952371162,0.252,0.08,2.66112854096894e-06,"HARS2"
2.6867578598025e-17,0.524911588716081,0.865,0.653,5.56185744557715e-13,"AP3S1"
2.10898884958942e-57,0.524717597478173,1,0.997,4.36581781753507e-53,"RPS16"
8.68433279891781e-14,0.524554048128261,0.773,0.512,1.79774373270398e-09,"CWC15"
8.22636253600829e-14,0.524461174091462,0.86,0.617,1.70293930857908e-09,"GDI2"
2.86244815598897e-14,0.524448643370313,0.554,0.273,5.92555392771277e-10,"SNAPIN"
3.31850518320499e-18,0.52414556727703,0.593,0.301,6.86963757975265e-14,"CCND1"
6.69459555931869e-17,0.524065490907662,0.755,0.475,1.38584822673456e-12,"BAX"
4.65020032680412e-10,0.523708948417408,0.299,0.117,9.6263796965172e-06,"NAPG"
3.49295630564777e-19,0.522472198396413,0.883,0.687,7.23076884832145e-15,"HINT2"
5.0510179623784e-11,0.521660808598823,0.349,0.144,1.04561122839195e-06,"DHRS12"
3.18459755222696e-15,0.521415697199896,0.508,0.224,6.59243539286503e-11,"NAP1L4"
4.65114674523188e-13,0.518706449460782,0.487,0.221,9.62833887730452e-09,"NECAB3"
1.25441849609881e-10,0.518560360860757,0.324,0.129,2.59677172877414e-06,"SF3B3"
1.31298383846452e-18,0.518549761768277,0.808,0.577,2.7180078440054e-14,"TOB1"
1.9800389784324e-08,0.518466702708759,0.286,0.126,0.00040988786892529,"NUDCD3"
2.57866218340151e-11,0.518346532300229,0.291,0.098,5.33808858585946e-07,"SS18L1"
1.08186410773692e-13,0.518290505238268,0.447,0.187,2.2395668894262e-09,"CDS2"
4.61358337964297e-27,0.517038325599793,0.519,0.15,9.5505789541989e-23,"EXOC7"
1.93985949078533e-12,0.516512878510862,0.559,0.291,4.01570313187471e-08,"PHF14"
1.11433075597455e-14,0.5161417711717,0.633,0.35,2.30677609794292e-10,"MVP"
5.12176376525558e-09,0.51602022611614,0.276,0.107,0.000106025631704556,"CD276"
2.82553606793717e-12,0.515614462645478,0.5,0.239,5.84914221423674e-08,"ANAPC15"
1.32565322754581e-14,0.51533977467313,0.792,0.525,2.74423474634258e-10,"TRAPPC2L"
3.93233721888499e-13,0.513788933062054,0.547,0.294,8.14033127681381e-09,"TMEM223"
7.19987298435087e-18,0.513133631174619,0.707,0.414,1.49044570649047e-13,"CCDC85B"
7.51087285466188e-14,0.513123660040035,0.506,0.233,1.55482578964356e-09,"ST3GAL6"
1.80072980787082e-12,0.513027815018612,0.443,0.199,3.72769077527338e-08,"PREB"
2.49761652661834e-07,0.512941914423594,0.26,0.117,0.00517031597175263,"MIB2"
3.86934012794535e-11,0.511822671289954,0.435,0.202,8.00992099885967e-07,"ANKRA2"
1.88454591136885e-21,0.511482562102848,0.909,0.727,3.90119849112466e-17,"LAMTOR4"
4.71709019449849e-14,0.510478004084301,0.445,0.19,9.76484841163133e-10,"CDK11B"
5.72436710851849e-09,0.510301096561649,0.302,0.129,0.000118500123513441,"ALPK2"
5.75649404977349e-13,0.509549818301896,0.75,0.54,1.19165183324361e-08,"FBXW5"
8.18933698887927e-09,0.508846767422509,0.28,0.113,0.00016952746500679,"COPS7B"
4.66391914776729e-15,0.508212012430782,0.567,0.27,9.65477902779307e-11,"GSTM4"
1.54471535008564e-11,0.507833629403807,0.508,0.258,3.19771524621229e-07,"MED29"
3.20062952441592e-11,0.507445909797837,0.53,0.276,6.62562317849339e-07,"NAA60"
8.03673769971054e-21,0.50736603886064,0.841,0.564,1.66368507121708e-16,"C16orf13"
2.07664064249315e-19,0.506671052304838,0.882,0.696,4.29885379402506e-15,"MRFAP1"
7.67390032238021e-10,0.505943010554704,0.317,0.132,1.58857410573593e-05,"ZNF721"
7.73874119888074e-10,0.505785374968858,0.34,0.144,1.6019968155803e-05,"LINC01006"
1.48756050195072e-13,0.505784923161712,0.507,0.242,3.07939899508819e-09,"TMEM69"
4.17117924288344e-21,0.50575000995186,0.915,0.715,8.63475815069301e-17,"LAMTOR2"
6.22687599671556e-13,0.505269625802009,0.73,0.482,1.28902560008009e-08,"KHDRBS1"
3.86455750752239e-13,0.504486579093714,0.308,0.095,8.0000204963221e-09,"POGK"
9.92212718672608e-11,0.503094134832068,0.261,0.083,2.05397954892417e-06,"RUNX1"
4.03764618983169e-12,0.502895687842103,0.341,0.126,8.35833137757058e-08,"LSG1"
2.89041150823606e-13,0.502587199213361,0.532,0.261,5.98344086319947e-09,"LLPH"
3.08801446402212e-15,0.502471122360192,0.644,0.359,6.39249874197218e-11,"TSG101"
1.48968876304045e-11,0.502333619168181,0.357,0.144,3.08380470837004e-07,"NUP62"
3.2774815000841e-12,0.501646941093967,0.481,0.239,6.78471445332409e-08,"IFT43"
2.26780041672818e-09,0.500744450899876,0.381,0.178,4.694573642669e-05,"PPP6R2"
2.85144543062394e-08,0.500687538356793,0.275,0.117,0.000590277718593462,"TRNT1"
