"p_val","avg_log2FC","pct.1","pct.2","p_val_adj","gene"
8.22138249442899e-108,9.61430161792245,0.918,0,1.70190839017175e-103,"ALDH3A1"
5.40389227116623e-119,7.92811348363409,0.969,0.019,1.11865973905412e-114,"CHI3L1"
6.41146413952849e-70,7.84847544655606,0.722,0,1.32723719152379e-65,"GAGE1"
2.05276153160516e-41,6.68872671288986,0.519,0,4.24942164657584e-37,"FABP6"
5.126773482236e-40,6.50280155877782,0.507,0,1.06129337855768e-35,"SERTAD4-AS1"
2.26820427909708e-27,5.98566309178858,0.385,0,4.69540967815887e-23,"ODAM"
1.28385889994677e-24,5.73616157144435,0.362,0.005,2.65771630877981e-20,"CDC20"
4.11064707860544e-70,5.63746020009725,0.745,0.028,8.50945051742111e-66,"CYP17A1"
2.11235158984867e-21,5.63385117973529,0.317,0,4.37277902614572e-17,"GSTA3"
6.30959388764284e-27,5.57267993185639,0.38,0,1.30614903068095e-22,"MAPT"
1.77271059448536e-66,5.56062477833429,0.713,0.009,3.66968820164414e-62,"SEPT4"
3.8261827590236e-25,5.54785505312131,0.36,0,7.92058092945475e-21,"SSUH2"
1.07400754097238e-24,5.54241382294575,0.363,0.005,2.22330301056693e-20,"UBE2C"
2.6923904667482e-24,5.5170322595594,0.351,0,5.57351750521546e-20,"GAGE13"
1.32714383739464e-22,5.51098752268306,0.331,0,2.74732045779065e-18,"DKK4"
2.11521696000175e-22,5.37161030092351,0.329,0,4.37871062889962e-18,"GAGE2A"
1.72030373701089e-35,5.36636803597678,0.474,0.005,3.56120076598623e-31,"TRIM16L"
2.17261185801318e-19,5.31876535748127,0.292,0,4.49752380727308e-15,"RP11-20G13.3"
2.63261599165371e-58,5.29626153871387,0.669,0.024,5.44977836432235e-54,"IL17RB"
5.40562740594295e-26,5.24418054235097,0.383,0.009,1.11901892930425e-21,"CENPM"
3.03889794468721e-21,5.24026133520331,0.315,0,6.290822635297e-17,"TMEM92"
1.38630793948459e-60,5.1673948705527,0.685,0.024,2.86979606552705e-56,"MINCR"
6.21110156747134e-43,5.12269528005876,0.547,0.009,1.28576013548224e-38,"TFF2"
2.00288208567729e-28,4.96083314885912,0.405,0.005,4.14616620556056e-24,"RP11-492E3.2"
8.70622365554607e-22,4.93829477757331,0.329,0.005,1.80227535893459e-17,"TMEM52B"
2.16331739607972e-17,4.92301420455234,0.266,0,4.47828334162463e-13,"EGFR-AS1"
1.75138916716087e-45,4.89638498862806,0.572,0.014,3.62555071493971e-41,"BIRC5"
4.07101945576383e-46,4.79892461069616,0.577,0.014,8.42741737537671e-42,"TTLL4"
2.42328411987437e-18,4.77916215587016,0.278,0,5.01644045655193e-14,"TSACC"
1.15028677681786e-28,4.76973066466535,0.413,0.009,2.38120865669065e-24,"HEXIM2"
6.90189701427633e-20,4.75503305465474,0.306,0.005,1.42876170092534e-15,"LINC00176"
8.12690276724284e-17,4.75347241079743,0.258,0,1.68235014184694e-12,"SLC22A11"
2.99958786085613e-16,4.74182962521876,0.25,0,6.20944683075828e-12,"UGT3A2"
2.70005048921797e-43,4.73945164006209,0.56,0.019,5.58937451773012e-39,"TLCD1"
1.21271234148844e-54,4.73549260139006,0.64,0.009,2.51043581811523e-50,"AP1M2"
7.17321606931457e-23,4.713918180957,0.355,0.014,1.48492745850881e-18,"ZWINT"
1.81945523843769e-46,4.7138227522419,0.589,0.024,3.76645428908986e-42,"RPL39L"
1.84194464777227e-16,4.68591470308379,0.253,0,3.81300961535337e-12,"SPESP1"
1.00125943522164e-24,4.61447524251569,0.385,0.019,2.07270715685231e-20,"CCNB1"
1.93156806485469e-120,4.61132546393997,1,0.171,3.99853905105569e-116,"SPP1"
5.5740699255825e-23,4.6086191959488,0.357,0.014,1.15388821529483e-18,"CENPH"
2.86035968870806e-23,4.50192333445039,0.353,0.009,5.92123059159455e-19,"DHRS13"
1.54098392391758e-126,4.45662097082691,1,0.559,3.18999082090178e-122,"AKR1C2"
1.13543842141634e-98,4.43046008443656,0.941,0.209,2.35047107617396e-94,"BHMT"
2.01049218890117e-124,4.4250316544822,0.998,0.294,4.16191988024431e-120,"NME1"
2.22360779169181e-34,4.40326703497558,0.483,0.019,4.60309048958121e-30,"PRKCDBP"
5.50207412235926e-102,4.39414114297165,0.931,0.104,1.13898436406959e-97,"LGALS3BP"
1.22835220505979e-126,4.33071359850853,1,0.616,2.54281189969428e-122,"GGH"
2.51271874356284e-126,4.31587688306574,1,0.517,5.20157907104944e-122,"AKR1C1"
2.09869185932915e-18,4.27067090828345,0.288,0.005,4.34450201799728e-14,"RP1-27K12.2"
1.35222420811346e-17,4.19734674440991,0.277,0.005,2.79923933321568e-13,"HSPB9"
3.83210953474641e-35,4.15999830020463,0.493,0.019,7.93284994787854e-31,"NLE1"
3.86140470333002e-22,4.15902998079746,0.359,0.024,7.99349387636348e-18,"MAD2L1"
6.09761451696867e-19,4.13703273341742,0.302,0.009,1.26226718115768e-14,"RP11-166P13.3"
6.17874581365933e-121,4.06804987761915,0.992,0.322,1.27906217088562e-116,"STRA13"
6.86130517511179e-24,4.06273883936839,0.375,0.019,1.42035878429989e-19,"RNF43"
1.91090006591199e-64,4.05025923242569,0.741,0.066,3.95575422644441e-60,"TUBG1"
1.00371127349543e-56,4.03624961692037,0.692,0.062,2.07778270726288e-52,"G6PD"
7.9464965920677e-15,3.9869040676608,0.262,0.019,1.64500425952393e-10,"AURKA"
7.53305968603668e-27,3.95243698320178,0.413,0.024,1.55941868560645e-22,"BYSL"
2.66472230720175e-29,3.94276002097252,0.441,0.024,5.51624164813835e-25,"C1QTNF3"
3.41103204061025e-60,3.91567829975649,0.714,0.057,7.06117742726729e-56,"SKAP1"
5.69917478556587e-24,3.90639501677877,0.378,0.019,1.17978617235999e-19,"PRRT3-AS1"
7.31202252279575e-39,3.89211350347013,0.534,0.024,1.51366178244395e-34,"PTGES"
1.70437224293086e-57,3.89020983788071,0.685,0.033,3.52822098009118e-53,"PFN2"
3.46895956993742e-39,3.87201804091326,0.549,0.038,7.18109320572745e-35,"NR2C2AP"
3.08346430818722e-29,3.85014053289185,0.414,0.005,6.38307946437837e-25,"RP3-460G2.2"
9.5178685840361e-21,3.83278355411496,0.326,0.009,1.97029397558131e-16,"HRASLS2"
1.18118631470863e-22,3.80305104941771,0.349,0.009,2.44517379007834e-18,"CNTNAP2"
1.02642879711873e-22,3.79958477033782,0.37,0.024,2.12481025291548e-18,"CTBP1-AS2"
1.58698042718659e-24,3.79780836327837,0.384,0.019,3.28520818231896e-20,"NOTUM"
2.19092399452646e-121,3.78362600606252,0.994,0.408,4.53543176106923e-117,"TKT"
1.76441924519736e-24,3.74358622050971,0.389,0.024,3.65252427948306e-20,"FDXR"
1.61686516651533e-31,3.73882548158621,0.474,0.033,3.34707258120339e-27,"RP13-650J16.1"
2.03859246131577e-32,3.7039915586197,0.483,0.033,4.22009025416979e-28,"SPATC1L"
6.32702885127468e-24,3.68349176726134,0.365,0.009,1.30975824250237e-19,"KCCAT211"
2.01721894394086e-29,3.67953773360642,0.455,0.033,4.17584493585197e-25,"FBXO32"
1.51598589160888e-116,3.65066087530707,0.99,0.37,3.13824239421954e-112,"AKR1C4"
1.93969247302877e-19,3.64765071461965,0.318,0.014,4.01535738841687e-15,"SLC16A4"
1.29889966777325e-36,3.64378449419556,0.532,0.043,2.68885220225739e-32,"HRCT1"
1.07553865478407e-19,3.63149365455591,0.334,0.024,2.2264725692685e-15,"MPI"
5.13845221605995e-20,3.62395815545064,0.325,0.014,1.06371099324657e-15,"RP1-28O10.1"
9.80251839785069e-24,3.61494204955026,0.383,0.024,2.02921933353907e-19,"WDR4"
2.59481892027835e-24,3.61426964715115,0.373,0.014,5.3715346468682e-20,"TOP2A"
2.65923623278844e-20,3.60605604848544,0.335,0.019,5.50488492549534e-16,"CCDC28B"
8.64111898885254e-71,3.54327407461509,0.802,0.114,1.78879804188236e-66,"PYCARD"
1.1126467479629e-27,3.52807400125947,0.407,0.009,2.30329003295799e-23,"TRIM16"
4.03852256959856e-41,3.52767661528675,0.583,0.052,8.36014557132597e-37,"TOP1MT"
1.55215444704575e-22,3.52651764755223,0.356,0.014,3.21311492082941e-18,"SLC28A1"
2.90077682179246e-18,3.52016877347184,0.309,0.019,6.00489809879256e-14,"TEFM"
2.30151677267676e-108,3.51132564804468,0.975,0.299,4.76436987111817e-104,"ALDH1L1"
1.27694098367932e-25,3.49331539414761,0.387,0.014,2.64339553031456e-21,"CBR3"
1.11230772901507e-15,3.48700835344385,0.26,0.009,2.30258822983409e-11,"HHIPL2"
2.38065588970216e-18,3.48289472521689,0.303,0.014,4.92819575727245e-14,"CBX2"
1.5048592110321e-120,3.46935636607958,0.994,0.45,3.11520905275756e-116,"PHB"
2.05694103717292e-33,3.4689997993672,0.501,0.038,4.25807364105167e-29,"TSEN54"
6.02862644352931e-60,3.4631313014748,0.729,0.071,1.247985960075e-55,"RAC3"
3.46361957993486e-46,3.45415850548913,0.633,0.066,7.17003889242316e-42,"ABCG2"
6.28816667252176e-20,3.43712424995478,0.331,0.019,1.30171338287873e-15,"SLC25A19"
6.09090715675547e-125,3.42358404924765,1,0.801,1.26087869051995e-120,"SQSTM1"
3.82535325329889e-16,3.42175768597385,0.273,0.014,7.91886376965403e-12,"GALNS"
1.54255256867883e-122,3.41663196481935,0.997,0.517,3.19323807242204e-118,"ATP5G1"
1.52609093786375e-34,3.41284505984866,0.499,0.028,3.15916085047175e-30,"SNAI2"
4.7599711443875e-45,3.39332219690625,0.598,0.038,9.85361626599657e-41,"MAGEC2"
2.59743536295968e-29,3.39288438391668,0.462,0.038,5.37695094486284e-25,"SLC26A6"
5.71039014651807e-44,3.38581729624188,0.605,0.047,1.18210786423071e-39,"SPARCL1"
1.00421497778955e-16,3.38179907656105,0.289,0.019,2.07882542552216e-12,"KRT222"
6.25636376007661e-42,3.36864673550873,0.643,0.109,1.29512986197346e-37,"PTTG1"
8.35677495793913e-33,3.36705741435301,0.464,0.014,1.72993598404298e-28,"TK1"
5.19244831245924e-19,3.34888161233026,0.324,0.024,1.07488872516219e-14,"RRM2"
1.34482361519616e-120,3.34248734033742,0.999,0.545,2.78391936581758e-116,"CBR1"
4.12334786531782e-23,3.34105769448361,0.384,0.028,8.53574241599442e-19,"NME6"
2.70002374028949e-56,3.34012408853852,0.72,0.095,5.58931914477328e-52,"TMEM99"
7.02850715173152e-66,3.33577689485459,0.783,0.137,1.45497126547994e-61,"BOP1"
3.81124281922176e-27,3.31280742938309,0.43,0.028,7.88965376007097e-23,"MAGEF1"
4.16934111954138e-53,3.30807837021038,0.68,0.066,8.63095305156261e-49,"RRS1"
4.55038001681008e-13,3.28846363385981,0.256,0.033,9.41974167279854e-09,"GINS2"
5.68417856014848e-30,3.2780072334924,0.443,0.019,1.17668180373634e-25,"CGREF1"
1.35206086657982e-53,3.27476453832359,0.713,0.114,2.79890119990688e-49,"NSRP1"
2.43320589695032e-120,3.2733968069805,0.997,0.555,5.03697952727686e-116,"SNHG25"
5.96354999972653e-108,3.25891340990186,0.996,0.299,1.23451448544339e-103,"ADH4"
3.15990702849525e-55,3.24680882140354,0.724,0.123,6.54132353968802e-51,"TACO1"
3.28404522784249e-81,3.24095571142051,0.885,0.218,6.79830202615675e-77,"CCL15"
7.35486560356317e-34,3.23808345139981,0.499,0.028,1.52253072859361e-29,"CCDC137"
3.22048988515154e-31,3.22658163505969,0.486,0.043,6.6667361112522e-27,"SSX2IP"
1.0163957373914e-27,3.22630265207408,0.444,0.033,2.10404081597394e-23,"DPH2"
6.97581226648345e-57,3.21937463165002,0.73,0.1,1.44406289728474e-52,"MRPL45"
1.63443068634216e-52,3.21860570668447,0.703,0.114,3.38343496379691e-48,"MFSD3"
6.37487406866555e-21,3.2176082248649,0.328,0.009,1.31966268095445e-16,"CDHR2"
5.75904027635536e-32,3.20920751689338,0.516,0.062,1.19217892760832e-27,"FAM133A"
6.52271010479243e-22,3.20017887938078,0.364,0.024,1.35026621879308e-17,"LYNX1"
9.91788700027489e-21,3.19376370847484,0.343,0.019,2.05310178792691e-16,"KIF9"
7.59651199701126e-46,3.19045482326722,0.643,0.085,1.5725539485013e-41,"C17orf58"
1.16951070817213e-35,3.17634883643013,0.567,0.081,2.42100411698713e-31,"RAD51C"
1.15487052109062e-22,3.17291546688844,0.358,0.014,2.39069746570969e-18,"SP5"
6.28550468411044e-23,3.14945368166172,0.402,0.043,1.3011623246577e-18,"NINJ2"
5.2084296914718e-17,3.14835273398388,0.287,0.014,1.07819703043158e-12,"RP11-128M1.1"
8.75031893920417e-25,3.14263593680025,0.403,0.028,1.81140352360465e-20,"CCDC51"
1.02736047581575e-15,3.13444670928852,0.269,0.014,2.12673892098618e-11,"NUDT6"
2.66878052207818e-32,3.13109860844847,0.517,0.057,5.52464255875404e-28,"C19orf48"
1.79526634960393e-38,3.12912147391473,0.552,0.038,3.71638087031509e-34,"BBOX1"
2.76244561951723e-124,3.12768886401543,1,0.863,5.71853867696261e-120,"GLUL"
9.2093664171372e-33,3.12070924124152,0.487,0.028,1.90643094201157e-28,"PHYHD1"
3.43995181842571e-53,3.10721116405876,0.725,0.128,7.12104425932307e-49,"ARL4D"
6.10834481965071e-25,3.1070898954849,0.394,0.019,1.26448846111589e-20,"GGT1"
2.21148081117615e-19,3.10346625933745,0.319,0.014,4.57798642721575e-15,"RHBG"
1.23527466614701e-15,3.10286581028508,0.26,0.009,2.55714208639093e-11,"FADS6"
2.37434449199196e-77,3.10178017076429,0.865,0.185,4.91513053287257e-73,"PGD"
1.99532035962898e-26,3.09674743136687,0.443,0.043,4.13051267646794e-22,"KIAA1143"
6.07466704429266e-20,3.09271784524675,0.344,0.028,1.25751682483902e-15,"UBE2T"
3.2889907387304e-18,3.09191108329394,0.31,0.019,6.8085397282458e-14,"CCDC86"
5.96304372240106e-25,3.08627685814014,0.385,0.014,1.23440968097424e-20,"NKD1"
3.16580229376731e-16,3.08031536284402,0.284,0.019,6.55352732832771e-12,"ZC2HC1A"
8.69578426942407e-26,3.06975664978096,0.428,0.038,1.80011430161348e-21,"C6orf226"
7.77412298285732e-20,3.06812805137872,0.316,0.009,1.60932119868129e-15,"YTHDF3-AS1"
2.37618094605832e-59,3.05855278148996,0.751,0.104,4.91893217643533e-55,"DCAF13"
2.02440274420927e-56,3.04760585346507,0.739,0.142,4.19071612078762e-52,"IFI35"
2.61789694031906e-49,3.04308760913451,0.676,0.095,5.41930845615448e-45,"UTP18"
2.26219668972467e-77,3.04012043462175,0.854,0.213,4.68297336739903e-73,"EXOSC4"
7.04454660783261e-41,3.03557685233173,0.6,0.076,1.45829159328743e-36,"CMB9-22P13.1"
1.66647025256736e-41,3.02046658693566,0.623,0.095,3.44976006983969e-37,"PTRH2"
5.53279013672233e-27,3.0163048682528,0.407,0.014,1.14534288620289e-22,"SEMA6A"
2.588599312971e-68,3.00259608983835,0.817,0.18,5.35865943778127e-64,"MRPS23"
1.56050919713267e-85,2.99420701186168,0.9,0.275,3.23041008898434e-81,"MRPS7"
1.01219699440436e-16,2.98985360604253,0.291,0.019,2.09534899811646e-12,"HIST1H2AE"
1.26297661416983e-109,2.98885234252409,0.994,0.474,2.61448788899296e-105,"PTGR1"
4.13616650000588e-48,2.98316480345577,0.737,0.171,8.56227827166218e-44,"KPNA2"
1.07263645302711e-46,2.98209747468398,0.665,0.09,2.22046472141142e-42,"CTAG2"
2.94020694842313e-104,2.97393071698239,0.963,0.408,6.08652240393071e-100,"MRPL12"
1.17383691989601e-24,2.97161641750059,0.424,0.043,2.42995980787673e-20,"C17orf75"
2.3182697216142e-58,2.96896793606032,0.759,0.152,4.79905015071355e-54,"HLF"
1.20745014007857e-15,2.96590546023983,0.267,0.014,2.49954253497666e-11,"CDK1"
6.00746582660282e-16,2.96478132280901,0.295,0.028,1.24360550076505e-11,"RP5-827C21.4"
1.99696000578368e-63,2.95736923904361,0.798,0.175,4.1339069079728e-59,"TMEM261"
1.36595457362529e-36,2.95167051635007,0.577,0.085,2.82766256286171e-32,"CWC27"
1.36720733349508e-16,2.95131795037477,0.296,0.024,2.83025590106818e-12,"TGM3"
6.99598613067256e-27,2.94595588052351,0.468,0.062,1.44823908891053e-22,"NUP85"
3.90036232993143e-56,2.9391878568138,0.754,0.152,8.07414005919105e-52,"TOM1L1"
9.87854365298762e-121,2.93747588499817,0.999,0.716,2.04495732160497e-116,"ENO1"
3.99241005832985e-36,2.93105554588295,0.542,0.047,8.26468806174863e-32,"RP11-81H14.2"
4.66323195986744e-19,2.92789971588025,0.323,0.019,9.65335648012158e-15,"RP11-410L14.2"
3.86653023961854e-71,2.92768731796124,0.863,0.218,8.00410424903433e-67,"SCD"
7.81606216646644e-29,2.92193494264222,0.462,0.038,1.61800302908022e-24,"PPAN"
2.97057419105484e-28,2.91420454268641,0.463,0.043,6.14938563290263e-24,"RAB11FIP4"
9.28585744840413e-42,2.9110875401386,0.646,0.118,1.92226535039414e-37,"FASN"
1.74185803415323e-14,2.899587658197,0.26,0.019,3.60582031650061e-10,"XYLT2"
1.20299856685427e-40,2.88662503704443,0.587,0.057,2.49032733324503e-36,"PRR34-AS1"
5.7355654089552e-50,2.86875571944581,0.657,0.052,1.18731939530782e-45,"RAB40B"
3.46924587750191e-77,2.86380193522016,0.903,0.318,7.18168589101671e-73,"HN1"
2.94510873754617e-46,2.85066263505747,0.662,0.085,6.09666959759433e-42,"MINA"
2.65913776091373e-110,2.84279388558748,0.984,0.531,5.50468107886752e-106,"EIF3H"
3.98481743739455e-14,2.83497074722473,0.262,0.024,8.24897057715045e-10,"COG1"
1.30326965348991e-43,2.82888895630873,0.625,0.071,2.69789850968947e-39,"NPM3"
6.28219267051756e-105,2.82122453689626,0.998,0.55,1.30047670472384e-100,"ADH1B"
3.58600675658633e-64,2.82036926504347,0.805,0.185,7.42339258680937e-60,"METTL23"
2.4355368173937e-46,2.82003212237782,0.669,0.095,5.04180476568669e-42,"LINC01420"
3.1303176477045e-93,2.81126025689891,0.945,0.365,6.48007056251309e-89,"C17orf89"
1.29157002207304e-29,2.8064899456926,0.498,0.066,2.67367910269341e-25,"ZNF830"
1.11097438240359e-21,2.80295343039753,0.353,0.019,2.29982806901366e-17,"WLS"
7.85266446840575e-22,2.8022977724938,0.371,0.028,1.62558007160467e-17,"CD3EAP"
7.58182779217798e-49,2.78639198564371,0.713,0.137,1.56951417125876e-44,"EMG1"
3.15365433469579e-17,2.78470356470332,0.314,0.028,6.52837983825376e-13,"DDX55"
4.18743311053872e-58,2.78114884241062,0.752,0.128,8.66840528212621e-54,"ICT1"
1.81765772311197e-14,2.77355482084003,0.252,0.014,3.76273325261409e-10,"MALL"
3.75822480876056e-37,2.77014747095665,0.597,0.09,7.77990117661523e-33,"NOL11"
1.16360047500819e-58,2.76978628455554,0.77,0.128,2.40876934331446e-54,"OXLD1"
2.08330823579306e-14,2.76632847192804,0.281,0.033,4.31265637891522e-10,"LMNB1"
2.0225838667213e-80,2.76249117385089,0.903,0.28,4.18695086249976e-76,"CCT5"
2.81625451770979e-51,2.74894159848496,0.718,0.133,5.82992847711103e-47,"NSMCE2"
2.40415339103693e-45,2.74672956042535,0.667,0.1,4.97683793478554e-41,"SQLE"
4.59176505605328e-27,2.74464941476911,0.449,0.043,9.5054128425359e-23,"AMACR"
6.94546206823795e-24,2.74051008967795,0.411,0.038,1.43778010274594e-19,"METTL2A"
8.56220309911298e-120,2.72512835325123,0.998,0.825,1.77246166354738e-115,"NPM1"
1.62395610606679e-46,2.72371402699146,0.716,0.156,3.36175153516887e-42,"MYC"
1.09092377438481e-20,2.68558531077327,0.363,0.033,2.25832130535399e-16,"TCEB3-AS1"
1.95708607067273e-25,2.68381074616442,0.415,0.028,4.05136387489961e-21,"DHRS11"
8.09004863058926e-25,2.68322793562563,0.43,0.047,1.67472096701828e-20,"KIAA0101"
1.89842261840917e-27,2.68060610469283,0.48,0.062,3.92992466236882e-23,"RNASEH2A"
1.30748513292792e-95,2.67271906127763,0.946,0.408,2.70662497367408e-91,"PUF60"
5.04336068767586e-31,2.66982295506761,0.521,0.066,1.04402609595578e-26,"FTSJ3"
6.20188518384549e-64,2.66517428317238,0.816,0.185,1.28385225190785e-59,"ABRACL"
5.16799497880201e-21,2.66377014856343,0.377,0.038,1.06982664056181e-16,"PYCRL"
5.51917459443071e-17,2.66233814855492,0.343,0.052,1.1425243327931e-12,"EEF2KMT"
2.51893140746869e-50,2.65815580375181,0.705,0.095,5.21443990660094e-46,"MRPL10"
4.53288484095326e-15,2.65526948484966,0.278,0.024,9.38352490925735e-11,"TRMT61A"
1.58202890292107e-88,2.6529739936976,0.945,0.389,3.27495803193691e-84,"RAB5C"
3.23082090355409e-52,2.64333707228984,0.755,0.175,6.68812235244732e-48,"PRPSAP1"
9.01618279003777e-67,2.64213995950786,0.833,0.237,1.86643999936572e-62,"GPS1"
4.51202790426102e-20,2.63307199266341,0.372,0.043,9.34034896461073e-16,"MESP1"
1.17574171203672e-13,2.62694708032588,0.263,0.028,2.43390291808721e-09,"LDLRAD1"
1.33901802201755e-44,2.62179062125898,0.68,0.123,2.77190120737852e-40,"PTDSS1"
1.54121592912599e-34,2.61973131047816,0.562,0.076,3.19047109488372e-30,"RP11-706C16.7"
1.09987287694536e-48,2.61729936162085,0.725,0.152,2.2768468425646e-44,"P4HA1"
1.85166879506696e-30,2.6098257415493,0.492,0.047,3.83313957266811e-26,"RRP9"
7.31524448084559e-14,2.60811656903035,0.268,0.028,1.51432875997985e-09,"SRD5A2"
2.13817571117377e-22,2.60653778802282,0.386,0.033,4.42623753970082e-18,"KLHDC8B"
3.0230417212121e-35,2.605517425872,0.57,0.076,6.25799866708118e-31,"TRMT1"
1.53797872787807e-71,2.6029280349987,0.86,0.299,3.18376976458039e-67,"PSMD3"
1.0326835567157e-21,2.60025542858166,0.406,0.052,2.13775823075717e-17,"METAP1"
4.58923709180935e-62,2.59032283569671,0.83,0.204,9.50017970375454e-58,"IMPDH2"
4.20976749172731e-40,2.58971189896794,0.586,0.057,8.7146396846247e-36,"PLEKHF1"
1.93232506880821e-66,2.5840395400339,0.837,0.175,4.00010612493987e-62,"LY6E"
6.05423455919916e-18,2.58362834184909,0.345,0.043,1.25328709609982e-13,"CKMT2-AS1"
7.06146559076855e-32,2.57370371209809,0.526,0.066,1.461793991945e-27,"BACE2"
1.40092771883945e-47,2.57259995464073,0.723,0.175,2.90006047076955e-43,"GSTA4"
1.9784666328852e-54,2.56492950608701,0.755,0.166,4.09562377673565e-50,"ASPSCR1"
2.06192729333693e-59,2.56188307232787,0.788,0.175,4.26839568993677e-55,"ATP6V1C1"
1.77264507669472e-85,2.56152445328029,0.926,0.346,3.66955257326575e-81,"PSMC5"
4.45147844529176e-31,2.55808437645418,0.497,0.043,9.21500552959848e-27,"RALY-AS1"
5.42086816422725e-39,2.55502432275066,0.64,0.123,1.12217391867668e-34,"RUVBL1"
2.00135180193428e-30,2.55176155413372,0.513,0.066,4.14299836518414e-26,"GLI4"
2.02141790646929e-24,2.54873811678045,0.436,0.052,4.18453720818208e-20,"SLC39A11"
9.05050384405227e-54,2.54359719452516,0.768,0.171,1.87354480075726e-49,"TSKU"
6.37948248547027e-100,2.54030778884853,0.976,0.507,1.3206166693172e-95,"NHP2"
6.81355998717398e-31,2.53538141330541,0.516,0.062,1.41047505294488e-26,"GOSR2"
9.20001114155075e-18,2.53507193229236,0.343,0.043,1.90449430641242e-13,"INTS12"
9.09622764507462e-54,2.53259967749054,0.775,0.213,1.8830100848069e-49,"C8orf33"
2.34017417187587e-14,2.5316884023361,0.268,0.024,4.84439455320024e-10,"TMEM44-AS1"
5.48430976712039e-20,2.52871689876366,0.335,0.019,1.13530696489159e-15,"G6PC3"
1.71600220192872e-38,2.52171777699428,0.62,0.118,3.55229615821265e-34,"NOB1"
4.53959881466397e-16,2.51793042060913,0.308,0.033,9.39742350623588e-12,"MYO19"
3.6207837896051e-16,2.51363704089516,0.315,0.038,7.49538452286152e-12,"INTS8"
2.08608742132302e-113,2.51244909029144,0.997,0.64,4.31840957088078e-109,"PSMB3"
2.94532843193572e-35,2.51089596083121,0.574,0.076,6.09712438695013e-31,"EFTUD2"
4.30906364385679e-22,2.50767691510076,0.36,0.019,8.92019264914794e-18,"B3GNTL1"
6.04927883401609e-85,2.50339443616427,0.943,0.365,1.25226121142967e-80,"KRT10"
1.78811595502709e-19,2.49824897222742,0.333,0.024,3.70157883850158e-15,"HLA-DOB"
2.57460581479757e-24,2.48778527026899,0.437,0.052,5.32969149721244e-20,"GNPDA1"
1.80683082054211e-18,2.48765146632489,0.34,0.033,3.74032048160422e-14,"RP11-1094M14.11"
1.04493756037904e-41,2.48578206221981,0.654,0.104,2.16312524374064e-37,"ATP6V0E2"
7.41007090846994e-15,2.48463397527931,0.309,0.047,1.53395877876236e-10,"MCM5"
1.87642592272715e-17,2.48461942258328,0.359,0.057,3.88438930263747e-13,"CRYM"
3.22402390492672e-22,2.4798495439825,0.402,0.047,6.6740518855888e-18,"HABP4"
1.15361897070337e-12,2.47749724760447,0.256,0.033,2.38810663125304e-08,"CTD-2020K17.4"
5.56729743759156e-113,2.47345463840957,0.995,0.673,1.15248624255583e-108,"ANAPC11"
6.12722256011288e-43,2.47050373189999,0.679,0.152,1.26839634216897e-38,"NOP16"
5.19465893850011e-15,2.4687756598512,0.277,0.024,1.07534634685891e-10,"ZNRF3"
6.75303693632661e-86,2.46377258817214,0.934,0.488,1.39794617618897e-81,"SLC9A3R1"
3.76858107630368e-77,2.46182377741377,0.905,0.308,7.80133968605624e-73,"SNF8"
1.61373063248649e-48,2.44639483850703,0.716,0.133,3.34058378231028e-44,"TMEM199"
1.60736936180558e-87,2.44542731828222,0.936,0.436,3.32741531587372e-83,"MIEN1"
7.92956832840334e-40,2.44397528190727,0.629,0.104,1.64149993966277e-35,"EPB41L2"
9.45276311955184e-80,2.4426975781769,0.919,0.403,1.95681649337843e-75,"CCDC124"
2.04749942182106e-15,2.44199421711584,0.282,0.024,4.23852855311178e-11,"PXN-AS1"
3.66133312884845e-33,2.44110686528311,0.595,0.114,7.57932571002919e-29,"BRIX1"
3.83924300227395e-54,2.4401257346473,0.793,0.218,7.9476169390073e-50,"TIMM8A"
3.95337773443977e-38,2.43920903309699,0.643,0.128,8.18388724806377e-34,"MRTO4"
1.76175980925867e-36,2.43614120640636,0.61,0.118,3.64701898114637e-32,"GPATCH4"
1.12052480291654e-41,2.43459995905661,0.673,0.152,2.31959839451752e-37,"SMYD2"
3.22827886034352e-21,2.4332828872619,0.373,0.033,6.68286006879713e-17,"STEAP2"
8.82192290496419e-37,2.42558945633515,0.626,0.114,1.82622626055664e-32,"FAM104A"
1.06931556363771e-102,2.42439142810995,0.996,0.531,2.21359014828641e-98,"ANXA2"
2.42599515528183e-25,2.41222944881188,0.477,0.076,5.02205257094892e-21,"CHCHD4"
4.51314039672661e-32,2.40929398630746,0.569,0.104,9.34265193526376e-28,"CD163"
4.83869945787284e-21,2.40722754634362,0.399,0.052,1.00165917477426e-16,"RSAD1"
3.50277888477304e-32,2.40463699336233,0.56,0.09,7.25110256936866e-28,"BCAT2"
1.23311133314063e-82,2.40401140547995,0.955,0.474,2.55266377073441e-78,"ADH1A"
3.8058106814601e-25,2.40133141838684,0.448,0.057,7.87840869169054e-21,"EPDR1"
1.17628078302915e-29,2.39942452756112,0.508,0.066,2.43501884894865e-25,"DDX52"
6.27608499814642e-45,2.39562134318293,0.739,0.232,1.29921235546629e-40,"SLC25A10"
2.23338793385418e-53,2.39265773548491,0.789,0.213,4.62333636187153e-49,"SMARCE1"
1.25465683655988e-28,2.38536987214986,0.497,0.066,2.59726511736261e-24,"TBCD"
1.72202695744634e-95,2.38244120324338,0.969,0.517,3.56476800460967e-91,"COA3"
1.03575133023449e-29,2.38195818923241,0.5,0.057,2.14410882871841e-25,"NAT9"
1.60940037377402e-24,2.38194864532607,0.469,0.076,3.33161971374961e-20,"HMBS"
8.09335073302975e-21,2.37983097302422,0.392,0.047,1.67540453524449e-16,"RBM15B"
2.69896731601473e-68,2.37744039111691,0.87,0.284,5.58713224088209e-64,"EIF3D"
1.69954295035915e-46,2.37489383396397,0.712,0.133,3.51822386153847e-42,"TMEM101"
7.38798529233314e-73,2.37411001969097,0.914,0.374,1.52938683536588e-68,"OSGIN1"
4.08277128795498e-19,2.37100990231569,0.38,0.057,8.45174484319561e-15,"RP11-539L10.3"
3.71574316450546e-35,2.37098142897164,0.624,0.128,7.69195992484275e-31,"C20orf27"
1.48748192586734e-53,2.37010348280165,0.748,0.152,3.07923633473798e-49,"TMEM98"
6.27911853173039e-43,2.36848974224745,0.668,0.118,1.29984032725351e-38,"ECE2"
2.20733338448315e-14,2.36404574295993,0.269,0.024,4.56940083921856e-10,"ACACA"
7.41028109862221e-29,2.36325724935587,0.536,0.095,1.53400229022578e-24,"BOLA1"
4.25185374411183e-122,2.36233645330153,1,0.962,8.8017624356859e-118,"GAPDH"
1.82368946866809e-23,2.35731924990456,0.466,0.085,3.77521956908981e-19,"ST3GAL4"
1.4107606607697e-20,2.35679492133497,0.421,0.076,2.92041564385935e-16,"RPP40"
5.72648408755085e-14,2.35462845784729,0.27,0.028,1.1854394709639e-09,"CTD-3138B18.5"
1.31600179530072e-25,2.35143103456913,0.493,0.09,2.72425531645202e-21,"POLR3H"
8.77085275434825e-123,2.34599127138026,1,0.995,1.81565422867763e-118,"RPL19"
3.5235736907268e-20,2.34384081070373,0.406,0.066,7.29414989717355e-16,"CHCHD6"
2.82337931716752e-55,2.34307661745764,0.79,0.223,5.84467752446849e-51,"COPS5"
1.51903561634108e-35,2.34274019379724,0.617,0.118,3.14455562938766e-31,"DTYMK"
8.23564317252251e-13,2.34147434002178,0.266,0.038,1.70486049314388e-08,"PITPNA-AS1"
3.98800005283708e-40,2.33996507003107,0.662,0.147,8.25555890937804e-36,"ATIC"
2.8257827659729e-19,2.33927079121621,0.335,0.024,5.8496529038405e-15,"RCCD1"
1.0793085914869e-18,2.33547873643472,0.362,0.047,2.23427671523703e-14,"UCK2"
4.17098610170629e-42,2.33313643945822,0.718,0.232,8.63435832914218e-38,"TXNRD1"
3.85021355250337e-67,2.32915311592967,0.887,0.322,7.97032707503723e-63,"AIMP1"
8.41960789751959e-36,2.32441156728545,0.602,0.1,1.74294303086553e-31,"ERAL1"
2.81053956029539e-63,2.32202274673495,0.851,0.313,5.81809794376749e-59,"VPS25"
1.30739747239922e-14,2.32039376418914,0.295,0.038,2.70644350761363e-10,"LINC00649"
6.10930859433214e-13,2.31867509479858,0.264,0.033,1.2646879721127e-08,"SYNRG"
1.23800105173334e-49,2.31791503406044,0.768,0.27,2.5627859771932e-45,"ASPH"
4.29426047922175e-66,2.30268924337794,0.873,0.336,8.88954861803695e-62,"LRRC59"
4.64718550034256e-14,2.3019018689979,0.286,0.038,9.62013870425914e-10,"PRIM1"
2.24243904216024e-17,2.30137766253703,0.339,0.043,4.64207306117592e-13,"SYNE4"
1.04325529313172e-43,2.3002997709152,0.72,0.185,2.15964278231196e-39,"RARS"
5.22772369570489e-20,2.2957935752575,0.424,0.085,1.08219108224787e-15,"RFC4"
2.90196937772602e-18,2.29462847377078,0.382,0.066,6.00736680883063e-14,"COG4"
8.63610670741519e-16,2.29266375640611,0.336,0.057,1.78776044950202e-11,"GATB"
3.07943149761067e-21,2.29043534476151,0.428,0.071,6.37473114320384e-17,"MVK"
2.25621083835639e-23,2.28997026569728,0.447,0.071,4.67058205648156e-19,"SLC25A38"
1.19041400395226e-29,2.28941900027939,0.539,0.095,2.46427602958158e-25,"NAGS"
5.24029697003015e-100,2.28797317842725,0.999,0.607,1.08479387576594e-95,"GPX2"
1.02382048575696e-22,2.28315456893151,0.446,0.071,2.11941078756549e-18,"TIPARP-AS1"
3.29941229585978e-26,2.28004768169479,0.48,0.071,6.83011339365933e-22,"MTERF3"
1.44179183459258e-72,2.27814984685832,0.926,0.341,2.9846532767901e-68,"ADIRF"
1.09138325234387e-38,2.27714853555825,0.669,0.156,2.25927247067704e-34,"SCRN2"
4.38726725557208e-49,2.27542150898072,0.759,0.209,9.08208194575976e-45,"SAP30BP"
1.0032100382895e-46,2.27334085633712,0.734,0.185,2.07674510026309e-42,"MLX"
8.23576939943204e-29,2.2698642989512,0.623,0.185,1.70488662337643e-24,"PCNA"
4.04327646633049e-105,2.26218843011593,0.993,0.744,8.36998661295076e-101,"EIF3E"
1.45725332890952e-13,2.26191522633268,0.265,0.028,3.01666011617559e-09,"POLG2"
1.26307509558111e-35,2.24286781659915,0.668,0.18,2.61469175536246e-31,"ARMC1"
3.98472775810246e-14,2.24095426965215,0.315,0.057,8.2487849320479e-10,"SLC13A3"
1.62329221764612e-38,2.23993428030118,0.64,0.104,3.36037721974923e-34,"CBX1"
2.03996988796705e-65,2.23112779842933,0.883,0.408,4.2229416650806e-61,"ALDH3A2"
1.42408028148712e-31,2.23103561881679,0.571,0.104,2.94798859070649e-27,"RP4-665J23.1"
2.76961901334253e-26,2.22888947928541,0.504,0.09,5.73338831952036e-22,"LRRC61"
1.33285452120675e-28,2.22497843835225,0.521,0.081,2.7591421443501e-24,"MED24"
8.21216999532808e-16,2.22411787412804,0.328,0.047,1.70000131073287e-11,"CTD-2015H6.3"
2.27513712613655e-20,2.22389087702647,0.375,0.043,4.70976136481527e-16,"WIPI1"
6.48918019830417e-39,2.22311080423639,0.686,0.199,1.34332519285095e-34,"ST3GAL1"
3.52869558210635e-31,2.22191280408531,0.555,0.095,7.30475272451835e-27,"TMCC1"
2.79920657230284e-83,2.2182739851017,0.983,0.626,5.79463752532411e-79,"TUBB"
6.59525109429274e-58,2.21537273644582,0.81,0.242,1.36528292902954e-53,"NMT1"
6.44949791092875e-44,2.21286135588984,0.747,0.246,1.33511056254136e-39,"EMC2"
3.44143127670157e-13,2.21179821363633,0.257,0.028,7.12410688589993e-09,"TMPRSS3"
3.4885293666623e-18,2.21135980389273,0.301,0.014,7.22160464192762e-14,"TCTEX1D2"
9.75998970275152e-55,2.2074847026053,0.805,0.289,2.02041546836659e-50,"AK4"
4.00649565463209e-20,2.20736106796893,0.391,0.052,8.29384665465389e-16,"DUSP14"
8.96985426371221e-20,2.2069507216134,0.393,0.062,1.85684953113106e-15,"CENPN"
4.75013809974139e-68,2.20127556061651,0.915,0.251,9.83326088027464e-64,"SELM"
2.12937058451826e-33,2.19963520128026,0.585,0.109,4.40801004701126e-29,"ACSS3"
3.32903527091007e-19,2.19932622400243,0.342,0.028,6.89143591431093e-15,"CTC-338M12.5"
2.32450586573497e-14,2.19251963808253,0.304,0.047,4.81195959265796e-10,"ACTA2"
5.57562985800775e-66,2.18935092926268,0.863,0.303,1.15421113690618e-61,"POLDIP2"
6.97888993181024e-82,2.18922587257599,0.949,0.512,1.44470000478404e-77,"TMEM14A"
1.3948567870855e-22,2.18854313337082,0.443,0.071,2.8874930349457e-18,"SUPT6H"
4.02861568489436e-114,2.18795317136564,1,0.915,8.33963732929982e-110,"CES1"
9.98858347458345e-48,2.18164118563737,0.775,0.242,2.06773666507352e-43,"CMSS1"
3.51486451427234e-32,2.18106015796149,0.539,0.071,7.27612103099516e-28,"MIF4GD"
1.8345279243348e-26,2.1700032457116,0.531,0.109,3.79765625616547e-22,"THEM6"
8.34319756147002e-20,2.16799838507316,0.418,0.076,1.72712532719991e-15,"PDRG1"
3.34273407894732e-27,2.16771817385294,0.515,0.095,6.91979381682885e-23,"PKN1"
1.11453372666848e-12,2.16593533885879,0.267,0.038,2.30719626757641e-08,"MKRN2"
2.63673904444502e-38,2.16538033147699,0.701,0.213,5.45831349590564e-34,"IFRD2"
1.56259389179371e-74,2.16275743375161,0.938,0.436,3.23472561540216e-70,"C8orf59"
2.0943556191097e-25,2.15669252122887,0.504,0.095,4.33552556711899e-21,"MTMR4"
3.70509978846267e-43,2.15219859795561,0.732,0.218,7.66992707209658e-39,"RGS14"
3.18180046669913e-39,2.14855834770277,0.682,0.166,6.58664514611386e-35,"ZNHIT3"
1.13989236339058e-118,2.14828935127964,1,0.943,2.35969118145483e-114,"RPL27"
9.59126197065899e-21,2.14767002075406,0.395,0.052,1.98548714054612e-16,"TMEM42"
2.37877806190869e-17,2.14604819724301,0.34,0.043,4.92430846595718e-13,"MAP7D3"
5.08834207885265e-26,2.1456299649043,0.527,0.114,1.05333769374329e-21,"SAC3D1"
6.10010269677863e-46,2.14406908054113,0.757,0.227,1.26278225926014e-41,"GNL3"
1.23558993658187e-14,2.14228501060606,0.31,0.047,2.55779472771814e-10,"METTL1"
1.64794739154176e-23,2.14060659452716,0.455,0.076,3.41141589523059e-19,"SLC41A3"
1.29651248428373e-22,2.13791158503166,0.508,0.123,2.68391049371575e-18,"CSE1L"
1.32069345561615e-117,2.13781136189754,1,0.915,2.73396752247099e-113,"RPL23"
1.89319042238178e-56,2.13624409911423,0.919,0.46,3.91909349337253e-52,"STMN1"
3.68829360022912e-24,2.13622289396564,0.446,0.057,7.63513658183431e-20,"C12orf73"
7.35451595739045e-41,2.13604171370376,0.723,0.232,1.5224583483394e-36,"DDX49"
3.22229029965887e-119,2.1325309731453,1,0.986,6.67046314932384e-115,"RPL7"
3.96416262851736e-28,2.13211053198214,0.539,0.104,8.20621305729379e-24,"RBFA"
5.90592889258462e-52,2.12949826857908,0.792,0.242,1.22258634005394e-47,"DNAJC7"
3.45386709899848e-86,2.12947218857071,0.962,0.569,7.14985028163676e-82,"TCEB1"
6.24501556649368e-12,2.12851186361088,0.264,0.043,1.29278067241986e-07,"OTUD6B"
5.87822324317299e-116,2.1215438196223,1,0.967,1.21685099356924e-111,"RPL23A"
8.18031865650695e-45,2.12006751748745,0.741,0.185,1.6934077650835e-40,"STEAP1"
6.71000933021875e-46,2.11951397166399,0.75,0.204,1.38903903144858e-41,"MRPL3"
4.96609609399761e-23,2.11916389339828,0.447,0.071,1.02803155241844e-18,"PNO1"
7.79278635418266e-72,2.11763284467974,0.913,0.403,1.61318470317935e-67,"MRPL27"
2.37330997611343e-32,2.11755805383515,0.592,0.109,4.91298898155241e-28,"PES1"
8.73674149717198e-14,2.11030429317837,0.258,0.024,1.80859285732957e-09,"NDC1"
1.25901805097235e-25,2.10923722034272,0.499,0.09,2.60629326731787e-21,"ACLY"
2.25745454459061e-15,2.10354020650993,0.326,0.052,4.67315665275703e-11,"KRT23"
1.42163058177162e-22,2.09749285999439,0.426,0.057,2.94291746732543e-18,"B9D1"
3.5715100158791e-19,2.095638166701,0.436,0.1,7.39338288387132e-15,"THUMPD3"
1.8508657765765e-24,2.09548552556016,0.482,0.081,3.83147724409102e-20,"SDAD1"
1.2229739781279e-24,2.09424164046707,0.493,0.09,2.53167843212256e-20,"GEMIN6"
8.01872310546296e-42,2.09271941577605,0.741,0.232,1.65995587006189e-37,"PSMG4"
7.6004777524874e-25,2.0911084887743,0.513,0.104,1.57337489954242e-20,"CCL16"
4.90141884239705e-27,2.08477113252893,0.532,0.1,1.01464271456461e-22,"UBL7"
6.05072910234287e-34,2.0828858294849,0.634,0.152,1.252561431476e-29,"ALKBH2"
3.70568896822179e-18,2.08266868230424,0.4,0.076,7.67114673311593e-14,"ING4"
7.41105147143611e-45,2.08089599183576,0.744,0.232,1.53416176510199e-40,"TRAP1"
4.55450422241825e-33,2.07814707343373,0.623,0.137,9.42827919082803e-29,"TKFC"
5.66653499926864e-40,2.07621070314095,0.733,0.232,1.1730294101986e-35,"ZCCHC9"
1.26066168946936e-18,2.07582989941887,0.381,0.057,2.60969576337052e-14,"RAE1"
1.30012332492656e-125,2.07485981109826,1,0.991,2.69138529493046e-121,"RPL8"
5.4046007852754e-38,2.07470176472496,0.65,0.133,1.11880640855986e-33,"AATF"
8.59892309092618e-33,2.07383416568704,0.568,0.085,1.78006306905263e-28,"DLAT"
9.45989266566277e-19,2.07092506594192,0.385,0.062,1.95829238071885e-14,"NUSAP1"
3.94296478182168e-36,2.06430693096742,0.651,0.142,8.16233139484906e-32,"NT5C"
7.89836053323113e-28,2.06314397421379,0.532,0.1,1.63503961398418e-23,"STARD3"
3.98661013389218e-52,2.05968980094401,0.811,0.289,8.2526816381702e-48,"SLC35B1"
1.48353648540238e-26,2.05897042905432,0.526,0.104,3.07106887843147e-22,"C11orf74"
3.76364172906729e-41,2.0575856791262,0.703,0.175,7.7911147433422e-37,"MVB12A"
7.05903891363893e-17,2.0535811904845,0.376,0.071,1.46129164551239e-12,"ZNHIT2"
8.5435353646578e-26,2.05301021532308,0.531,0.109,1.76859725583781e-21,"MRPS27"
9.34948087827427e-40,2.04856671052004,0.706,0.209,1.93543603661156e-35,"PIR"
2.94678403656515e-86,2.0478805771161,0.972,0.569,6.10013763409351e-82,"TALDO1"
5.46713623180655e-33,2.04473210744107,0.619,0.142,1.13175187134627e-28,"TRAF4"
9.37632749088464e-26,2.04194448959765,0.542,0.128,1.94099355388803e-21,"CIAPIN1"
5.04537233647222e-19,2.03968583589833,0.336,0.028,1.04444252737312e-14,"CBX8"
5.36439425790222e-25,2.0369564651456,0.491,0.085,1.11048325532834e-20,"MRPL38"
3.62860216187743e-12,2.03513954240767,0.261,0.038,7.51156933530247e-08,"FAAP100"
4.41653895037713e-26,2.03473111713634,0.53,0.114,9.1426772811757e-22,"RNFT1"
2.97831322174903e-25,2.03236561599344,0.53,0.118,6.16540620034267e-21,"C15orf61"
1.43409099412079e-16,2.03140189106099,0.332,0.043,2.96871176692945e-12,"TTLL12"
3.23692917475836e-31,2.03121549016138,0.613,0.152,6.70076708466728e-27,"RFXANK"
2.44495871455277e-14,2.02720163340113,0.283,0.033,5.0613090349957e-10,"TBC1D16"
1.63117560002581e-15,2.02666963307769,0.35,0.066,3.37669660961343e-11,"RP5-940J5.9"
1.03509531873545e-41,2.02377183196942,0.76,0.251,2.14275081931425e-37,"TMEM97"
6.12041422930772e-17,2.0230845189259,0.333,0.043,1.26698694960899e-12,"KANSL1-AS1"
2.03591067362329e-46,2.02130600800463,0.793,0.313,4.21453868546758e-42,"PSMD2"
8.12541077040663e-31,2.02065220582129,0.588,0.123,1.68204128358188e-26,"GSTM3"
1.99365115606444e-32,2.01984949759266,0.594,0.118,4.12705725816899e-28,"FN3KRP"
9.33647303100751e-59,2.01946099706803,0.874,0.365,1.93274328214887e-54,"TATDN1"
1.11629514261642e-51,2.01822287677978,0.86,0.403,2.31084257473024e-47,"IGFBP2"
1.57533809474356e-113,2.01794434184014,1,0.957,3.26110738992864e-109,"EIF1"
4.25639934842387e-27,2.01713834813598,0.482,0.062,8.81117229117225e-23,"PRKAA2"
1.44345552751301e-35,2.01474101691954,0.682,0.199,2.98809728750467e-31,"NOP56"
7.53411970481321e-35,2.01430887319682,0.643,0.152,1.55963812009338e-30,"DDX41"
6.56613304397437e-51,2.01154032402206,0.816,0.318,1.35925520143313e-46,"NAA10"
9.41964163798362e-44,2.01148512900823,0.752,0.256,1.94996001547899e-39,"SHARPIN"
3.49851910701652e-17,2.00825297100103,0.33,0.038,7.2422844034349e-13,"MCM3"
2.57315429153125e-60,2.00813646080305,0.875,0.313,5.32668669889884e-56,"AQP9"
1.01822399127565e-71,2.00584468847665,0.949,0.687,2.10782548433972e-67,"MTDH"
1.55052271532003e-40,2.00461954871642,0.746,0.265,3.20973707298399e-36,"IK"
2.7026872819969e-91,1.99629347492934,0.982,0.673,5.59483294246179e-87,"ATP5H"
2.4169186961311e-81,1.99546458698512,0.974,0.654,5.00326339286099e-77,"PPP1R16A"
3.17585529318517e-32,1.994836193176,0.567,0.09,6.57433804242262e-28,"CD320"
4.71247880131461e-76,1.98728002962422,1,0.664,9.75530236660137e-72,"CYP2E1"
1.44266398426053e-31,1.98628699277103,0.575,0.095,2.98645871381773e-27,"SDF2"
4.9048551982729e-16,1.98461791220285,0.337,0.052,1.01535407459447e-11,"SNUPN"
5.38834256863227e-16,1.98451940114884,0.338,0.052,1.11544079513257e-11,"HGH1"
1.65773949779707e-60,1.98110523988483,0.855,0.341,3.43168653438972e-56,"TAF9"
2.01165421192417e-22,1.98048513432183,0.5,0.128,4.16432538410423e-18,"MCM7"
9.96918853939588e-64,1.9798920698853,0.954,0.597,2.06372171954034e-59,"H2AFZ"
1.36737410626571e-85,1.97872133035889,0.964,0.536,2.83060113738065e-81,"PSMD4"
6.00982914890298e-37,1.9768577599713,0.623,0.09,1.24409473211441e-32,"SRP68"
1.82923171783052e-35,1.97353461648687,0.681,0.199,3.78669257908097e-31,"WDR45B"
4.30596115290095e-22,1.97323696759386,0.391,0.038,8.91377018262027e-18,"DCAKD"
1.04612756658737e-17,1.97277893229868,0.352,0.047,2.16558867559252e-13,"AARSD1"
6.02771134906899e-35,1.97204281443926,0.656,0.166,1.24779652637077e-30,"TERF1"
3.62915613985781e-17,1.96863916678554,0.373,0.066,7.51271612511965e-13,"APEX2"
2.62461200452073e-13,1.96842706822931,0.269,0.033,5.43320931055837e-09,"LIG3"
1.80016952313964e-18,1.9677187414388,0.371,0.052,3.72653092985138e-14,"ALG12"
6.20305358691624e-46,1.95956160530361,0.787,0.289,1.28409412302753e-41,"TNIP1"
1.11050649041947e-24,1.95923438448266,0.488,0.09,2.29885948581735e-20,"CDC27"
1.08952948373555e-36,1.95619388048324,0.654,0.142,2.25543498428097e-32,"SIRT7"
1.72980118093562e-48,1.95547364229071,0.808,0.303,3.58086142465482e-44,"COPRS"
2.63225590286303e-20,1.95512708284869,0.44,0.09,5.44903294451675e-16,"LAS1L"
1.20956905746651e-31,1.95502261813428,0.565,0.09,2.50392890586143e-27,"BLOC1S4"
1.27815711803485e-44,1.95438032404225,0.784,0.28,2.64591305004394e-40,"OTUD6B-AS1"
5.76621041247512e-35,1.95423044823586,0.692,0.232,1.19366321748648e-30,"STX10"
6.20508146182377e-29,1.95297262299951,0.564,0.109,1.28451391341214e-24,"C6orf1"
8.45014836952592e-35,1.95007093295783,0.683,0.19,1.74926521397556e-30,"IFT20"
2.68473280410059e-25,1.94901830792829,0.513,0.1,5.55766537776862e-21,"CHDH"
3.14414610958863e-96,1.94854042257591,0.984,0.777,6.50869686145943e-92,"NDUFB9"
7.22425630194284e-18,1.93956733231604,0.34,0.038,1.49549329706519e-13,"PPARG"
1.01998533295679e-11,1.93639415208713,0.26,0.043,2.11147163775385e-07,"KNSTRN"
7.86853583282274e-30,1.93616116814104,0.636,0.194,1.62886560275264e-25,"TMEM161A"
6.63932755540027e-18,1.93556028302018,0.344,0.038,1.37440719724341e-13,"RP11-545E17.3"
7.87495950105442e-16,1.93498265660825,0.348,0.062,1.63019536631328e-11,"ENPP7"
1.41142846583265e-38,1.93415606886543,0.696,0.185,2.92179806712017e-34,"GCAT"
2.65396931592183e-50,1.93399431740395,0.829,0.379,5.49398188088977e-46,"BABAM1"
1.07528596627291e-47,1.93037531674874,0.799,0.299,2.22594947878155e-43,"FAM50A"
6.90439347335729e-31,1.92968606151289,0.518,0.062,1.42927849291969e-26,"COA7"
4.91458829922904e-19,1.92952000951621,0.417,0.081,1.0173689238234e-14,"SUSD3"
1.3127251261838e-75,1.92915249140198,0.964,0.531,2.71747228371308e-71,"TUBA1B"
1.40816540227705e-90,1.92576713953195,0.975,0.649,2.91504319925372e-86,"CYC1"
3.48048178094304e-15,1.92495313883608,0.272,0.019,7.20494533473018e-11,"NNT-AS1"
1.56755510092388e-45,1.92377324781186,0.803,0.346,3.24499581442253e-41,"POLR2G"
1.53735422288511e-27,1.92350447372328,0.566,0.133,3.18247697679446e-23,"SCPEP1"
1.36195912848563e-33,1.92319174314865,0.646,0.166,2.81939159187811e-29,"DCTPP1"
1.98225637281863e-119,1.91365976774686,1,0.976,4.10346891737185e-115,"RPL38"
2.74335245283052e-27,1.91348399406791,0.591,0.166,5.67901391260446e-23,"GIPC1"
3.96967950992596e-76,1.91064729846695,0.968,0.607,8.21763355349773e-72,"RAN"
1.16544363471194e-16,1.90903535078794,0.346,0.052,2.41258486821718e-12,"HS1BP3"
3.3914031633537e-19,1.90873229759389,0.393,0.062,7.0205436884585e-15,"FADS1"
4.52829352721985e-20,1.90785960011656,0.461,0.109,9.37402043069781e-16,"GYG1"
1.88074831730448e-24,1.9064355000534,0.459,0.066,3.893337091652e-20,"TMEM161B-AS1"
2.10973999115181e-15,1.9063164411828,0.308,0.038,4.36737275568336e-11,"TAF6"
1.32638126832847e-69,1.90234082499595,0.939,0.493,2.74574186356677e-65,"ADH5"
7.39326788899809e-23,1.90218015363957,0.451,0.071,1.53048038570149e-18,"PNPO"
5.00643962466459e-24,1.89766265336643,0.51,0.109,1.03638306670182e-19,"CECR5"
4.56410683740935e-31,1.89678649138798,0.619,0.161,9.44815756412111e-27,"DCAF4L2"
3.83903449506856e-14,1.89507606284592,0.282,0.033,7.94718530824142e-10,"ADAL"
1.28103481179264e-30,1.89355496619266,0.667,0.223,2.65187016389194e-26,"TAF12"
8.83328302283836e-22,1.89203327338296,0.46,0.085,1.82857791855777e-17,"EIF2B1"
3.89726059184341e-21,1.88984434279077,0.35,0.019,8.06771915117505e-17,"MAGEH1"
6.49572594805993e-12,1.8825706268534,0.263,0.043,1.34468022850789e-07,"TMEM150C"
1.98941552262689e-43,1.88088558747666,0.734,0.19,4.11828907338992e-39,"COMMD4"
7.96055524995787e-36,1.87936003546858,0.697,0.209,1.64791454229378e-31,"LSM10"
1.84651205360639e-20,1.87693424366385,0.459,0.095,3.82246460217059e-16,"UBIAD1"
5.09382258985719e-16,1.87383741812058,0.365,0.071,1.05447221432634e-11,"TSSC1"
1.35671941905037e-60,1.87333268504369,0.874,0.27,2.80854486937618e-56,"GDF15"
2.3980852256533e-69,1.87324117916922,0.954,0.573,4.9642762256249e-65,"LSM4"
3.24361701228815e-48,1.87313508673108,0.814,0.313,6.71461157713769e-44,"POLR2H"
2.08448549655133e-52,1.87308918784029,0.855,0.374,4.31509342641092e-48,"CCT8"
2.09139400902624e-28,1.87305828513217,0.558,0.118,4.32939473808522e-24,"AMZ2"
1.8125212181501e-19,1.87150551634602,0.406,0.066,3.75210017369252e-15,"PAOX"
1.72110792203538e-30,1.86965282866492,0.615,0.152,3.56286550940544e-26,"EXOSC5"
2.34248357093019e-68,1.86921936112708,0.936,0.526,4.84917524018258e-64,"SNRPB"
1.1860943898925e-21,1.86864112377877,0.489,0.114,2.45533399651646e-17,"LIPC"
1.74868628877075e-51,1.866002051844,0.826,0.318,3.61995548638432e-47,"PSMD11"
6.38877417930441e-28,1.86598521469398,0.584,0.147,1.32254014285781e-23,"ACSM1"
9.98368225323249e-17,1.86466106594852,0.367,0.066,2.06672206324166e-12,"WDR12"
3.9023385495913e-20,1.86414705171269,0.423,0.076,8.07823103150894e-16,"ASAP1"
1.62645528363415e-38,1.86331893265551,0.72,0.232,3.36692508265105e-34,"CYHR1"
2.38874471200246e-35,1.86267124597623,0.713,0.223,4.94494042831629e-31,"DDX39A"
4.08068478299518e-17,1.86024195034373,0.354,0.052,8.44742556927831e-13,"C7orf49"
3.53573426316828e-21,1.85972827321193,0.4,0.052,7.31932349818466e-17,"GHDC"
1.64431144404387e-55,1.85444783694637,0.883,0.403,3.40388912031521e-51,"SLC25A33"
1.8123893183866e-31,1.85345505759621,0.657,0.218,3.7518271279921e-27,"NOC2L"
7.84171972584081e-36,1.85312432213331,0.741,0.336,1.62331440044631e-31,"PLOD1"
5.00190588186666e-13,1.85301720589973,0.266,0.033,1.03544453660522e-08,"FEN1"
2.31648501770011e-33,1.85064037794113,0.635,0.142,4.795355635141e-29,"TAF15"
9.29564498042881e-35,1.850331852628,0.703,0.213,1.92429146739857e-30,"TIMMDC1"
4.82129740561513e-42,1.84739589385589,0.777,0.265,9.98056775936389e-38,"KXD1"
1.38776847756829e-41,1.84723696666762,0.769,0.261,2.87281952541411e-37,"PSMD12"
4.10968017071221e-13,1.84619271449135,0.291,0.047,8.50744892139134e-09,"TYSND1"
1.09145701691643e-23,1.84421218928729,0.486,0.09,2.25942517071869e-19,"KAT2A"
1.66612744054042e-24,1.83927776558365,0.502,0.095,3.44905041466273e-20,"TMUB2"
7.71395123766853e-12,1.83912165763392,0.255,0.038,1.59686504570976e-07,"ANO10"
7.18289638835096e-34,1.83836320724656,0.676,0.204,1.48693138135253e-29,"RTCB"
1.6281601274333e-30,1.83714026072166,0.611,0.142,3.37045427979968e-26,"NME2"
9.78665663234191e-27,1.83617525596824,0.587,0.156,2.0259357894611e-22,"RMDN1"
3.11182878853347e-26,1.83578664292943,0.524,0.1,6.44179677514314e-22,"ME1"
4.30879597816521e-15,1.83405680803198,0.374,0.09,8.91963855439981e-11,"RP11-238F2.1"
1.16847126038961e-13,1.83367520062941,0.276,0.033,2.41885235613254e-09,"PDCD2L"
2.37993880833973e-48,1.8310756295744,0.821,0.28,4.92671132714407e-44,"PLA2G16"
6.10404427137795e-21,1.83077199157212,0.476,0.109,1.26359820461795e-16,"AKAP1"
4.66298437871228e-34,1.82971034775907,0.66,0.166,9.65284396237229e-30,"VAT1"
4.75194714955546e-41,1.82791388966251,0.756,0.227,9.83700579429477e-37,"ZFAND1"
9.51185452534367e-100,1.82746089418696,0.995,0.773,1.96904900529139e-95,"PSMA7"
1.67213306921263e-74,1.82708109537323,0.95,0.559,3.46148266657706e-70,"CISD3"
5.04911452099373e-54,1.82430579952604,0.884,0.455,1.04521719699091e-49,"PA2G4"
3.50357875773714e-66,1.82419800083958,0.934,0.493,7.25275838639166e-62,"CCT3"
2.37077456229314e-17,1.82345829803699,0.392,0.076,4.90774042140302e-13,"PDK1"
2.64065487810836e-21,1.82131198319587,0.426,0.066,5.46641966317211e-17,"DIMT1"
2.1157263417414e-17,1.81807510497131,0.363,0.057,4.37976510003888e-13,"ARSB"
5.61973630067104e-42,1.81435656665762,0.756,0.232,1.16334161160191e-37,"ITPA"
8.92302402035544e-20,1.81287997233339,0.469,0.114,1.84715520245378e-15,"FARSB"
7.60812880335236e-26,1.81244943666218,0.505,0.09,1.57495874358197e-21,"RFFL"
2.17913708301452e-33,1.81124261052357,0.711,0.265,4.51103167554837e-29,"TUBB2A"
3.76030162751271e-28,1.81102339924986,0.589,0.133,7.78420039911405e-24,"AIMP2"
1.03128472970147e-31,1.81071285948722,0.662,0.213,2.13486251895501e-27,"COMMD5"
1.51183550555209e-11,1.81026648175986,0.274,0.052,3.12965068004339e-07,"FAM169A"
1.58412289186556e-13,1.81005404818855,0.323,0.066,3.2792927984509e-09,"NACC1"
3.72883884357806e-120,1.80755816773188,1,0.995,7.71906929009094e-116,"RPL30"
1.77545716558601e-29,1.80706222095655,0.607,0.147,3.6753738784796e-25,"CDC123"
6.6071496023418e-45,1.80368407494599,0.843,0.389,1.36774603918078e-40,"GCLM"
1.55187187774444e-17,1.8024406967973,0.359,0.052,3.21252997411876e-13,"LRRC45"
5.86852824349524e-15,1.80059685874559,0.325,0.052,1.21484403168595e-10,"TMEM177"
3.33670715193699e-57,1.79987724181658,0.88,0.483,6.90731747522476e-53,"GSDMD"
2.04912310463624e-18,1.79451869847927,0.379,0.062,4.24188973890747e-14,"LCMT1"
3.98828558931955e-31,1.79356391004614,0.639,0.152,8.25614999845039e-27,"PSME3"
3.48542813585196e-32,1.79176111718204,0.668,0.194,7.21518478402713e-28,"MTFR1"
9.45981136615262e-20,1.78796015364204,0.473,0.118,1.95827555090725e-15,"TRIM55"
3.01268393219386e-48,1.78741839953572,0.814,0.299,6.23655700803451e-44,"TMEM106C"
6.96383288385823e-65,1.78598394918153,0.952,0.616,1.44158304528749e-60,"SPON2"
2.49277599990271e-18,1.78563638008598,0.415,0.081,5.16029559739861e-14,"GTPBP3"
2.02150692726121e-17,1.7843290798829,0.408,0.09,4.18472149012343e-13,"TMEM52"
1.31607029830557e-44,1.78146879742499,0.787,0.242,2.72439712452236e-40,"SMIM4"
1.88816237659333e-19,1.78004260879076,0.463,0.114,3.90868493578585e-15,"CDC42EP4"
2.78365117166346e-34,1.77711484941095,0.682,0.213,5.76243629046053e-30,"SMIM20"
6.14859760743525e-24,1.7755829495733,0.522,0.123,1.27282119071517e-19,"YARS"
1.47211597302076e-20,1.77381047086614,0.462,0.1,3.04742727575028e-16,"KIAA1429"
1.14564936814228e-39,1.77346422016464,0.752,0.251,2.37160875699134e-35,"ADH6"
1.0330403961039e-16,1.7730210276637,0.334,0.043,2.13849692397468e-12,"HEXDC"
8.82872516418697e-21,1.77262120120011,0.428,0.071,1.82763439623834e-16,"AKIP1"
4.8834737278853e-24,1.77058793902095,0.553,0.147,1.01092789640954e-19,"SPOP"
8.80120912145945e-36,1.76903385305885,0.731,0.261,1.82193830023332e-31,"MRPS18C"
1.93729902768047e-33,1.76426874192161,0.644,0.171,4.01040271720133e-29,"ADSL"
2.39357315711376e-24,1.7639360437278,0.531,0.118,4.95493579254119e-20,"ZSCAN31"
1.72215341194248e-57,1.76221493838095,0.902,0.441,3.56502977806212e-53,"MRPL13"
2.77255069916983e-23,1.76079357006129,0.393,0.033,5.73945720235148e-19,"TYMS"
1.9766813201514e-17,1.75993162071965,0.364,0.057,4.0919280008454e-13,"SLC39A6"
3.40970730429416e-41,1.75900805049189,0.789,0.37,7.05843509061935e-37,"BHMT2"
3.15169631917895e-39,1.75731614613267,0.785,0.284,6.52432655033234e-35,"NDUFAF2"
2.72199565119454e-15,1.75555850188805,0.317,0.043,5.63480319753783e-11,"CCBL1"
1.86196502794693e-53,1.75215759948929,0.844,0.37,3.85445380435294e-49,"EMC3"
1.54295001338774e-37,1.75207525639007,0.721,0.223,3.19406082271396e-33,"SLC25A18"
1.24582379188526e-71,1.75126926798291,0.956,0.592,2.57897983158167e-67,"NOP10"
2.02609629009637e-33,1.75030610173685,0.599,0.109,4.19422193012849e-29,"C5orf45"
6.02897459786678e-15,1.7472723266008,0.334,0.057,1.2480580315044e-10,"LSS"
2.79624291172794e-38,1.746927775724,0.71,0.213,5.78850245156802e-34,"HEXA"
5.44552793118594e-17,1.74624988034538,0.361,0.057,1.1272787370348e-12,"SLC46A1"
2.89256122416371e-30,1.74614338627269,0.621,0.166,5.9878909901413e-26,"SRM"
7.46187658934925e-23,1.74604914904018,0.49,0.095,1.54468307276119e-18,"RRP1"
1.43177248908399e-25,1.74495546885213,0.54,0.123,2.96391222965277e-21,"SLC52A2"
1.01615162067641e-20,1.74477328151443,0.485,0.118,2.10353546996223e-16,"UGT1A1"
3.91341857738205e-28,1.74159152861433,0.589,0.142,8.10116779703857e-24,"MRPL46"
7.44693595604466e-34,1.74043338250691,0.68,0.223,1.54159021226081e-29,"KPNB1"
2.34834590826812e-111,1.73956069334527,1,0.938,4.86131086470583e-107,"COX6C"
4.75372159339146e-48,1.73926537916156,0.854,0.398,9.84067907047965e-44,"PSMA5"
4.22908768313171e-24,1.73881383348712,0.44,0.052,8.75463441285096e-20,"ENDOV"
1.87197964666407e-22,1.73869956814566,0.461,0.085,3.8751850665593e-18,"ATAD3A"
3.25196178253372e-45,1.73826199455617,0.833,0.355,6.73188608602306e-41,"CMBL"
2.26084603294645e-20,1.73715780291574,0.485,0.123,4.68017737280244e-16,"SUZ12"
1.13464690833354e-90,1.73584254653855,0.988,0.754,2.34883256494126e-86,"ENY2"
4.04093330111097e-13,1.73448796057002,0.319,0.066,8.36513602662982e-09,"TFB1M"
6.75476677521993e-15,1.73420484707717,0.372,0.085,1.39830427013828e-10,"ELP6"
6.14895518323317e-12,1.7324041232682,0.256,0.038,1.2728952124811e-07,"DDX28"
1.05190974820787e-21,1.73215625321782,0.46,0.085,2.17755836976511e-17,"PPIL1"
1.40609571909641e-19,1.72235081292125,0.491,0.142,2.91075874810149e-15,"OTULIN"
3.00137496899065e-21,1.72227822789627,0.512,0.133,6.21314632330754e-17,"PAK1IP1"
6.27770059460292e-30,1.72112411665338,0.632,0.161,1.29954680008875e-25,"EEF1E1"
3.04440412922546e-35,1.72053488530643,0.739,0.265,6.30222098790963e-31,"DUT"
6.96003045139293e-28,1.71980420652036,0.591,0.142,1.44079590374285e-23,"ALDOC"
5.32597368535206e-16,1.719435828947,0.389,0.085,1.10252981260473e-11,"TRIB3"
1.13159274971405e-27,1.71806722085665,0.597,0.161,2.34251015118306e-23,"OGFOD3"
4.50605869453015e-50,1.71764520473767,0.842,0.351,9.32799210354687e-46,"BID"
2.88655446225254e-52,1.71691122542898,0.891,0.498,5.97545639230899e-48,"TMEM14B"
6.42286026161815e-50,1.71458703667825,0.871,0.431,1.32959630275757e-45,"MIR4458HG"
3.2678991024751e-24,1.71423679380597,0.502,0.095,6.7648779320337e-20,"PRR7"
2.23200476433173e-87,1.71326859733314,0.99,0.73,4.62047306264311e-83,"SPCS1"
3.01474513041858e-13,1.71251667284272,0.3,0.052,6.24082389447949e-09,"AFP"
1.43760653213887e-28,1.70860650419912,0.629,0.19,2.97598928218068e-24,"MRPS11"
3.32997932602498e-31,1.70825737525831,0.667,0.209,6.89339020280432e-27,"DRG1"
6.34365263273262e-38,1.70635297300643,0.774,0.308,1.31319953150198e-33,"ATG12"
2.45044930289034e-28,1.70277331394996,0.587,0.137,5.07267510191328e-24,"RCN2"
6.31440452586424e-24,1.69721362578117,0.535,0.128,1.30714488089916e-19,"RP11-140K17.3"
6.5110326193351e-13,1.69698114622152,0.273,0.038,1.34784886252856e-08,"OBFC1"
3.64257713222713e-19,1.69564892545598,0.422,0.081,7.54049892142339e-15,"CCDC43"
2.20405843628945e-39,1.6946504887837,0.762,0.256,4.56262136896279e-35,"TBCB"
2.64151556748303e-12,1.69399578681971,0.255,0.033,5.46820137624663e-08,"FAM43A"
1.25621698160054e-18,1.69359509928352,0.437,0.095,2.60049477361128e-14,"STK3"
6.5807089267725e-26,1.69349651765619,0.62,0.185,1.36227255493118e-21,"MRPS2"
9.50787988287531e-13,1.692567083799,0.263,0.033,1.96822621455402e-08,"EXOSC9"
2.13492626401407e-16,1.69217064221839,0.41,0.1,4.41951085913553e-12,"GPKOW"
2.74682403511766e-71,1.69177823024525,0.96,0.607,5.68620043509708e-67,"SNHG8"
4.93100567798641e-38,1.69177532749442,0.782,0.346,1.02076748539997e-33,"CCDC47"
1.51907513269151e-81,1.69139713237147,0.983,0.678,3.14463743218469e-77,"VDAC1"
8.64014354235782e-27,1.69108644908448,0.567,0.128,1.78859611470349e-22,"HARS"
1.62642970848247e-15,1.688411103147,0.357,0.066,3.36687213952956e-11,"NEU4"
3.60321271931274e-20,1.68681915195682,0.372,0.038,7.45901065024931e-16,"CCDC88B"
2.21876481033458e-15,1.68531540123695,0.413,0.114,4.59306503387362e-11,"PNPLA4"
1.72550017106042e-26,1.68377100450498,0.585,0.166,3.57195790411218e-22,"ACSF2"
4.68421477334995e-27,1.67975961118057,0.551,0.114,9.69679300231172e-23,"C4orf27"
1.40700611817238e-19,1.67897488740272,0.424,0.081,2.91264336522865e-15,"PEX10"
6.76299663621718e-32,1.67803808303435,0.668,0.209,1.40000793366332e-27,"ZPR1"
1.38591133567015e-10,1.6778118497269,0.258,0.052,2.86897505597078e-06,"NSMCE3"
2.29789869696328e-15,1.67424638889081,0.372,0.081,4.75688009258369e-11,"THG1L"
1.67685402202251e-37,1.67374841055236,0.784,0.336,3.47125551098881e-33,"ALAS1"
5.52725136028314e-17,1.67306826919032,0.355,0.052,1.14419630409221e-12,"PAAF1"
6.11234520584487e-20,1.67147609315896,0.511,0.142,1.26531658106195e-15,"DHFR"
3.21615918600266e-27,1.66746038756298,0.551,0.109,6.65777113094412e-23,"NABP2"
3.497774061884e-49,1.66659243123934,0.861,0.403,7.24074208550606e-45,"MRPL36"
4.94124942170887e-29,1.66622488961288,0.666,0.218,1.02288804278795e-24,"PDZD11"
3.09363848428743e-65,1.66437244428452,0.963,0.502,6.40414102632341e-61,"FAM162A"
5.49778982314124e-41,1.6636811172545,0.797,0.346,1.13809747128847e-36,"CCT2"
1.06165352903798e-42,1.66270844520618,0.793,0.289,2.19772897046153e-38,"HMGA1"
6.1369033935137e-36,1.66152043332356,0.732,0.256,1.27040037149127e-31,"WBP2"
5.94960216801809e-20,1.66092437572285,0.444,0.085,1.23162714480142e-15,"FAM83H"
5.33327997973339e-22,1.65976831312012,0.509,0.118,1.10404228860461e-17,"LLNLR-245B6.1"
5.11791892314894e-21,1.65905955151592,0.465,0.095,1.05946039628106e-16,"ZDHHC4"
3.54295626091453e-21,1.65892770311385,0.448,0.085,7.33427375571917e-17,"RHOT1"
2.45124030711319e-60,1.65781360342659,0.935,0.536,5.07431255975502e-56,"GALK1"
3.12155562929337e-18,1.65712370790166,0.435,0.095,6.46193230820021e-14,"AAED1"
6.53114499433343e-17,1.65545872201266,0.379,0.071,1.35201232527696e-12,"MFAP1"
9.74815123011764e-31,1.65536739045565,0.652,0.175,2.01796478614665e-26,"POP5"
6.90121625358866e-15,1.65435142244015,0.384,0.095,1.42862077665539e-10,"NUDT1"
5.84596476406753e-16,1.65177997575812,0.355,0.062,1.21017316580962e-11,"THAP3"
2.21616833165421e-13,1.65097717861095,0.318,0.062,4.58769006335737e-09,"UTP15"
1.13896803091284e-92,1.65062527563424,0.997,0.863,2.35777772079268e-88,"RPSA"
3.38214875405744e-16,1.65006946431226,0.368,0.071,7.0013861357743e-12,"WDR41"
6.73676318890828e-16,1.64919783950536,0.283,0.019,1.3945773477359e-11,"PCSK1N"
4.94648084811392e-21,1.64905970475187,0.528,0.156,1.02397100036806e-16,"ROBO1"
4.64993060776012e-10,1.64813758965105,0.251,0.052,9.62582135112423e-06,"DYRK4"
1.38680761275266e-27,1.64634685013242,0.654,0.218,2.87083043915928e-23,"IDH3G"
1.4476602591081e-57,1.64579476193241,0.904,0.512,2.99680150237968e-53,"UQCRC1"
3.21795778215786e-90,1.64499054489497,0.997,0.801,6.66149440484498e-86,"BTF3"
3.82204913817131e-26,1.6438955514605,0.589,0.175,7.91202392092843e-22,"NCBP2-AS2"
1.48669589421027e-14,1.64170894170763,0.311,0.047,3.07760917060468e-10,"FN3K"
5.84664701554341e-15,1.6399328158001,0.33,0.052,1.21031439868764e-10,"RP11-49I11.1"
1.58963990000615e-22,1.63916468339874,0.629,0.256,3.29071355700274e-18,"GPAM"
7.95710353218719e-88,1.63674012752626,0.988,0.796,1.64720000219807e-83,"C19orf53"
2.1791043910717e-70,1.63506256307603,1,0.825,4.51096399995752e-66,"HULC"
7.82331296554619e-78,1.6346074103981,0.974,0.649,1.61950401699772e-73,"VPS28"
3.47203869715136e-45,1.63457242470165,0.826,0.341,7.18746730697303e-41,"PIPOX"
3.26671395280274e-16,1.63402816783494,0.319,0.038,6.76242455369696e-12,"FAM3B"
2.32722962888534e-24,1.63316118293061,0.623,0.213,4.81759805475553e-20,"CPSF3L"
2.45964312974074e-76,1.63180351668591,1,0.915,5.09170724287631e-72,"AHSG"
5.87718348331948e-70,1.63144517362395,0.969,0.645,1.21663575288197e-65,"SDC2"
1.77378508208854e-40,1.63070648605938,0.807,0.346,3.67191249843149e-36,"ZCRB1"
1.33020354324492e-51,1.63056103145866,0.885,0.403,2.75365435487131e-47,"HLA-DMA"
3.16342945697355e-43,1.63037363698405,0.827,0.374,6.54861531888095e-39,"CCT6A"
4.09505692693299e-19,1.62973756436789,0.437,0.09,8.47717734444398e-15,"TRMT6"
6.29197499075014e-22,1.62914559901019,0.573,0.185,1.30250174283519e-17,"WDR61"
4.19470635447675e-24,1.62910584282921,0.526,0.114,8.68346162440231e-20,"GOSR1"
2.18314544435274e-31,1.62641946536427,0.756,0.332,4.5193293843546e-27,"ACAT2"
1.84333483157097e-21,1.62565972436338,0.484,0.1,3.81588743483506e-17,"REXO4"
2.01424852600148e-109,1.62513702112894,1,0.929,4.16969587367567e-105,"EEF1D"
3.84662205459688e-24,1.62502984832089,0.544,0.133,7.962892315221e-20,"AMT"
2.85742031033458e-26,1.62312115674762,0.571,0.142,5.91514578442362e-22,"ARL16"
6.68142191541671e-15,1.62086724712762,0.351,0.071,1.38312115071041e-10,"JMJD4"
1.06673869686239e-09,1.61949932679212,0.279,0.076,2.20825577637484e-05,"CAPN12"
1.64742449061363e-21,1.61845804338011,0.533,0.156,3.41033343801928e-17,"PLA1A"
6.43443098149007e-13,1.61785761363357,0.317,0.066,1.33199155747826e-08,"ABCF2"
2.17192817375857e-15,1.61663019032096,0.394,0.1,4.49610851249761e-11,"PKLR"
1.03956120282127e-14,1.6150537636937,0.289,0.033,2.1519956459603e-10,"SPATA20"
2.75426319980803e-46,1.6147655859279,0.884,0.445,5.7016002499226e-42,"CDO1"
7.99859032312116e-14,1.61208250257605,0.294,0.043,1.65578818278931e-09,"FOLR2"
3.20171790714867e-51,1.60867203467436,0.901,0.427,6.62787623958847e-47,"SLC25A39"
1.52895511669783e-50,1.60788992654254,0.889,0.46,3.16508998707617e-46,"PGLS"
1.57854086176063e-30,1.60727046573846,0.725,0.303,3.26773743793068e-26,"KARS"
1.67713002332301e-13,1.60627866472939,0.297,0.047,3.47182686128097e-09,"NOP2"
2.5414625598318e-22,1.60424305386291,0.546,0.156,5.2610816451078e-18,"RBMX2"
7.7636438770901e-11,1.60164774347808,0.255,0.047,1.60715191899642e-06,"AGAP3"
1.5037492468026e-31,1.60072160964395,0.718,0.275,3.11291131580605e-27,"RBM42"
2.10103221397632e-14,1.59993411751912,0.325,0.057,4.34934678615238e-10,"WDR5"
1.51140908563822e-35,1.59705845753709,0.735,0.284,3.12876794817968e-31,"PCYT2"
2.27216761168274e-23,1.59700313521362,0.624,0.218,4.70361417294444e-19,"HIST1H2AC"
2.55308149902018e-29,1.5968807927005,0.65,0.199,5.28513401112167e-25,"IGBP1"
5.33530498183018e-22,1.5961776763338,0.464,0.09,1.10446148428867e-17,"THOC3"
2.7671062900669e-25,1.59395282514707,0.551,0.133,5.72818673106748e-21,"CNP"
1.27520483870233e-25,1.59378238264351,0.62,0.194,2.63980153659769e-21,"PCTP"
2.18567491744565e-13,1.59339384447504,0.256,0.024,4.52456564660425e-09,"ZNF579"
1.00534644161094e-16,1.59213476842806,0.397,0.085,2.08116766877881e-12,"ZNF503"
7.12686441039186e-25,1.59160313904479,0.589,0.166,1.47533220159522e-20,"ECHDC1"
6.25738030112338e-22,1.59122375867334,0.549,0.156,1.29534029613555e-17,"DKC1"
4.91718161067049e-14,1.59081812634409,0.326,0.062,1.0179057652249e-09,"C3orf17"
3.54595443930165e-35,1.59035560658095,0.783,0.351,7.34048028479835e-31,"CYP4F11"
1.32043588135367e-25,1.59010125225616,0.526,0.104,2.73343431799023e-21,"UTP6"
1.71274529963696e-21,1.58876980064118,0.493,0.118,3.54555404477847e-17,"KNOP1"
2.73768188571943e-13,1.58715724031329,0.308,0.057,5.66727527162779e-09,"RIOK1"
6.82070162845855e-53,1.58703836586779,0.915,0.474,1.4119534441072e-48,"SUPT4H1"
2.50891609196398e-35,1.58671504380871,0.758,0.28,5.19370720197464e-31,"MAD2L2"
3.59283959744374e-12,1.58610710310388,0.306,0.066,7.43753725066829e-08,"CDK5RAP1"
1.7642897986393e-47,1.58437777814722,0.865,0.427,3.65225631216321e-43,"MRPL24"
1.94809166113825e-20,1.58160707429567,0.523,0.147,4.0327445477223e-16,"TMEM11"
6.3049214639857e-17,1.58052121311837,0.328,0.038,1.30518179225968e-12,"GSDMB"
7.30045050163023e-25,1.58042728224252,0.558,0.133,1.51126625834247e-20,"ARMC6"
2.55102886990068e-27,1.58005564891573,0.513,0.076,5.28088486358139e-23,"LGALS9"
7.90481354946723e-16,1.57878217909657,0.435,0.118,1.63637545287521e-11,"LTV1"
1.64087166362034e-12,1.57871625012774,0.251,0.028,3.39676843086046e-08,"PPOX"
1.28587520895125e-29,1.57796425656291,0.642,0.175,2.66189027004998e-25,"GSS"
3.93471617068953e-36,1.57751847495425,0.758,0.299,8.14525594494439e-32,"LAPTM4B"
2.28758380027339e-30,1.57301094409313,0.722,0.28,4.73552722494595e-26,"U2SURP"
1.76292710256318e-18,1.5708737857315,0.462,0.118,3.64943539501604e-14,"HDDC3"
4.2541221152019e-39,1.57027016065996,0.794,0.341,8.80645819067945e-35,"LAGE3"
2.76321571824018e-20,1.56913881279469,0.585,0.223,5.72013285832899e-16,"ITGB1BP1"
9.88425515659521e-36,1.56820006346817,0.78,0.322,2.04613965996677e-31,"MRPL21"
3.21037162118274e-117,1.56785570460625,1,1,6.64579029301039e-113,"RPS14"
3.06433297232584e-44,1.56644240389941,0.857,0.412,6.34347568601172e-40,"CCDC167"
4.73055676271034e-15,1.56371212013868,0.341,0.062,9.79272555448668e-11,"MAPKAPK5-AS1"
1.13552863929539e-26,1.56365281901662,0.635,0.218,2.35065783620539e-22,"PEF1"
9.93535369926578e-43,1.56067827724512,0.869,0.403,2.05671756928501e-38,"SNRPD1"
2.76887926887584e-13,1.56046707975009,0.288,0.043,5.73185697449988e-09,"TRIM37"
1.08153741432217e-37,1.55989958843729,0.801,0.36,2.23889060138833e-33,"USE1"
3.00622037812584e-26,1.5578305162451,0.622,0.18,6.2231768047583e-22,"COMMD9"
9.58044913602915e-47,1.55736554513409,0.84,0.379,1.98324877564939e-42,"CCT7"
1.68623874779135e-33,1.55639122307404,0.709,0.265,3.49068283180287e-29,"YIF1B"
1.07073162315921e-30,1.55573139955853,0.727,0.303,2.21652153310189e-26,"EBNA1BP2"
2.62043657728763e-15,1.55391185198701,0.346,0.062,5.42456575864312e-11,"TBCE"
6.7468550566322e-33,1.55305833125475,0.711,0.218,1.39666646527343e-28,"COX11"
3.67506080856988e-15,1.55212837235411,0.397,0.1,7.6077433798205e-11,"TP53RK"
6.37762605767148e-14,1.5518116990092,0.328,0.062,1.32023237019857e-09,"FOXK2"
6.23749976490153e-12,1.55171014244135,0.312,0.071,1.29122482633227e-07,"HDAC5"
5.19929898342077e-28,1.54940026816736,0.613,0.175,1.07630688255793e-23,"PSMG1"
9.071310587482e-19,1.54777474999907,0.41,0.076,1.87785200471465e-14,"TCOF1"
1.25823675719613e-15,1.54770960737992,0.432,0.123,2.6046759110717e-11,"CUTC"
5.9839320953705e-14,1.54647467708313,0.348,0.076,1.23873378306265e-09,"AC009403.2"
1.30045963043315e-36,1.54530374396943,0.771,0.284,2.69208148095966e-32,"BOLA3"
2.99728475097314e-68,1.5431068722608,0.991,0.725,6.20467916298949e-64,"LGALS4"
1.45737387753151e-41,1.54293202756447,0.812,0.36,3.01690966387799e-37,"GPAA1"
3.19251133096788e-104,1.54223264470129,1,1,6.6088177062366e-100,"RPL18A"
2.61044360707625e-109,1.5413560512319,1,0.986,5.40387931100854e-105,"RPS23"
5.98607461717663e-103,1.54068523061715,1,0.962,1.23917730650173e-98,"RPS17"
1.26176092229131e-44,1.54067636170475,0.865,0.483,2.61197128523524e-40,"NAPRT"
1.11903428473601e-90,1.5403236109013,0.998,0.867,2.31651287283201e-86,"RPL4"
6.60385021316559e-23,1.53925465420097,0.564,0.156,1.36706303262741e-18,"LINC00261"
4.97888031624738e-41,1.53887020487874,0.831,0.384,1.03067801426637e-36,"ALG3"
3.18487225294614e-21,1.53748530882808,0.542,0.156,6.59300405082381e-17,"SFXN4"
5.43126790483655e-14,1.53671806054882,0.375,0.095,1.12432676898021e-09,"PUM3"
4.44363704875785e-22,1.53662103287482,0.563,0.161,9.19877305463362e-18,"SNRPA"
8.87265805796088e-25,1.53478914185839,0.676,0.251,1.83672894457848e-20,"TUBA1C"
2.17080858451499e-32,1.53462098081498,0.709,0.232,4.49379085080449e-28,"HIST1H1C"
1.59345785739241e-19,1.53424194189575,0.481,0.118,3.29861711058803e-15,"UBE2Z"
7.81751728148974e-28,1.53413403211353,0.667,0.237,1.61830425244119e-23,"NEK6"
7.08434551045409e-15,1.53355576039195,0.439,0.133,1.4665303641191e-10,"FBXO31"
3.56444505874751e-30,1.53282043113891,0.686,0.218,7.37875771611322e-26,"COASY"
1.11500717358373e-47,1.53191132156273,0.915,0.517,2.30817635003568e-43,"RANBP1"
6.76941651932559e-28,1.53188665455951,0.628,0.166,1.40133691366559e-23,"PHAX"
1.21710391518791e-16,1.53169338151426,0.447,0.118,2.5195268148305e-12,"EXOSC3"
1.56763020738037e-19,1.53042385876052,0.454,0.1,3.24515129229811e-15,"SNAPC5"
7.23534372494697e-15,1.53039195351991,0.292,0.033,1.49778850450127e-10,"HPS4"
3.26826727623398e-19,1.52961535334144,0.492,0.133,6.76564008853196e-15,"C21orf59"
1.08085803086485e-35,1.52922289274556,0.808,0.469,2.23748420969332e-31,"FMO5"
9.54572080557138e-19,1.52809178498761,0.455,0.109,1.97605966396133e-14,"COQ10A"
2.19936404597287e-30,1.52789698273265,0.632,0.166,4.55290351156843e-26,"PPIE"
3.35943642595207e-15,1.52736340006622,0.371,0.081,6.95436934536337e-11,"TRMT2A"
9.17293254455073e-27,1.52551392088093,0.667,0.223,1.89888876604745e-22,"RP11-798K3.2"
1.58885590178616e-28,1.52543145991208,0.687,0.275,3.28909060228753e-24,"PRPF6"
3.21935813765073e-19,1.52470679569709,0.426,0.081,6.66439328075078e-15,"ANKRD40"
1.20817669422988e-16,1.52465831403438,0.437,0.114,2.50104657472528e-12,"WDR55"
6.15867676925188e-19,1.52397950449218,0.434,0.09,1.27490767800283e-14,"C15orf40"
2.87331183640615e-13,1.52343948183166,0.308,0.057,5.94804283254437e-09,"CCDC127"
2.0643822653469e-14,1.52335473227168,0.327,0.057,4.27347772749462e-10,"AC091729.9"
4.76445849042942e-32,1.52201068954724,0.605,0.123,9.86290552103794e-28,"SNRPN"
1.76849608688382e-11,1.51536686434922,0.28,0.057,3.66096374945819e-07,"NARS2"
4.74677049830609e-27,1.5151272838247,0.67,0.246,9.82628960854343e-23,"PARL"
4.671430701129e-29,1.51470994594537,0.647,0.213,9.67032869440714e-25,"SLC25A4"
4.92899304729313e-17,1.51412015060479,0.416,0.095,1.02035085072015e-12,"ABHD8"
3.37485514930951e-54,1.51314587675688,0.931,0.559,6.98628764458561e-50,"SNRPC"
1.20906233464946e-19,1.51280788194567,0.455,0.1,2.50287993895785e-15,"POLR3K"
2.34530294396174e-11,1.51159641306409,0.285,0.062,4.85501162429521e-07,"MUL1"
3.15119586903208e-39,1.51088525949923,0.825,0.389,6.52329056848331e-35,"FDPS"
2.72337379482562e-11,1.51042021212286,0.279,0.057,5.63765609266852e-07,"CIZ1"
2.27373354726928e-19,1.50634307978593,0.437,0.09,4.70685581620213e-15,"PTRH1"
1.28681470230258e-32,1.50473818611353,0.712,0.237,2.66383511523657e-28,"FAM49B"
1.44672237636152e-22,1.50364217592455,0.551,0.156,2.99485999130598e-18,"HGS"
5.43545529560981e-87,1.50325018856833,0.995,0.839,1.12519360074419e-82,"PABPC1"
3.80639262129137e-11,1.50274573359734,0.266,0.052,7.87961336533527e-07,"HEATR1"
3.27554605986479e-22,1.50136296455336,0.573,0.175,6.7807078985261e-18,"SNHG19"
3.91031048051341e-10,1.5008735485036,0.338,0.118,8.09473372571081e-06,"CDKN3"
1.32919376964758e-32,1.49894823858016,0.766,0.318,2.75156402254745e-28,"IDH3B"
1.02056639845167e-13,1.49597873403944,0.392,0.114,2.11267450143481e-09,"RRP36"
1.77073908736628e-104,1.49489265889022,1,0.953,3.66560698475694e-100,"UQCRB"
2.83196476132179e-20,1.49435275487847,0.47,0.109,5.86245025241224e-16,"NSUN5"
6.82803006361101e-39,1.49395279897232,0.806,0.374,1.41347050346811e-34,"PSMF1"
1.33309501964524e-26,1.49164775098908,0.621,0.194,2.75964000016762e-22,"GAA"
1.74546712539181e-33,1.49124223335086,0.688,0.204,3.61329149627359e-29,"CSNK1D"
4.90523574471159e-21,1.49086473712377,0.554,0.171,1.01543285151275e-16,"HSPBP1"
2.21126441326653e-15,1.49009676895108,0.359,0.071,4.57753846190305e-11,"NCAPH2"
2.75258912144262e-107,1.48859715141981,1,0.957,5.69813474029836e-103,"RPL29"
7.38620027756676e-31,1.48774546467834,0.689,0.232,1.52901731945909e-26,"NUDCD2"
3.25511579888996e-31,1.48550641520636,0.737,0.303,6.7384152152821e-27,"ETNK2"
2.82783143431496e-17,1.48359165391403,0.482,0.142,5.8538938521754e-13,"CHRAC1"
4.70258505152588e-15,1.48232295536601,0.328,0.052,9.73482131516372e-11,"IL1R2"
7.55768656963198e-24,1.48036462355957,0.49,0.09,1.56451669677952e-19,"NKIRAS2"
9.93550545790051e-19,1.48013489790734,0.542,0.18,2.05674898483998e-14,"HCCS"
3.02290797936956e-12,1.48009397263298,0.35,0.095,6.25772180809293e-08,"ZNF576"
1.53315029197104e-24,1.47994737363658,0.571,0.147,3.17377441940925e-20,"RPUSD3"
4.20917369795301e-15,1.47903117619959,0.381,0.085,8.71341047213253e-11,"RRAGD"
3.44061851526914e-20,1.47738537295108,0.49,0.114,7.12242438845864e-16,"DLGAP1-AS1"
1.88175083610599e-28,1.47670097100207,0.714,0.284,3.89541240582301e-24,"SNX2"
6.45900137053706e-22,1.47580788355514,0.55,0.166,1.33707787371488e-17,"ENOPH1"
8.56553372114746e-52,1.47554683486194,0.915,0.55,1.77315113561474e-47,"HEXB"
2.40342613077501e-15,1.47427655895741,0.355,0.066,4.97533243331736e-11,"ASUN"
2.46767489642946e-22,1.47393069641459,0.491,0.1,5.10833380309863e-18,"CWC25"
1.73879866301045e-11,1.47375418601204,0.296,0.066,3.59948711229793e-07,"ZNF672"
1.96075563802162e-15,1.47370190688685,0.356,0.071,4.05896024626855e-11,"NIPA2"
2.24305504981929e-33,1.47128953972522,0.79,0.341,4.64334825863091e-29,"RPL22L1"
5.02608651253663e-29,1.46886201530767,0.645,0.199,1.04045016896021e-24,"NARF"
2.5028213220904e-32,1.46746009535917,0.759,0.389,5.18109041885934e-28,"MTTP"
2.46857953425955e-12,1.46713723704786,0.338,0.085,5.1102064938707e-08,"PUSL1"
1.59857495935556e-18,1.46639654028946,0.427,0.085,3.30921002336194e-14,"BORCS8"
1.31750329890274e-18,1.46526698688186,0.531,0.175,2.72736357905856e-14,"DDX54"
4.95667878971184e-51,1.46377388687287,0.919,0.569,1.02608207625825e-46,"PGK1"
5.28428682588848e-19,1.46337632828307,0.506,0.147,1.09390021582717e-14,"MED19"
1.94828070938768e-23,1.46291269173172,0.579,0.171,4.03313589650345e-19,"ITGB3BP"
3.5751977367953e-44,1.46279261208475,0.848,0.45,7.40101683493995e-40,"NAA20"
1.63687205768445e-41,1.46177442406987,0.838,0.398,3.38848884661257e-37,"COA4"
3.74992101528544e-31,1.46156153567765,0.749,0.346,7.76271149374239e-27,"EMC4"
7.75302683753143e-61,1.46066936545563,1,0.749,1.60495408563738e-56,"GSTA1"
7.32289237160353e-20,1.45935347028824,0.447,0.09,1.51591194984565e-15,"MIIP"
2.78181538010416e-19,1.45887124315252,0.468,0.109,5.75863601835363e-15,"FLYWCH2"
7.07443907277054e-65,1.45818763525157,0.972,0.72,1.46447963245423e-60,"COPE"
6.21596390566153e-17,1.45788244891096,0.489,0.152,1.28676668811099e-12,"PPIH"
9.38267951941018e-10,1.45667300375888,0.286,0.081,1.9423084873131e-05,"NEK4"
6.87278690996559e-19,1.45657950084106,0.449,0.1,1.42273561823198e-14,"KDELR3"
3.05574577138773e-34,1.455845830933,0.783,0.355,6.32569932134975e-30,"MAF1"
2.76784532617456e-46,1.45542778387542,0.885,0.54,5.72971660971397e-42,"MRPL34"
5.68735039969254e-74,1.45433797934966,0.995,0.806,1.17733840624035e-69,"ALDH1A1"
1.49157910148873e-27,1.45323118503051,0.51,0.076,3.08771789799183e-23,"PLPP2"
3.33589145663381e-17,1.45226091672528,0.444,0.114,6.90562890437765e-13,"FAM21A"
1.0682942622883e-20,1.45148335300665,0.423,0.066,2.211475952363e-16,"CANT1"
1.76594395446565e-61,1.45120174830448,0.968,0.697,3.65568058013935e-57,"SLC25A5"
6.16275062724854e-19,1.45035680439078,0.457,0.109,1.27575100734672e-14,"RP11-119D9.1"
1.44386288478244e-13,1.44994186610346,0.311,0.057,2.98894055778814e-09,"PUS1"
4.39961867966529e-12,1.44922982868161,0.341,0.09,9.10765062877511e-08,"WDR70"
9.27909326345932e-13,1.4473642585423,0.286,0.047,1.92086509646871e-08,"ARL17A"
5.3749386365401e-10,1.44719008725478,0.259,0.057,1.11266604715017e-05,"METTL2B"
3.31307824997472e-41,1.44673014509092,0.845,0.445,6.85840328527266e-37,"RNH1"
7.30055822149078e-11,1.44479731194826,0.256,0.047,1.51128855743081e-06,"RP11-390F4.6"
5.25011214618535e-19,1.44469413326167,0.451,0.1,1.08682571538183e-14,"YDJC"
3.77513233027408e-19,1.4442379743027,0.441,0.095,7.81490143690037e-15,"RCC1"
8.9890260551949e-20,1.44373376279238,0.574,0.199,1.8608182836859e-15,"PHF5A"
4.87059500579574e-28,1.44333432406322,0.717,0.289,1.00826187214978e-23,"ANP32A"
5.7401962285989e-27,1.44196895672302,0.686,0.265,1.18827802128226e-22,"PRPF31"
9.51449825713522e-34,1.44108299194792,0.754,0.294,1.96959628420956e-29,"TEX264"
1.5629847150938e-19,1.44010129692768,0.431,0.081,3.23553465871567e-15,"C2orf82"
1.00435883822534e-32,1.44004499225204,0.75,0.327,2.07912323101028e-28,"TRAPPC3"
1.1819571019406e-27,1.43945436898294,0.679,0.261,2.44676939672723e-23,"GGNBP2"
2.10197168707388e-24,1.43799873483402,0.613,0.199,4.35129158941164e-20,"PHF20L1"
2.62406391340708e-12,1.43403385040152,0.296,0.057,5.43207470714399e-08,"SLC7A6OS"
1.56993912827873e-22,1.43330448480521,0.481,0.09,3.2499309894498e-18,"COLGALT1"
1.91826313603874e-19,1.43313731181072,0.538,0.171,3.97099651791379e-15,"UBE2E2"
9.34773037229342e-13,1.43301896055036,0.339,0.081,1.93507366436846e-08,"SRRD"
5.18671714245966e-21,1.43292559510908,0.523,0.142,1.07370231566057e-16,"COIL"
1.19422906799108e-23,1.43162238181979,0.492,0.095,2.47217359364834e-19,"IMPA1"
9.40424501992758e-12,1.43134352291891,0.303,0.066,1.94677276157521e-07,"DDX19B"
3.64701256404879e-16,1.4311965479353,0.397,0.085,7.54968070883739e-12,"MFSD11"
4.69926222039555e-20,1.42916931231952,0.442,0.09,9.72794272244083e-16,"SNX1"
1.19166568448989e-57,1.42805505337424,0.951,0.611,2.46686713346251e-53,"COX5A"
5.3088395133193e-29,1.42713949785775,0.599,0.142,1.09898286765223e-24,"AP2B1"
6.14517512460644e-15,1.42659390200612,0.42,0.118,1.27211270254478e-10,"ABCC2"
2.54459109026988e-10,1.4263885365944,0.254,0.052,5.26755801596768e-06,"ASRGL1"
1.28467151956631e-20,1.42426221177421,0.515,0.137,2.65939851265422e-16,"SMARCC1"
1.99468067141765e-21,1.42412612804006,0.645,0.27,4.12918845790167e-17,"TDP2"
1.07365121794834e-17,1.4241146645488,0.434,0.104,2.22256538627485e-13,"AGTRAP"
4.01818326011063e-11,1.42275120496466,0.264,0.047,8.31804116675502e-07,"SPHK2"
1.04811979407926e-13,1.42105180986118,0.284,0.038,2.16971278572348e-09,"EXOSC2"
5.49341239210021e-36,1.41994827224827,0.818,0.379,1.13719129928866e-31,"RPL26L1"
1.96931382843693e-13,1.41994549075814,0.298,0.047,4.07667655624729e-09,"PIGV"
1.24991904568537e-58,1.41948316238876,0.959,0.626,2.58745741647329e-54,"EIF6"
5.52430727041087e-13,1.41898843806606,0.314,0.062,1.14358684804775e-08,"ICMT"
4.44240250051999e-57,1.41861646378249,0.948,0.64,9.19621741632643e-53,"RAB2A"
2.28335010649044e-28,1.41827796895818,0.693,0.251,4.72676305544586e-24,"CDK5RAP3"
9.07174952130657e-20,1.41706599640291,0.414,0.066,1.87794286840567e-15,"FAM84B"
7.34361225986525e-25,1.41676750925887,0.63,0.218,1.52020117391471e-20,"NUDT2"
8.66851972173695e-13,1.41473632910126,0.311,0.062,1.79447026759677e-08,"SCRIB"
1.37851437765932e-18,1.41229839783289,0.474,0.123,2.85366261319256e-14,"DPH5"
4.22281086508073e-20,1.41175233814501,0.479,0.114,8.74164077180361e-16,"APPL1"
3.82927640188545e-16,1.41153001623453,0.428,0.109,7.92698507954307e-12,"ATP5SL"
3.24472052446784e-37,1.41025521918172,0.816,0.355,6.71689595770088e-33,"HSF1"
3.24610620327587e-20,1.41003983691109,0.512,0.137,6.71976445140137e-16,"PLRG1"
4.39201894710038e-11,1.4096571218728,0.25,0.043,9.09191842239249e-07,"TMEM186"
4.64357527777618e-39,1.40900573042684,0.82,0.36,9.61266518252446e-35,"SNHG9"
6.0742500404969e-16,1.40836559807724,0.338,0.052,1.25743050088326e-11,"RFT1"
6.80917615476836e-18,1.40694347704933,0.423,0.09,1.4095675557986e-13,"TAOK1"
1.54511764963958e-14,1.40693287897607,0.366,0.081,3.19854804651889e-10,"LINC01184"
9.34212352844614e-33,1.40321196050571,0.751,0.289,1.93391299162364e-28,"SEC13"
2.04261047466882e-16,1.40251719595467,0.441,0.118,4.22840794361192e-12,"RP4-710M16.2"
5.79326868100145e-20,1.4003030014886,0.525,0.152,1.19926454965411e-15,"WDR46"
2.79019881064526e-17,1.40003262735923,0.502,0.156,5.77599055791675e-13,"ACOT7"
1.40626614107298e-69,1.39939783464691,0.978,0.763,2.91111153863517e-65,"PRELID1"
1.3382807878994e-20,1.39671302678389,0.457,0.095,2.77037505903055e-16,"NUDT9"
2.44202021133691e-26,1.3958649209035,0.693,0.261,5.05522603948853e-22,"YBEY"
1.40448484541209e-13,1.39505921578459,0.333,0.071,2.90742407848756e-09,"DALRD3"
4.79150448284415e-39,1.39484191733847,0.847,0.422,9.91889342993568e-35,"ALDH7A1"
1.4993177167837e-37,1.39342786227091,0.813,0.351,3.10373760551394e-33,"MRPS18B"
4.27166013102118e-19,1.39160872463834,0.422,0.081,8.84276363722694e-15,"NUDCD1"
4.38988543784082e-14,1.39153054078822,0.322,0.057,9.08750184487427e-10,"MTSS1L"
1.56480192522005e-16,1.39069098530365,0.475,0.147,3.23929646539803e-12,"NRBP2"
3.08535940140809e-18,1.39016028949513,0.537,0.185,6.38700249685489e-14,"CYP4F12"
1.75713251040742e-26,1.38855936060112,0.65,0.213,3.6374400097944e-22,"MRPL9"
6.31108353552254e-21,1.38804791847547,0.546,0.161,1.30645740268852e-16,"GPANK1"
4.97986919703301e-18,1.3880171532993,0.5,0.147,1.0308827224778e-13,"TFDP2"
1.79553218222024e-14,1.38792884028997,0.36,0.081,3.71693117041412e-10,"AC098973.2"
1.71750938073454e-18,1.38785615336952,0.572,0.209,3.55541616905857e-14,"UTP11L"
4.50240994460344e-14,1.38744988312401,0.33,0.062,9.32043882632359e-10,"CPSF3"
1.52920016310527e-94,1.38652404831718,1,0.986,3.16559725764421e-90,"RPS2"
5.24582845608311e-19,1.38650823106004,0.593,0.223,1.08593894869376e-14,"BAG2"
8.59297605744557e-11,1.38560927872642,0.372,0.128,1.77883197365181e-06,"NUP37"
2.58403255180126e-14,1.38547316863246,0.322,0.057,5.34920578548378e-10,"CDC23"
5.50682126197345e-14,1.38514586246033,0.339,0.071,1.13996706944112e-09,"MAP1S"
7.33151937974624e-25,1.3849276898136,0.684,0.294,1.51769782680127e-20,"MTSS1"
2.00174567169915e-11,1.38349383412921,0.317,0.081,4.1438137149844e-07,"SEC22A"
1.24119687173379e-25,1.3831945638257,0.617,0.185,2.56940164417612e-21,"EIF4EBP3"
4.02645648993341e-20,1.3818097758926,0.534,0.161,8.33516757981115e-16,"SCAMP2"
9.21262400739333e-91,1.38176728975318,0.998,0.9,1.90710529577049e-86,"TPI1"
4.86725503921201e-11,1.38167957638357,0.313,0.081,1.00757046566728e-06,"TCTA"
4.47787326218675e-17,1.37995518061133,0.522,0.175,9.26964544005278e-13,"SCO2"
4.26198807674558e-28,1.37973789736519,0.74,0.346,8.82274151767103e-24,"MRPL15"
2.46055183400972e-15,1.37895168370995,0.416,0.104,5.09358835158352e-11,"CCDC130"
2.69877445716476e-22,1.37823774159038,0.533,0.142,5.58673300377677e-18,"SLC35C2"
5.52164093223355e-17,1.37760457868401,0.392,0.076,1.14303488938167e-12,"SUGP2"
1.03426769479218e-19,1.37655977483122,0.614,0.242,2.1410375549893e-15,"CDKN2A"
1.91235723838332e-16,1.37652435122216,0.456,0.128,3.95877071917731e-12,"EIF2B3"
2.12219563539002e-16,1.37629143513269,0.323,0.038,4.39315718482088e-12,"PAGE4"
1.18435028281423e-14,1.375626927728,0.291,0.033,2.45172352045374e-10,"CCDC71"
3.39082512662106e-52,1.37431084637717,0.939,0.592,7.01934709461825e-48,"MDH2"
4.88342642322986e-71,1.37359999342065,0.987,0.749,1.01091810387281e-66,"NDUFS6"
2.2811548347986e-11,1.37251480752522,0.282,0.057,4.72221862351658e-07,"UTP14A"
4.0738214147352e-19,1.37242920116071,0.418,0.081,8.43321771064334e-15,"LRRC14"
1.60545538250311e-26,1.37200857283409,0.695,0.261,3.32345318731969e-22,"COA6"
5.21386536230903e-18,1.36951738642906,0.413,0.085,1.07932226865159e-13,"HLTF"
2.95948541916974e-15,1.36920063496382,0.487,0.166,6.12643076622328e-11,"NOLC1"
2.22327839017275e-13,1.36819886526802,0.385,0.104,4.60240859549661e-09,"RPP38"
1.02346084734375e-13,1.36786398522697,0.332,0.066,2.1186663000863e-09,"CTU2"
1.31823855456365e-54,1.36575436923809,0.946,0.659,2.7288856318022e-50,"PHPT1"
3.26416058149149e-14,1.36537333766892,0.371,0.09,6.75713881974553e-10,"EHMT2"
2.41220751114605e-25,1.3651373055609,0.518,0.095,4.99351076882343e-21,"CDKN2AIPNL"
7.70346129899093e-22,1.36463997406946,0.55,0.147,1.59469352350411e-17,"LSM12"
1.30561055447202e-20,1.36427264008656,0.501,0.123,2.70274440881253e-16,"NBN"
1.65930689150063e-34,1.36066903550234,0.829,0.417,3.43493119609545e-30,"MRPL40"
1.28457374735249e-16,1.36036923955573,0.463,0.137,2.6591961143944e-12,"NLN"
1.64665168164552e-52,1.35849886386501,0.962,0.668,3.4087336461744e-48,"MAT1A"
3.09039925407196e-25,1.35800442283324,0.664,0.242,6.39743549585436e-21,"ATG3"
5.67268948711307e-23,1.35708198783861,0.567,0.156,1.17430345072728e-18,"TBRG4"
1.10971985280028e-09,1.35689144553632,0.322,0.104,2.29723106728186e-05,"RFC2"
2.48073415023664e-27,1.35675485272862,0.696,0.28,5.13536776440487e-23,"DDX46"
1.76535777493131e-13,1.35664481405335,0.383,0.104,3.6544671298853e-09,"RFNG"
8.76234050807726e-20,1.35539061889764,0.513,0.142,1.81389210857707e-15,"GARS"
6.11975768548124e-71,1.35525849455701,0.982,0.739,1.26685103847147e-66,"PARK7"
8.55546155179829e-23,1.35318667744363,0.591,0.171,1.77106609583776e-18,"MRPS30"
3.06808761957112e-30,1.35292435289464,0.755,0.37,6.35124818127417e-26,"NOL7"
1.24730681309157e-39,1.35287969485145,0.859,0.45,2.58204983378085e-35,"AP2M1"
4.16253963886772e-65,1.35144412744427,0.974,0.706,8.61687330642007e-61,"APRT"
4.12174980011187e-37,1.34968123245854,0.847,0.431,8.53243426121158e-33,"STOML2"
2.06970082187407e-12,1.34919577405119,0.316,0.071,4.28448767136152e-08,"MPV17L2"
3.16280172297161e-15,1.34914077961469,0.333,0.052,6.54731584672353e-11,"MPP6"
2.04006471950328e-15,1.34894241254466,0.43,0.118,4.22313797584374e-11,"PACSIN2"
5.71128433305066e-12,1.34569386920136,0.327,0.081,1.18229296978482e-07,"ZNF639"
9.50995566439284e-12,1.345129352833,0.284,0.057,1.96865592208596e-07,"UNK"
4.65016174332695e-49,1.34491150301218,0.923,0.569,9.62629982486112e-45,"NDUFS4"
2.5415880253907e-46,1.34267197037031,0.89,0.517,5.2613413713613e-42,"ZNF706"
7.14953118951584e-68,1.34165388840606,0.989,0.768,1.48002445154167e-63,"SUMO2"
3.53692515888452e-15,1.34025645098076,0.474,0.156,7.32178877140684e-11,"DCUN1D5"
1.22830578328568e-18,1.33929449572927,0.464,0.114,2.5427158019797e-14,"PALLD"
4.93063541145134e-12,1.33911675311409,0.336,0.085,1.02069083652454e-07,"TTC9C"
1.34416934255436e-20,1.33873887506772,0.628,0.251,2.78256495602179e-16,"TIMM50"
4.30345853070946e-30,1.33842783912785,0.785,0.346,8.90858950442164e-26,"LSM2"
4.926765633168e-15,1.33743733047712,0.319,0.047,1.01988975372211e-10,"MAPKAPK3"
1.01121563446905e-22,1.33728051919677,0.543,0.142,2.09331748491438e-18,"ACTL6A"
1.82361226708952e-24,1.33686355351188,0.644,0.213,3.77505975410201e-20,"SWI5"
8.00933323124048e-26,1.33586800284775,0.622,0.185,1.65801207219909e-21,"DDA1"
9.49075569099518e-16,1.33583180052948,0.397,0.095,1.96468133559291e-11,"NOC4L"
5.43692054358265e-16,1.33564877015766,0.385,0.081,1.12549692172704e-11,"ZFYVE19"
1.69075774387132e-16,1.334919293779,0.407,0.09,3.50003760558802e-12,"PIGU"
5.97867474887466e-13,1.33473146018768,0.366,0.095,1.23764545976454e-08,"MRGBP"
7.23845018994683e-16,1.33431025234396,0.486,0.156,1.49843157382089e-11,"ARL3"
4.29049162634749e-76,1.33393989253721,0.992,0.801,8.88174671570195e-72,"NDUFA2"
2.21880378668134e-18,1.33376876256484,0.509,0.156,4.59314571880904e-14,"PGP"
1.62985614252531e-31,1.33311631102171,0.784,0.355,3.37396520064165e-27,"DIO1"
3.5172550180433e-17,1.3327766287855,0.465,0.128,7.28106961285144e-13,"CHD1L"
1.87273807834525e-12,1.33191400604925,0.275,0.043,3.87675509598251e-08,"CSPP1"
2.10669583300979e-19,1.33105492958162,0.52,0.152,4.36107104391357e-15,"LARS"
4.33285329639583e-15,1.33102461058432,0.399,0.1,8.96943960886902e-11,"ZNF581"
2.30161357222173e-18,1.32926047171529,0.506,0.147,4.76457025585621e-14,"PRPF19"
2.07809617263849e-19,1.32875988743472,0.571,0.199,4.30186688697893e-15,"LZIC"
4.67610491795235e-17,1.32836132309388,0.448,0.114,9.68000479065316e-13,"B4GALT3"
1.5711757462132e-10,1.32498498673822,0.267,0.057,3.25249091223595e-06,"TMEM55A"
1.68311109994181e-11,1.32315667318489,0.353,0.104,3.48420828798954e-07,"C12orf65"
3.05289564894008e-22,1.32278869758554,0.548,0.152,6.31979928287086e-18,"IMMP1L"
1.20291501482351e-22,1.32267040886934,0.481,0.095,2.49015437218615e-18,"PDLIM3"
1.75002223551586e-23,1.32263220590256,0.586,0.185,3.62272102974138e-19,"PRKDC"
9.71842178055767e-25,1.32109868044768,0.689,0.284,2.01181049279324e-20,"NDUFA9"
9.06051953275568e-62,1.32090549490998,0.984,0.758,1.87561814847575e-57,"GRHPR"
6.10590827004366e-67,1.32044070213605,0.99,0.839,1.26398407098174e-62,"YBX1"
4.64365508622333e-29,1.31957620265165,0.739,0.299,9.61283039399091e-25,"EMC7"
1.11563187943173e-53,1.31923164034032,0.943,0.659,2.30946955361162e-49,"CLTA"
7.31047383112542e-18,1.31921922118591,0.529,0.175,1.51334118778127e-13,"DUS1L"
3.54310658521727e-101,1.31887882100355,1,0.986,7.33458494205828e-97,"RPL35A"
1.09416728341124e-15,1.31820608585952,0.432,0.118,2.26503569338962e-11,"ABCF3"
1.04963808676553e-17,1.31780672878081,0.401,0.076,2.17285580341333e-13,"CH17-340M24.3"
5.11166130472355e-91,1.3176135470989,1,0.991,1.05816500669082e-86,"RPL15"
3.25228794855085e-27,1.31725419270073,0.722,0.299,6.73256128229512e-23,"TTC1"
1.1386434214389e-20,1.31580129921088,0.556,0.175,2.35710574672067e-16,"NKAP"
3.26911327886238e-91,1.31560320124657,1,1,6.767391398573e-87,"FTL"
2.71213422192914e-11,1.31467449485457,0.289,0.062,5.61438905281552e-07,"WRAP73"
2.89797603089263e-12,1.31466276940302,0.317,0.071,5.99910018155083e-08,"ZNF626"
1.05043137466795e-18,1.31296031205285,0.565,0.194,2.17449798870012e-14,"SLU7"
2.3642165341858e-14,1.30938027783802,0.369,0.085,4.89416464741802e-10,"USP22"
2.36303362194993e-18,1.30888530314454,0.561,0.194,4.89171590079856e-14,"UBE2W"
4.93737042711472e-16,1.3088088088262,0.409,0.095,1.02208505211702e-11,"TRAF7"
7.52392701238793e-19,1.30752555131046,0.479,0.118,1.55752813083443e-14,"DDC"
3.11673905038398e-22,1.30646783626091,0.621,0.213,6.45196150819988e-18,"RP11-792A8.4"
2.38242223372542e-11,1.30356009649928,0.305,0.071,4.93185226603499e-07,"TFIP11"
3.38330776206441e-22,1.30168594675238,0.651,0.256,7.00378539824954e-18,"PDCD10"
3.28280280765401e-17,1.30136212877639,0.476,0.142,6.79573009212457e-13,"DFFA"
1.46554935381013e-09,1.30086523705825,0.271,0.071,3.03383371732235e-05,"MUTYH"
7.08515001030635e-20,1.30047388399272,0.593,0.227,1.46669690363352e-15,"PMPCB"
4.44260943180259e-37,1.30044263285655,0.808,0.336,9.19664578477454e-33,"FAM96A"
4.64960474520499e-15,1.2999904706706,0.4,0.1,9.62514678304884e-11,"C16orf91"
2.2450064277262e-21,1.29902906851355,0.504,0.118,4.64738780603601e-17,"CDK5RAP2"
9.82990930728975e-100,1.29851677629367,1,0.991,2.03488952570205e-95,"UBA52"
2.83432029744199e-33,1.29849778991113,0.811,0.389,5.86732644773466e-29,"MRPL22"
3.55801074994917e-10,1.29791748354261,0.262,0.057,7.36543805346978e-06,"RPUSD1"
1.10466641226915e-15,1.29766434575607,0.471,0.147,2.28676994003836e-11,"MPHOSPH10"
2.14067861475348e-12,1.29731638228766,0.368,0.104,4.43141880040117e-08,"RAB24"
4.63021006612572e-19,1.29675879680084,0.533,0.171,9.58499785788685e-15,"TMEM64"
6.36645207722086e-19,1.29544193307652,0.52,0.161,1.31791924450549e-14,"SURF2"
8.88164382685302e-15,1.2950946884303,0.382,0.09,1.83858908859684e-10,"SRXN1"
4.04924787633925e-11,1.29357369875691,0.285,0.062,8.38234802880988e-07,"CYP7B1"
1.26862613964653e-24,1.29219272304975,0.62,0.19,2.62618297168228e-20,"MRPS17"
8.52928878525875e-20,1.2921037325881,0.52,0.147,1.76564807143641e-15,"ADPRHL2"
1.31274846212404e-10,1.29097053103435,0.269,0.057,2.71752059144299e-06,"COG2"
3.92541756561786e-36,1.29078035875165,0.824,0.427,8.12600690258554e-32,"PMVK"
3.00666513231348e-20,1.29035394653619,0.557,0.175,6.22409749040213e-16,"MRPL17"
1.87285067222813e-37,1.29022426149229,0.862,0.474,3.87698817657945e-33,"RPN2"
1.28810568142941e-22,1.28957999242354,0.59,0.18,2.66650757112702e-18,"GRB2"
1.15803195291421e-13,1.28939818166002,0.338,0.071,2.3972419457277e-09,"SEC22C"
3.2569350554141e-15,1.28885505187786,0.34,0.057,6.74218125821273e-11,"ADCK5"
1.5608205125723e-11,1.28784381413959,0.285,0.057,3.23105454307592e-07,"DPH6"
3.90553792248609e-24,1.28672389625355,0.614,0.204,8.08485405333845e-20,"BOD1"
2.15807942554542e-41,1.28656167665906,0.92,0.526,4.46744021882157e-37,"SORD"
3.77295716293399e-83,1.28406707301677,1,0.967,7.81039862298966e-79,"RPL14"
6.77552801882589e-25,1.28361652098245,0.695,0.275,1.40260205517715e-20,"CSTA"
7.84763507327203e-25,1.28246778180906,0.67,0.251,1.62453893651804e-20,"MRPS25"
4.60723663732219e-10,1.28191558013062,0.29,0.076,9.53744056292066e-06,"USP4"
1.07359575081167e-27,1.28190670010007,0.769,0.389,2.22245056375523e-23,"DERL1"
4.90609142680524e-32,1.28141633618437,0.785,0.379,1.01560998626295e-27,"PDCD6"
2.55631024931352e-48,1.2809476568782,0.94,0.673,5.29181784710392e-44,"C20orf24"
4.28786679149145e-15,1.27908292568446,0.499,0.171,8.87631304506645e-11,"UBE2S"
2.32131382815836e-68,1.27848333886341,0.995,0.853,4.80535175567061e-64,"ACTG1"
2.07039693229139e-14,1.27681192918302,0.653,0.318,4.28592868953642e-10,"CKS2"
4.55378797656399e-19,1.27642434610747,0.541,0.171,9.42679649028511e-15,"C17orf62"
7.47536206629774e-17,1.27590328162446,0.544,0.194,1.54747470134429e-12,"FAM207A"
6.83719552763394e-16,1.27574835793932,0.44,0.118,1.4153678461755e-11,"CSTF3"
2.64221773657752e-21,1.27558855449242,0.571,0.171,5.46965493648912e-17,"RNASE1"
3.84006879154875e-73,1.27528015593758,0.996,0.848,7.94932640538507e-69,"TMA7"
1.93644465747327e-19,1.27464210859271,0.525,0.152,4.00863408543541e-15,"EXOSC7"
2.45707150904282e-11,1.27326445334933,0.265,0.047,5.08638373086953e-07,"SLC35G2"
2.63929001510641e-13,1.27251263131315,0.424,0.137,5.46359426027178e-09,"SLC12A7"
7.98917887806257e-12,1.27178207081083,0.317,0.076,1.65383991954773e-07,"DDX50"
2.0510132170931e-16,1.27171281689779,0.445,0.118,4.24580246070442e-12,"DDX42"
2.72542422452489e-12,1.27121885410678,0.352,0.095,5.64190068718897e-08,"WBSCR16"
3.15939498108271e-43,1.27106067415866,0.922,0.616,6.54026355033932e-39,"PSMA4"
1.00550946847881e-16,1.27092073016874,0.369,0.062,2.08150515069798e-12,"RHBDF2"
2.26218249082006e-84,1.27065334004142,0.999,0.943,4.6829439742466e-80,"GNB2L1"
1.36827543107215e-55,1.27011836925699,0.963,0.649,2.83246696986247e-51,"LMAN2"
2.49391391597308e-39,1.26991554163483,0.855,0.488,5.16265119745588e-35,"ZMAT2"
1.45247406071147e-35,1.26978826223206,0.838,0.479,3.00676655307881e-31,"MRPS12"
6.28659711630506e-19,1.26978405305385,0.5,0.137,1.30138846904631e-14,"SLC35B2"
7.09902848637542e-14,1.26930196320871,0.376,0.095,1.46956988696458e-09,"BRD9"
1.02368881842778e-21,1.26918504364723,0.613,0.209,2.11913822302734e-17,"ZNF511"
4.35191884447718e-24,1.26860062970294,0.653,0.242,9.00890719995221e-20,"NASP"
6.43268104689184e-12,1.2684649794897,0.297,0.062,1.33162930351708e-07,"RPUSD4"
6.36689984439442e-38,1.26834365095464,0.872,0.502,1.31801193678809e-33,"NSA2"
2.5102372321501e-22,1.26743638221798,0.684,0.318,5.19644209427392e-18,"CLTC"
9.59984774727748e-16,1.26647302780364,0.433,0.123,1.98726448216391e-11,"CENPW"
4.44244397524755e-14,1.26620649436526,0.346,0.071,9.19630327315996e-10,"RPS6KB1"
6.55617053319249e-21,1.26574332911471,0.544,0.147,1.35719286207618e-16,"DHX30"
5.83723495169723e-27,1.26567297580024,0.742,0.351,1.20836600735084e-22,"RBCK1"
2.30988558161171e-31,1.26565586249452,0.833,0.436,4.78169414249439e-27,"DPM3"
1.84692609398567e-21,1.26540527674269,0.581,0.19,3.82332170715973e-17,"GNPAT"
1.76894095419029e-23,1.26501765810201,0.636,0.213,3.66188466926932e-19,"QARS"
5.09473607424369e-24,1.26432382781601,0.543,0.128,1.05466131472919e-19,"PARP10"
1.07206965847463e-20,1.26420396404763,0.662,0.27,2.21929140000834e-16,"MED8"
1.71168731090153e-75,1.26359207931208,0.993,0.829,3.54336390229725e-71,"CUTA"
1.75436214400319e-11,1.26313814981241,0.329,0.085,3.63170507430099e-07,"DHDDS"
1.13358005437232e-19,1.26248616473746,0.635,0.275,2.34662407055615e-15,"CRTAP"
2.09367751342724e-13,1.26187406570186,0.363,0.095,4.33412182054573e-09,"PITPNC1"
2.25806457422279e-17,1.26180746817319,0.467,0.123,4.67441947509859e-13,"TMEM82"
6.25172640737839e-53,1.26068188405124,0.9,0.488,1.2941698835914e-48,"TM4SF1"
1.16696569556763e-54,1.26049672805715,0.94,0.621,2.41573568639455e-50,"DNPH1"
2.26699895873501e-52,1.25932810219519,0.95,0.678,4.69291454447735e-48,"HIGD2A"
8.67233563036692e-17,1.25823195026547,0.483,0.147,1.79526019884226e-12,"B4GALT7"
4.9995153627552e-26,1.25809736587538,0.652,0.199,1.03494967524395e-21,"ARSE"
2.21410541796406e-10,1.25742254960501,0.352,0.114,4.58341962572741e-06,"PANK2"
2.20127689499775e-10,1.2562728950823,0.278,0.066,4.55686330033484e-06,"TBL1X"
5.65112166992922e-12,1.25584512753124,0.344,0.09,1.16983869689205e-07,"RIOK2"
1.11477826459093e-23,1.25494447014394,0.598,0.19,2.30770248552968e-19,"BECN1"
1.69051361750156e-14,1.25486534066111,0.462,0.152,3.49953223958999e-10,"CYB561D2"
1.93841554213589e-10,1.25473354738413,0.331,0.1,4.01271401377551e-06,"C18orf21"
7.28805594839995e-39,1.25439407677681,0.896,0.555,1.50870046187827e-34,"SNRPB2"
2.16073588933223e-13,1.25422989478631,0.394,0.109,4.47293936450665e-09,"TBC1D7"
3.64176010010926e-12,1.25295743892943,0.306,0.066,7.53880758323618e-08,"ADA"
1.66009941300874e-22,1.25185492572361,0.646,0.246,3.43657179486939e-18,"NIFK"
5.69680957315699e-20,1.25015953964012,0.534,0.156,1.17929654973923e-15,"PTK2"
3.57057204069758e-21,1.24940235772341,0.474,0.1,7.39144118144805e-17,"MTMR14"
4.82992741634488e-10,1.24813998584047,0.251,0.052,9.99843274457553e-06,"GRK6"
1.1479924686893e-16,1.24685231393193,0.445,0.114,2.37645920943371e-12,"ARIH2"
1.36651906085248e-10,1.24669148834973,0.263,0.052,2.82883110787072e-06,"TARS2"
3.44042976167656e-25,1.2452031456635,0.713,0.289,7.12203364964664e-21,"ASPDH"
3.35699589664898e-11,1.24489331733241,0.271,0.052,6.94931720565304e-07,"LMCD1"
4.41215266744134e-23,1.24412537069157,0.599,0.185,9.13359723687032e-19,"PDK2"
5.5288501177034e-24,1.24355118085499,0.657,0.256,1.14452726286578e-19,"PDHB"
5.36718395562784e-28,1.2425834274964,0.736,0.294,1.11106075065452e-23,"WBSCR22"
2.84621344531496e-21,1.24247414589382,0.651,0.261,5.89194645314649e-17,"DCPS"
8.03317565248685e-13,1.2410695537441,0.318,0.066,1.6629476918213e-08,"FTSJ2"
2.71386436536155e-16,1.24065393406313,0.516,0.175,5.61797062273495e-12,"VPS72"
4.59556853418567e-35,1.24001749779159,0.827,0.427,9.51328642261775e-31,"TSPO"
2.24940147566759e-28,1.23799576531908,0.707,0.261,4.65648599477948e-24,"ABHD14B"
1.22762078207893e-12,1.237688742087,0.252,0.028,2.5412977809816e-08,"ZBTB17"
2.79454200907117e-26,1.23746134975194,0.754,0.341,5.78498141297823e-22,"ORMDL2"
5.97098948756291e-14,1.23682036688223,0.338,0.071,1.2360545338204e-09,"UTP4"
4.34034278480082e-10,1.23475315388241,0.313,0.09,8.98494359881617e-06,"PCBD2"
4.52461635766813e-29,1.23463805935637,0.833,0.45,9.3664083220088e-25,"RSL24D1"
2.05231658337361e-10,1.23442846735645,0.282,0.066,4.2485005592417e-06,"AAR2"
1.65485027690622e-14,1.23401018892438,0.475,0.161,3.42570555822357e-10,"FARSA"
3.96513289598005e-21,1.23380433949681,0.621,0.237,8.2082216079683e-17,"SLC39A3"
1.64303495320709e-15,1.23330037857126,0.368,0.071,3.401246656634e-11,"KIAA0196"
3.30328123862059e-11,1.23226546761607,0.278,0.057,6.83812249206849e-07,"CAMK2G"
3.94733002092971e-45,1.23187988601691,0.935,0.611,8.17136787632658e-41,"CYSTM1"
7.26616015144156e-33,1.23161475588385,0.861,0.54,1.50416781294992e-28,"GLRX"
6.47686359965101e-50,1.23056423716107,0.976,0.697,1.34077553376376e-45,"AKR1C3"
2.37638139683619e-31,1.23040303841152,0.804,0.379,4.91934712959059e-27,"CKLF"
1.64231737799922e-23,1.22976847806759,0.708,0.303,3.39976120419618e-19,"LACTB2"
3.00988494732703e-11,1.2289192335489,0.347,0.1,6.23076282946169e-07,"TRAPPC13"
3.65179416617952e-26,1.22721809629902,0.74,0.336,7.55957910340822e-22,"RABGGTB"
2.67488213019043e-24,1.2270976426206,0.567,0.147,5.53727349770721e-20,"RAD50"
7.91858415938799e-15,1.22561533608982,0.405,0.104,1.63922610683491e-10,"RP11-660L16.2"
4.37130526342634e-58,1.22560600296002,0.986,0.796,9.04903902581887e-54,"SNRPD2"
7.43817276780761e-12,1.22465740164065,0.33,0.081,1.53977614466385e-07,"TXLNG"
3.49145595258133e-13,1.22465164090985,0.292,0.047,7.2276629674386e-09,"GS1-124K5.4"
1.21289515878507e-15,1.22419626756425,0.345,0.057,2.51081426820096e-11,"ZNF7"
1.75130667989329e-10,1.22418521360077,0.25,0.047,3.62537995804711e-06,"FEZ1"
2.59419156509522e-13,1.22373158615213,0.397,0.114,5.37023595890361e-09,"NGLY1"
1.82293741464914e-14,1.22256885114859,0.365,0.081,3.77366274206518e-10,"FAM58A"
1.05863965306002e-19,1.22144314164817,0.576,0.185,2.19148994579954e-15,"TXNDC9"
1.45491911988139e-27,1.21963449548788,0.753,0.384,3.01182807006646e-23,"TXNL4A"
2.42642040665929e-31,1.21951220163374,0.819,0.464,5.0229328838254e-27,"DDOST"
3.21307766450104e-33,1.21935068490335,0.8,0.36,6.6513920732836e-29,"FAM195B"
1.13381325920906e-31,1.2185615076705,0.769,0.341,2.34710682788867e-27,"CAMLG"
7.70735491359543e-13,1.21742409124369,0.384,0.109,1.59549954066339e-08,"ARFGEF1"
3.07791625861204e-47,1.2169409457327,0.995,0.777,6.37159444695278e-43,"LEAP2"
1.87791224094776e-19,1.21620627417119,0.625,0.246,3.88746612998595e-15,"RBBP7"
1.42888832618872e-22,1.21411774586413,0.675,0.27,2.95794172404327e-18,"MMAB"
1.79596711700925e-24,1.21398373677376,0.737,0.346,3.71783152892084e-20,"MRPL11"
1.48493324488076e-48,1.21374299229845,0.942,0.621,3.07396031022767e-44,"PSMB2"
2.39482950653531e-24,1.21348086365807,0.704,0.322,4.95753656147874e-20,"RAD21"
1.54633688105947e-39,1.2118279767034,0.883,0.521,3.20107197748121e-35,"NDUFAF3"
5.48392295182219e-22,1.21130064059911,0.679,0.289,1.13522689025671e-17,"CYB5B"
1.4658075937032e-55,1.2099400774431,0.982,0.777,3.034368299725e-51,"EEF1B2"
1.06676280145029e-20,1.20973625747411,0.585,0.185,2.20830567528224e-16,"LY96"
1.11218336692425e-20,1.20677629315799,0.637,0.265,2.3023307878699e-16,"SNAP29"
1.67401291311566e-19,1.20653766288958,0.602,0.218,3.46537413144073e-15,"PAFAH1B3"
6.910431122665e-33,1.2065000790066,0.839,0.464,1.43052834670288e-28,"GTF3A"
2.57365010098706e-20,1.20648968401504,0.669,0.294,5.32771307405331e-16,"JAGN1"
4.91764355858885e-11,1.20540458270881,0.251,0.043,1.01800139306348e-06,"GRPEL2"
1.9162719755772e-15,1.2047910911929,0.346,0.062,3.96687461664236e-11,"HAUS1"
8.97268270563354e-18,1.20478723852103,0.452,0.109,1.8574350468932e-13,"CDK12"
1.16631209284567e-26,1.20120796775549,0.735,0.341,2.41438266339981e-22,"AK6"
3.2404301694208e-24,1.20027701414815,0.702,0.299,6.708014493718e-20,"OCEL1"
1.69842723011165e-13,1.19945126498168,0.354,0.081,3.51591420905414e-09,"CDK5"
2.18250353346088e-16,1.19897831148396,0.429,0.109,4.51800056461737e-12,"GAR1"
5.1120697842643e-47,1.19868198148592,0.941,0.654,1.05824956604055e-42,"GRINA"
8.74655798348452e-13,1.19728062662576,0.321,0.071,1.81062496816113e-08,"BRD8"
4.47884965431781e-30,1.19640161107145,0.784,0.403,9.27166666940329e-26,"AHCY"
1.16771223578599e-17,1.19581827543319,0.528,0.166,2.41728109930058e-13,"ARFIP2"
8.29779176236548e-23,1.19560631758356,0.705,0.303,1.71772587272728e-18,"AOX1"
8.81272870012106e-44,1.19546441070391,0.917,0.588,1.82432296821206e-39,"DYNLRB1"
1.62362558458424e-22,1.19315700050545,0.624,0.223,3.36106732264784e-18,"MED10"
1.23406123576268e-17,1.19304291062267,0.543,0.19,2.55463016415232e-13,"BAIAP2"
4.66190723917448e-11,1.1926360182696,0.296,0.071,9.65061417581509e-07,"C5orf63"
3.71212582129701e-62,1.19243402865994,1,0.972,7.68447166266694e-58,"TXN"
4.01685337707362e-19,1.19236893079999,0.514,0.156,8.3152881758801e-15,"EPRS"
4.20010462752119e-14,1.19235436236107,0.44,0.133,8.69463658943161e-10,"ACOT8"
1.52365078165408e-20,1.1920166756159,0.638,0.237,3.15410948310211e-16,"SNX5"
4.40184794992277e-23,1.19146796496597,0.713,0.313,9.11226544113512e-19,"RTFDC1"
4.73353039014777e-19,1.19140650993789,0.58,0.204,9.79888126064491e-15,"SF3B4"
2.60192264731308e-10,1.19083546273756,0.271,0.062,5.38624007220282e-06,"FAM175A"
1.05621358817369e-76,1.18832891396969,1,0.981,2.18646774887835e-72,"CD74"
3.91542168319043e-09,1.18779650597422,0.267,0.071,8.1053144263725e-05,"LEMD2"
2.62920292453708e-34,1.18727693545845,0.865,0.498,5.44271297408421e-30,"MRPS16"
2.34281854610584e-27,1.1869908527165,0.746,0.327,4.84986867229369e-23,"CD9"
2.92899378511099e-32,1.18623693022789,0.833,0.455,6.06331003455827e-28,"SYF2"
1.42776841479475e-47,1.18519579845755,0.944,0.716,2.95562339546661e-43,"SERBP1"
9.84417030932578e-12,1.18435164906218,0.345,0.095,2.03784169573353e-07,"TAF2"
4.05382400449085e-31,1.18368550644623,0.803,0.389,8.39182107169651e-27,"PSMC4"
2.13868379700923e-24,1.18364453190488,0.627,0.204,4.42728932818881e-20,"PRMT1"
2.9241965173991e-08,1.18234062107452,0.293,0.1,0.000605337921066788,"USP39"
1.48191531241449e-17,1.18089669495165,0.484,0.133,3.06771288822923e-13,"NFKBIL1"
3.55672909989445e-17,1.18087500176358,0.489,0.142,7.3627849096915e-13,"RNASEH1"
1.4248423280476e-19,1.17978252830313,0.642,0.275,2.94956610329134e-15,"DCTN2"
9.78952712085412e-22,1.17966271271909,0.695,0.303,2.02653000928801e-17,"PDAP1"
5.2386001541515e-12,1.17947844231028,0.394,0.123,1.0844426179109e-07,"FOXRED1"
3.76282821879381e-24,1.17833047289563,0.735,0.384,7.78943069572507e-20,"DDAH2"
1.71258054893739e-74,1.17821240589288,1,0.957,3.54521299435529e-70,"RPL5"
9.9156815933372e-41,1.1780160772412,0.915,0.621,2.05264524663673e-36,"TECR"
1.1851942322069e-16,1.17789716306994,0.551,0.199,2.4534705800915e-12,"TIMM9"
1.10134420119063e-28,1.17722810320248,0.79,0.408,2.27989263088473e-24,"MRPS33"
1.86311702859777e-11,1.17713147327719,0.355,0.109,3.85683856090025e-07,"PRPS2"
1.46681445786499e-17,1.17485050162789,0.435,0.1,3.03645260922631e-13,"CASC3"
3.74282111873238e-26,1.17420014657166,0.744,0.327,7.74801399788789e-22,"LINC00116"
3.28458190355837e-34,1.17412874378273,0.863,0.507,6.79941299855619e-30,"MDH1"
5.89662763131871e-09,1.17223200448865,0.278,0.081,0.000122066088595929,"PRKCZ"
8.37810604978492e-28,1.17166603900943,0.784,0.384,1.73435173336598e-23,"XRCC6"
2.80054329182042e-58,1.17162675133882,1,0.886,5.79740466839745e-54,"DCXR"
1.22568063258612e-13,1.17152759403573,0.429,0.133,2.53728147751652e-09,"COA1"
1.69671791781367e-27,1.16967741807284,0.766,0.374,3.51237576166609e-23,"NDUFA8"
1.10637890597617e-22,1.16899488501297,0.695,0.336,2.29031497326126e-18,"SYBU"
6.67395945696031e-75,1.16888034119171,1,0.938,1.38157634718535e-70,"PRDX1"
9.39698150137268e-21,1.16884401730818,0.589,0.204,1.94526914059916e-16,"EPB41L4A-AS1"
4.43158242460181e-29,1.16562532422769,0.84,0.436,9.17381877716821e-25,"NIT2"
1.03642233122508e-14,1.16560647020514,0.39,0.095,2.14549786786904e-10,"MRRF"
3.35715439010577e-19,1.165058973086,0.564,0.185,6.94964530295795e-15,"SNX10"
1.64589674966111e-22,1.16413302865377,0.609,0.199,3.40717086147346e-18,"EFR3A"
4.74217345594483e-73,1.16388258161495,1,0.919,9.81677327115139e-69,"RPS3A"
1.84798902536502e-14,1.16350036946305,0.474,0.161,3.82552208140813e-10,"PXMP4"
8.67642715729196e-20,1.16322535887556,0.525,0.142,1.79610718583101e-15,"SDCCAG8"
1.55293329698021e-24,1.16239820994773,0.746,0.318,3.21472721807873e-20,"NSFL1C"
6.29153471612814e-13,1.16175658590612,0.355,0.09,1.30241060158569e-08,"MED7"
6.7692175092814e-23,1.16136099714402,0.711,0.318,1.40129571659634e-18,"RPF2"
2.52125940078465e-68,1.16119803206225,0.995,0.877,5.21925908556431e-64,"TBCA"
3.97559596238643e-11,1.16113089481513,0.321,0.085,8.22988120173614e-07,"MZT1"
1.5852590415436e-19,1.15925591859406,0.635,0.28,3.28164474189941e-15,"NFE2L1"
4.54381072461753e-18,1.15914404433865,0.499,0.152,9.40614258103076e-14,"LIN7A"
8.88777914955729e-22,1.1590963141809,0.556,0.161,1.83985916174985e-17,"GLT8D1"
4.34624387461652e-15,1.15823907465327,0.472,0.156,8.99715944484366e-11,"DNAJA3"
7.25707361347406e-23,1.15816547446261,0.668,0.261,1.50228680872527e-18,"OSER1"
3.04920831356961e-23,1.15782475620281,0.656,0.251,6.31216612992045e-19,"PIGP"
1.9089411349493e-38,1.15738351839029,0.919,0.611,3.95169904345854e-34,"DUSP23"
2.97955853378878e-20,1.1566132285658,0.642,0.27,6.16798412079616e-16,"CDK4"
2.85792935891981e-12,1.1558063695737,0.326,0.076,5.91619956589989e-08,"NOA1"
8.63194305261679e-20,1.15555583120096,0.68,0.322,1.7868985313222e-15,"MTX1"
2.50866590621354e-16,1.15357725715507,0.447,0.118,5.19318929245264e-12,"EIF2D"
7.12747686922456e-70,1.15318554915247,1,0.967,1.47545898669818e-65,"SOD1"
5.12116744612506e-28,1.15270422528997,0.897,0.607,1.06013287302235e-23,"ZFAS1"
3.23318030892117e-17,1.15229194243629,0.442,0.109,6.69300655749772e-13,"COMMD8"
8.67817369284662e-11,1.15208628445722,0.315,0.085,1.79646873615618e-06,"EFNA4"
1.90422243523166e-30,1.15112042667835,0.856,0.379,3.94193086317307e-26,"APCS"
3.42238384234167e-12,1.15048913196416,0.299,0.062,7.08467679203149e-08,"TGS1"
1.44664806471979e-21,1.15047063694663,0.691,0.303,2.99470615877643e-17,"THUMPD3-AS1"
1.67429087988013e-23,1.15032853366359,0.696,0.294,3.46594955043986e-19,"PPM1G"
5.00688458815565e-13,1.1494074417685,0.353,0.09,1.0364751785941e-08,"DNMT1"
3.058348236365e-46,1.14736396388294,0.957,0.649,6.33108668409919e-42,"MRPL51"
3.30073697290285e-12,1.14693622675947,0.346,0.09,6.83285560760619e-08,"SRFBP1"
8.26481597011674e-13,1.14655134869276,0.334,0.076,1.71089955397387e-08,"UNC45A"
1.53028740389743e-13,1.1450723077854,0.33,0.066,3.16784795480807e-09,"FARS2"
1.50421578371875e-55,1.14397681219188,0.974,0.773,3.11387709387619e-51,"TRMT112"
3.25072227376723e-11,1.14396829103397,0.346,0.1,6.72932017892554e-07,"ATG10"
1.43769522113349e-36,1.1421913994296,0.886,0.578,2.97617287726843e-32,"MRPS15"
1.081386510499e-26,1.14171415483402,0.808,0.436,2.23857821538398e-22,"CISD2"
3.12802069807379e-98,1.13944533152423,1,0.995,6.47531564708256e-94,"RPLP1"
6.84808506273e-26,1.13870830086568,0.783,0.436,1.41762208883574e-21,"MRPS26"
1.6506517943409e-12,1.13441230909622,0.433,0.152,3.41701427946509e-08,"NSDHL"
4.51301362674945e-49,1.1339898007009,0.973,0.735,9.34238950873403e-45,"MRPS21"
1.38849071823108e-20,1.13223256008681,0.666,0.299,2.87431463581016e-16,"IMP3"
4.54919276585058e-14,1.13173570046405,0.482,0.175,9.41728394458729e-10,"C12orf45"
1.30446316046338e-13,1.1316989718868,0.426,0.137,2.70036918847525e-09,"SURF6"
4.88477901612163e-10,1.13002617214007,0.382,0.142,1.01119810412734e-05,"MRPL49"
1.20216179814096e-22,1.12947009838569,0.721,0.374,2.48859513833161e-18,"CPNE3"
1.87420418711049e-09,1.1290381299661,0.266,0.066,3.87979008773743e-05,"DTD1"
9.97981957910598e-36,1.12799940453751,0.903,0.555,2.06592245107073e-31,"UQCC2"
3.69020961225814e-08,1.1279222777781,0.251,0.071,0.000763910291833558,"ICK"
4.89916466486253e-29,1.12687585810556,0.802,0.436,1.01417607727319e-24,"RSL1D1"
4.91700977730303e-64,1.1243303072411,0.993,0.834,1.0178701939995e-59,"TOMM7"
1.11842025396107e-20,1.12406702895459,0.461,0.09,2.31524176772482e-16,"AP006621.5"
6.04274427090048e-16,1.12328471580825,0.379,0.076,1.25090849151911e-11,"UBLCP1"
1.95767719143402e-12,1.12307526129465,0.385,0.114,4.05258755398757e-08,"USP3"
4.87430027322981e-14,1.12305325314636,0.396,0.104,1.0090288995613e-09,"PNMA6A"
5.34011727002329e-12,1.12148990576915,0.313,0.071,1.10545767606752e-07,"CDC25B"
2.61724258839688e-18,1.12072807417272,0.47,0.114,5.41795388224039e-14,"WDR77"
2.54567380324914e-11,1.12036400352214,0.341,0.095,5.26979934010605e-07,"WBSCR27"
1.89683802816211e-28,1.12026389912157,0.823,0.455,3.92664440209839e-24,"UBE2V2"
1.188309645865e-09,1.12017155050991,0.276,0.071,2.45991979790513e-05,"SOX12"
6.91549641357144e-29,1.12016776362666,0.716,0.256,1.43157691257342e-24,"NT5C3B"
8.20437296014097e-12,1.1199304269626,0.321,0.081,1.69838724647878e-07,"ZC3H3"
2.87607112443789e-19,1.11862896496288,0.642,0.261,5.95375483469888e-15,"SCOC"
2.51247781312566e-21,1.11734471088224,0.751,0.36,5.20108032095142e-17,"RAB8A"
1.1403324508521e-74,1.11732959488032,1,0.981,2.36060220650893e-70,"RPL36A"
5.3359706950992e-25,1.11562050719284,0.777,0.389,1.10459929359249e-20,"ILF2"
1.06452999469113e-30,1.11470616109832,0.862,0.588,2.20368354201011e-26,"VMP1"
3.20648756568854e-14,1.11463548771228,0.546,0.223,6.63774990973185e-10,"NCOA2"
3.92764686416592e-25,1.11425356373107,0.726,0.332,8.13062177350987e-21,"POLR1D"
5.23674841006897e-16,1.11307002568786,0.513,0.166,1.08405928836838e-11,"MAN1B1"
2.36499371077359e-12,1.11305096882383,0.344,0.085,4.89577348067241e-08,"WDYHV1"
7.84646727756061e-18,1.11248809982107,0.538,0.175,1.62429719112782e-13,"DDX56"
9.18278506973961e-12,1.11201899939863,0.368,0.109,1.9009283372868e-07,"ABCA8"
6.40858797095275e-11,1.11170677570408,0.361,0.114,1.32664179586693e-06,"EDEM2"
5.45350445377112e-09,1.11167765945579,0.266,0.071,0.000112892995697516,"METTL13"
1.85424864816006e-33,1.11156227345506,0.879,0.54,3.83848012655615e-29,"PAIP2"
7.8499904177919e-10,1.11061411302981,0.371,0.133,1.6250265163871e-05,"HN1L"
2.45059433329766e-12,1.11038329191233,0.306,0.062,5.07297532935949e-08,"PIGBOS1"
7.79754323776408e-17,1.1102784413439,0.543,0.19,1.61416942564954e-12,"PDXK"
3.25618553065198e-18,1.1099657570915,0.528,0.166,6.74062966700266e-14,"ZMAT5"
7.82677771006689e-26,1.10902927555285,0.698,0.227,1.62022125376095e-21,"TCEAL8"
7.1311295741151e-37,1.10795772647115,0.884,0.507,1.47621513313757e-32,"C12orf57"
4.13061951289101e-36,1.10777333736011,0.898,0.555,8.55079545363568e-32,"HNRNPA3"
1.08826128352336e-23,1.10760541452515,0.615,0.194,2.25280968302171e-19,"CHMP4A"
7.61152787810462e-30,1.10636328476021,0.801,0.436,1.57566238604644e-25,"EID1"
1.28367170967236e-10,1.10584695102291,0.287,0.066,2.65732880619276e-06,"RNF44"
3.27884824990255e-17,1.10556978866688,0.507,0.156,6.78754376212326e-13,"GMPS"
1.37419062292504e-47,1.10537144466795,0.969,0.787,2.84471200851712e-43,"POLR2K"
2.93155489051448e-08,1.10475000149034,0.265,0.081,0.000606861177885403,"POLR2D"
1.14509947011847e-48,1.10411539251456,0.975,0.739,2.37047041309225e-44,"RPS4Y1"
6.674478121964e-16,1.10373542965055,0.467,0.133,1.38168371602777e-11,"FHIT"
6.13480329719608e-23,1.10367073732569,0.646,0.256,1.26996563055256e-18,"ERI3"
9.19227807050612e-23,1.10364559384211,0.782,0.417,1.90289348337547e-18,"SARS"
3.4628507065575e-31,1.10295015121436,0.868,0.588,7.16844724764469e-27,"MPLKIP"
7.19442637154721e-21,1.10183682885019,0.658,0.27,1.48931820317399e-16,"LUC7L3"
1.03974504189359e-11,1.09936877461982,0.341,0.09,2.15237621122392e-07,"TBC1D1"
1.30182273009236e-16,1.09897435943975,0.536,0.19,2.69490323356419e-12,"EIF2S1"
6.52886901382866e-36,1.09832545992235,0.921,0.616,1.35154117455267e-31,"ALDOA"
3.5983221044748e-13,1.09812209382471,0.371,0.1,7.44888658847328e-09,"ANXA9"
2.47226514413769e-17,1.09657646451876,0.597,0.232,5.11783607487942e-13,"MRPS22"
1.27305773052775e-14,1.09555037927304,0.505,0.185,2.6353568079655e-10,"ZNF622"
7.13081107364638e-12,1.09543372168604,0.309,0.071,1.47614920035554e-07,"SNAPC2"
2.96265996967199e-16,1.09525872042893,0.54,0.185,6.13300240321798e-12,"SLC38A10"
3.18203393551012e-28,1.09522288308752,0.859,0.517,6.58712844989949e-24,"SSBP1"
8.62654729291534e-09,1.09325077563181,0.319,0.109,0.00017857815551064,"GNAI1"
1.04797660637538e-12,1.09080815120939,0.346,0.085,2.16941637285768e-08,"PGAP2"
3.47210998190252e-10,1.08976972922628,0.393,0.152,7.1876148735364e-06,"ORC4"
6.42171567672707e-19,1.08887839739812,0.619,0.256,1.32935936223927e-14,"ZCCHC6"
3.11821979444866e-11,1.08752522420002,0.308,0.076,6.45502679648818e-07,"GPATCH3"
3.17887805121147e-11,1.08651876531153,0.466,0.19,6.58059545381287e-07,"COPS2"
1.35805829106364e-29,1.08556407354453,0.77,0.341,2.81131646833083e-25,"DDX18"
4.25877126158235e-12,1.084374274871,0.334,0.081,8.81608238860162e-08,"RRP8"
9.87224856007536e-28,1.08310234933523,0.837,0.474,2.0436541744212e-23,"RAB13"
8.12347459400069e-19,1.07988961270588,0.576,0.204,1.68164047570408e-14,"GLRX2"
8.38183961635686e-12,1.07767404694162,0.432,0.156,1.73512461898203e-07,"UBA5"
2.33935993792083e-41,1.07657008034915,0.947,0.621,4.84270900748991e-37,"PPA1"
4.89671064025202e-64,1.07485062149122,1,0.919,1.01366806963857e-59,"HSP90AB1"
1.85547706108906e-09,1.07471665814926,0.267,0.066,3.84102306416047e-05,"ZDHHC16"
7.68176670441803e-36,1.074178839863,0.892,0.649,1.59020252548158e-31,"GRN"
3.10513446919391e-17,1.07207826646889,0.581,0.218,6.42793886467831e-13,"SRSF1"
1.10740184028909e-21,1.07008221700904,0.629,0.237,2.29243254958245e-17,"PDCD2"
7.92340281465311e-23,1.06893069423229,0.725,0.374,1.64022361666134e-18,"GLYCTK"
2.36833430296426e-12,1.0684995390566,0.325,0.076,4.90268884056631e-08,"BAP1"
2.54618901009811e-20,1.06829876183015,0.727,0.365,5.27086586980409e-16,"PSMC2"
5.25799336621603e-19,1.06798493842771,0.61,0.232,1.08845720674038e-14,"DAP"
7.01622399584595e-16,1.06759891016537,0.598,0.261,1.45242852938007e-11,"FASTK"
1.11107036537213e-19,1.06724616818239,0.694,0.336,2.30002676335685e-15,"ASNA1"
1.74002130635449e-10,1.06660243269533,0.259,0.052,3.60201810628443e-06,"FUNDC1"
2.02424188423241e-15,1.06543796370676,0.344,0.057,4.19038312454952e-11,"PRMT5"
1.29374118304178e-26,1.06420882926822,0.787,0.379,2.67817362301479e-22,"FXR1"
1.95580322012543e-16,1.06316154961182,0.576,0.223,4.04870824598165e-12,"PTGES2"
2.3916730433602e-09,1.06292976296182,0.273,0.071,4.95100236705996e-05,"E4F1"
4.69059985810806e-30,1.06224804355995,0.874,0.517,9.71001076626949e-26,"SNRPD3"
7.34862687889714e-23,1.06160759464097,0.789,0.45,1.5212392502005e-18,"EIF3J"
4.10800701304035e-10,1.06130942042473,0.279,0.066,8.50398531769482e-06,"SPSB2"
1.56994551572063e-20,1.06095916227916,0.667,0.303,3.24994421209327e-16,"GPRC5C"
6.4128113056994e-27,1.0608889191122,0.831,0.474,1.32751606839283e-22,"PSMD7"
1.41703819037393e-32,1.06035935990789,0.839,0.474,2.93341075789308e-28,"TMEM167A"
3.07907990182856e-11,1.05868848282908,0.468,0.194,6.37400330477531e-07,"HPS1"
2.54558330414322e-18,1.05851793178538,0.564,0.204,5.26961199790688e-14,"MAGED1"
1.02411768633172e-13,1.05753826457258,0.379,0.095,2.1200260224753e-09,"NPRL2"
3.30437974528531e-09,1.05737660111357,0.296,0.09,6.84039651071512e-05,"RPIA"
1.40365573995339e-10,1.0560558076379,0.298,0.076,2.90570774727751e-06,"RRNAD1"
1.29088919123408e-17,1.05595911070988,0.632,0.28,2.67226971477367e-13,"RFC1"
1.55991335226779e-18,1.05591378985403,0.548,0.18,3.22917663052956e-14,"NADK"
6.77400261375559e-26,1.0547641647402,0.741,0.336,1.40228628107354e-21,"RALY"
1.16311633580852e-13,1.05320285534739,0.399,0.114,2.40776712675722e-09,"GRWD1"
2.57328603977031e-21,1.05301756361209,0.704,0.332,5.32695943092852e-17,"APEX1"
3.00391172227146e-20,1.05241462568335,0.555,0.161,6.21839765627415e-16,"REPIN1"
1.36633644854762e-12,1.05080805285267,0.512,0.223,2.82845308213843e-08,"DIAPH1"
9.44054961363981e-13,1.04948819987686,0.481,0.19,1.95428817551958e-08,"RTCA"
1.64541362462852e-12,1.0491882992556,0.334,0.081,3.4061707443435e-08,"RFTN1"
6.49262650770329e-45,1.04872972584695,0.952,0.725,1.34403861335966e-40,"LAMTOR5"
9.69546816498483e-19,1.04793843396591,0.553,0.19,2.00705886483351e-14,"RRP7A"
1.53516737516342e-17,1.04730759734831,0.502,0.152,3.17794998332579e-13,"NPEPPS"
4.03870403208187e-15,1.0472802995167,0.487,0.156,8.36052121681267e-11,"TMED1"
2.17938885942351e-09,1.04590096209546,0.301,0.09,4.51155287789261e-05,"SGF29"
2.81166240433005e-24,1.04584331494232,0.81,0.445,5.82042234320363e-20,"PPP1CC"
8.4158914559201e-17,1.04560795495809,0.535,0.18,1.74217369029002e-12,"SNRPA1"
1.62294953295552e-22,1.0453672823394,0.677,0.275,3.35966782817121e-18,"CUEDC2"
1.24030671376865e-24,1.04477622150438,0.78,0.408,2.56755892817249e-20,"RNF7"
2.13184341843708e-10,1.04438528298958,0.324,0.095,4.4131290605066e-06,"OXNAD1"
2.68965327832606e-16,1.04296563036072,0.545,0.194,5.56785125146278e-12,"C1orf35"
2.2366025866547e-43,1.04292861749095,0.942,0.706,4.6299910146339e-39,"SSR3"
1.37784676067894e-15,1.04201150931431,0.39,0.09,2.85228057928147e-11,"LYAR"
2.05908250600358e-36,1.04173217289647,0.929,0.668,4.262506695678e-32,"SNU13"
3.01638421555532e-19,1.04140334304501,0.747,0.374,6.24421696462107e-15,"PFDN4"
1.89897717790322e-14,1.04122167915596,0.389,0.095,3.93107265597745e-10,"CEP63"
5.45383770340723e-30,1.04115980518621,0.836,0.488,1.12899894298233e-25,"COPS6"
2.03826308275514e-18,1.03985705387986,0.612,0.242,4.21940840761142e-14,"RPP25L"
4.80178531577887e-10,1.0385841329184,0.319,0.095,9.94017578219383e-06,"NAGPA"
1.88558730970785e-08,1.03802903061178,0.264,0.076,0.000390335428982622,"KANSL1"
5.89372518757386e-29,1.03778239879679,0.817,0.46,1.22006005107966e-24,"SEC11A"
1.82670084286518e-15,1.0374351852352,0.475,0.147,3.78145341481522e-11,"CCDC174"
1.91485941290444e-14,1.03694377179792,0.415,0.114,3.96395047065349e-10,"FAM134C"
4.19645546393625e-87,1.03665306012126,1,0.995,8.68708245589444e-83,"RPS18"
5.47456376901305e-30,1.03661031314534,0.794,0.393,1.13328944582339e-25,"SYNGR2"
8.62213129008951e-11,1.03605463061646,0.278,0.062,1.78486739836143e-06,"FAM83D"
1.57449371492115e-13,1.03509854777231,0.431,0.137,3.25935943925826e-09,"PET117"
1.48153555313967e-20,1.03506071340842,0.764,0.408,3.06692674855443e-16,"EIF2S3"
2.17078574529842e-09,1.03479542137468,0.298,0.09,4.49374357134226e-05,"TMEM55B"
8.93203360311575e-12,1.03465670958492,0.304,0.066,1.84902027618099e-07,"TEX2"
1.58500739049725e-13,1.03428911751959,0.502,0.19,3.28112379906835e-09,"PLA2G12A"
1.76456985234813e-16,1.0333714719503,0.526,0.18,3.65283605134587e-12,"GNL2"
3.24302505957364e-30,1.03332775719831,0.89,0.597,6.7133861758234e-26,"NDUFB5"
2.68781363491999e-13,1.03248065255352,0.399,0.114,5.56404300564787e-09,"HRAS"
5.78157578259884e-11,1.03176591499856,0.343,0.1,1.19684400275579e-06,"CRNKL1"
1.24730101501216e-14,1.03166562568498,0.448,0.133,2.58203783117668e-10,"PBDC1"
1.49486802814651e-18,1.03083414412347,0.613,0.242,3.0945263050661e-14,"PEX2"
1.31460118178001e-18,1.02888993020878,0.643,0.28,2.7213559064028e-14,"SPNS1"
4.84026706257855e-20,1.02885619579454,0.701,0.303,1.00198368462439e-15,"AFMID"
2.50179671780171e-17,1.02852228233031,0.528,0.166,5.17896938552133e-13,"RIPK2"
9.50229568353201e-09,1.02821819166993,0.31,0.104,0.000196707022944796,"ZCCHC7"
2.11556822224349e-18,1.02744793092919,0.683,0.332,4.37943777686625e-14,"POLD2"
1.06725592502115e-17,1.02642953009966,0.587,0.232,2.20932649038629e-13,"AIP"
3.86925946165494e-13,1.02535603626879,0.322,0.066,8.0097540115719e-09,"SHISA4"
7.38597721873874e-13,1.02490488004063,0.387,0.114,1.52897114405111e-08,"PYCR2"
1.13378862846043e-15,1.02488588688906,0.438,0.118,2.34705583977594e-11,"CCDC57"
3.54990793454066e-61,1.02397508365828,0.999,0.929,7.34866441529262e-57,"PPIA"
5.03792437232424e-33,1.02329405136852,0.886,0.592,1.04290072431484e-28,"YIF1A"
1.09990806205874e-26,1.02329082106377,0.843,0.488,2.27691967926779e-22,"MZT2A"
2.8151536048076e-29,1.02189061273713,0.861,0.536,5.82764947731222e-25,"ADRM1"
2.69873789257354e-24,1.02171495801929,0.828,0.517,5.58665731141648e-20,"GLO1"
1.29675544571532e-19,1.01849529264209,0.693,0.313,2.68441344817528e-15,"HSPA4"
3.74690068528284e-12,1.01766272179182,0.383,0.114,7.75645910860402e-08,"STYXL1"
9.20666620189106e-10,1.01648130193462,0.293,0.081,1.90587197045347e-05,"ICE1"
3.69768485187053e-19,1.01625594909801,0.66,0.265,7.65457741185718e-15,"DDX1"
5.63498672691372e-36,1.01585605197539,0.93,0.611,1.16649860233841e-31,"EIF3I"
1.7209750649354e-22,1.01546087757119,0.774,0.398,3.56259048192277e-18,"MRPL47"
2.1124259505629e-13,1.01541239680234,0.517,0.218,4.37293296026026e-09,"ACOX2"
1.75880938202768e-13,1.01479112691739,0.539,0.232,3.6409113017355e-09,"ABCC3"
4.7772618085202e-16,1.01362913199827,0.585,0.232,9.88940966981766e-12,"AKT1S1"
2.34148780315025e-12,1.01293879546668,0.397,0.123,4.84711390130133e-08,"RMND1"
1.57272940169069e-10,1.0129227695488,0.275,0.062,3.2557071344399e-06,"HEMK1"
5.24717809155798e-29,1.01188422351348,0.903,0.602,1.08621833673342e-24,"NAP1L1"
1.1079465260831e-08,1.01177848432528,0.27,0.076,0.000229356010364463,"MFN1"
6.27398177886847e-37,1.00927309850944,0.933,0.649,1.29877696804356e-32,"BRK1"
1.43469107807779e-28,1.00870232929858,0.872,0.545,2.96995400072884e-24,"PFDN6"
1.11555985385908e-21,1.00815759605867,0.674,0.265,2.30932045347369e-17,"RUVBL2"
6.51676256628925e-31,1.00735739053572,0.934,0.697,1.34903501884754e-26,"EIF2S2"
7.06187411870434e-11,1.00624017648553,0.268,0.052,1.46187856131298e-06,"KDM1A"
1.94605501956502e-08,1.00553284741285,0.306,0.104,0.000402852849600155,"EXOSC8"
1.19791027616215e-10,1.00512791598233,0.255,0.047,2.47979406268328e-06,"PRAF2"
9.82447087789321e-28,1.00494179232898,0.824,0.46,2.03376371643267e-23,"UBE2D2"
5.81812031505655e-17,1.00493536115107,0.512,0.156,1.20440908641986e-12,"GLB1"
1.96559020471634e-21,1.00459777163439,0.676,0.294,4.06896828278329e-17,"TRAPPC6A"
1.17751244693e-37,1.0040889468797,0.967,0.611,2.43756851638979e-33,"PPIB"
1.98465404515013e-29,1.00390627963359,0.824,0.436,4.10843233886528e-25,"H2AFY"
5.41644612544764e-10,1.00389980374427,0.335,0.104,1.12125851242892e-05,"ABCB7"
3.59389220507969e-17,1.00366974943888,0.611,0.261,7.43971625373547e-13,"XRN2"
2.50244971519878e-21,1.00284234533915,0.772,0.45,5.180321155433e-17,"AKR7A2"
1.40907127261091e-24,1.00197250772119,0.827,0.455,2.91691844143184e-20,"CISD1"
1.41432137043383e-21,1.00087900642565,0.729,0.365,2.92778666893506e-17,"TOMM40"
3.90448973140975e-08,0.999780421214523,0.259,0.076,0.000808268419299133,"BNIP1"
4.99850803620906e-16,0.999079368338818,0.617,0.27,1.03474114857564e-11,"ZCCHC10"
2.0768959189226e-23,0.999055448478966,0.687,0.265,4.29938224176168e-19,"RCN1"
1.30725950117593e-77,0.998507474112198,1,0.972,2.70615789338428e-73,"RPS4X"
1.44452973011626e-07,0.997853770111758,0.269,0.09,0.00299032099431367,"RALGAPB"
6.91578800145952e-14,0.997237551492318,0.46,0.156,1.43163727418214e-09,"TMEM203"
3.6031222978459e-09,0.996797320701026,0.274,0.076,7.4588234687708e-05,"NUPL2"
1.54747301372455e-15,0.994578864101137,0.659,0.313,3.20342388571119e-11,"METTL5"
1.04437227232396e-11,0.994406929468193,0.372,0.114,2.16195504093784e-07,"GPN1"
1.2441319728261e-10,0.99359243892524,0.316,0.085,2.57547759694732e-06,"SLC25A17"
6.91236922947043e-16,0.993054919277391,0.434,0.114,1.43092955419267e-11,"RNF145"
1.84929266652506e-21,0.992952679085279,0.74,0.36,3.82822074897352e-17,"FAM32A"
8.43302560058733e-14,0.992741017884739,0.48,0.166,1.74572062957758e-09,"IFT27"
1.53544639071398e-17,0.99225689221618,0.728,0.384,3.17852757341702e-13,"NARS"
7.36301429986472e-32,0.992121021048349,0.957,0.654,1.524217590215e-27,"UBD"
1.4776146544745e-15,0.991664030030627,0.612,0.256,3.05881009622766e-11,"PRELID3B"
5.88774293588848e-19,0.990599908771621,0.645,0.27,1.21882166515827e-14,"EBAG9"
4.74240427685576e-14,0.990442122543061,0.413,0.118,9.81725109351911e-10,"ACAD9"
2.04074133971711e-29,0.990361449064038,0.861,0.573,4.2245386473484e-25,"EIF3F"
6.99211364495212e-14,0.988900511082962,0.499,0.18,1.44743744564154e-09,"ZNF277"
4.60244051568991e-11,0.98831555606373,0.255,0.043,9.52751211152969e-07,"CA11"
8.44011295690887e-14,0.988075889210412,0.525,0.204,1.7471877832097e-09,"RP11-295G20.2"
2.57811437291093e-12,0.987146351305771,0.477,0.18,5.33695456336292e-08,"COMTD1"
3.89081013107428e-19,0.98634403962918,0.685,0.289,8.05436605233688e-15,"GTF2A2"
1.12003400890922e-21,0.985976448830578,0.774,0.436,2.31858240184298e-17,"NELFE"
4.34692863672835e-19,0.985832297451524,0.756,0.431,8.99857697089136e-15,"UBE2I"
2.77025156356887e-26,0.98570539080837,0.969,0.768,5.73469776174392e-22,"LDHA"
2.79640709464753e-15,0.984843408090141,0.572,0.232,5.78884232662985e-11,"POP4"
2.06518883509137e-13,0.98367120275616,0.393,0.109,4.27514740752264e-09,"HIST1H2BD"
3.63067811173014e-08,0.982977071113418,0.282,0.095,0.000751586675909256,"FAM98A"
2.78111067266554e-51,0.982733326659208,0.989,0.839,5.75717720348493e-47,"ATP5G3"
3.07960255885176e-10,0.982023937842639,0.281,0.066,6.37508525707903e-06,"ADORA2A-AS1"
3.84269259545717e-13,0.981999826473775,0.494,0.19,7.9547579418559e-09,"DNTTIP1"
4.87429640816888e-12,0.981992601282604,0.337,0.085,1.00902809945504e-07,"FADD"
1.57812481484133e-11,0.981565791457633,0.36,0.104,3.26687617920303e-07,"USP5"
2.23797689869233e-19,0.980521090208363,0.603,0.242,4.63283597798299e-15,"NDUFAF6"
4.13553261833268e-13,0.978252546150573,0.531,0.223,8.56096607321048e-09,"DYNLL2"
5.66949585978624e-17,0.97751479966905,0.646,0.299,1.17364233793435e-12,"MRPL4"
5.35461977756405e-12,0.977224644418907,0.434,0.152,1.10845984015353e-07,"LONP1"
4.21778141183117e-17,0.976773671456834,0.628,0.28,8.7312293006317e-13,"FUNDC2"
2.52951425293894e-16,0.976170838983019,0.586,0.237,5.2363474550089e-12,"HACL1"
2.24410161093077e-12,0.975632379675646,0.344,0.09,4.64551474478778e-08,"SLC35E1"
2.92041522248039e-14,0.975174448328804,0.486,0.171,6.04555155205666e-10,"PRPF38A"
5.46850951918908e-28,0.974813851679755,0.839,0.488,1.13203615556733e-23,"C9orf16"
1.04879694297853e-63,0.97447991530124,0.999,0.919,2.17111455165985e-59,"RPL10A"
7.59157481325282e-22,0.974372821926794,0.703,0.322,1.57153190209147e-17,"PDHA1"
1.20271892912329e-10,0.97375686941267,0.367,0.118,2.48974845517813e-06,"ZNF33A"
3.8021443608282e-09,0.972350186082095,0.296,0.09,7.87081904135046e-05,"MNAT1"
3.15112233339678e-12,0.971550659062913,0.432,0.152,6.52313834236467e-08,"GGPS1"
3.21402426824816e-16,0.970526711586636,0.649,0.294,6.65335163770051e-12,"CPQ"
1.11285742902312e-17,0.968670331590763,0.711,0.37,2.30372616382077e-13,"GLRX3"
4.45934997454287e-24,0.96579259024853,0.836,0.507,9.23130038230119e-20,"DNAJC19"
6.3701939308004e-27,0.964631761661601,0.868,0.607,1.31869384561499e-22,"C19orf60"
7.35173642368176e-11,0.964202564418199,0.383,0.133,1.52188295706636e-06,"SCLY"
2.63638459847324e-11,0.963295528633975,0.326,0.085,5.45757975729945e-07,"APOO"
2.2677469757372e-12,0.962465040686801,0.296,0.057,4.69446301447357e-08,"DONSON"
2.70871626245794e-19,0.96189013118477,0.789,0.46,5.60731353491418e-15,"SSB"
6.80754024782047e-11,0.961588859958483,0.297,0.071,1.40922890670131e-06,"PDCD11"
8.57792378941585e-20,0.961567449373702,0.628,0.237,1.77571600364698e-15,"B3GAT3"
1.39618344852338e-28,0.961367036177509,0.852,0.493,2.89023935678824e-24,"TMEM147"
1.03848777846244e-07,0.961028784020391,0.266,0.085,0.0021497735501951,"DEAF1"
3.43028315049754e-13,0.960905594970704,0.561,0.242,7.10102914984496e-09,"PSMG3"
1.11702032068199e-11,0.9597873798928,0.367,0.104,2.31234376584378e-07,"RNF26"
2.57437536940514e-24,0.958788486359617,0.854,0.545,5.32921445220558e-20,"VDAC2"
1.10634605914081e-10,0.958284478663886,0.279,0.062,2.2902469770274e-06,"RAP1GDS1"
6.85563694019766e-26,0.957593129829903,0.812,0.441,1.41918540299032e-21,"HM13"
8.69021514493263e-21,0.95632152451299,0.676,0.299,1.7989614371525e-16,"C7orf55"
3.98042468224271e-16,0.955808818395627,0.506,0.175,8.23987713471064e-12,"DNAJC2"
7.57881626573848e-21,0.955123117521095,0.769,0.427,1.56889075517052e-16,"SRA1"
3.26943571440225e-14,0.954998110217128,0.622,0.299,6.76805887238411e-10,"NTPCR"
1.76350319450893e-17,0.954994591130802,0.536,0.18,3.65062796295294e-13,"CCDC34"
4.86709671914095e-18,0.954769927878189,0.638,0.27,1.00753769182937e-13,"ADCK3"
3.78394110619546e-12,0.954661723281931,0.345,0.09,7.83313648393521e-08,"CTNNAL1"
1.19666985186743e-50,0.954195329114983,0.986,0.782,2.47722626035076e-46,"ATP6V0E1"
1.81098277320686e-14,0.95392223969179,0.605,0.27,3.74891543881553e-10,"C5orf15"
5.78761958612359e-17,0.952959470273818,0.621,0.261,1.19809513052344e-12,"ABHD12"
8.23971132495756e-41,0.952286166069153,0.95,0.711,1.70570264137946e-36,"EIF3K"
6.75378431485444e-14,0.951684337350395,0.441,0.133,1.39810089101802e-09,"PRMT2"
5.45626589686096e-17,0.950909901969674,0.587,0.227,1.12950160330919e-12,"CALCOCO2"
5.60664198631271e-08,0.950665868436947,0.381,0.166,0.00116063095758659,"AGA"
6.23684175862493e-15,0.949831840327105,0.449,0.137,1.29108861245295e-10,"MCCC1"
2.06871023971459e-14,0.949058393345502,0.51,0.185,4.28243706723316e-10,"RING1"
7.90988087074983e-18,0.947526504490462,0.692,0.322,1.63742443905392e-13,"RBBP4"
7.70820814361723e-16,0.946823514881182,0.64,0.299,1.5956761678102e-11,"DPM2"
1.28808933802545e-27,0.945206428678177,0.892,0.63,2.66647373864648e-23,"NDUFAB1"
1.50712970774333e-13,0.94456680009191,0.393,0.109,3.11990920799947e-09,"ACBD4"
4.98923174401902e-30,0.943975200930602,0.88,0.545,1.03282086332938e-25,"MYEOV2"
3.30543385351136e-10,0.943867375410317,0.358,0.118,6.84257862015387e-06,"MYO9B"
2.04511302434147e-19,0.94309695902492,0.706,0.351,4.23358847168928e-15,"CTNNA1"
4.94919778125665e-15,0.941826784689122,0.334,0.057,1.02453343269794e-10,"CHD7"
1.1006432991028e-15,0.941144271311654,0.429,0.109,2.27844169347271e-11,"DYNC1LI1"
3.77563436041651e-13,0.940965312717178,0.34,0.076,7.81594068949822e-09,"APPBP2"
2.08149424671457e-21,0.940189478361508,0.722,0.341,4.30890124012383e-17,"NSMCE1"
4.53221575575484e-15,0.93998275695126,0.479,0.156,9.38213983598808e-11,"BCL2L12"
3.31635361855507e-11,0.938244494476693,0.438,0.166,6.86518362577085e-07,"PPP1R35"
2.50254867876055e-13,0.937592414294159,0.513,0.199,5.18052601990222e-09,"CPPED1"
1.84443728964747e-12,0.937529369249902,0.435,0.147,3.81816963329922e-08,"COPS7A"
7.19841152696743e-41,0.936839775856631,0.976,0.801,1.49014317019753e-36,"NDUFB4"
6.7798362704545e-17,0.935432693469053,0.491,0.147,1.40349390634679e-12,"DCAF7"
3.57918388739915e-11,0.935021523234762,0.364,0.114,7.40926856530498e-07,"INO80C"
6.60064012358589e-12,0.934768991862893,0.454,0.171,1.36639851198352e-07,"PPARA"
9.72955135757506e-15,0.934683360166824,0.485,0.161,2.01411442653161e-10,"PPIL3"
1.91959938552844e-75,0.933581542512575,1,1,3.97376268798242e-71,"RPL32"
1.68823517683573e-17,0.933092859436579,0.545,0.18,3.49481563956764e-13,"PRKAG1"
1.10553909954896e-23,0.932827889930859,0.816,0.502,2.28857648997631e-19,"MRPL37"
1.6444106727221e-10,0.930537471205002,0.338,0.1,3.40409453360202e-06,"MAVS"
3.45442827846752e-11,0.928715945906227,0.414,0.142,7.15101197925561e-07,"ANKRA2"
2.14825994496913e-10,0.928349638269217,0.282,0.066,4.44711291208059e-06,"HES6"
3.6064537842929e-12,0.927012684997539,0.353,0.095,7.46571997886473e-08,"ZNF771"
7.91920133545144e-17,0.926814477884483,0.563,0.209,1.6393538684518e-12,"SAMM50"
1.38006305124784e-11,0.925533731661167,0.461,0.18,2.85686852238816e-07,"CD2BP2"
2.66709840348829e-16,0.924923090007714,0.616,0.265,5.52116040506112e-12,"SLC50A1"
2.86438646196661e-23,0.92470599907022,0.797,0.45,5.92956641491707e-19,"RAD23A"
7.62597955182164e-15,0.924273687465338,0.514,0.19,1.5786540270226e-10,"FBXO2"
6.44136036729988e-63,0.924123908061906,1,0.962,1.33342600963475e-58,"RPS5"
9.65373398272441e-14,0.923675439915601,0.619,0.294,1.99841947176378e-09,"TPRKB"
1.12592632950781e-16,0.921795294615496,0.699,0.379,2.33078009471412e-12,"NUBP2"
6.51430153221761e-09,0.921430893047254,0.266,0.071,0.000134852556018437,"TIMM21"
1.15301543329855e-10,0.921076046709934,0.287,0.066,2.38685724847132e-06,"SLC25A53"
2.67399069521706e-13,0.920593162625192,0.399,0.109,5.53542813816884e-09,"TUBGCP2"
1.2302867528326e-42,0.919639737327217,0.991,0.834,2.54681660703876e-38,"P4HB"
2.55705902173646e-14,0.919339360552808,0.495,0.175,5.29336788089664e-10,"EIF2B5"
1.8429654660436e-14,0.919010235006332,0.533,0.199,3.81512281125686e-10,"DAG1"
6.12464934042128e-07,0.918837334429953,0.265,0.095,0.0126786365996061,"DRG2"
1.9189136861121e-25,0.918661237598255,0.859,0.54,3.97234322162065e-21,"HNRNPDL"
1.30002534459414e-13,0.918535888912942,0.463,0.152,2.69118246584433e-09,"BPTF"
8.6215423805538e-18,0.918407670812846,0.673,0.336,1.78474548819844e-13,"LAP3"
2.83125190466956e-56,0.917663846035576,0.998,0.905,5.86097456785646e-52,"COX7A2"
2.63804437889583e-19,0.916594106995569,0.732,0.365,5.46101566875225e-15,"NUDT16"
6.01909460365012e-10,0.915283415521089,0.257,0.057,1.24601277390161e-05,"NUP155"
1.18217849301326e-34,0.914588347902481,0.959,0.744,2.44722769838676e-30,"SNRPE"
9.51648342319492e-25,0.914443121879905,0.834,0.55,1.97000723343558e-20,"MRPS34"
3.08960090380673e-21,0.914437677741753,0.865,0.55,6.39578283097031e-17,"LSM3"
7.29293520388275e-12,0.913139928613389,0.419,0.142,1.50971051655577e-07,"BRD7"
3.06614352712474e-67,0.912307271752693,1,0.948,6.34722371550092e-63,"RPS21"
3.57584124917496e-12,0.911720172985911,0.434,0.152,7.40234896991708e-08,"C1orf50"
2.57916777825337e-13,0.911444695257275,0.4,0.114,5.33913521776229e-09,"ZNF652"
5.58859355979889e-17,0.91113735172633,0.727,0.374,1.15689475281397e-12,"SRPRB"
4.37411225403609e-20,0.910773458695404,0.742,0.398,9.0548497770801e-16,"EIF2A"
2.28783960751845e-09,0.910600963286272,0.295,0.085,4.73605677152395e-05,"XPNPEP2"
1.52179305804592e-16,0.910338891284771,0.729,0.379,3.15026380946085e-12,"OLA1"
3.2229985870188e-13,0.909530756635528,0.456,0.156,6.67192937498761e-09,"NPLOC4"
5.71255805263758e-30,0.909363404375735,0.933,0.678,1.18255664247651e-25,"DECR1"
2.88055078859082e-14,0.908962972518429,0.628,0.303,5.96302818746186e-10,"FIBP"
7.21922815603508e-26,0.908904689492603,0.79,0.403,1.49445242058082e-21,"MARCKSL1"
4.33958030428291e-17,0.908841170141444,0.704,0.36,8.98336518789606e-13,"DAP3"
7.16923886189934e-62,0.907987328874888,1,0.976,1.48410413680178e-57,"RPS8"
1.22780722986093e-15,0.90790723585464,0.55,0.199,2.5416837465351e-11,"CIAO1"
3.45231507402014e-12,0.907328912619506,0.476,0.185,7.14663743472909e-08,"DHRSX"
7.69870713076256e-22,0.906634958528595,0.78,0.45,1.59370936313916e-17,"HAX1"
1.99793768938145e-63,0.905303982746593,1,0.943,4.13593081078854e-59,"RPL22"
8.46503175054356e-16,0.904904904739094,0.472,0.147,1.75234622268002e-11,"GTPBP4"
4.48762233311828e-10,0.902447069477053,0.39,0.142,9.28982699178815e-06,"SUGCT"
1.22165302325802e-17,0.901189440307315,0.679,0.322,2.52894392344643e-13,"CMTM8"
5.84706454717215e-15,0.90100568301277,0.541,0.209,1.21040083191011e-10,"SMARCB1"
1.58035584822698e-20,0.900628901959305,0.676,0.289,3.27149464141466e-16,"EIF4E"
1.99029509443744e-08,0.900464309223604,0.273,0.081,0.000412010987499494,"FANCF"
1.54653761238569e-35,0.899743866162945,0.999,0.806,3.20148751139962e-31,"FGG"
4.07390853688915e-14,0.899493414158763,0.524,0.204,8.43339806221423e-10,"SAE1"
1.63403356781998e-09,0.898338710644128,0.251,0.057,3.38261288874413e-05,"PRR5"
6.51090034019118e-08,0.898319612709501,0.255,0.076,0.00134782147942298,"NSF"
5.41195568251272e-15,0.897262746640342,0.644,0.336,1.12032894583696e-10,"RALBP1"
3.9315127904538e-09,0.896611688866478,0.26,0.066,8.13862462751842e-05,"HIRIP3"
8.85502949449228e-13,0.895131511761375,0.446,0.156,1.83307965565485e-08,"UBXN2B"
7.05068088428963e-15,0.895114427350068,0.48,0.156,1.4595614498568e-10,"CHCHD3"
6.77392278581793e-18,0.894934401696228,0.565,0.204,1.40226975589217e-13,"SLTM"
3.09249441308228e-16,0.89347292228524,0.502,0.161,6.40177268452163e-12,"JMJD6"
1.17333864264931e-07,0.893260034959476,0.287,0.1,0.00242892832414833,"DPP3"
1.24061199837621e-09,0.89312584673298,0.305,0.09,2.5681908978386e-05,"BRAT1"
1.48270826502719e-28,0.892722518464893,0.898,0.668,3.06935437943278e-24,"SCAND1"
6.14498398348023e-57,0.891668876034146,0.997,0.934,1.27207313442024e-52,"NACA"
1.25346955514931e-37,0.891593977335727,0.963,0.758,2.59480732611459e-33,"SLC25A6"
6.66893410767832e-17,0.891445698132579,0.554,0.19,1.38053604963049e-12,"ZRANB2"
5.41073601718041e-28,0.890888149244462,0.887,0.607,1.12007646291652e-23,"RAB7A"
6.40938910705934e-14,0.890786785725206,0.462,0.156,1.32680763905235e-09,"TPGS2"
6.3779507026306e-10,0.890371863734423,0.26,0.057,1.32029957495156e-05,"SAP30L"
7.13967663426885e-13,0.889837052899037,0.463,0.161,1.47798446005999e-08,"BRE"
3.82200985694504e-28,0.889623190867414,0.918,0.635,7.91194260486193e-24,"LINC00493"
2.51467866442471e-10,0.888579130821457,0.307,0.081,5.20563630322559e-06,"MCAT"
3.96728474125605e-14,0.88813821974071,0.503,0.18,8.21267614287416e-10,"PPID"
2.1769854788642e-11,0.887426763070931,0.396,0.128,4.50657763979678e-07,"UBTF"
3.24976014852001e-11,0.885858482657881,0.39,0.133,6.72732848345127e-07,"IKBKG"
3.14968043089822e-15,0.885574507427173,0.607,0.275,6.52015346000241e-11,"RNF213"
1.09644243662776e-23,0.884866329628081,0.862,0.54,2.26974548806313e-19,"HTATIP2"
4.46765350275982e-17,0.884676003331221,0.475,0.137,9.24848951606311e-13,"C8orf76"
1.72736104838577e-09,0.883496373849378,0.362,0.128,3.57581010626338e-05,"ASF1A"
2.74568985440436e-17,0.883246952781972,0.649,0.294,5.68385256760246e-13,"APEH"
7.02853687131635e-16,0.882637617038135,0.707,0.365,1.4549774177312e-11,"TCEAL4"
8.5091799555919e-15,0.882512760763967,0.457,0.142,1.76148534260708e-10,"AKAP8L"
1.53521870762312e-18,0.882489962434554,0.74,0.412,3.17805624665063e-14,"UBE2L6"
3.66802432673187e-22,0.88247147766976,0.872,0.602,7.59317715876765e-18,"TMEM14C"
2.2542225083297e-08,0.881114201693602,0.255,0.071,0.000466646601449332,"RP11-620J15.3"
2.54071113137794e-14,0.880784867901704,0.513,0.19,5.25952611306548e-10,"AARS"
5.82833242705897e-12,0.878390365233522,0.338,0.085,1.20652309572548e-07,"UBL4A"
6.29276126855033e-18,0.877331529952161,0.58,0.209,1.3026645102026e-13,"SSRP1"
9.83452662594787e-15,0.876761386472621,0.534,0.209,2.03584535683747e-10,"NBR1"
1.3990512338313e-15,0.876186856813305,0.709,0.384,2.89617595915418e-11,"THOC7"
9.69331568335913e-12,0.875748849682181,0.453,0.18,2.00661327961217e-07,"LARP1"
4.96366168738582e-78,0.875386430188434,1,0.986,1.02752760590574e-73,"COX7C"
1.00876097715686e-14,0.874234130043366,0.369,0.081,2.08823609881242e-10,"GPATCH8"
2.55526541093439e-10,0.87390903504622,0.328,0.095,5.28965492717528e-06,"THAP11"
1.03439109219744e-18,0.873598962462871,0.733,0.393,2.14129299995792e-14,"MALSU1"
1.11256989585944e-19,0.872112911071951,0.827,0.521,2.30313094141864e-15,"MEA1"
4.5710970099778e-16,0.87147215957243,0.583,0.237,9.46262792035504e-12,"VMA21"
3.45113827607674e-21,0.871401607562988,0.842,0.545,7.14420134530646e-17,"SULT1A1"
1.65317572878373e-11,0.870927955212482,0.427,0.152,3.42223907615521e-07,"MTIF2"
1.10261911728391e-31,0.870637281201692,0.943,0.692,2.28253183468941e-27,"SDCBP"
4.05857163002010e-09,0.869902119647798,0.261,0.066,8.4016491313046e-05,"TBC1D22A"
2.13259348444753e-14,0.868939931313081,0.522,0.19,4.41468177215483e-10,"LARP7"
3.0066234574567e-47,0.867709162011715,0.994,0.867,6.22401121928111e-43,"SKP1"
2.69423019551672e-11,0.867539645828567,0.385,0.123,5.57732592773916e-07,"ANAPC10"
1.38602426094556e-14,0.867169164105059,0.521,0.194,2.8692088225834e-10,"HLA-DMB"
7.71646600380408e-10,0.866675657510324,0.304,0.085,1.59738562744748e-05,"TSPAN17"
1.5470480483694e-35,0.864238343461237,0.957,0.796,3.2025441649295e-31,"ST13"
5.40927035509677e-24,0.863190447514458,0.962,0.777,1.11977305620858e-19,"HMGN2"
3.3801794218103e-09,0.862552750306791,0.347,0.123,6.9973094210895e-05,"PEX14"
3.93163729467448e-18,0.862205729492491,0.691,0.332,8.13888236370564e-14,"IMP4"
5.69206669732408e-17,0.860110198590247,0.657,0.308,1.17831472701306e-12,"PARP1"
2.072078481706e-20,0.859992163180087,0.813,0.512,4.28940966497959e-16,"TOMM22"
4.24312098441207e-11,0.859926685121331,0.371,0.118,8.78368474983143e-07,"ELMO1"
3.7406070825764e-17,0.857228943657722,0.446,0.114,7.7434307216414e-13,"OGG1"
8.90557189175632e-12,0.856506923634723,0.443,0.161,1.84354243731248e-07,"ABCE1"
2.39175234130983e-07,0.856299429065623,0.253,0.081,0.00495116652174547,"DOLK"
4.37860549464091e-23,0.855926218488459,0.841,0.55,9.06415123445614e-19,"EIF3M"
1.28157001207024e-11,0.854961236000723,0.5,0.204,2.65297808198661e-07,"GTPBP6"
7.57910505374556e-17,0.854871579529621,0.645,0.303,1.56895053717587e-12,"RTF1"
7.7787646615685e-13,0.8545426819963,0.434,0.142,1.6102820725913e-08,"ZNF330"
1.98098430876649e-14,0.853758981365061,0.61,0.284,4.10083561757751e-10,"PPA2"
1.55743260780568e-07,0.852657143206242,0.282,0.1,0.00322404124141854,"DYNC2LI1"
2.05034967930932e-32,0.852651596634376,0.946,0.72,4.24442887113822e-28,"NDUFA6"
3.04679920597925e-12,0.851816034059601,0.353,0.09,6.30717903629764e-08,"MSL1"
1.46179317222841e-16,0.851527609929144,0.497,0.156,3.02605804583004e-12,"AGGF1"
3.5461114079638e-10,0.850815374241881,0.362,0.123,7.34080522562586e-06,"RAD1"
7.79258812827908e-19,0.84894862806846,0.794,0.431,1.61314366843505e-14,"YWHAQ"
1.52956484041524e-15,0.848906050775625,0.591,0.246,3.16635217614358e-11,"DUSP3"
6.58383550868142e-17,0.848388938878411,0.761,0.427,1.36291978865214e-12,"RPA3"
4.19873703841322e-19,0.847932180370218,0.808,0.498,8.6918055432192e-15,"PGAM1"
7.8903391945337e-63,0.847258541405179,1,0.995,1.63337911666042e-58,"RPS6"
1.31083946725873e-17,0.847227318452956,0.792,0.502,2.71356878117231e-13,"AK2"
7.41472487581387e-12,0.844726932316723,0.48,0.19,1.53492219654223e-07,"ECSIT"
4.06077864269907e-14,0.844304757663917,0.45,0.142,8.40621786825134e-10,"MVD"
1.56913517911864e-15,0.844235055287918,0.403,0.095,3.2482667342935e-11,"BCL2L13"
1.19974832141778e-10,0.842542984056898,0.311,0.081,2.48359900016695e-06,"KAT7"
1.12316363818668e-22,0.841851115191532,0.88,0.588,2.32506104741025e-18,"ATP5F1"
2.05407306935293e-59,0.841569569278133,1,0.991,4.25213666086749e-55,"RPL3"
3.47656164432909e-13,0.841115535065503,0.569,0.251,7.19683025992566e-09,"RPL7L1"
2.6175452164432e-12,0.840955476834034,0.357,0.095,5.41858035255907e-08,"CLN6"
5.20940330493831e-11,0.84019108284217,0.458,0.18,1.07839857815528e-06,"PRCC"
3.59707705392053e-13,0.839527956696,0.702,0.393,7.4463092093209e-09,"SSNA1"
2.21103153494209e-12,0.838213243683566,0.536,0.232,4.57705638048361e-08,"PHGDH"
8.52197621942666e-09,0.838171520503842,0.3,0.095,0.000176413429718351,"CSTF1"
1.79850933732448e-12,0.836963030548198,0.563,0.251,3.7230941791954e-08,"HCFC1R1"
2.59066149472846e-15,0.836709265039258,0.702,0.365,5.36292836023739e-11,"PPP2R1A"
1.20775137802796e-08,0.835343803772172,0.306,0.1,0.000250016612765569,"C19orf52"
2.47428356772222e-14,0.834906208508888,0.596,0.261,5.12201441354176e-10,"DENR"
7.66885987109907e-45,0.834836586543267,0.985,0.886,1.58753068191622e-40,"NDUFB7"
7.32248860511675e-14,0.834384994130915,0.52,0.19,1.51582836614522e-09,"SYS1"
1.84203976530601e-25,0.834153627066852,0.881,0.621,3.81320651815996e-21,"PSMD8"
5.92708131688054e-09,0.833809457619261,0.455,0.209,0.000122696510340744,"TTC37"
1.12523401899363e-23,0.832607102747902,0.802,0.464,2.32934694271872e-19,"AUP1"
3.91490855818888e-10,0.83164047772673,0.319,0.09,8.1042522063068e-06,"QRSL1"
3.32154994282043e-12,0.831256559669414,0.354,0.095,6.87594053663257e-08,"GTF3C5"
1.05507870299986e-08,0.830580207845391,0.323,0.114,0.000218411842308,"APTX"
2.64346341899841e-18,0.830554599148304,0.757,0.427,5.47223362366861e-14,"TXN2"
6.93884557230538e-18,0.830349869822437,0.795,0.46,1.43641042192294e-13,"DNAJC8"
8.48033889075834e-28,0.830092908162055,0.915,0.645,1.75551495377588e-23,"HSPA9"
1.00021416872365e-11,0.829784111914307,0.538,0.237,2.07054335067484e-07,"FAHD1"
7.39994978113586e-29,0.829576889755817,0.943,0.701,1.53186360419294e-24,"ATP5O"
2.6673373508745e-14,0.829401942065403,0.618,0.284,5.5216550500453e-10,"SS18L2"
6.02128097767683e-12,0.828465209296602,0.433,0.152,1.24646537518888e-07,"NUBP1"
1.14337728096187e-21,0.828184145997061,0.827,0.507,2.36690530931918e-17,"ATP6V1F"
1.13781588650419e-11,0.827398673101382,0.397,0.128,2.35539266665233e-07,"ACBD6"
7.08857280558246e-14,0.826535711429953,0.59,0.256,1.46740545648363e-09,"PFDN1"
4.72820342770595e-12,0.82650866089847,0.391,0.118,9.78785391569409e-08,"MPV17"
2.64710727517799e-45,0.826393319891011,0.99,0.863,5.47977677034596e-41,"SRP14"
1.42462736718685e-17,0.826364086921016,0.661,0.284,2.94912111281349e-13,"ATP6V1E1"
1.70249096655439e-14,0.826225708268409,0.728,0.412,3.52432654986424e-10,"PEPD"
2.95435741581107e-12,0.826090510064951,0.431,0.152,6.11581528647049e-08,"SMARCA4"
2.96009574732274e-11,0.826011919375223,0.467,0.185,6.12769420653281e-07,"SMIM10L1"
2.91369569998142e-15,0.825234794723818,0.702,0.355,6.03164146853154e-11,"CHCHD1"
2.18247347316504e-10,0.824914091607337,0.432,0.171,4.51793833679894e-06,"SVBP"
3.37765594849518e-16,0.824757530728593,0.602,0.242,6.99208557897987e-12,"ERGIC2"
2.32086095876079e-12,0.824334556888286,0.615,0.294,4.80441427073071e-08,"PFKL"
1.63587163267892e-22,0.823851717875938,0.74,0.389,3.38641786680863e-18,"EIF4A3"
9.31541823005794e-12,0.823751902867374,0.354,0.1,1.92838472780429e-07,"FAF2"
2.21468116844732e-08,0.822932498592142,0.264,0.076,0.00045846114868028,"XPNPEP1"
4.80787475489699e-13,0.822023651791173,0.521,0.213,9.95278153011227e-09,"PHF14"
6.24979277800153e-13,0.821031013888208,0.418,0.133,1.2937696029741e-08,"RDH14"
4.20042150340369e-12,0.820975569007963,0.371,0.104,8.69529255419598e-08,"BDH2"
1.7372782751073e-17,0.820918805807839,0.521,0.156,3.59633975729962e-13,"EXOSC1"
3.95815227964356e-12,0.820859902930616,0.408,0.133,8.19377103409013e-08,"TCERG1"
3.7709523032471e-11,0.819817723218725,0.47,0.185,7.80624836295181e-07,"TRABD"
2.22498131280692e-15,0.819578496327567,0.492,0.156,4.6059338156416e-11,"EMC8"
1.9498717474848e-14,0.818402783809013,0.586,0.256,4.03642950446829e-10,"PIH1D1"
1.19724479183574e-10,0.818374002536053,0.474,0.194,2.47841644357916e-06,"KEAP1"
3.82688131245512e-24,0.818144117160907,0.957,0.749,7.92202700491334e-20,"SLC2A2"
4.63883590692119e-11,0.817505712493406,0.5,0.223,9.60285421091756e-07,"FEZ2"
2.85575993310829e-15,0.817285266105687,0.589,0.237,5.91170863752746e-11,"GNPNAT1"
2.07885535585346e-13,0.817135499172228,0.602,0.275,4.30343847215225e-09,"NOP58"
6.50997552032184e-09,0.817088349957876,0.273,0.076,0.000134763003246182,"PRKRIP1"
2.21331246813565e-20,0.816450776225925,0.848,0.531,4.5817781402876e-16,"EIF3L"
4.07686990941782e-12,0.816412634236927,0.463,0.171,8.43952839948582e-08,"PLGRKT"
2.87716312542637e-12,0.814886927431088,0.364,0.1,5.95601538594512e-08,"PQLC2"
3.93300026250962e-19,0.814459219561129,0.685,0.313,8.14170384342116e-15,"NEU1"
9.38176408015923e-10,0.814187436706334,0.406,0.152,1.94211898223376e-05,"PDHX"
5.29161846776112e-13,0.814001624597611,0.458,0.156,1.09541793901123e-08,"TMEM115"
1.46045927850636e-12,0.813406657494348,0.512,0.204,3.02329675243601e-08,"FGFR4"
1.72219511516308e-16,0.81198111557474,0.59,0.237,3.56511610789909e-12,"RABEPK"
3.52186053607221e-11,0.810709041009721,0.532,0.237,7.29060349572307e-07,"CTNNBIP1"
1.26864539174932e-12,0.810572414909036,0.504,0.199,2.62622282546026e-08,"LETMD1"
8.39087011185396e-18,0.810500952581969,0.653,0.275,1.73699402185489e-13,"TRIAP1"
3.60963983518053e-25,0.81046409859798,0.906,0.64,7.47231542280722e-21,"MRPL20"
8.40846086718049e-15,0.809582160186892,0.774,0.483,1.74063548411503e-10,"HSPB11"
1.35273251527254e-12,0.809071198268384,0.591,0.27,2.80029157986568e-08,"DRAM2"
1.25115484396434e-13,0.808761267861521,0.7,0.384,2.59001564249057e-09,"METTL7B"
2.76296177846049e-10,0.808130009819501,0.423,0.166,5.71960717759106e-06,"MRPS9"
3.72579330124449e-13,0.807984449874636,0.547,0.232,7.71276471290622e-09,"CDC26"
1.88360517161512e-12,0.807687258452575,0.48,0.185,3.89925106576046e-08,"LRRC47"
1.05055902049966e-09,0.807383730214117,0.33,0.104,2.17476222833635e-05,"NDUFAF1"
3.85829003727169e-14,0.806541800502916,0.57,0.232,7.98704620615612e-10,"RPF1"
7.75879347686095e-18,0.806052779950663,0.625,0.242,1.60614783764499e-13,"C12orf10"
9.93523680016084e-23,0.805590070065926,0.893,0.626,2.0566933700013e-18,"BCAP31"
5.46871540629159e-10,0.804820466709386,0.423,0.166,1.13207877625642e-05,"COPS4"
4.03631868896174e-10,0.804591868742661,0.27,0.062,8.35558331801969e-06,"WDR3"
2.02224137380802e-57,0.804409166332672,1,0.981,4.18624186791999e-53,"RPS20"
8.32002796392051e-15,0.80324111112397,0.76,0.427,1.72232898881118e-10,"CKS1B"
1.60283171753852e-59,0.803102870448914,1,1,3.31802193847649e-55,"RPL39"
3.23897113721937e-16,0.80289760023798,0.783,0.498,6.70499415115782e-12,"LAMTOR1"
1.99694662553614e-14,0.802892960029236,0.51,0.185,4.13387920952235e-10,"SCNM1"
2.89663493545633e-23,0.802207870685523,0.877,0.588,5.99632397988814e-19,"SSU72"
3.01430316159919e-09,0.801960769435789,0.384,0.147,6.23990897482649e-05,"ABHD14A"
6.22351819924069e-09,0.800028119117324,0.352,0.128,0.000128833050242481,"USP30-AS1"
1.03389115034522e-19,0.799854421810051,0.879,0.64,2.14025807032963e-15,"NCL"
3.15164027089796e-07,0.799576738660805,0.299,0.114,0.00652421052478587,"CHKA"
1.53763788073936e-09,0.799309495033358,0.255,0.057,3.18306417691855e-05,"SLC25A43"
2.12271092869372e-10,0.799232418796001,0.299,0.076,4.39422389348886e-06,"XPC"
1.47695119055493e-23,0.799118008641349,0.896,0.64,3.05743665956777e-19,"HSD17B10"
2.89362399790135e-08,0.79865923506852,0.325,0.118,0.000599009103805559,"POLR1C"
1.60289827310423e-10,0.798616258531516,0.489,0.209,3.31815971515306e-06,"FLAD1"
7.41296536980448e-30,0.798575264672842,0.9,0.517,1.53455796120323e-25,"C10orf10"
2.92492941969251e-09,0.798483353415138,0.31,0.1,6.05489639170546e-05,"TRIM47"
7.87941331796573e-41,0.798245930817943,0.991,0.882,1.63111735095209e-36,"UQCRH"
1.70608087378545e-21,0.797412311834237,0.889,0.592,3.53175801682327e-17,"MINOS1"
6.35289667143554e-11,0.797375346723662,0.528,0.246,1.31511313995387e-06,"SNX4"
1.35624734287335e-17,0.797366237468736,0.792,0.431,2.80756762448213e-13,"LINC00152"
1.1444244276824e-11,0.797151875246283,0.422,0.142,2.36907300774533e-07,"NSUN2"
1.1790301372001e-10,0.796477089145988,0.398,0.142,2.44071028701792e-06,"WDR6"
6.53309376663278e-23,0.796080907690188,0.872,0.611,1.35241574063065e-18,"NDUFS8"
6.25233397606163e-17,0.795484287424276,0.753,0.431,1.29429565638452e-12,"SF3B2"
1.27114795487822e-12,0.79389182845839,0.578,0.261,2.6314033813934e-08,"C1orf123"
1.52912904654609e-09,0.79328449827736,0.276,0.071,3.16545003925505e-05,"TRAF2"
1.16291662971422e-12,0.793033337379973,0.497,0.194,2.4073537151714e-08,"SIKE1"
1.95681031656661e-15,0.792388873082898,0.66,0.299,4.05079303632455e-11,"UPB1"
8.83775956272975e-17,0.792154745827527,0.817,0.555,1.82950460708069e-12,"POLR2E"
1.35325508542018e-08,0.79214551792292,0.329,0.118,0.000280137335232831,"RNF217"
1.90351973483439e-11,0.791491454887854,0.41,0.137,3.94047620308066e-07,"VSIG10"
1.59259458963518e-10,0.79041558274057,0.406,0.147,3.29683006000378e-06,"HHLA3"
3.12680184915975e-13,0.790295481634375,0.691,0.398,6.47279250794561e-09,"ZNF428"
6.69941395271432e-19,0.789776609434103,0.654,0.261,1.38684568235139e-14,"RAB32"
1.81765552448259e-15,0.789685569608638,0.76,0.427,3.76272870123142e-11,"ARHGDIA"
2.02693510779774e-15,0.789626659229361,0.536,0.19,4.1959583666521e-11,"DDX27"
3.63088628169286e-50,0.788755223223391,0.998,0.967,7.5162976917324e-46,"RPL6"
9.73070790395255e-14,0.788048130403608,0.453,0.142,2.01435384319722e-09,"SDHAF1"
5.00108376252842e-19,0.788044636743436,0.625,0.251,1.03527434968101e-14,"ETHE1"
1.4209266265261e-16,0.787735676152558,0.536,0.18,2.94146020957167e-12,"HPRT1"
9.73534356733876e-10,0.786974142582878,0.505,0.237,2.0153134718748e-05,"COQ5"
1.83695948251137e-12,0.785832535027037,0.602,0.289,3.8026898247468e-08,"SCAMP3"
8.01713882664866e-51,0.785125427557521,1,0.967,1.65962790850454e-46,"RPLP0"
5.80278885812487e-15,0.784781437274135,0.659,0.313,1.20123532152043e-10,"ZBTB8OS"
1.15186074167942e-17,0.783629282461566,0.751,0.431,2.38446692135057e-13,"UQCRC2"
6.12079008588232e-56,0.783595341013749,1,0.995,1.2670647556785e-51,"RPS3"
3.8020652312156e-28,0.783277035105424,0.953,0.716,7.87065523513941e-24,"ATP6V0B"
1.49142499173491e-13,0.782976665318327,0.664,0.341,3.08739887539043e-09,"TOMM5"
5.70263620414899e-10,0.782935652597245,0.295,0.076,1.18050272062088e-05,"NSD1"
1.67331614243382e-17,0.782869612467102,0.563,0.19,3.46393174645225e-13,"PTPMT1"
5.87969522465902e-10,0.782791092779908,0.292,0.076,1.21715570845666e-05,"CCDC22"
1.02161514296832e-18,0.782752903750167,0.744,0.37,2.11484550745872e-14,"MSMO1"
9.45692899254093e-12,0.782579539966222,0.515,0.209,1.9576788707459e-07,"PWP1"
3.10565804845008e-09,0.782235151687576,0.271,0.071,6.42902272609651e-05,"YTHDC2"
5.89809387280033e-52,0.78193971046313,1,1,1.2209644126084e-47,"FTH1"
2.03600971770719e-13,0.781893476334252,0.675,0.351,4.21474371662565e-09,"TMEM126A"
4.44530705721374e-12,0.780438956000733,0.511,0.209,9.20223013913817e-08,"TSPAN4"
5.63312319898838e-13,0.779632314292616,0.437,0.147,1.16611283342258e-08,"MTFP1"
2.62436960412137e-14,0.779458557063851,0.787,0.488,5.43270751749165e-10,"FBL"
4.02160764185224e-14,0.779187996768264,0.676,0.36,8.32512997939833e-10,"HADH"
6.44568027153601e-16,0.778550256703527,0.733,0.412,1.33432027301067e-11,"CMC1"
8.1232290566297e-17,0.778367564778531,0.755,0.455,1.68158964701292e-12,"CAP1"
2.14815915220374e-16,0.778342114877722,0.703,0.37,4.44690426097696e-12,"ANXA6"
1.24279428441071e-15,0.778215574430091,0.673,0.341,2.57270844815862e-11,"MRPS28"
3.90841515700536e-16,0.776106171986314,0.758,0.427,8.0908102165168e-12,"MAGOH"
4.54220637325141e-15,0.774973707751018,0.59,0.251,9.40282141326774e-11,"BAG6"
5.51085188437794e-07,0.77459471646881,0.266,0.095,0.0114080144858508,"CASP6"
6.43683850709613e-14,0.774484643745365,0.561,0.223,1.33248993935397e-09,"SZRD1"
8.29218130365456e-20,0.774472002187265,0.876,0.602,1.71656445166953e-15,"MRPL57"
1.51242377293049e-08,0.773650122027057,0.429,0.19,0.000313086845234342,"FAM50B"
3.0214146221218e-16,0.77330592480373,0.687,0.341,6.25463040925435e-12,"DPM1"
5.59536546271604e-08,0.773193916612219,0.342,0.133,0.00115829660443685,"THNSL2"
2.08390339431567e-09,0.773009393540306,0.308,0.09,4.31388841657286e-05,"OGFOD2"
3.69464626421345e-08,0.771158924854106,0.298,0.1,0.000764828723154826,"MARS"
6.08922418354008e-23,0.770972560782937,0.793,0.427,1.26053029823463e-18,"TMEM70"
2.41684956615333e-11,0.770002111607796,0.29,0.062,5.00312028689401e-07,"HMGXB3"
7.5466245553122e-18,0.768893040749982,0.761,0.408,1.56222674919518e-13,"ELOVL5"
4.54264821012392e-13,0.768806799570346,0.61,0.284,9.40373605977752e-09,"DPH3"
1.58310418379858e-13,0.76859049889089,0.726,0.398,3.27718397088144e-09,"RNF114"
2.392646929228e-11,0.767148765941062,0.492,0.204,4.95301840819489e-07,"SRPK1"
5.25962685056882e-11,0.766275088511142,0.333,0.09,1.08879535433625e-06,"DOHH"
1.22141251521998e-07,0.765780169025569,0.283,0.1,0.00252844604775688,"TOMM34"
2.50983022757632e-17,0.765723416681688,0.832,0.526,5.19559955410573e-13,"CAPZB"
3.51282371510414e-09,0.763927139866182,0.402,0.161,7.27189637263708e-05,"MITD1"
1.73681046164444e-09,0.762256264679226,0.398,0.152,3.59537133665016e-05,"TP53I3"
1.57598692050613e-09,0.761924275902419,0.329,0.104,3.26245052413974e-05,"AGO2"
3.60370083158926e-19,0.761634141107977,0.821,0.502,7.46002109147292e-15,"MRPL33"
6.26998209823229e-15,0.760565504136989,0.5,0.166,1.29794899415507e-10,"SNW1"
8.38378437966777e-14,0.75898274349964,0.678,0.351,1.73552720443503e-09,"GGCT"
3.0761817286748e-14,0.75834837954406,0.509,0.185,6.3680037965297e-10,"SLC25A26"
5.67842162985999e-17,0.758203045332897,0.656,0.284,1.17549006159732e-12,"NCBP2"
9.27199493284638e-13,0.758147439032197,0.505,0.199,1.91939567104853e-08,"COMMD10"
3.09196378022097e-22,0.757655161240037,0.892,0.649,6.40067422143544e-18,"OCIAD2"
4.62938020690529e-10,0.75686362653001,0.335,0.104,9.58327996631465e-06,"C1orf174"
7.18966643866597e-10,0.756682817559773,0.514,0.246,1.48833284946824e-05,"COPS8"
1.94121187560713e-13,0.755934025340948,0.538,0.209,4.01850270369431e-09,"TWF2"
4.84207247405774e-10,0.754382754653794,0.36,0.118,1.00235742285469e-05,"INO80E"
1.94972258273044e-15,0.75415297086601,0.568,0.223,4.03612071851028e-11,"TSSC4"
8.10172435660998e-13,0.753774227976776,0.522,0.209,1.67713795906183e-08,"SMUG1"
5.48826689667247e-19,0.753334162661993,0.869,0.607,1.13612613028017e-14,"EIF3G"
1.25811615432292e-12,0.752822058570489,0.359,0.09,2.60442625106387e-08,"AAAS"
4.08164436321954e-14,0.752777136463033,0.488,0.171,8.44941199630077e-10,"RBM22"
4.6319230903028e-13,0.752338444951921,0.655,0.336,9.58854398923582e-09,"GALE"
2.13730975023794e-11,0.751678259733435,0.452,0.171,4.42444491396756e-07,"ZCCHC17"
6.19400241524919e-14,0.751605982580287,0.396,0.109,1.28222043998074e-09,"NAA15"
5.04832898261025e-17,0.750711603809247,0.522,0.175,1.04505458269015e-12,"TADA3"
9.81866099416051e-14,0.750164203766603,0.474,0.161,2.03256101240117e-09,"SNRNP40"
3.54062833144496e-12,0.750037382972399,0.376,0.109,7.32945470892421e-08,"MAFG"
6.32146250244923e-11,0.749795250525359,0.447,0.166,1.30860595263202e-06,"PLIN3"
4.19208716250776e-15,0.749626668361355,0.572,0.227,8.67803963510731e-11,"ACO2"
1.01056477024442e-20,0.749311431450719,0.89,0.626,2.09197013088297e-16,"HSBP1"
1.94436733478055e-13,0.749296247469917,0.485,0.175,4.02503481972921e-09,"MAP4"
1.11130045909670e-09,0.74900402073303,0.33,0.104,2.30050308037607e-05,"ANKRD29"
1.54805482049592e-16,0.748751107505354,0.491,0.152,3.20462828390861e-12,"FAM104B"
4.97006850137518e-12,0.748655311229178,0.403,0.128,1.02885388046968e-07,"RIC8A"
3.15479812320601e-19,0.748645092945304,0.845,0.536,6.53074759484876e-15,"PRDX4"
7.82868214157585e-19,0.74831085629136,0.872,0.63,1.62061549012762e-14,"ATP5A1"
6.32891110343708e-17,0.748199351977662,0.409,0.085,1.31014788752251e-12,"UTP23"
2.19795158742739e-14,0.747153503388241,0.538,0.199,4.54997958113344e-10,"SF3A3"
7.48524669150743e-15,0.746359597283853,0.65,0.308,1.54952091760895e-10,"NME3"
1.40661646801891e-08,0.746307238047661,0.294,0.095,0.000291183675044595,"EEFSEC"
5.19526969619495e-14,0.746163075037083,0.702,0.374,1.07547277980932e-09,"KHDRBS1"
5.50590413234809e-19,0.745993543124715,0.836,0.564,1.13977721443738e-14,"ZNF593"
9.3143690501709e-12,0.745876267158117,0.648,0.365,1.92816753707588e-07,"SERINC5"
1.79824203685186e-15,0.745601672970332,0.777,0.431,3.72254084048703e-11,"ACOT13"
1.12301803425276e-10,0.745334828010241,0.453,0.18,2.32475963270664e-06,"RALA"
8.19904747958519e-14,0.744850267176091,0.707,0.393,1.69728481874893e-09,"MRPS5"
5.56405577796249e-08,0.743291855574836,0.261,0.081,0.00115181518659601,"LRWD1"
4.58810225564727e-60,0.742889226959497,1,0.991,9.49783047941541e-56,"HINT1"
8.64970975404011e-12,0.742722962739489,0.669,0.374,1.79057641618384e-07,"AAMP"
1.10221454430886e-17,0.7423078696489,0.962,0.787,2.28169432817378e-13,"UGT2B4"
4.57276858568426e-09,0.742288082106787,0.3,0.095,9.46608824922499e-05,"IDH3A"
1.39109763797615e-12,0.741712599164507,0.376,0.104,2.87971122037443e-08,"RMND5B"
1.85658300669002e-13,0.741320622923583,0.75,0.445,3.84331248214902e-09,"PSMD14"
8.65086508130689e-22,0.740955807441677,0.76,0.365,1.79081558048134e-17,"RP11-108M9.4"
3.69533441669792e-07,0.740758899878189,0.261,0.09,0.00764971177600636,"WARS2"
1.51011620183798e-12,0.740342091753794,0.566,0.256,3.12609154942481e-08,"CYP4F2"
6.75540482262519e-16,0.738870403279498,0.699,0.389,1.39843635233164e-11,"TRIB1"
6.79664307719565e-14,0.73854871138322,0.661,0.322,1.40697308341027e-09,"ESF1"
1.70163935574009e-16,0.738450466088079,0.793,0.483,3.52256363031755e-12,"HNRNPM"
6.11277112975218e-12,0.738315738150238,0.456,0.166,1.26540475157e-07,"NECAB3"
1.65330482481393e-15,0.738146176824619,0.438,0.118,3.42250631784731e-11,"TNFAIP1"
1.0175584033058e-10,0.738088765690232,0.438,0.171,2.10644765068333e-06,"THAP7"
1.14471286205062e-16,0.737888163915166,0.823,0.531,2.369670095731e-12,"PIN4"
2.50245189900038e-09,0.737622420022678,0.271,0.071,5.18032567612068e-05,"RP11-386G11.10"
5.45626785248895e-11,0.737233355958617,0.427,0.166,1.12950200814374e-06,"TOPORS-AS1"
2.00263628455116e-10,0.737231412459342,0.463,0.194,4.14565737264936e-06,"FLNB"
8.26436156654583e-11,0.737135421147663,0.408,0.147,1.71080548789065e-06,"PGPEP1"
3.79963975914487e-09,0.737129046302852,0.278,0.076,7.86563426540579e-05,"CHST15"
8.73676195502154e-11,0.736464964504087,0.537,0.246,1.80859709230901e-06,"BTD"
7.71126919466691e-13,0.736428737320265,0.538,0.218,1.596309835988e-08,"COMMD2"
3.22514894986154e-22,0.736394851209164,0.942,0.701,6.67638084110837e-18,"SLIRP"
2.51001940578507e-10,0.736107317743535,0.516,0.242,5.19599117191568e-06,"ALCAM"
1.00832474261058e-36,0.735793847641085,1,0.924,2.08733304967816e-32,"MGST1"
4.01188851068155e-08,0.734977709197054,0.36,0.142,0.000830501040596188,"WASH1"
6.29704347460398e-11,0.734717613819395,0.53,0.242,1.30355096967777e-06,"MRPL48"
1.12024905924467e-08,0.733921383930665,0.38,0.152,0.000231902757754239,"RWDD4"
1.31080507394715e-29,0.733105049351255,0.968,0.763,2.713497583578e-25,"ATP5B"
8.83921081275882e-12,0.732716302308253,0.457,0.171,1.8298050303492e-07,"LINC00667"
8.01222791947942e-14,0.732612844099534,0.474,0.156,1.65861130161144e-09,"MED13"
3.17930781547961e-11,0.731956152782724,0.418,0.142,6.58148510882434e-07,"SOWAHC"
2.6902801364694e-10,0.731905831631848,0.514,0.227,5.5691489105053e-06,"RRP15"
2.76070702668491e-09,0.730227879352487,0.411,0.166,5.71493961594043e-05,"ENOSF1"
5.36293413475635e-14,0.729861895774801,0.714,0.408,1.11018099523591e-09,"DDX21"
6.74467893729965e-14,0.729359064467201,0.544,0.213,1.3962159868104e-09,"MLST8"
8.04924121867454e-14,0.729060073686008,0.663,0.313,1.66627342467782e-09,"MID1IP1"
7.81812647712636e-11,0.727790276201083,0.574,0.28,1.61843036202993e-06,"AIFM1"
6.29083603025419e-12,0.727014886094209,0.437,0.156,1.30226596662292e-07,"TMOD3"
1.60908499202308e-06,0.727008755140166,0.258,0.095,0.0333096684198698,"JAZF1"
5.01162423763556e-12,0.726810779902212,0.453,0.166,1.03745633343294e-07,"CAMK1"
2.25383585721581e-12,0.726575304763518,0.653,0.36,4.66566560802246e-08,"YTHDF2"
9.94656140692008e-12,0.726530871765275,0.568,0.251,2.05903767684653e-07,"OGFR"
9.17156187599903e-19,0.724843268008816,0.921,0.711,1.89860502395056e-14,"SNRPG"
3.94454824091084e-14,0.724821890418623,0.73,0.431,8.16560931350953e-10,"TGFBI"
2.84151364027829e-10,0.724097883092206,0.367,0.123,5.88221738674009e-06,"THOC6"
1.4741396372608e-13,0.723111451842174,0.584,0.256,3.05161646309358e-09,"USP14"
7.61283314985877e-13,0.7222522678155,0.505,0.194,1.57593259035226e-08,"STAMBP"
4.0401452214406e-09,0.720958349200089,0.468,0.223,8.36350462290418e-05,"GRAMD1A"
9.42451074030139e-08,0.72044169149603,0.266,0.085,0.00195096796834979,"SS18L1"
6.72776379831979e-10,0.718359398195637,0.318,0.095,1.39271438389018e-05,"EMC1"
8.46285532076853e-17,0.718085853642376,0.831,0.488,1.75189567995229e-12,"TCP1"
3.30225812924495e-07,0.717808011687528,0.273,0.1,0.00683600455334997,"EIF4G3"
2.12232086626535e-09,0.716579623113689,0.46,0.199,4.39341642525591e-05,"NFYC"
1.9413326392505e-07,0.716341634251333,0.356,0.152,0.00401875269651247,"GMDS"
3.68581579558811e-15,0.7154637556969,0.609,0.256,7.63000727844695e-11,"USP16"
2.8149511606097e-08,0.71508754979147,0.252,0.071,0.000582723039757814,"ZNF780A"
1.34400809526394e-10,0.71458919227453,0.386,0.128,2.78223115800588e-06,"LLGL2"
7.52300466333989e-18,0.714356459681064,0.551,0.18,1.55733719535799e-13,"SEPT9"
8.74089296581309e-16,0.714107855288206,0.756,0.436,1.80945225285297e-11,"LYPLA1"
2.06165808554056e-10,0.713798635268265,0.323,0.09,4.26783840287751e-06,"TXLNA"
6.74655155682635e-11,0.713705463346805,0.576,0.27,1.39660363777862e-06,"TSN"
3.62608968797287e-09,0.712809472468666,0.269,0.071,7.50636826307264e-05,"FBXO45"
4.89837049194715e-09,0.711461405615756,0.397,0.156,0.000101401167553798,"CC2D1A"
6.23525104530592e-10,0.711082018580435,0.371,0.128,1.29075931888878e-05,"KIAA0141"
7.03429412495489e-09,0.710913911586564,0.289,0.085,0.000145616922680691,"PRPF3"
2.86289394879517e-11,0.710853175859306,0.444,0.166,5.92647676340089e-07,"GEMIN7"
5.31570855811187e-10,0.71073610068163,0.373,0.128,1.10040482861474e-05,"KPNA6"
9.37756901732304e-09,0.708314792851508,0.531,0.265,0.000194125056227604,"BCCIP"
1.52467478217416e-11,0.707536605595434,0.59,0.289,3.15622926657873e-07,"FAM103A1"
4.00640388044847e-10,0.70651396184871,0.423,0.166,8.29365667291638e-06,"ACTR1A"
1.00839918389003e-08,0.705754951914234,0.403,0.171,0.000208748715057075,"TRIM28"
9.65799072324328e-10,0.70514046341128,0.326,0.1,1.99930065961859e-05,"EXOSC10"
1.10134003082925e-13,0.704721271532235,0.572,0.256,2.27988399781964e-09,"SMIM12"
3.4206383743995e-09,0.704194155584658,0.413,0.175,7.0810634988444e-05,"FBXO22"
3.40748745581023e-19,0.702860175549617,0.866,0.54,7.05383978227275e-15,"UGDH"
2.73933961789262e-22,0.702781913782621,0.884,0.597,5.67070694299951e-18,"MORF4L1"
1.31374665642098e-08,0.701794007355887,0.262,0.071,0.000271958695345708,"PRKAB1"
1.62391861897496e-10,0.701761850718847,0.541,0.256,3.36167393314007e-06,"TPR"
2.62086687927798e-07,0.70128128008034,0.289,0.104,0.00542545652679334,"ABHD6"
1.9793344417611e-06,0.700958110744665,0.272,0.104,0.0409742022788965,"QRICH1"
9.83301992764945e-11,0.697903750396039,0.579,0.294,2.03553345522271e-06,"AHCYL1"
6.86754488305914e-10,0.697481973237717,0.551,0.284,1.42165046624207e-05,"SEC14L2"
9.53685586703775e-11,0.697381000781469,0.254,0.047,1.97422453303548e-06,"SMC2"
1.53381253401003e-11,0.696728681235409,0.529,0.232,3.17514532665417e-07,"IMPAD1"
4.74787212807784e-13,0.696605338115812,0.617,0.289,9.82857009233394e-09,"NUDT16L1"
1.06952598847083e-43,0.696152380458848,1,0.953,2.21402574873348e-39,"RPL7A"
3.20602424007096e-22,0.696010510017177,0.898,0.616,6.6367907793709e-18,"FKBP1A"
1.11554093157637e-08,0.695732988538847,0.256,0.066,0.000230928128245624,"RFX5"
5.04040348944962e-10,0.694639098738215,0.35,0.114,1.04341392635097e-05,"RNF113A"
1.96654440862221e-07,0.694256853743187,0.282,0.1,0.00407094358028884,"ALPK2"
7.7814375046818e-15,0.693318430389302,0.669,0.322,1.61083537784418e-10,"MESDC2"
1.90962150534872e-12,0.693288654223692,0.435,0.142,3.95310747822239e-08,"CFAP97"
2.31263667478312e-09,0.693197881453236,0.396,0.152,4.78738918046853e-05,"CS"
2.083014008022e-54,0.692550362145694,1,1,4.31204729800635e-50,"RPL34"
7.90583303361718e-15,0.692030406144831,0.554,0.209,1.63658649628909e-10,"FAM192A"
1.38765844693645e-15,0.691781181577219,0.593,0.242,2.87259175100314e-11,"SLC39A5"
1.5701096824359e-14,0.691095257991135,0.539,0.213,3.25028405361057e-10,"ODC1"
5.83714333448286e-09,0.69097966376107,0.272,0.076,0.00012083470416713,"SLC23A2"
1.75084423626335e-13,0.690591874371161,0.724,0.408,3.62442265348876e-09,"MRPL43"
3.11411129516283e-14,0.690293373897191,0.333,0.062,6.44652179211656e-10,"LEO1"
1.59717691970594e-10,0.689586277954883,0.314,0.085,3.30631594148327e-06,"DTNBP1"
9.50515629296249e-10,0.689264241912464,0.586,0.318,1.96766240420616e-05,"IGSF8"
1.03489063501277e-13,0.688955169043183,0.506,0.19,2.14232710353993e-09,"CFAP20"
3.65284814879218e-28,0.688548831397155,0.982,0.839,7.5617609528147e-24,"UQCR10"
1.91987323742511e-12,0.686892012506255,0.477,0.175,3.97432958879372e-08,"CHD4"
7.04531944359196e-09,0.686791350082367,0.274,0.076,0.000145845157801797,"VEZF1"
2.983471460126e-17,0.686289801593657,0.836,0.569,6.17608426960684e-13,"KDELR1"
1.3429405126268e-16,0.686142307204626,0.818,0.569,2.78002115518874e-12,"C19orf24"
2.16673678214716e-06,0.684353577216041,0.252,0.09,0.0448536181272284,"TMCO6"
1.49679421681451e-18,0.684341759793113,0.912,0.711,3.09851370822772e-14,"TMEM230"
1.14337345999698e-11,0.684020277203987,0.677,0.37,2.36689739953975e-07,"DPYS"
1.09403642799808e-14,0.683040010199066,0.848,0.545,2.26476480959883e-10,"SDHB"
5.9738924341729e-27,0.682218678199802,0.948,0.555,1.23665547279813e-22,"GSTA2"
3.66112736459817e-12,0.680361081158943,0.437,0.152,7.57889975745466e-08,"PBRM1"
2.87186890716074e-15,0.680347434228866,0.713,0.36,5.94505582471345e-11,"GRPEL1"
6.95317274087291e-14,0.679746546820575,0.703,0.403,1.4393762890881e-09,"UROD"
2.07466525166689e-15,0.679567013782607,0.474,0.147,4.29476453747563e-11,"TYW3"
1.24455437354541e-10,0.679123771758927,0.534,0.246,2.57635200867636e-06,"NAE1"
5.4432350910329e-11,0.678729061139916,0.354,0.104,1.12680409619472e-06,"TRNAU1AP"
3.41272590139639e-10,0.677966932937134,0.454,0.185,7.06468388848067e-06,"ATP6V1H"
2.01976964576608e-16,0.677946625446462,0.783,0.417,4.18112514370036e-12,"GCHFR"
1.67189334628366e-18,0.676939341493421,0.827,0.55,3.4609864161418e-14,"NDUFS2"
1.33323414746069e-19,0.676302075792093,0.913,0.659,2.75992800865838e-15,"RHOA"
1.33243508620987e-11,0.675683098572871,0.378,0.114,2.75827387196305e-07,"PCYT1A"
2.49146985004831e-11,0.675376695139381,0.367,0.109,5.15759173658502e-07,"CASP3"
5.97930385958663e-10,0.675065999205198,0.656,0.365,1.23777569197303e-05,"FKBP3"
1.64269229516229e-18,0.675062686887295,0.903,0.682,3.40053732021545e-14,"FKBP8"
1.77953195320408e-18,0.673983242875741,0.895,0.545,3.68380909632778e-14,"AKR1B10"
7.88396625264642e-16,0.67383506310517,0.775,0.427,1.63205985396033e-11,"NDUFV3"
3.31000952853081e-09,0.673530732821642,0.337,0.114,6.85205072501163e-05,"LENG1"
1.13610226811608e-08,0.673150397403601,0.4,0.161,0.00023518453052271,"TIMM10B"
2.06279250133854e-32,0.672848631612819,0.987,0.91,4.27018675702092e-28,"EEF2"
1.56406931275134e-18,0.672345796462934,0.908,0.706,3.23777988432654e-14,"TMED9"
2.4225433282106e-08,0.672186669376515,0.354,0.137,0.000501490694372877,"GM2A"
1.7067637025445e-11,0.672154084428926,0.53,0.227,3.53317154063738e-07,"SNAPIN"
4.98997946991735e-26,0.670432858817008,0.967,0.815,1.03297565006759e-21,"ROMO1"
6.78538487104299e-12,0.670159248513636,0.5,0.209,1.40464252215461e-07,"TRUB2"
9.64143194822984e-22,0.669280082881457,0.921,0.664,1.99587282760306e-17,"TUFM"
1.67241953262854e-48,0.669274294755058,0.953,0.645,3.46207567449435e-44,"LGALS1"
5.22035162236411e-14,0.668535086998873,0.657,0.322,1.0806649893456e-09,"PCCB"
3.60882862763971e-10,0.667999203586638,0.638,0.355,7.47063614207697e-06,"VBP1"
1.52521055076868e-16,0.665950952527165,0.755,0.436,3.15733836114625e-12,"SRRM1"
4.661940010551e-20,0.665865617012229,0.913,0.687,9.65068201584162e-16,"CSNK2B"
3.6428052483585e-09,0.665328961444506,0.433,0.185,7.54097114462693e-05,"HDAC3"
1.90959324798829e-11,0.665172201639481,0.594,0.299,3.95304898266055e-07,"TPD52L1"
9.09012595647946e-14,0.664733451925196,0.836,0.602,1.88174697425081e-09,"NONO"
3.53578349762051e-07,0.664280184980528,0.306,0.118,0.00731942541842421,"ING2"
1.06465686886145e-43,0.664055771832275,1,0.967,2.20394618423009e-39,"RPS7"
1.12372044184229e-09,0.663986001638388,0.543,0.27,2.32621368665773e-05,"TTPA"
2.34772375643244e-07,0.662783848109367,0.313,0.123,0.0048600229481908,"UBQLN2"
8.7043375537364e-19,0.662156436672786,0.822,0.493,1.80188491699897e-14,"C16orf13"
1.20751024468702e-09,0.66181765253859,0.517,0.242,2.4996669575266e-05,"STAU2"
4.81581521831314e-15,0.661299030367496,0.795,0.536,9.96921908343003e-11,"UQCRFS1"
1.09833959843899e-10,0.661160068010815,0.655,0.365,2.27367280272855e-06,"SNX17"
2.83812839472915e-09,0.661055333756667,0.578,0.308,5.8752095899288e-05,"UROS"
1.89088501895483e-52,0.660960518905846,1,0.981,3.9143210777384e-48,"UQCRQ"
5.73449002143599e-16,0.65998760452134,0.884,0.673,1.18709677933746e-11,"PAH"
3.31332922908826e-10,0.659983583973823,0.278,0.066,6.8589228371356e-06,"MGME1"
1.81911616317683e-10,0.659930528442083,0.388,0.137,3.76575236939236e-06,"RPP30"
5.92865851767205e-10,0.659915460971605,0.5,0.227,1.22729159974329e-05,"PMM1"
8.74771002397444e-10,0.659321459316303,0.36,0.123,1.81086345206295e-05,"GALK2"
5.09948146210809e-10,0.65905638671035,0.492,0.218,1.055643657471e-05,"TCEB3"
5.61082257335721e-10,0.658989367411314,0.355,0.118,1.16149638091068e-05,"IQSEC1"
1.78176978835496e-09,0.65883898129246,0.571,0.294,3.6884416388736e-05,"RRAGA"
1.2703129885995e-09,0.65826905882611,0.264,0.062,2.62967491769982e-05,"STX18"
1.53081621176999e-08,0.657419872084115,0.288,0.09,0.000316894263998505,"NR1D1"
1.10244486205788e-14,0.655912858708991,0.78,0.445,2.28217110894602e-10,"TPD52"
1.15153160825357e-13,0.655748207830244,0.667,0.351,2.38378558224572e-09,"EWSR1"
1.38149265447953e-11,0.655477760670937,0.649,0.346,2.85982794403809e-07,"BTF3L4"
1.50406671172781e-08,0.655339720757659,0.467,0.227,0.000311356849994774,"IMPA2"
2.87914656593034e-12,0.655049366946727,0.429,0.142,5.9601213061324e-08,"DMAP1"
6.82799160734124e-15,0.654386345822973,0.557,0.209,1.41346254263571e-10,"GBA"
9.97010388370746e-10,0.65420724426048,0.389,0.142,2.06391120496628e-05,"RITA1"
2.36291238508568e-09,0.653280611482647,0.316,0.1,4.89146492836588e-05,"DUSP22"
1.91954132471733e-12,0.653267179035329,0.445,0.152,3.97364249629735e-08,"PELO"
1.74866758870939e-11,0.652287747339162,0.586,0.289,3.61991677538732e-07,"PSMD1"
5.78183201503061e-11,0.652276400563473,0.45,0.175,1.19689704543149e-06,"M6PR"
1.91867163168531e-12,0.651101508094163,0.674,0.379,3.97184214475177e-08,"FAM173A"
5.75966010897333e-14,0.651072727749733,0.458,0.152,1.19230723915857e-09,"HDDC2"
9.12808418032279e-12,0.650943898657458,0.578,0.265,1.88960470616862e-07,"MTHFD1"
4.49935791484992e-32,0.650381050439492,0.992,0.905,9.31412081953083e-28,"NDUFA13"
6.25897001982517e-15,0.649760700727937,0.811,0.498,1.29566938380401e-10,"APOA1BP"
2.64528262975684e-13,0.649580085185084,0.508,0.199,5.47599957185964e-09,"TMA16"
1.2126747845719e-09,0.648822564396821,0.381,0.137,2.51035807154229e-05,"ILKAP"
5.592975913008e-11,0.648725583207586,0.369,0.118,1.15780194375179e-06,"GART"
4.94732284111743e-11,0.648228665182862,0.367,0.114,1.02414530133972e-06,"ARL2"
9.47284360708995e-10,0.647983801665242,0.459,0.199,1.96097335510369e-05,"FOXA2"
4.09112047278196e-12,0.647644244220145,0.536,0.227,8.46902849070593e-08,"GSTM4"
2.91876911056552e-10,0.64709903432595,0.373,0.128,6.04214393578168e-06,"SNAP47"
7.79791870642244e-12,0.646641188996294,0.764,0.474,1.61424715141651e-07,"ZC3H15"
7.74359233731986e-16,0.646282052735941,0.755,0.408,1.60300104974858e-11,"FMO3"
1.3307833344379e-08,0.645699207695647,0.303,0.1,0.000275485458061989,"SLC39A8"
8.99272834556748e-12,0.644595864747008,0.581,0.265,1.86158469481592e-07,"FAM136A"
4.15638804076817e-14,0.644301370098385,0.663,0.341,8.60413888319418e-10,"DARS"
1.61412866855009e-08,0.643191522958655,0.46,0.213,0.000334140775676554,"SNRNP200"
2.0562802540366e-08,0.642796857244209,0.289,0.09,0.000425670575388116,"GMPPB"
1.58037077254663e-19,0.642221804168922,0.913,0.725,3.27152553624878e-15,"MRPL55"
8.13271464151972e-09,0.642116741715694,0.516,0.251,0.0001683553257941,"TBL1XR1"
7.07673983611071e-10,0.641760138127325,0.603,0.318,1.46495591347328e-05,"MPG"
1.81457115797332e-43,0.640933651397774,1,0.981,3.75634375412057e-39,"RPL24"
3.36281379997369e-13,0.639330635694959,0.774,0.483,6.96136084732554e-09,"MRPS36"
5.98068196190617e-07,0.638494297700521,0.553,0.322,0.012380609729342,"APIP"
2.02170694354309e-12,0.638069399266505,0.593,0.27,4.18513554382855e-08,"HSBP1L1"
4.95546168744695e-11,0.637833497719229,0.402,0.137,1.02583012391839e-06,"SMARCD2"
6.39470138517209e-12,0.637415993520597,0.373,0.109,1.32376713374447e-07,"DEF8"
2.08855096821876e-29,0.637354543311131,0.989,0.867,4.32350935930966e-25,"CHCHD2"
9.98600857911176e-25,0.63701837369227,0.96,0.81,2.06720363596192e-20,"AURKAIP1"
1.99862329923763e-48,0.636634578786316,1,0.995,4.13735009175181e-44,"RPL37"
4.67611191566251e-13,0.635954281421121,0.41,0.118,9.68001927661296e-09,"ROGDI"
6.12194198000049e-11,0.635728487291261,0.253,0.043,1.2673032092799e-06,"LYRM9"
1.92741196044581e-07,0.634911069553204,0.319,0.123,0.00398993549931887,"NPL"
1.60810502586279e-08,0.634908524619296,0.432,0.194,0.000332893821403857,"PIGF"
4.02392945029375e-10,0.634639066644052,0.334,0.1,8.32993635505309e-06,"ZZZ3"
1.21675819586513e-07,0.629190942926141,0.359,0.147,0.0025188111412604,"SNX7"
6.31699930028137e-10,0.629102528158659,0.577,0.294,1.30768202515125e-05,"MAT2B"
6.95198259754563e-45,0.628958171997934,1,0.986,1.43912991751792e-40,"ATP5E"
2.34307066148036e-20,0.628685269664847,0.93,0.711,4.85039057633049e-16,"SF3B5"
1.00574316400488e-09,0.628675779447301,0.267,0.062,2.08198892380651e-05,"CEP104"
3.91168401683767e-35,0.628299378040373,1,1,8.09757708325567e-31,"RPL12"
5.8622280562412e-08,0.628058385192451,0.544,0.294,0.00121353982992249,"UBE2F"
1.63363975764857e-09,0.627643703549145,0.326,0.1,3.3817976623083e-05,"FAM120AOS"
2.06025084046606e-16,0.62758521485279,0.874,0.645,4.26492526484878e-12,"DRAP1"
1.49620964245668e-14,0.627492159634473,0.776,0.493,3.09730358084957e-10,"PHB2"
7.73513621941471e-13,0.62720572260018,0.701,0.393,1.60125054878104e-08,"C8orf82"
1.59004193969308e-14,0.627163679509569,0.824,0.526,3.29154581935865e-10,"MEAF6"
1.00340823931953e-10,0.627120491396076,0.689,0.398,2.07715539621536e-06,"PPIC"
1.0625302291466e-11,0.627023108553246,0.821,0.536,2.19954382735637e-07,"LSM5"
4.45083304175102e-11,0.626256692143216,0.618,0.308,9.21366947972878e-07,"TSEN34"
1.59744507839625e-08,0.626171986241449,0.402,0.166,0.000330687105678807,"BFAR"
1.02584239605091e-11,0.625352536865182,0.49,0.185,2.12359634406499e-07,"FAM127B"
2.84589148087523e-10,0.625282007034013,0.338,0.104,5.89127995455981e-06,"PKIB"
2.9390762834284e-22,0.625218147514098,0.992,0.891,6.08418181432514e-18,"NUPR1"
1.68397598516934e-07,0.624506687587455,0.279,0.095,0.00348599868689905,"NARFL"
1.96874416461622e-10,0.624353415666637,0.387,0.137,4.07549729517204e-06,"HTRA2"
3.68219493818026e-08,0.624107609830147,0.304,0.104,0.000762251174152696,"IARS"
8.18078828552735e-15,0.623890497194362,0.828,0.526,1.69350498298702e-10,"PSMB9"
2.580000266743e-12,0.623856923340012,0.522,0.218,5.34085855218469e-08,"URM1"
5.73358367390377e-15,0.623178680284474,0.745,0.412,1.18690915633482e-10,"TIMM17B"
9.30098701134569e-14,0.623051226785217,0.721,0.436,1.92539732121867e-09,"PLPP1"
5.4748418077237e-08,0.622703113483843,0.31,0.109,0.00113334700261688,"LINC01006"
4.32638761212437e-09,0.621995029574127,0.495,0.227,8.95605499585866e-05,"NAA60"
3.2769384506487e-13,0.619973102455057,0.801,0.555,6.78359028668787e-09,"TFG"
2.15516525160001e-15,0.619402838347113,0.605,0.242,4.46140758733718e-11,"FAM200B"
2.46740696147108e-10,0.619329969632321,0.32,0.09,5.10777915094128e-06,"VPS16"
7.46771089325051e-11,0.618354138750413,0.531,0.237,1.54589083201179e-06,"NUDT7"
5.68294053617594e-07,0.617201770046835,0.286,0.104,0.0117642552039378,"UTP3"
2.65857816352853e-16,0.616627407553281,0.774,0.479,5.50352265632041e-12,"TIMM17A"
4.46251429028258e-09,0.616539556834164,0.354,0.128,9.23785083231396e-05,"DNAJC12"
7.7982547071966e-10,0.616365232259549,0.546,0.27,1.61431670693677e-05,"ALDH1B1"
2.29417076769454e-11,0.616009021775978,0.684,0.384,4.74916290620448e-07,"ATP6AP1"
3.47033850821341e-10,0.615387176470223,0.563,0.27,7.18394774585258e-06,"GCLC"
3.16158922268714e-09,0.615361401346449,0.484,0.223,6.54480584988465e-05,"APOPT1"
1.72035033498308e-25,0.615252729106161,0.981,0.839,3.56129722844847e-21,"ATP5J"
4.20264741333697e-11,0.614275258376747,0.514,0.218,8.69990041034885e-07,"HYAL1"
3.14432595996326e-17,0.613743669300096,0.685,0.332,6.50906916971995e-13,"SMS"
3.83280401370233e-10,0.612776084972669,0.61,0.332,7.9342875887652e-06,"TMX2"
1.64072121025288e-09,0.611776941260333,0.492,0.218,3.39645697734449e-05,"TIPRL"
4.08031450196574e-08,0.611633664960461,0.35,0.133,0.000844665905051929,"MTAP"
4.51345225250209e-09,0.609620175811824,0.487,0.227,9.34329750790458e-05,"TRIP6"
9.32274665984663e-07,0.608065655288744,0.271,0.1,0.0192990178605485,"SMG5"
2.23700058033513e-15,0.607883175425044,0.596,0.242,4.63081490135175e-11,"CTNNBL1"
4.86173959254784e-08,0.607193540310386,0.416,0.185,0.00100642871305333,"TBPL1"
1.09821426735437e-07,0.60691512382142,0.324,0.123,0.00227341335485027,"OMA1"
1.0025958359389e-07,0.606533888591867,0.389,0.171,0.00207547363997712,"GABPB1"
2.71097309231161e-14,0.605234855947065,0.425,0.118,5.61198539839426e-10,"FLOT2"
2.07790176558002e-15,0.605051573438335,0.625,0.275,4.3014644449272e-11,"SLC3A2"
3.36248465856206e-13,0.604659233779311,0.501,0.185,6.96067949168932e-09,"SDHAF3"
6.40439764039384e-13,0.604182875673692,0.702,0.374,1.32577435553793e-08,"PQBP1"
4.2230896849894e-10,0.604151828899067,0.415,0.161,8.74221795689655e-06,"CBX5"
6.7164086214556e-08,0.6038304961812,0.491,0.246,0.00139036374872752,"ATRX"
1.44943191545752e-08,0.603809174743851,0.288,0.09,0.000300046900818862,"CLDND2"
4.12445718486353e-12,0.603732384541749,0.707,0.412,8.538038818386e-08,"STIP1"
2.37268533043647e-06,0.603352174204089,0.304,0.128,0.0491169590253653,"ELMOD2"
1.12630345601707e-15,0.602761898295638,0.886,0.602,2.33156078430094e-11,"HGD"
4.05687074799569e-09,0.602606541703608,0.266,0.071,8.39812813542587e-05,"GTPBP8"
9.84977738595012e-11,0.602172161045495,0.47,0.19,2.03900241666553e-06,"ST3GAL6"
9.64783205567084e-51,0.60087010330351,1,0.986,1.99719771384442e-46,"RPL37A"
1.07788576119019e-11,0.60027194254171,0.767,0.479,2.23133131423982e-07,"TRAPPC2L"
7.99374385002369e-12,0.599933321483901,0.504,0.204,1.6547849143934e-07,"LLPH"
1.93415193829788e-21,0.599790600181732,0.524,0.128,4.00388792747044e-17,"SOX4"
5.87624700878938e-17,0.598710453309523,0.948,0.782,1.21644189328949e-12,"EIF4A2"
7.68694238579487e-10,0.598178353313143,0.433,0.175,1.5912739432834e-05,"ITGA6"
2.17710358507381e-14,0.59692965541799,0.647,0.303,4.50682213146128e-10,"LYRM4"
2.82803518338358e-10,0.5966839313401,0.56,0.265,5.85431563312236e-06,"BRMS1"
5.08172551587504e-12,0.596552029587246,0.839,0.602,1.05196799904129e-07,"NDUFA12"
9.2933056890541e-15,0.596258651699018,0.925,0.711,1.92380721069109e-10,"GPX3"
1.99593943301044e-13,0.595995875176351,0.922,0.73,4.13179422027492e-09,"NUDC"
2.59103627996935e-18,0.594604543869219,0.845,0.564,5.36370420316456e-14,"PDLIM1"
3.96162025992886e-15,0.594279371165437,0.859,0.616,8.20095010007874e-11,"RER1"
2.0134576299576e-28,0.593984664314287,0.994,0.953,4.16805863977524e-24,"RPS10"
8.30966872311769e-17,0.593282717296278,0.954,0.782,1.72018452237259e-12,"BNIP3"
2.79839026226278e-07,0.592672975424778,0.276,0.095,0.00579294768191017,"CGNL1"
1.0076515720059e-12,0.592377754802691,0.563,0.242,2.08593951920941e-08,"DESI1"
7.37049128813503e-43,0.592179178830171,1,1,1.52576540155683e-38,"RPS16"
1.40948231449891e-10,0.591921011690155,0.388,0.133,2.91776933924419e-06,"OSGIN2"
4.61285143508208e-08,0.591866546891945,0.277,0.085,0.00095490637557634,"POGK"
2.73959857294306e-10,0.591231422115677,0.432,0.166,5.67124300584943e-06,"SDR39U1"
8.44898184341064e-08,0.590732947153165,0.351,0.142,0.00174902373140444,"MRPS31"
2.50813874594178e-16,0.590144486386899,0.824,0.531,5.19209801797407e-12,"LBP"
4.19277310583709e-12,0.589178793264467,0.66,0.36,8.67945960639336e-08,"PSMD6"
9.76669190254715e-09,0.588226060251123,0.362,0.137,0.000202180289074629,"KCNJ8"
6.34657893155916e-08,0.586663637329013,0.393,0.166,0.00131380530462206,"PRRC2A"
5.3540670955207e-10,0.58625123096423,0.691,0.441,1.10834542944374e-05,"SURF1"
2.10733413663939e-09,0.586213919835943,0.418,0.161,4.3623923962572e-05,"CINP"
2.06099661037702e-08,0.58609621917344,0.516,0.251,0.000426646908314147,"MPHOSPH6"
4.72975477148426e-24,0.585854265885959,0.923,0.72,9.79106535244956e-20,"DDX5"
2.50536036690351e-08,0.585621655419426,0.254,0.071,0.000518634649552696,"SPG11"
1.27997377909539e-07,0.585497746979014,0.273,0.09,0.00264967372010537,"RANBP3"
2.2939129993573e-10,0.58524359080613,0.535,0.242,4.74862929996954e-06,"DHX29"
3.09326878797947e-10,0.585103045190921,0.32,0.09,6.4033757179963e-06,"SRRT"
9.23296114857088e-14,0.58473039558882,0.511,0.185,1.91131528736566e-09,"IP6K2"
1.62224890404005e-11,0.58470411500227,0.447,0.171,3.35821745625331e-07,"CPSF6"
4.92788867186841e-09,0.583696372599156,0.321,0.104,0.000102012223396348,"ACD"
1.16780646164067e-36,0.581391070430504,0.999,0.943,2.41747615624235e-32,"H3F3B"
4.51258973338906e-10,0.581344585154416,0.412,0.152,9.3415120070887e-06,"CDS2"
1.2887637089784e-07,0.58083944736731,0.357,0.147,0.0026678697539562,"NFS1"
3.51433918807002e-11,0.580507928237866,0.615,0.308,7.27503355322376e-07,"TSG101"
6.34502328942444e-09,0.579747001877614,0.321,0.104,0.000131348327114375,"AGXT2"
1.40894817733067e-08,0.579684852774407,0.59,0.322,0.000291666362189222,"CCDC59"
6.15469317019239e-12,0.579565816452776,0.641,0.341,1.27408303316153e-07,"SEC61A1"
4.6754170637445e-08,0.579293011631179,0.336,0.128,0.000967858086365749,"DBP"
1.2934243066568e-16,0.578594367840659,0.961,0.763,2.67751765721025e-12,"BAAT"
2.37401915031573e-06,0.577685735453509,0.25,0.09,0.049144570430686,"IFT57"
6.00451329835407e-13,0.577591023320252,0.382,0.1,1.24299429789228e-08,"FDX1L"
3.32112244048181e-10,0.577343048916182,0.331,0.1,6.87505556404139e-06,"DTWD1"
1.32035521505859e-10,0.57717794221904,0.576,0.289,2.73326733069279e-06,"MCUR1"
1.15161406252354e-07,0.577082357187317,0.293,0.104,0.00238395627082998,"ACTR1B"
8.4374137918309e-08,0.576307153038328,0.312,0.114,0.00174662902904692,"BCS1L"
3.05179015918521e-08,0.576290328959015,0.327,0.118,0.00063175108085293,"SGK2"
6.35931606063996e-13,0.575942064990187,0.605,0.28,1.31644201771308e-08,"MRPL16"
2.78943091019476e-09,0.575694614315095,0.592,0.313,5.77440092719418e-05,"PSMD9"
5.62567676674231e-09,0.575235958169969,0.553,0.28,0.000116457134748332,"C5orf24"
5.10369839163453e-14,0.574521636337184,0.889,0.659,1.05651660405226e-09,"TRAM1"
6.57151185343087e-11,0.574291804220735,0.368,0.114,1.36036866877872e-06,"SIRT5"
5.58760409531831e-13,0.57335033061839,0.91,0.725,1.15668992377184e-08,"SF3B6"
2.25290956753099e-10,0.573145341574887,0.561,0.265,4.66374809574591e-06,"TRPM4"
3.232530394241e-16,0.572810527551394,0.629,0.242,6.69166116911829e-12,"C1orf21"
1.79328299597248e-14,0.572668772462289,0.782,0.464,3.71227512996263e-10,"NUDT5"
4.27710461054341e-14,0.572184350058987,0.841,0.583,8.85403425428591e-10,"TMEM208"
4.74705864679561e-12,0.572046932729244,0.606,0.294,9.82688610473159e-08,"RNPS1"
3.89928148499732e-09,0.570251145326594,0.666,0.384,8.07190260209294e-05,"NUTF2"
1.13923659796698e-09,0.569127921618807,0.384,0.137,2.35833368145144e-05,"RUFY1"
4.78654112428129e-12,0.569126453483863,0.639,0.318,9.90861878137471e-08,"TUSC2"
1.76169315211398e-47,0.569049669853294,1,1,3.64688099419115e-43,"RPL10"
1.99394137506218e-16,0.568993931487187,0.476,0.133,4.12765804051622e-12,"EXOC7"
6.98260414591051e-12,0.568331235375506,0.449,0.156,1.44546888424493e-07,"ENTPD3-AS1"
2.00505177802642e-10,0.568155034695428,0.359,0.114,4.15065768569249e-06,"UBR5"
3.37246982150225e-08,0.567800685382102,0.346,0.133,0.000698134977749181,"IMPACT"
3.3806737740089e-07,0.567758547119824,0.302,0.114,0.00699833277957582,"TSPAN3"
2.8627194525025e-10,0.567742797277977,0.649,0.36,5.92611553862542e-06,"SRP19"
5.05464729754035e-13,0.567418274775342,0.825,0.55,1.04636253706383e-08,"UBXN1"
1.30082395776338e-09,0.565597465089246,0.725,0.502,2.69283567496598e-05,"FBXW5"
8.70486406525153e-11,0.56528041886337,0.373,0.118,1.80199391014772e-06,"VGLL4"
2.8647340781256e-09,0.565226712567297,0.833,0.616,5.93028601512781e-05,"CCT4"
2.57410419643439e-12,0.56502144661044,0.498,0.194,5.32865309703883e-08,"C11orf1"
4.17998020426451e-10,0.563471220876641,0.437,0.171,8.65297702084795e-06,"JUP"
4.74799189377551e-09,0.563398293083194,0.644,0.355,9.82881801930468e-05,"MRPS18A"
3.30672485225886e-11,0.562256622045795,0.574,0.261,6.84525111666106e-07,"FRG1"
1.46459761135906e-09,0.562152635294554,0.261,0.062,3.03186351527438e-05,"C5orf51"
2.1618717076002e-14,0.562135327512425,0.78,0.469,4.47529062190318e-10,"NDUFA10"
1.23703013685195e-08,0.561339015414091,0.418,0.175,0.000256077608629723,"USP8"
2.41441146813845e-13,0.560654461592721,0.889,0.687,4.9980731801934e-09,"TIMM8B"
8.18001287082186e-33,0.558028712819294,1,0.981,1.69334446438883e-28,"RPS13"
2.91657847085177e-10,0.556279721174994,0.844,0.573,6.03760909251025e-06,"GDI2"
5.83824473958779e-33,0.553965491042403,1,0.976,1.20857504354207e-28,"RPL9"
1.05976421364635e-08,0.551829798645958,0.264,0.071,0.000219381789866931,"ZNF580"
1.54161199388009e-19,0.551602859942092,0.861,0.493,3.19129098853118e-15,"TSPAN8"
1.44051639950707e-08,0.550932024010471,0.643,0.374,0.000298201299861959,"ABCF1"
1.29776472541496e-09,0.549791254772373,0.537,0.265,2.6865027580815e-05,"PKIG"
1.77332287624443e-09,0.549598457371867,0.532,0.251,3.67095568611359e-05,"RP11-345J4.5"
2.12143699621864e-12,0.549494585754736,0.915,0.744,4.39158672587221e-08,"CYP27A1"
9.07995151182633e-17,0.54919645569334,0.973,0.81,1.87964076246317e-12,"ATPIF1"
5.40211687236304e-09,0.549001049659063,0.654,0.365,0.000111829221374787,"MRPL42"
1.81471126674957e-11,0.548971495210541,0.655,0.355,3.75663379329828e-07,"LSM8"
2.41736196843155e-08,0.548476524566807,0.372,0.147,0.000500418101085016,"FBXO6"
1.16702463117599e-13,0.546913434481338,0.578,0.246,2.41585768899742e-09,"VAMP3"
1.25803270666608e-07,0.54681801641135,0.452,0.218,0.00260425350606945,"LRRC28"
1.50149460165929e-09,0.54618242279617,0.269,0.066,3.1082439748949e-05,"TRMT10A"
5.01313408134875e-10,0.545135250501683,0.587,0.294,1.03776888618e-05,"NELFCD"
6.58640602581573e-13,0.54472832327363,0.884,0.664,1.36345191140411e-08,"ERGIC3"
4.55227787346918e-19,0.544665948184992,0.928,0.744,9.42367042586856e-15,"NDUFB10"
8.43061468695949e-10,0.544016147718898,0.259,0.057,1.74522154634748e-05,"TNFRSF21"
2.01939825492999e-24,0.543985773996392,0.99,0.9,4.18035632753056e-20,"HSPD1"
5.79365937004078e-24,0.543626053972556,0.915,0.716,1.19934542619214e-19,"HLA-DPA1"
9.78430935962276e-09,0.543444295282959,0.478,0.227,0.000202544988053551,"WDR43"
5.78761699191629e-14,0.543321754105428,0.901,0.687,1.19809459349659e-09,"PSMB7"
4.77578852398474e-09,0.542112666905455,0.408,0.161,9.88635982350081e-05,"PREB"
1.99056161546342e-09,0.541955979953066,0.633,0.355,4.12066160017082e-05,"CHST13"
5.13524698944543e-18,0.541077575193547,0.97,0.82,1.0630474792851e-13,"BLVRB"
3.48969589249998e-11,0.540522484257641,0.834,0.583,7.22401946706421e-07,"PDCD5"
7.21976475254607e-10,0.539465490083783,0.401,0.152,1.49456350142456e-05,"ARFRP1"
2.81072101877161e-11,0.539425071834395,0.838,0.559,5.81847358095912e-07,"ESD"
5.36582762511881e-10,0.539419962314017,0.425,0.166,1.11077997667585e-05,"PEA15"
1.36146693588049e-14,0.539120945898694,0.437,0.123,2.81837270396619e-10,"MAP7D1"
7.71559791693988e-11,0.53592800349736,0.724,0.464,1.59720592478572e-06,"XRCC5"
1.21270622428305e-12,0.535040888896098,0.846,0.602,2.51042315488834e-08,"AP3S1"
1.29364850675079e-14,0.533227435697813,0.815,0.531,2.6779817738248e-10,"C19orf70"
2.91351569996583e-13,0.532971613392712,0.423,0.128,6.03126885049926e-09,"CCDC58"
1.43904344360596e-08,0.532823439188059,0.381,0.152,0.000297896383260871,"SART1"
1.14065933414334e-09,0.532671080118174,0.398,0.147,2.36127888761013e-05,"SHKBP1"
1.17821463271691e-06,0.532585338876908,0.349,0.156,0.0243902211118728,"MAEA"
3.45444977668969e-11,0.530543338595989,0.485,0.19,7.15105648272533e-07,"GSTZ1"
3.85345926427348e-09,0.530323858451756,0.526,0.246,7.97704602297252e-05,"RPP21"
7.56527296747537e-15,0.528028884710416,0.897,0.687,1.56608715699708e-10,"LAMTOR4"
5.55097403697736e-07,0.527590271207343,0.458,0.227,0.0114910713539468,"THYN1"
2.11354057464704e-11,0.527414249342576,0.598,0.294,4.37524034357685e-07,"MVP"
2.5409188941805e-12,0.52593617305326,0.85,0.649,5.25995620284306e-08,"YWHAB"
4.42252797836745e-11,0.525733530350378,0.351,0.1,9.15507516801847e-07,"NF1"
9.37127434598378e-10,0.525716881652489,0.399,0.147,1.9399475023621e-05,"TNIP2"
1.09961938707928e-13,0.525623974045167,0.846,0.597,2.27632209319282e-09,"CNPY2"
7.27293824504248e-09,0.524134455447591,0.269,0.076,0.000150557094610624,"RCAN3"
1.59159100303e-11,0.523252090303441,0.37,0.109,3.2947525353724e-07,"MSI2"
4.78384227959693e-09,0.52280575578791,0.359,0.128,9.90303190299361e-05,"TBL3"
2.39082897790212e-07,0.522626524301492,0.307,0.114,0.00494925506715517,"NELFB"
1.3557482173008e-10,0.522499748968438,0.714,0.422,2.80653438463439e-06,"STRAP"
1.58412535886085e-16,0.522089300041151,0.987,0.91,3.27929790537786e-12,"HNRNPA1"
3.66997579983153e-09,0.521759090760389,0.698,0.431,7.59721690323126e-05,"MRPS35"
1.28165447723872e-08,0.521235052548385,0.37,0.142,0.000265315293333188,"CNOT8"
1.39201638298990e-09,0.519928166457878,0.488,0.227,2.88161311442738e-05,"PLEC"
6.0471266046075e-09,0.51821058028092,0.362,0.133,0.00012518156784198,"NAGK"
2.19994510235005e-07,0.51815041679268,0.337,0.137,0.00455410635637484,"GSK3B"
4.11050407336682e-11,0.515749687950827,0.83,0.592,8.50915448227665e-07,"TCEA3"
9.03564503686966e-07,0.515713148943211,0.265,0.095,0.0187046887908239,"FAM20C"
1.01808421957863e-11,0.513516660038934,0.765,0.493,2.10753614294972e-07,"VIMP"
1.03841337690075e-12,0.513115297345051,0.83,0.555,2.14961953152224e-08,"CCNG1"
4.27965065150121e-11,0.510742641777209,0.624,0.313,8.85930481367265e-07,"C7orf50"
1.28895574990818e-09,0.51037571864712,0.376,0.133,2.66826729788491e-05,"ZYG11B"
7.8488664122742e-10,0.510081824951255,0.632,0.355,1.62479383600488e-05,"NTMT1"
6.62541832489685e-14,0.509978456125372,0.92,0.754,1.3715278474369e-09,"POLR2F"
1.60069812968452e-10,0.509664422793767,0.598,0.303,3.31360519825993e-06,"C1orf122"
8.00835146492364e-09,0.509132733416175,0.597,0.332,0.000165780883675384,"ETF1"
6.42272123029049e-09,0.509048712259422,0.386,0.152,0.000132956752188243,"DLGAP4"
4.69746889565439e-15,0.508962014569389,0.43,0.114,9.72423036089416e-11,"CA2"
1.79278247846532e-12,0.508599454300082,0.317,0.066,3.71123900867107e-08,"MSTO1"
9.56609890560324e-10,0.50769095721142,0.576,0.284,1.98027813444893e-05,"EMC6"
1.49920228488794e-08,0.506064340351231,0.27,0.076,0.000310349864994652,"RBM28"
1.30371550745079e-09,0.505651241616038,0.308,0.09,2.69882147197388e-05,"SCAMP1"
1.47941878947222e-08,0.505470210794724,0.269,0.076,0.000306254483608644,"WDR36"
7.36719332012252e-09,0.505351752984494,0.397,0.161,0.000152508268919856,"RNF220"
2.64125990412244e-09,0.505123243406654,0.449,0.19,5.46767212752387e-05,"MYL6B"
8.66597254310313e-11,0.50437750329198,0.356,0.109,1.79394297614778e-06,"DNAJC30"
1.01722991931389e-08,0.504316236258275,0.47,0.213,0.000210576765597169,"KLF15"
2.24796246315108e-06,0.504301854701621,0.278,0.109,0.0465350709496904,"HDAC6"
5.44923717957815e-11,0.504297274586341,0.46,0.175,1.12804658854447e-06,"CSNK2A1"
2.29658890521118e-08,0.504085562405309,0.681,0.46,0.000475416869267766,"EIF3A"
1.42056177515346e-10,0.504017325344698,0.402,0.142,2.94070493074517e-06,"CHTF8"
1.28096662935781e-08,0.503551401024355,0.636,0.355,0.000265172901943359,"HNRNPH2"
7.83932117822634e-07,0.501937518769045,0.264,0.095,0.0162281787710463,"NUDCD3"
4.66344125936356e-11,0.501675299283271,0.447,0.161,9.65378975100851e-07,"PDCL3"
3.69658715580677e-13,0.501404318888084,0.848,0.588,7.65230507123559e-09,"COX14"
4.68291927350042e-10,0.501183986693223,0.644,0.332,9.69411118807323e-06,"MRPS10"
6.45729620537222e-07,0.501003801484327,0.254,0.085,0.013367248874741,"KIAA1109"
2.59403954159074e-13,0.500957413111817,0.678,0.374,5.369921255047e-09,"SIGIRR"
9.46102316578476e-11,0.500472603366975,0.859,0.597,1.9585264055491e-06,"NDUFB3"
6.9698945813327e-11,0.500073001535422,0.86,0.659,1.44283787728168e-06,"TOMM20"
2.46431541666697e-09,0.500053278063756,0.681,0.422,5.1013793440423e-05,"HNRNPAB"
